employee_id,effective_date,event_type,from_department,to_department,from_grade,to_grade,from_title,to_title,from_salary,to_salary
100000,2021-11-01,Hire,,Marketing,,G3,,Marketing Specialist,,78466.0
100001,2026-01-27,Hire,,IT,,G5,,Staff Engineer,,156969.0
100002,2025-01-24,Hire,,IT,,G1,,IT Support Specialist I,,50713.0
100003,2019-06-28,Hire,,Finance,,G4,,Finance Lead,,106730.0
100003,2025-10-05,Termination,Finance,,G4,,Finance Lead,,112323.0,
100004,2024-04-12,Hire,,Customer Support,,G5,,Senior Support Specialist,,155669.0
100005,2023-11-17,Hire,,Finance,,G1,,Finance Analyst I,,48401.0
100006,2020-01-11,Hire,,Finance,,G2,,Finance Analyst II,,71558.0
100006,2025-07-23,Termination,Finance,,G3,,Senior Finance Analyst,,89162.0,
100007,2018-05-26,Hire,,Finance,,G6,,Finance Manager,,187274.0
100008,2018-04-16,Hire,,Operations,,G3,,Operations Analyst,,98820.0
100009,2020-12-18,Hire,,IT,,G2,,Software Engineer I,,76809.0
100010,2022-09-20,Hire,,Customer Support,,G3,,Senior Support Representative,,79646.0
100011,2022-11-23,Hire,,Sales,,G2,,Sales Representative II,,55352.0
100011,2023-11-19,Promotion,Sales,Sales,G2,G3,Sales Representative II,Senior Sales Representative,55352.0,76018.0
100011,2024-06-16,Termination,Sales,,G3,,Senior Sales Representative,,75271.0,
100012,2018-06-22,Hire,,IT,,G4,,Senior Software Engineer,,98819.0
100013,2016-12-02,Hire,,Finance,,G5,,Senior Finance Lead,,143664.0
100014,2019-07-27,Hire,,HR,,G3,,HR Specialist,,75107.0
100015,2020-07-27,Hire,,Marketing,,G2,,Marketing Coordinator II,,61229.0
100015,2024-09-14,Transfer,Operations,Marketing,G2,G2,Operations Coordinator II,Marketing Coordinator II,67045.0,67045.0
100016,2019-05-08,Hire,,Finance,,G5,,Senior Finance Lead,,159875.0
100017,2021-03-28,Hire,,HR,,G6,,HR Manager,,160063.0
100017,2023-08-08,Transfer,Operations,HR,G6,G6,Operations Manager,HR Manager,161722.0,161722.0
100017,2026-05-24,Termination,HR,,G6,,HR Manager,,161722.0,
100018,2020-01-28,Hire,,IT,,G2,,Software Engineer I,,75312.0
100019,2018-07-03,Hire,,Finance,,G4,,Finance Lead,,121909.0
100020,2022-09-05,Hire,,Finance,,G1,,Finance Analyst I,,51927.0
100021,2020-01-25,Hire,,Customer Support,,G2,,Support Representative II,,64983.0
100022,2023-05-23,Hire,,Customer Support,,G7,,Support Director,,230731.0
100022,2026-03-06,Transfer,Finance,Customer Support,G8,G8,VP of Finance,VP of Customer Success,283356.0,283356.0
100023,2017-07-22,Hire,,HR,,G4,,Senior HR Specialist,,104179.0
100024,2023-09-03,Hire,,HR,,G4,,Senior HR Specialist,,96665.0
100024,2024-09-07,Termination,HR,,G4,,Senior HR Specialist,,125628.0,
100025,2026-01-02,Hire,,Customer Support,,G4,,Support Specialist,,109274.0
100026,2023-03-17,Hire,,IT,,G1,,IT Support Specialist I,,52260.0
100026,2023-05-02,Promotion,IT,IT,G1,G2,IT Support Specialist I,Software Engineer I,52260.0,77480.0
100027,2024-10-15,Hire,,HR,,G3,,HR Specialist,,88731.0
100028,2018-08-26,Hire,,Sales,,G3,,Senior Sales Representative,,79654.0
100028,2024-10-11,Transfer,Operations,Sales,G3,G3,Operations Analyst,Senior Sales Representative,81152.0,81152.0
100029,2023-08-30,Hire,,Sales,,G3,,Senior Sales Representative,,78955.0
100030,2022-02-13,Hire,,Sales,,G4,,Sales Specialist,,99772.0
100030,2025-02-06,Transfer,Marketing,Sales,G4,G4,Senior Marketing Specialist,Sales Specialist,102219.0,102219.0
100031,2019-11-07,Hire,,IT,,G3,,Software Engineer II,,78118.0
100032,2023-10-04,Hire,,Finance,,G3,,Senior Finance Analyst,,90701.0
100033,2019-09-13,Hire,,Sales,,G3,,Senior Sales Representative,,84476.0
100033,2023-06-04,Promotion,Sales,Sales,G3,G4,Senior Sales Representative,Sales Specialist,84476.0,99327.0
100034,2022-12-06,Hire,,Marketing,,G4,,Senior Marketing Specialist,,105355.0
100035,2026-02-19,Hire,,Sales,,G1,,Sales Representative I,,51030.0
100036,2020-12-05,Hire,,Finance,,G3,,Senior Finance Analyst,,91569.0
100036,2022-06-29,Transfer,Marketing,Finance,G4,G4,Senior Marketing Specialist,Finance Lead,117258.0,117258.0
100037,2023-01-23,Hire,,Sales,,G4,,Sales Specialist,,104471.0
100038,2023-07-03,Hire,,Marketing,,G2,,Marketing Coordinator II,,58281.0
100038,2026-03-29,Transfer,IT,Marketing,G2,G2,Software Engineer I,Marketing Coordinator II,65237.0,65237.0
100039,2022-11-19,Hire,,HR,,G1,,HR Coordinator I,,50155.0
100040,2020-01-27,Hire,,Operations,,G1,,Operations Coordinator I,,47623.0
100041,2019-09-14,Hire,,IT,,G2,,Software Engineer I,,60153.0
100041,2025-12-16,Promotion,IT,IT,G2,G3,Software Engineer I,Software Engineer II,60153.0,103460.0
100042,2023-08-22,Hire,,IT,,G1,,IT Support Specialist I,,49293.0
100043,2025-07-06,Hire,,Sales,,G2,,Sales Representative II,,58060.0
100044,2017-09-07,Hire,,IT,,G3,,Software Engineer II,,76749.0
100045,2021-05-07,Hire,,Marketing,,G4,,Senior Marketing Specialist,,104269.0
100045,2022-05-04,Transfer,HR,Marketing,G4,G4,Senior HR Specialist,Senior Marketing Specialist,104304.0,104304.0
100046,2026-05-23,Hire,,HR,,G1,,HR Coordinator I,,54380.0
100047,2023-01-31,Hire,,IT,,G6,,Engineering Manager,,159791.0
100048,2017-05-22,Hire,,Marketing,,G3,,Marketing Specialist,,85604.0
100048,2019-11-26,Transfer,Operations,Marketing,G3,G3,Operations Analyst,Marketing Specialist,104114.0,104114.0
100049,2017-07-04,Hire,,Sales,,G4,,Sales Specialist,,102783.0
100049,2023-03-27,Termination,Sales,,G4,,Sales Specialist,,107676.0,
100050,2025-11-16,Hire,,HR,,G3,,HR Specialist,,86619.0
100050,2025-11-27,Transfer,Marketing,HR,G4,G4,Senior Marketing Specialist,Senior HR Specialist,119722.0,119722.0
100050,2026-03-08,Promotion,HR,HR,G3,G4,HR Specialist,Senior HR Specialist,86619.0,96919.0
100051,2020-05-16,Hire,,HR,,G6,,HR Manager,,161929.0
100051,2025-06-25,Termination,HR,,G7,,HR Director,,194725.0,
100052,2019-06-20,Hire,,Marketing,,G3,,Marketing Specialist,,96686.0
100052,2025-03-24,Transfer,HR,Marketing,G3,G3,HR Specialist,Marketing Specialist,97671.0,97671.0
100053,2018-08-04,Hire,,Finance,,G1,,Finance Analyst I,,46189.0
100054,2024-10-12,Hire,,Sales,,G1,,Sales Representative I,,54253.0
100055,2022-07-14,Hire,,Finance,,G2,,Finance Analyst II,,59889.0
100055,2025-02-03,Termination,Finance,,G3,,Senior Finance Analyst,,104902.0,
100056,2018-07-08,Hire,,HR,,G5,,HR Business Partner,,125839.0
100057,2017-05-29,Hire,,Sales,,G6,,Sales Manager,,165129.0
100058,2016-06-26,Hire,,IT,,G4,,Senior Software Engineer,,96137.0
100058,2026-05-22,Transfer,Operations,IT,G4,G4,Senior Operations Analyst,Senior Software Engineer,116686.0,116686.0
100059,2022-09-02,Hire,,Customer Support,,G5,,Senior Support Specialist,,133906.0
100059,2024-06-26,Transfer,Marketing,Customer Support,G5,G5,Marketing Lead,Senior Support Specialist,153743.0,153743.0
100060,2021-05-31,Hire,,HR,,G1,,HR Coordinator I,,40990.0
100061,2019-05-12,Hire,,Customer Support,,G1,,Support Representative I,,55136.0
100062,2026-02-18,Hire,,Operations,,G3,,Operations Analyst,,83933.0
100062,2026-06-06,Promotion,Operations,Operations,G3,G4,Operations Analyst,Senior Operations Analyst,83933.0,120816.0
100063,2022-10-01,Hire,,IT,,G2,,Software Engineer I,,66741.0
100064,2016-07-02,Hire,,HR,,G2,,HR Coordinator II,,55883.0
100064,2017-07-05,Transfer,Sales,HR,G2,G2,Sales Representative II,HR Coordinator II,77620.0,77620.0
100065,2022-07-22,Hire,,HR,,G4,,Senior HR Specialist,,110008.0
100065,2024-07-15,Promotion,HR,HR,G4,G5,Senior HR Specialist,HR Business Partner,110008.0,133120.0
100066,2026-04-13,Hire,,Finance,,G2,,Finance Analyst II,,77099.0
100067,2022-07-04,Hire,,Marketing,,G8,,VP of Marketing,,297991.0
100067,2024-04-14,Transfer,Operations,Marketing,G8,G8,VP of Operations,VP of Marketing,301264.0,301264.0
100068,2021-10-12,Hire,,Sales,,G2,,Sales Representative II,,65679.0
100069,2022-01-18,Hire,,Operations,,G7,,Operations Director,,241928.0
100070,2018-04-07,Hire,,Finance,,G3,,Senior Finance Analyst,,86410.0
100070,2020-05-21,Transfer,Customer Support,Finance,G3,G3,Senior Support Representative,Senior Finance Analyst,86457.0,86457.0
100071,2018-02-16,Hire,,IT,,G3,,Software Engineer II,,77072.0
100072,2024-11-01,Hire,,Marketing,,G3,,Marketing Specialist,,75009.0
100073,2019-11-12,Hire,,Sales,,G1,,Sales Representative I,,42685.0
100074,2018-01-03,Hire,,HR,,G6,,HR Manager,,188894.0
100074,2018-06-20,Promotion,HR,HR,G6,G7,HR Manager,HR Director,188894.0,252014.0
100075,2025-04-17,Hire,,Marketing,,G4,,Senior Marketing Specialist,,131903.0
100075,2026-03-21,Promotion,Marketing,Marketing,G4,G5,Senior Marketing Specialist,Marketing Lead,131903.0,133711.0
100076,2024-08-17,Hire,,Sales,,G6,,Sales Manager,,160347.0
100077,2020-01-19,Hire,,Finance,,G3,,Senior Finance Analyst,,82207.0
100077,2024-06-08,Promotion,Finance,Finance,G3,G4,Senior Finance Analyst,Finance Lead,82207.0,104394.0
100078,2021-04-11,Hire,,IT,,G3,,Software Engineer II,,89841.0
100079,2018-12-29,Hire,,Marketing,,G4,,Senior Marketing Specialist,,97913.0
100080,2017-07-02,Hire,,Finance,,G3,,Senior Finance Analyst,,75597.0
100081,2025-11-03,Hire,,IT,,G4,,Senior Software Engineer,,102694.0
100081,2026-05-26,Termination,IT,,G5,,Staff Engineer,,136317.0,
100082,2023-04-06,Hire,,IT,,G4,,Senior Software Engineer,,97160.0
100083,2021-06-22,Hire,,HR,,G3,,HR Specialist,,89485.0
100083,2021-10-09,Promotion,HR,HR,G3,G4,HR Specialist,Senior HR Specialist,89485.0,119496.0
100084,2018-01-05,Hire,,IT,,G3,,Software Engineer II,,83093.0
100084,2018-08-02,Promotion,IT,IT,G3,G4,Software Engineer II,Senior Software Engineer,83093.0,106552.0
100085,2022-11-12,Hire,,Finance,,G4,,Finance Lead,,104862.0
100086,2023-06-17,Hire,,Finance,,G1,,Finance Analyst I,,47887.0
100087,2019-12-19,Hire,,Operations,,G2,,Operations Coordinator II,,56613.0
100088,2022-05-06,Hire,,Customer Support,,G2,,Support Representative II,,64488.0
100089,2018-06-01,Hire,,Finance,,G4,,Finance Lead,,125204.0
100090,2018-11-04,Hire,,Marketing,,G4,,Senior Marketing Specialist,,109164.0
100091,2024-04-26,Hire,,Sales,,G1,,Sales Representative I,,49273.0
100091,2025-01-30,Termination,Sales,,G1,,Sales Representative I,,56150.0,
100091,2025-06-06,Transfer,Finance,Sales,G1,G1,Finance Analyst I,Sales Representative I,56150.0,56150.0
100092,2022-06-14,Hire,,Finance,,G3,,Senior Finance Analyst,,98672.0
100093,2018-11-02,Hire,,IT,,G3,,Software Engineer II,,91880.0
100094,2025-03-17,Hire,,Sales,,G4,,Sales Specialist,,100733.0
100095,2021-08-14,Hire,,Operations,,G2,,Operations Coordinator II,,59364.0
100095,2023-04-19,Transfer,Finance,Operations,G2,G2,Finance Analyst II,Operations Coordinator II,74104.0,74104.0
100096,2020-12-28,Hire,,Operations,,G7,,Operations Director,,194960.0
100097,2022-10-23,Hire,,HR,,G2,,HR Coordinator II,,56499.0
100098,2016-07-21,Hire,,Operations,,G1,,Operations Coordinator I,,40730.0
100099,2022-03-08,Hire,,Operations,,G5,,Operations Lead,,133303.0
100100,2019-12-24,Hire,,Finance,,G2,,Finance Analyst II,,61553.0
100101,2025-10-08,Hire,,Sales,,G2,,Sales Representative II,,65033.0
100101,2026-04-26,Transfer,Customer Support,Sales,G2,G2,Support Representative II,Sales Representative II,70082.0,70082.0
100102,2025-02-21,Hire,,Operations,,G6,,Operations Manager,,159617.0
100103,2019-11-02,Hire,,Sales,,G3,,Senior Sales Representative,,75789.0
100104,2022-03-11,Hire,,Operations,,G2,,Operations Coordinator II,,79373.0
100105,2018-07-14,Hire,,Finance,,G2,,Finance Analyst II,,56049.0
100106,2023-08-09,Hire,,Customer Support,,G3,,Senior Support Representative,,96045.0
100107,2024-12-04,Hire,,Customer Support,,G1,,Support Representative I,,40869.0
100108,2019-01-12,Hire,,Sales,,G6,,Sales Manager,,155703.0
100109,2017-05-25,Hire,,Sales,,G4,,Sales Specialist,,124158.0
100110,2022-08-12,Hire,,Customer Support,,G4,,Support Specialist,,116256.0
100111,2020-08-13,Hire,,IT,,G2,,Software Engineer I,,61820.0
100111,2025-07-31,Transfer,Finance,IT,G2,G2,Finance Analyst II,Software Engineer I,71865.0,71865.0
100112,2018-12-04,Hire,,IT,,G3,,Software Engineer II,,91326.0
100112,2025-08-12,Termination,IT,,G4,,Senior Software Engineer,,122213.0,
100113,2017-07-26,Hire,,Marketing,,G2,,Marketing Coordinator II,,57655.0
100114,2019-02-06,Hire,,IT,,G2,,Software Engineer I,,55825.0
100115,2018-01-19,Hire,,Marketing,,G2,,Marketing Coordinator II,,66268.0
100115,2021-06-02,Transfer,HR,Marketing,G3,G3,HR Specialist,Marketing Specialist,87755.0,87755.0
100116,2025-08-01,Hire,,IT,,G1,,IT Support Specialist I,,50897.0
100116,2026-04-24,Promotion,IT,IT,G1,G2,IT Support Specialist I,Software Engineer I,50897.0,58465.0
100117,2023-06-30,Hire,,Finance,,G5,,Senior Finance Lead,,130747.0
100118,2021-08-10,Hire,,Finance,,G6,,Finance Manager,,156173.0
100119,2020-07-07,Hire,,IT,,G3,,Software Engineer II,,90710.0
100120,2026-01-25,Hire,,Marketing,,G1,,Marketing Coordinator I,,40663.0
100120,2026-05-21,Transfer,Customer Support,Marketing,G1,G1,Support Representative I,Marketing Coordinator I,41613.0,41613.0
100121,2016-09-16,Hire,,Sales,,G4,,Sales Specialist,,113040.0
100122,2018-01-04,Hire,,Sales,,G3,,Senior Sales Representative,,78339.0
100123,2019-12-29,Hire,,Sales,,G4,,Sales Specialist,,107186.0
100124,2019-05-19,Hire,,Finance,,G5,,Senior Finance Lead,,140290.0
100125,2019-03-09,Hire,,Marketing,,G4,,Senior Marketing Specialist,,132116.0
100126,2021-04-11,Hire,,Customer Support,,G2,,Support Representative II,,59300.0
100127,2022-10-30,Hire,,Operations,,G7,,Operations Director,,239911.0
100128,2020-01-03,Hire,,Sales,,G3,,Senior Sales Representative,,86158.0
100129,2025-07-29,Hire,,Customer Support,,G6,,Support Manager,,172434.0
100130,2026-05-03,Hire,,Operations,,G3,,Operations Analyst,,77921.0
100131,2022-09-20,Hire,,Sales,,G5,,Senior Sales Specialist,,133167.0
100132,2022-01-09,Hire,,Finance,,G3,,Senior Finance Analyst,,100345.0
100133,2016-10-11,Hire,,Marketing,,G3,,Marketing Specialist,,96033.0
100134,2023-08-19,Hire,,Finance,,G4,,Finance Lead,,95260.0
100135,2022-06-28,Hire,,Sales,,G1,,Sales Representative I,,55813.0
100136,2018-10-14,Hire,,Sales,,G3,,Senior Sales Representative,,100442.0
100137,2019-04-06,Hire,,Marketing,,G2,,Marketing Coordinator II,,63556.0
100138,2020-05-08,Hire,,Operations,,G4,,Senior Operations Analyst,,98095.0
100138,2025-05-18,Transfer,Sales,Operations,G4,G4,Sales Specialist,Senior Operations Analyst,110321.0,110321.0
100138,2025-08-11,Termination,Operations,,G4,,Senior Operations Analyst,,110321.0,
100139,2022-02-09,Hire,,HR,,G4,,Senior HR Specialist,,104945.0
100140,2019-12-04,Hire,,Marketing,,G5,,Marketing Lead,,129015.0
100140,2023-06-08,Transfer,Finance,Marketing,G5,G5,Senior Finance Lead,Marketing Lead,129893.0,129893.0
100141,2026-02-22,Hire,,HR,,G2,,HR Coordinator II,,56141.0
100142,2019-10-29,Hire,,HR,,G3,,HR Specialist,,79008.0
100143,2023-09-03,Hire,,Customer Support,,G6,,Support Manager,,168027.0
100144,2025-09-21,Hire,,Customer Support,,G4,,Support Specialist,,106930.0
100145,2018-11-24,Hire,,Operations,,G3,,Operations Analyst,,93242.0
100146,2020-11-04,Hire,,Customer Support,,G4,,Support Specialist,,114853.0
100147,2020-05-27,Hire,,HR,,G3,,HR Specialist,,99945.0
100148,2020-05-20,Hire,,Customer Support,,G1,,Support Representative I,,45444.0
100149,2026-03-02,Hire,,IT,,G2,,Software Engineer I,,71738.0
100150,2026-01-17,Hire,,HR,,G3,,HR Specialist,,81994.0
100151,2021-07-13,Hire,,Customer Support,,G5,,Senior Support Specialist,,147205.0
100152,2016-09-08,Hire,,Marketing,,G1,,Marketing Coordinator I,,43765.0
100153,2017-12-02,Hire,,Customer Support,,G6,,Support Manager,,166519.0
100154,2023-10-04,Hire,,HR,,G4,,Senior HR Specialist,,134938.0
100154,2025-11-03,Termination,HR,,G5,,HR Business Partner,,138936.0,
100155,2022-03-20,Hire,,Customer Support,,G7,,Support Director,,214709.0
100156,2018-05-16,Hire,,Sales,,G1,,Sales Representative I,,54063.0
100156,2024-11-19,Transfer,HR,Sales,G1,G1,HR Coordinator I,Sales Representative I,54172.0,54172.0
100157,2019-05-26,Hire,,HR,,G6,,HR Manager,,164429.0
100157,2020-03-23,Transfer,Finance,HR,G6,G6,Finance Manager,HR Manager,174465.0,174465.0
100158,2018-04-11,Hire,,HR,,G2,,HR Coordinator II,,56133.0
100159,2023-05-16,Hire,,Sales,,G2,,Sales Representative II,,67566.0
100160,2024-01-12,Hire,,Customer Support,,G1,,Support Representative I,,48733.0
100161,2020-06-01,Hire,,Finance,,G5,,Senior Finance Lead,,125359.0
100161,2020-10-26,Transfer,Operations,Finance,G5,G5,Operations Lead,Senior Finance Lead,126559.0,126559.0
100162,2020-09-07,Hire,,Marketing,,G1,,Marketing Coordinator I,,53242.0
100163,2017-01-16,Hire,,Marketing,,G3,,Marketing Specialist,,96392.0
100163,2021-01-14,Promotion,Marketing,Marketing,G3,G4,Marketing Specialist,Senior Marketing Specialist,96392.0,130338.0
100164,2023-08-20,Hire,,Marketing,,G2,,Marketing Coordinator II,,60645.0
100164,2024-03-27,Promotion,Marketing,Marketing,G2,G3,Marketing Coordinator II,Marketing Specialist,60645.0,89404.0
100165,2020-12-26,Hire,,Sales,,G6,,Sales Manager,,168156.0
100166,2024-09-19,Hire,,IT,,G2,,Software Engineer I,,58909.0
100167,2019-04-22,Hire,,Sales,,G8,,VP of Sales,,247485.0
100167,2022-07-15,Transfer,Finance,Sales,G8,G8,VP of Finance,VP of Sales,249372.0,249372.0
100168,2018-03-02,Hire,,Finance,,G4,,Finance Lead,,105652.0
100169,2018-10-19,Hire,,IT,,G4,,Senior Software Engineer,,115593.0
100170,2021-08-12,Hire,,Sales,,G4,,Sales Specialist,,96487.0
100171,2019-04-24,Hire,,HR,,G5,,HR Business Partner,,125325.0
100172,2019-04-21,Hire,,Finance,,G4,,Finance Lead,,100024.0
100172,2023-08-28,Promotion,Finance,Finance,G4,G5,Finance Lead,Senior Finance Lead,100024.0,156770.0
100172,2026-04-17,Termination,Finance,,G5,,Senior Finance Lead,,138017.0,
100173,2016-08-07,Hire,,Marketing,,G3,,Marketing Specialist,,87569.0
100174,2021-12-17,Hire,,Sales,,G2,,Sales Representative II,,73047.0
100175,2023-04-07,Hire,,Sales,,G2,,Sales Representative II,,70539.0
100176,2019-09-25,Hire,,Sales,,G1,,Sales Representative I,,45562.0
100177,2025-11-13,Hire,,Marketing,,G6,,Marketing Manager,,158925.0
100178,2021-12-21,Hire,,HR,,G6,,HR Manager,,189010.0
100178,2022-04-19,Transfer,Finance,HR,G6,G6,Finance Manager,HR Manager,201029.0,201029.0
100179,2017-09-19,Hire,,Operations,,G3,,Operations Analyst,,81406.0
100180,2021-03-05,Hire,,Marketing,,G3,,Marketing Specialist,,86886.0
100181,2024-08-25,Hire,,Sales,,G4,,Sales Specialist,,123287.0
100182,2020-06-28,Hire,,Operations,,G1,,Operations Coordinator I,,45563.0
100183,2017-06-07,Hire,,IT,,G1,,IT Support Specialist I,,50807.0
100184,2021-03-29,Hire,,Finance,,G2,,Finance Analyst II,,77658.0
100184,2024-10-23,Promotion,Finance,Finance,G2,G3,Finance Analyst II,Senior Finance Analyst,77658.0,77218.0
100185,2021-11-18,Hire,,HR,,G4,,Senior HR Specialist,,120780.0
100186,2017-11-20,Hire,,Finance,,G6,,Finance Manager,,161361.0
100187,2024-11-06,Hire,,Operations,,G3,,Operations Analyst,,86419.0
100188,2021-03-18,Hire,,Operations,,G1,,Operations Coordinator I,,40944.0
100188,2025-02-26,Promotion,Operations,Operations,G1,G2,Operations Coordinator I,Operations Coordinator II,40944.0,62078.0
100189,2022-12-23,Hire,,Marketing,,G4,,Senior Marketing Specialist,,104751.0
100189,2025-08-13,Promotion,Marketing,Marketing,G4,G5,Senior Marketing Specialist,Marketing Lead,104751.0,153114.0
100190,2017-03-06,Hire,,Sales,,G2,,Sales Representative II,,55415.0
100191,2026-04-12,Hire,,IT,,G2,,Software Engineer I,,59263.0
100191,2026-06-10,Termination,IT,,G2,,Software Engineer I,,69912.0,
100192,2020-06-12,Hire,,Operations,,G5,,Operations Lead,,133075.0
100193,2023-10-23,Hire,,Finance,,G3,,Senior Finance Analyst,,88036.0
100193,2025-02-18,Promotion,Finance,Finance,G3,G4,Senior Finance Analyst,Finance Lead,88036.0,95048.0
100194,2020-08-05,Hire,,Finance,,G3,,Senior Finance Analyst,,78033.0
100194,2023-07-09,Transfer,Sales,Finance,G3,G3,Senior Sales Representative,Senior Finance Analyst,81889.0,81889.0
100195,2021-02-05,Hire,,Operations,,G3,,Operations Analyst,,99642.0
100195,2025-05-19,Termination,Operations,,G4,,Senior Operations Analyst,,113066.0,
100196,2019-04-16,Hire,,Sales,,G4,,Sales Specialist,,96622.0
100196,2019-07-18,Transfer,Marketing,Sales,G4,G4,Senior Marketing Specialist,Sales Specialist,97460.0,97460.0
100197,2023-06-02,Hire,,Marketing,,G6,,Marketing Manager,,179824.0
100198,2023-07-19,Hire,,Operations,,G1,,Operations Coordinator I,,41111.0
100199,2016-07-10,Hire,,IT,,G4,,Senior Software Engineer,,98674.0
100199,2017-12-06,Termination,IT,,G4,,Senior Software Engineer,,104776.0,
100200,2021-10-27,Hire,,Sales,,G4,,Sales Specialist,,97517.0
100200,2023-07-04,Transfer,Marketing,Sales,G4,G4,Senior Marketing Specialist,Sales Specialist,97963.0,97963.0
100201,2026-02-06,Hire,,Finance,,G2,,Finance Analyst II,,73262.0
100202,2020-08-10,Hire,,HR,,G2,,HR Coordinator II,,68871.0
100202,2022-11-28,Transfer,Customer Support,HR,G2,G2,Support Representative II,HR Coordinator II,72360.0,72360.0
100203,2021-03-01,Hire,,Operations,,G4,,Senior Operations Analyst,,120957.0
100203,2023-03-21,Transfer,Marketing,Operations,G5,G5,Marketing Lead,Operations Lead,157813.0,157813.0
100204,2023-02-12,Hire,,IT,,G3,,Software Engineer II,,84759.0
100205,2022-02-24,Hire,,Sales,,G7,,Sales Director,,194820.0
100206,2018-04-07,Hire,,Finance,,G5,,Senior Finance Lead,,131840.0
100206,2024-03-20,Promotion,Finance,Finance,G5,G6,Senior Finance Lead,Finance Manager,131840.0,186440.0
100207,2020-03-26,Hire,,Sales,,G1,,Sales Representative I,,40763.0
100207,2023-07-05,Promotion,Sales,Sales,G1,G2,Sales Representative I,Sales Representative II,40763.0,72199.0
100208,2025-03-16,Hire,,Operations,,G4,,Senior Operations Analyst,,101989.0
100208,2026-01-25,Transfer,IT,Operations,G4,G4,Senior Software Engineer,Senior Operations Analyst,108025.0,108025.0
100209,2024-08-28,Hire,,Sales,,G6,,Sales Manager,,164771.0
100210,2024-08-10,Hire,,Operations,,G4,,Senior Operations Analyst,,123173.0
100211,2019-05-16,Hire,,Customer Support,,G2,,Support Representative II,,74669.0
100211,2022-11-02,Termination,Customer Support,,G3,,Senior Support Representative,,87888.0,
100211,2025-10-17,Promotion,Customer Support,Customer Support,G2,G3,Support Representative II,Senior Support Representative,74669.0,88402.0
100212,2024-06-16,Hire,,Sales,,G3,,Senior Sales Representative,,86284.0
100213,2022-08-19,Hire,,Operations,,G1,,Operations Coordinator I,,47641.0
100213,2025-10-26,Promotion,Operations,Operations,G1,G2,Operations Coordinator I,Operations Coordinator II,47641.0,60056.0
100214,2025-09-01,Hire,,Marketing,,G6,,Marketing Manager,,155520.0
100215,2021-11-24,Hire,,Customer Support,,G4,,Support Specialist,,99604.0
100216,2017-06-17,Hire,,IT,,G4,,Senior Software Engineer,,96607.0
100216,2017-08-31,Transfer,HR,IT,G4,G4,Senior HR Specialist,Senior Software Engineer,106678.0,106678.0
100217,2017-06-26,Hire,,Operations,,G1,,Operations Coordinator I,,53541.0
100218,2024-12-13,Hire,,Finance,,G4,,Finance Lead,,96361.0
100218,2025-01-28,Transfer,Sales,Finance,G4,G4,Sales Specialist,Finance Lead,115284.0,115284.0
100219,2025-05-31,Hire,,Customer Support,,G1,,Support Representative I,,48667.0
100220,2024-11-14,Hire,,IT,,G2,,Software Engineer I,,76870.0
100220,2025-04-24,Transfer,Finance,IT,G2,G2,Finance Analyst II,Software Engineer I,79323.0,79323.0
100221,2018-01-16,Hire,,Marketing,,G1,,Marketing Coordinator I,,42558.0
100221,2019-12-23,Promotion,Marketing,Marketing,G1,G2,Marketing Coordinator I,Marketing Coordinator II,42558.0,78108.0
100222,2017-09-16,Hire,,Finance,,G3,,Senior Finance Analyst,,78524.0
100222,2017-12-12,Termination,Finance,,G4,,Finance Lead,,107243.0,
100223,2019-06-14,Hire,,HR,,G2,,HR Coordinator II,,62140.0
100223,2020-09-05,Promotion,HR,HR,G2,G3,HR Coordinator II,HR Specialist,62140.0,89901.0
100224,2022-10-31,Hire,,Marketing,,G3,,Marketing Specialist,,76542.0
100224,2025-02-04,Transfer,HR,Marketing,G3,G3,HR Specialist,Marketing Specialist,79112.0,79112.0
100224,2025-07-30,Termination,Marketing,,G3,,Marketing Specialist,,79112.0,
100225,2025-03-11,Hire,,Customer Support,,G1,,Support Representative I,,50014.0
100226,2022-01-13,Hire,,HR,,G7,,HR Director,,206254.0
100227,2019-03-25,Hire,,IT,,G8,,VP of Engineering,,245423.0
100228,2026-04-25,Hire,,Sales,,G1,,Sales Representative I,,57897.0
100229,2025-08-05,Hire,,Finance,,G3,,Senior Finance Analyst,,78124.0
100230,2020-09-27,Hire,,Marketing,,G3,,Marketing Specialist,,75824.0
100230,2025-01-26,Transfer,Customer Support,Marketing,G4,G4,Support Specialist,Senior Marketing Specialist,115344.0,115344.0
100231,2019-08-31,Hire,,Customer Support,,G8,,VP of Customer Success,,244764.0
100232,2021-11-19,Hire,,Sales,,G5,,Senior Sales Specialist,,146066.0
100233,2026-04-16,Hire,,IT,,G3,,Software Engineer II,,79674.0
100233,2026-05-09,Transfer,HR,IT,G3,G3,HR Specialist,Software Engineer II,87791.0,87791.0
100234,2020-12-14,Hire,,IT,,G5,,Staff Engineer,,127422.0
100235,2017-12-20,Hire,,IT,,G3,,Software Engineer II,,76214.0
100236,2022-11-20,Hire,,HR,,G1,,HR Coordinator I,,52071.0
100236,2024-05-01,Promotion,HR,HR,G1,G2,HR Coordinator I,HR Coordinator II,52071.0,58136.0
100237,2016-08-17,Hire,,Operations,,G5,,Operations Lead,,134597.0
100238,2017-11-09,Hire,,Finance,,G6,,Finance Manager,,166881.0
100239,2025-04-03,Hire,,Customer Support,,G1,,Support Representative I,,59440.0
100240,2024-03-16,Hire,,IT,,G2,,Software Engineer I,,68785.0
100241,2024-08-26,Hire,,Sales,,G4,,Sales Specialist,,114726.0
100242,2023-01-21,Hire,,Marketing,,G1,,Marketing Coordinator I,,46208.0
100242,2026-04-29,Promotion,Marketing,Marketing,G1,G2,Marketing Coordinator I,Marketing Coordinator II,46208.0,56295.0
100243,2022-02-05,Hire,,IT,,G7,,Engineering Director,,193280.0
100244,2024-09-17,Hire,,Operations,,G1,,Operations Coordinator I,,41620.0
100244,2025-03-01,Termination,Operations,,G2,,Operations Coordinator II,,67940.0,
100245,2017-12-30,Hire,,Operations,,G1,,Operations Coordinator I,,55861.0
100245,2020-10-12,Promotion,Operations,Operations,G1,G2,Operations Coordinator I,Operations Coordinator II,55861.0,75506.0
100246,2017-08-07,Hire,,Sales,,G1,,Sales Representative I,,46721.0
100246,2019-07-20,Promotion,Sales,Sales,G1,G2,Sales Representative I,Sales Representative II,46721.0,60487.0
100247,2017-01-04,Hire,,Sales,,G4,,Sales Specialist,,106549.0
100248,2023-12-13,Hire,,Marketing,,G4,,Senior Marketing Specialist,,107906.0
100248,2024-11-30,Transfer,Customer Support,Marketing,G5,G5,Senior Support Specialist,Marketing Lead,162633.0,162633.0
100249,2026-03-25,Hire,,Marketing,,G5,,Marketing Lead,,136893.0
100249,2026-05-13,Transfer,IT,Marketing,G5,G5,Staff Engineer,Marketing Lead,138854.0,138854.0
100250,2019-07-16,Hire,,Finance,,G2,,Finance Analyst II,,59942.0
100251,2017-05-15,Hire,,Marketing,,G1,,Marketing Coordinator I,,46822.0
100252,2021-06-19,Hire,,Finance,,G1,,Finance Analyst I,,59830.0
100252,2025-12-16,Promotion,Finance,Finance,G1,G2,Finance Analyst I,Finance Analyst II,59830.0,63097.0
100253,2025-03-21,Hire,,Marketing,,G2,,Marketing Coordinator II,,73201.0
100254,2016-08-04,Hire,,Marketing,,G5,,Marketing Lead,,126138.0
100255,2021-05-27,Hire,,HR,,G4,,Senior HR Specialist,,110775.0
100256,2022-06-10,Hire,,IT,,G1,,IT Support Specialist I,,55683.0
100257,2022-10-26,Hire,,HR,,G1,,HR Coordinator I,,40065.0
100258,2021-01-03,Hire,,Customer Support,,G3,,Senior Support Representative,,81596.0
100258,2025-10-10,Termination,Customer Support,,G3,,Senior Support Representative,,85846.0,
100259,2023-07-21,Hire,,Finance,,G5,,Senior Finance Lead,,126954.0
100260,2019-04-22,Hire,,Finance,,G2,,Finance Analyst II,,72601.0
100261,2022-01-04,Hire,,IT,,G5,,Staff Engineer,,129316.0
100262,2018-06-10,Hire,,Customer Support,,G1,,Support Representative I,,50315.0
100262,2025-02-13,Promotion,Customer Support,Customer Support,G1,G2,Support Representative I,Support Representative II,50315.0,66785.0
100263,2022-12-27,Hire,,IT,,G2,,Software Engineer I,,59841.0
100264,2018-09-26,Hire,,Operations,,G4,,Senior Operations Analyst,,108384.0
100265,2016-09-20,Hire,,Operations,,G7,,Operations Director,,201991.0
100266,2023-01-09,Hire,,Operations,,G8,,VP of Operations,,240043.0
100267,2025-07-10,Hire,,Customer Support,,G7,,Support Director,,222210.0
100268,2025-02-12,Hire,,Customer Support,,G4,,Support Specialist,,111890.0
100269,2026-05-27,Hire,,Finance,,G1,,Finance Analyst I,,43201.0
100269,2026-06-15,Transfer,Sales,Finance,G2,G2,Sales Representative II,Finance Analyst II,69635.0,69635.0
100270,2017-07-01,Hire,,Finance,,G1,,Finance Analyst I,,43678.0
100270,2022-10-08,Transfer,Customer Support,Finance,G2,G2,Support Representative II,Finance Analyst II,76311.0,76311.0
100271,2023-01-01,Hire,,Marketing,,G4,,Senior Marketing Specialist,,103204.0
100272,2026-01-11,Hire,,Sales,,G1,,Sales Representative I,,41408.0
100273,2020-09-14,Hire,,IT,,G7,,Engineering Director,,191218.0
100274,2018-02-01,Hire,,Operations,,G4,,Senior Operations Analyst,,114122.0
100275,2018-03-01,Hire,,Customer Support,,G3,,Senior Support Representative,,91878.0
100276,2019-06-04,Hire,,Finance,,G1,,Finance Analyst I,,47543.0
100277,2025-09-06,Hire,,Marketing,,G1,,Marketing Coordinator I,,53775.0
100277,2025-09-14,Transfer,Finance,Marketing,G1,G1,Finance Analyst I,Marketing Coordinator I,58617.0,58617.0
100278,2022-03-22,Hire,,Sales,,G1,,Sales Representative I,,40663.0
100279,2017-07-26,Hire,,Operations,,G4,,Senior Operations Analyst,,103831.0
100279,2020-12-29,Termination,Operations,,G5,,Operations Lead,,131610.0,
100279,2025-04-15,Promotion,Operations,Operations,G4,G5,Senior Operations Analyst,Operations Lead,103831.0,130004.0
100280,2026-03-26,Hire,,Operations,,G3,,Operations Analyst,,78427.0
100281,2017-04-22,Hire,,Marketing,,G3,,Marketing Specialist,,85524.0
100282,2021-10-15,Hire,,Operations,,G1,,Operations Coordinator I,,41645.0
100282,2023-09-01,Promotion,Operations,Operations,G1,G2,Operations Coordinator I,Operations Coordinator II,41645.0,73171.0
100283,2023-09-04,Hire,,IT,,G6,,Engineering Manager,,162311.0
100283,2025-02-05,Promotion,IT,IT,G6,G7,Engineering Manager,Engineering Director,162311.0,240955.0
100284,2023-07-16,Hire,,Operations,,G4,,Senior Operations Analyst,,119509.0
100285,2016-06-17,Hire,,Marketing,,G3,,Marketing Specialist,,80604.0
100286,2021-09-01,Hire,,Finance,,G5,,Senior Finance Lead,,128655.0
100287,2016-07-31,Hire,,HR,,G4,,Senior HR Specialist,,95216.0
100288,2024-07-03,Hire,,Customer Support,,G2,,Support Representative II,,59429.0
100288,2025-09-22,Transfer,HR,Customer Support,G3,G3,HR Specialist,Senior Support Representative,80241.0,80241.0
100289,2021-11-29,Hire,,Operations,,G5,,Operations Lead,,125899.0
100290,2020-03-05,Hire,,HR,,G4,,Senior HR Specialist,,103387.0
100291,2020-04-20,Hire,,Sales,,G2,,Sales Representative II,,73688.0
100291,2025-02-15,Promotion,Sales,Sales,G2,G3,Sales Representative II,Senior Sales Representative,73688.0,77056.0
100292,2019-05-17,Hire,,Sales,,G5,,Senior Sales Specialist,,133584.0
100293,2021-08-07,Hire,,Marketing,,G2,,Marketing Coordinator II,,77858.0
100293,2023-06-18,Transfer,Customer Support,Marketing,G3,G3,Senior Support Representative,Marketing Specialist,95141.0,95141.0
100293,2023-11-18,Promotion,Marketing,Marketing,G2,G3,Marketing Coordinator II,Marketing Specialist,77858.0,103342.0
100294,2023-04-02,Hire,,Customer Support,,G4,,Support Specialist,,111738.0
100295,2022-12-15,Hire,,IT,,G1,,IT Support Specialist I,,57012.0
100296,2020-09-07,Hire,,IT,,G5,,Staff Engineer,,126780.0
100296,2022-10-07,Transfer,Operations,IT,G6,G6,Operations Manager,Engineering Manager,184669.0,184669.0
100297,2025-07-17,Hire,,Operations,,G1,,Operations Coordinator I,,40825.0
100297,2025-08-08,Termination,Operations,,G1,,Operations Coordinator I,,44150.0,
100298,2019-11-26,Hire,,Finance,,G5,,Senior Finance Lead,,140779.0
100298,2022-03-30,Termination,Finance,,G5,,Senior Finance Lead,,159214.0,
100299,2024-05-23,Hire,,Marketing,,G5,,Marketing Lead,,131792.0
100300,2016-08-04,Hire,,Operations,,G2,,Operations Coordinator II,,75012.0
100301,2025-03-29,Hire,,Sales,,G7,,Sales Director,,214312.0
100301,2026-06-07,Transfer,Customer Support,Sales,G8,G8,VP of Customer Success,VP of Sales,343384.0,343384.0
100302,2018-05-08,Hire,,Operations,,G3,,Operations Analyst,,87439.0
100302,2018-07-16,Transfer,Finance,Operations,G3,G3,Senior Finance Analyst,Operations Analyst,92248.0,92248.0
100303,2023-02-11,Hire,,Finance,,G4,,Finance Lead,,123440.0
100304,2020-12-13,Hire,,Sales,,G3,,Senior Sales Representative,,92905.0
100304,2025-04-22,Transfer,Marketing,Sales,G4,G4,Senior Marketing Specialist,Sales Specialist,129178.0,129178.0
100305,2016-08-18,Hire,,IT,,G5,,Staff Engineer,,142946.0
100305,2023-10-10,Promotion,IT,IT,G5,G6,Staff Engineer,Engineering Manager,142946.0,167502.0
100305,2024-03-06,Termination,IT,,G6,,Engineering Manager,,159001.0,
100306,2023-03-26,Hire,,Finance,,G2,,Finance Analyst II,,56251.0
100307,2018-06-07,Hire,,Marketing,,G1,,Marketing Coordinator I,,40271.0
100308,2019-06-15,Hire,,Operations,,G3,,Operations Analyst,,84387.0
100308,2023-04-04,Termination,Operations,,G4,,Senior Operations Analyst,,134159.0,
100309,2020-05-31,Hire,,Finance,,G4,,Finance Lead,,105857.0
100309,2020-10-29,Transfer,Sales,Finance,G5,G5,Senior Sales Specialist,Senior Finance Lead,141450.0,141450.0
100310,2020-06-18,Hire,,Customer Support,,G1,,Support Representative I,,57910.0
100310,2025-09-06,Transfer,Marketing,Customer Support,G2,G2,Marketing Coordinator II,Support Representative II,66590.0,66590.0
100311,2020-07-25,Hire,,HR,,G2,,HR Coordinator II,,62865.0
100312,2026-04-20,Hire,,IT,,G5,,Staff Engineer,,135048.0
100313,2024-04-20,Hire,,Operations,,G3,,Operations Analyst,,76778.0
100313,2024-11-17,Termination,Operations,,G3,,Operations Analyst,,92158.0,
100313,2025-12-14,Transfer,Finance,Operations,G3,G3,Senior Finance Analyst,Operations Analyst,92158.0,92158.0
100314,2023-01-13,Hire,,Sales,,G2,,Sales Representative II,,67020.0
100315,2017-12-31,Hire,,HR,,G7,,HR Director,,213437.0
100316,2025-09-22,Hire,,Operations,,G6,,Operations Manager,,155965.0
100317,2024-04-18,Hire,,Sales,,G2,,Sales Representative II,,68288.0
100318,2017-02-07,Hire,,IT,,G1,,IT Support Specialist I,,45773.0
100318,2020-12-29,Termination,IT,,G1,,IT Support Specialist I,,47973.0,
100319,2021-12-07,Hire,,HR,,G3,,HR Specialist,,90195.0
100320,2023-03-18,Hire,,Sales,,G3,,Senior Sales Representative,,87575.0
100320,2026-03-16,Promotion,Sales,Sales,G3,G4,Senior Sales Representative,Sales Specialist,87575.0,100580.0
100321,2020-09-30,Hire,,Marketing,,G7,,Marketing Director,,190343.0
100322,2017-04-16,Hire,,Marketing,,G5,,Marketing Lead,,132269.0
100322,2019-03-26,Termination,Marketing,,G6,,Marketing Manager,,171911.0,
100323,2019-05-16,Hire,,IT,,G3,,Software Engineer II,,96534.0
100324,2017-04-07,Hire,,Customer Support,,G4,,Support Specialist,,107683.0
100324,2017-07-03,Transfer,Operations,Customer Support,G4,G4,Senior Operations Analyst,Support Specialist,112625.0,112625.0
100325,2018-03-22,Hire,,Operations,,G1,,Operations Coordinator I,,44561.0
100326,2019-01-13,Hire,,HR,,G1,,HR Coordinator I,,57116.0
100326,2019-02-12,Termination,HR,,G2,,HR Coordinator II,,78593.0,
100327,2016-08-01,Hire,,IT,,G1,,IT Support Specialist I,,46605.0
100327,2024-01-23,Transfer,Finance,IT,G1,G1,Finance Analyst I,IT Support Specialist I,56105.0,56105.0
100328,2025-07-19,Hire,,Sales,,G1,,Sales Representative I,,40031.0
100329,2025-07-14,Hire,,Customer Support,,G3,,Senior Support Representative,,93063.0
100329,2025-09-23,Termination,Customer Support,,G4,,Support Specialist,,95690.0,
100330,2019-05-06,Hire,,HR,,G2,,HR Coordinator II,,66218.0
100330,2022-05-06,Transfer,IT,HR,G3,G3,Software Engineer II,HR Specialist,103401.0,103401.0
100331,2018-05-29,Hire,,Finance,,G6,,Finance Manager,,184968.0
100332,2018-01-19,Hire,,Finance,,G5,,Senior Finance Lead,,135196.0
100332,2020-12-04,Transfer,HR,Finance,G5,G5,HR Business Partner,Senior Finance Lead,163641.0,163641.0
100333,2022-01-01,Hire,,Sales,,G5,,Senior Sales Specialist,,125185.0
100334,2020-07-15,Hire,,HR,,G3,,HR Specialist,,79718.0
100335,2021-08-30,Hire,,IT,,G6,,Engineering Manager,,167448.0
100336,2026-01-09,Hire,,Sales,,G4,,Sales Specialist,,102897.0
100337,2026-01-09,Hire,,Sales,,G2,,Sales Representative II,,55589.0
100337,2026-06-07,Termination,Sales,,G2,,Sales Representative II,,59180.0,
100338,2025-04-22,Hire,,HR,,G2,,HR Coordinator II,,63503.0
100339,2025-10-08,Hire,,HR,,G2,,HR Coordinator II,,79824.0
100340,2019-11-28,Hire,,Customer Support,,G2,,Support Representative II,,78401.0
100340,2025-04-09,Promotion,Customer Support,Customer Support,G2,G3,Support Representative II,Senior Support Representative,78401.0,83915.0
100341,2021-01-23,Hire,,HR,,G7,,HR Director,,210388.0
100342,2024-11-23,Hire,,Operations,,G2,,Operations Coordinator II,,69256.0
100342,2026-02-27,Termination,Operations,,G3,,Operations Analyst,,94945.0,
100343,2022-03-30,Hire,,Sales,,G2,,Sales Representative II,,56516.0
100344,2021-03-02,Hire,,Operations,,G1,,Operations Coordinator I,,42673.0
100344,2023-04-19,Promotion,Operations,Operations,G1,G2,Operations Coordinator I,Operations Coordinator II,42673.0,78466.0
100345,2020-09-16,Hire,,Finance,,G4,,Finance Lead,,98748.0
100346,2017-03-28,Hire,,Sales,,G7,,Sales Director,,222500.0
100347,2020-08-02,Hire,,IT,,G2,,Software Engineer I,,57899.0
100348,2016-12-24,Hire,,Finance,,G2,,Finance Analyst II,,73095.0
100348,2017-08-12,Termination,Finance,,G3,,Senior Finance Analyst,,99511.0,
100348,2024-01-19,Promotion,Finance,Finance,G2,G3,Finance Analyst II,Senior Finance Analyst,73095.0,102310.0
100349,2019-11-05,Hire,,Customer Support,,G7,,Support Director,,192466.0
100350,2024-06-23,Hire,,HR,,G4,,Senior HR Specialist,,95013.0
100351,2016-06-24,Hire,,Marketing,,G2,,Marketing Coordinator II,,56212.0
100352,2020-10-10,Hire,,Marketing,,G4,,Senior Marketing Specialist,,122684.0
100353,2019-06-14,Hire,,Sales,,G4,,Sales Specialist,,116832.0
100353,2021-09-16,Termination,Sales,,G5,,Senior Sales Specialist,,130591.0,
100354,2017-04-26,Hire,,Customer Support,,G3,,Senior Support Representative,,104827.0
100354,2018-04-17,Termination,Customer Support,,G4,,Support Specialist,,124732.0,
100355,2016-09-02,Hire,,HR,,G5,,HR Business Partner,,125244.0
100355,2019-11-08,Promotion,HR,HR,G5,G6,HR Business Partner,HR Manager,125244.0,168917.0
100356,2024-06-02,Hire,,HR,,G5,,HR Business Partner,,128515.0
100356,2026-02-21,Transfer,Sales,HR,G5,G5,Senior Sales Specialist,HR Business Partner,134784.0,134784.0
100357,2016-08-24,Hire,,HR,,G6,,HR Manager,,184583.0
100358,2019-08-16,Hire,,Finance,,G5,,Senior Finance Lead,,127453.0
100359,2016-12-11,Hire,,Finance,,G3,,Senior Finance Analyst,,75219.0
100360,2025-10-11,Hire,,Finance,,G1,,Finance Analyst I,,56108.0
100360,2025-10-28,Promotion,Finance,Finance,G1,G2,Finance Analyst I,Finance Analyst II,56108.0,73620.0
100360,2025-12-01,Termination,Finance,,G2,,Finance Analyst II,,57239.0,
100361,2019-11-05,Hire,,Marketing,,G5,,Marketing Lead,,150130.0
100362,2022-07-03,Hire,,Customer Support,,G5,,Senior Support Specialist,,130158.0
100363,2026-05-24,Hire,,HR,,G1,,HR Coordinator I,,42515.0
100364,2024-12-09,Hire,,Finance,,G3,,Senior Finance Analyst,,80271.0
100364,2025-08-13,Promotion,Finance,Finance,G3,G4,Senior Finance Analyst,Finance Lead,80271.0,126340.0
100365,2018-02-27,Hire,,Marketing,,G1,,Marketing Coordinator I,,50072.0
100366,2024-10-12,Hire,,Customer Support,,G1,,Support Representative I,,40071.0
100367,2023-03-01,Hire,,Sales,,G2,,Sales Representative II,,70061.0
100368,2018-08-31,Hire,,Operations,,G5,,Operations Lead,,135386.0
100369,2024-11-26,Hire,,Operations,,G2,,Operations Coordinator II,,65253.0
100369,2025-03-15,Transfer,Sales,Operations,G3,G3,Senior Sales Representative,Operations Analyst,89120.0,89120.0
100370,2019-12-15,Hire,,Finance,,G1,,Finance Analyst I,,40794.0
100371,2024-12-23,Hire,,Operations,,G1,,Operations Coordinator I,,50648.0
100372,2019-09-27,Hire,,Sales,,G7,,Sales Director,,210621.0
100372,2024-11-25,Termination,Sales,,G7,,Sales Director,,240613.0,
100373,2024-01-14,Hire,,Marketing,,G5,,Marketing Lead,,133050.0
100373,2026-05-13,Promotion,Marketing,Marketing,G5,G6,Marketing Lead,Marketing Manager,133050.0,193183.0
100374,2017-02-20,Hire,,Sales,,G3,,Senior Sales Representative,,93376.0
100375,2018-07-04,Hire,,Marketing,,G6,,Marketing Manager,,166760.0
100376,2026-05-27,Hire,,HR,,G1,,HR Coordinator I,,50774.0
100377,2025-01-01,Hire,,Finance,,G2,,Finance Analyst II,,58413.0
100378,2023-07-24,Hire,,IT,,G3,,Software Engineer II,,91160.0
100379,2016-09-15,Hire,,Customer Support,,G5,,Senior Support Specialist,,148418.0
100380,2026-02-28,Hire,,IT,,G3,,Software Engineer II,,88329.0
100381,2025-04-18,Hire,,Sales,,G3,,Senior Sales Representative,,76447.0
100381,2026-02-26,Transfer,HR,Sales,G3,G3,HR Specialist,Senior Sales Representative,77484.0,77484.0
100382,2020-02-24,Hire,,Finance,,G2,,Finance Analyst II,,70142.0
100382,2026-01-26,Transfer,IT,Finance,G3,G3,Software Engineer II,Senior Finance Analyst,94615.0,94615.0
100383,2021-07-03,Hire,,IT,,G5,,Staff Engineer,,161023.0
100383,2021-12-13,Transfer,Operations,IT,G6,G6,Operations Manager,Engineering Manager,195954.0,195954.0
100384,2017-01-08,Hire,,IT,,G2,,Software Engineer I,,62750.0
100384,2024-04-09,Promotion,IT,IT,G2,G3,Software Engineer I,Software Engineer II,62750.0,84399.0
100385,2020-04-03,Hire,,Operations,,G4,,Senior Operations Analyst,,117787.0
100386,2026-03-02,Hire,,Customer Support,,G5,,Senior Support Specialist,,128927.0
100387,2021-09-17,Hire,,Customer Support,,G6,,Support Manager,,160302.0
100387,2026-06-15,Termination,Customer Support,,G7,,Support Director,,234871.0,
100388,2022-09-05,Hire,,HR,,G1,,HR Coordinator I,,42586.0
100389,2020-01-10,Hire,,IT,,G4,,Senior Software Engineer,,96806.0
100390,2021-07-25,Hire,,IT,,G6,,Engineering Manager,,171455.0
100391,2025-01-03,Hire,,HR,,G6,,HR Manager,,164616.0
100391,2025-12-23,Transfer,Customer Support,HR,G6,G6,Support Manager,HR Manager,175968.0,175968.0
100392,2023-10-18,Hire,,Sales,,G2,,Sales Representative II,,64867.0
100393,2025-07-11,Hire,,Marketing,,G1,,Marketing Coordinator I,,50110.0
100394,2018-05-01,Hire,,Marketing,,G4,,Senior Marketing Specialist,,118765.0
100394,2024-10-15,Transfer,Operations,Marketing,G5,G5,Operations Lead,Marketing Lead,152703.0,152703.0
100395,2023-02-17,Hire,,Operations,,G4,,Senior Operations Analyst,,96742.0
100396,2018-03-20,Hire,,Sales,,G4,,Sales Specialist,,113213.0
100397,2018-02-01,Hire,,HR,,G2,,HR Coordinator II,,61601.0
100398,2020-05-19,Hire,,Finance,,G2,,Finance Analyst II,,61182.0
100399,2018-11-28,Hire,,Finance,,G6,,Finance Manager,,174416.0
100399,2025-08-17,Transfer,IT,Finance,G6,G6,Engineering Manager,Finance Manager,180737.0,180737.0
100400,2025-09-30,Hire,,IT,,G2,,Software Engineer I,,55064.0
100400,2025-12-29,Transfer,Marketing,IT,G3,G3,Marketing Specialist,Software Engineer II,87047.0,87047.0
100400,2026-01-29,Promotion,IT,IT,G2,G3,Software Engineer I,Software Engineer II,55064.0,80639.0
100401,2020-07-19,Hire,,IT,,G5,,Staff Engineer,,143612.0
100402,2017-06-15,Hire,,Finance,,G1,,Finance Analyst I,,43506.0
100403,2017-06-01,Hire,,HR,,G1,,HR Coordinator I,,40111.0
100404,2017-10-19,Hire,,Sales,,G8,,VP of Sales,,245967.0
100404,2020-03-05,Termination,Sales,,G8,,VP of Sales,,287361.0,
100405,2019-10-13,Hire,,HR,,G7,,HR Director,,195422.0
100405,2024-12-09,Transfer,Sales,HR,G7,G7,Sales Director,HR Director,201441.0,201441.0
100406,2021-06-23,Hire,,Sales,,G3,,Senior Sales Representative,,75061.0
100407,2018-07-12,Hire,,Marketing,,G5,,Marketing Lead,,135400.0
100408,2017-03-14,Hire,,HR,,G3,,HR Specialist,,100730.0
100408,2021-11-04,Promotion,HR,HR,G3,G4,HR Specialist,Senior HR Specialist,100730.0,121284.0
100409,2025-11-04,Hire,,Customer Support,,G5,,Senior Support Specialist,,139568.0
100410,2023-02-10,Hire,,Marketing,,G3,,Marketing Specialist,,85419.0
100411,2018-05-07,Hire,,Customer Support,,G1,,Support Representative I,,40133.0
100412,2026-02-21,Hire,,Finance,,G5,,Senior Finance Lead,,128729.0
100412,2026-05-27,Termination,Finance,,G5,,Senior Finance Lead,,144159.0,
100413,2025-12-02,Hire,,Customer Support,,G6,,Support Manager,,166164.0
100414,2023-08-07,Hire,,Finance,,G1,,Finance Analyst I,,45278.0
100414,2025-10-23,Transfer,Marketing,Finance,G1,G1,Marketing Coordinator I,Finance Analyst I,51525.0,51525.0
100415,2024-07-30,Hire,,IT,,G5,,Staff Engineer,,140372.0
100416,2023-07-01,Hire,,Operations,,G4,,Senior Operations Analyst,,100088.0
100417,2017-10-15,Hire,,Operations,,G7,,Operations Director,,218475.0
100418,2023-10-27,Hire,,Finance,,G1,,Finance Analyst I,,40758.0
100418,2025-01-20,Transfer,Customer Support,Finance,G1,G1,Support Representative I,Finance Analyst I,44717.0,44717.0
100419,2016-06-27,Hire,,IT,,G4,,Senior Software Engineer,,95015.0
100420,2026-04-04,Hire,,Customer Support,,G6,,Support Manager,,202458.0
100420,2026-05-24,Termination,Customer Support,,G7,,Support Director,,239305.0,
100421,2019-04-04,Hire,,Marketing,,G1,,Marketing Coordinator I,,43291.0
100422,2022-01-12,Hire,,IT,,G3,,Software Engineer II,,75666.0
100422,2022-07-19,Transfer,HR,IT,G3,G3,HR Specialist,Software Engineer II,78148.0,78148.0
100423,2019-04-10,Hire,,Finance,,G3,,Senior Finance Analyst,,80524.0
100424,2021-03-16,Hire,,Operations,,G5,,Operations Lead,,149398.0
100425,2021-07-12,Hire,,Sales,,G5,,Senior Sales Specialist,,126351.0
100426,2019-07-15,Hire,,Operations,,G1,,Operations Coordinator I,,59030.0
100426,2021-09-03,Transfer,Customer Support,Operations,G2,G2,Support Representative II,Operations Coordinator II,62498.0,62498.0
100427,2024-11-19,Hire,,Customer Support,,G2,,Support Representative II,,57037.0
100428,2019-09-01,Hire,,Customer Support,,G5,,Senior Support Specialist,,141603.0
100428,2024-07-11,Promotion,Customer Support,Customer Support,G5,G6,Senior Support Specialist,Support Manager,141603.0,173702.0
100429,2022-06-21,Hire,,HR,,G3,,HR Specialist,,76309.0
100430,2024-06-11,Hire,,HR,,G3,,HR Specialist,,104992.0
100431,2016-10-29,Hire,,Customer Support,,G1,,Support Representative I,,54219.0
100431,2018-04-22,Termination,Customer Support,,G2,,Support Representative II,,75622.0,
100431,2021-11-02,Promotion,Customer Support,Customer Support,G1,G2,Support Representative I,Support Representative II,54219.0,72904.0
100432,2018-02-15,Hire,,Operations,,G3,,Operations Analyst,,81935.0
100433,2018-11-03,Hire,,Marketing,,G1,,Marketing Coordinator I,,46176.0
100434,2025-07-31,Hire,,IT,,G2,,Software Engineer I,,55461.0
100434,2026-05-17,Termination,IT,,G2,,Software Engineer I,,56100.0,
100435,2019-03-31,Hire,,Finance,,G4,,Finance Lead,,102769.0
100436,2016-08-19,Hire,,IT,,G6,,Engineering Manager,,155755.0
100437,2021-02-03,Hire,,Operations,,G3,,Operations Analyst,,96132.0
100437,2024-05-05,Promotion,Operations,Operations,G3,G4,Operations Analyst,Senior Operations Analyst,96132.0,125593.0
100437,2025-03-27,Transfer,IT,Operations,G4,G4,Senior Software Engineer,Senior Operations Analyst,117515.0,117515.0
100438,2023-02-22,Hire,,HR,,G4,,Senior HR Specialist,,102181.0
100439,2025-02-16,Hire,,HR,,G1,,HR Coordinator I,,49501.0
100439,2026-06-13,Promotion,HR,HR,G1,G2,HR Coordinator I,HR Coordinator II,49501.0,61749.0
100440,2021-04-15,Hire,,Marketing,,G3,,Marketing Specialist,,88119.0
100441,2025-01-20,Hire,,Finance,,G5,,Senior Finance Lead,,129382.0
100442,2019-09-17,Hire,,Marketing,,G6,,Marketing Manager,,160069.0
100443,2020-11-06,Hire,,IT,,G1,,IT Support Specialist I,,51076.0
100444,2020-12-19,Hire,,IT,,G1,,IT Support Specialist I,,46565.0
100445,2024-09-11,Hire,,Finance,,G2,,Finance Analyst II,,56938.0
100445,2025-09-21,Termination,Finance,,G3,,Senior Finance Analyst,,88568.0,
100446,2024-10-11,Hire,,HR,,G5,,HR Business Partner,,130413.0
100447,2023-03-16,Hire,,HR,,G2,,HR Coordinator II,,61752.0
100448,2018-12-25,Hire,,Sales,,G3,,Senior Sales Representative,,78970.0
100448,2024-09-30,Termination,Sales,,G4,,Sales Specialist,,97768.0,
100449,2023-11-20,Hire,,Finance,,G3,,Senior Finance Analyst,,95875.0
100449,2023-11-24,Transfer,IT,Finance,G3,G3,Software Engineer II,Senior Finance Analyst,97634.0,97634.0
100450,2020-07-17,Hire,,IT,,G6,,Engineering Manager,,182503.0
100450,2025-09-21,Termination,IT,,G7,,Engineering Director,,205445.0,
100451,2017-12-28,Hire,,Customer Support,,G4,,Support Specialist,,95699.0
100452,2020-05-26,Hire,,Sales,,G1,,Sales Representative I,,46004.0
100453,2022-04-30,Hire,,Customer Support,,G3,,Senior Support Representative,,94681.0
100454,2016-12-27,Hire,,HR,,G5,,HR Business Partner,,144447.0
100455,2021-07-25,Hire,,Customer Support,,G4,,Support Specialist,,107274.0
100455,2023-11-24,Promotion,Customer Support,Customer Support,G4,G5,Support Specialist,Senior Support Specialist,107274.0,127977.0
100456,2018-04-07,Hire,,Sales,,G2,,Sales Representative II,,60162.0
100457,2019-04-10,Hire,,Finance,,G5,,Senior Finance Lead,,138772.0
100457,2020-03-04,Promotion,Finance,Finance,G5,G6,Senior Finance Lead,Finance Manager,138772.0,157291.0
100458,2016-11-09,Hire,,Marketing,,G2,,Marketing Coordinator II,,76377.0
100459,2021-01-15,Hire,,Marketing,,G4,,Senior Marketing Specialist,,121714.0
100460,2016-11-03,Hire,,HR,,G1,,HR Coordinator I,,43892.0
100461,2024-07-02,Hire,,Finance,,G1,,Finance Analyst I,,55402.0
100462,2021-12-16,Hire,,HR,,G5,,HR Business Partner,,149911.0
100463,2023-11-17,Hire,,Sales,,G4,,Sales Specialist,,131053.0
100464,2021-09-17,Hire,,Marketing,,G5,,Marketing Lead,,129899.0
100465,2024-01-16,Hire,,HR,,G4,,Senior HR Specialist,,105335.0
100466,2025-07-11,Hire,,Marketing,,G1,,Marketing Coordinator I,,47066.0
100467,2023-05-18,Hire,,Sales,,G5,,Senior Sales Specialist,,126547.0
100468,2024-04-14,Hire,,Marketing,,G4,,Senior Marketing Specialist,,110945.0
100469,2018-12-29,Hire,,Finance,,G4,,Finance Lead,,106877.0
100469,2023-10-23,Transfer,Operations,Finance,G4,G4,Senior Operations Analyst,Finance Lead,129060.0,129060.0
100470,2020-06-10,Hire,,IT,,G7,,Engineering Director,,197240.0
100470,2021-02-09,Transfer,Operations,IT,G7,G7,Operations Director,Engineering Director,206571.0,206571.0
100471,2026-01-19,Hire,,Marketing,,G2,,Marketing Coordinator II,,60558.0
100472,2021-12-12,Hire,,IT,,G2,,Software Engineer I,,70174.0
100472,2026-06-13,Promotion,IT,IT,G2,G3,Software Engineer I,Software Engineer II,70174.0,102597.0
100473,2017-01-27,Hire,,IT,,G1,,IT Support Specialist I,,44280.0
100473,2024-09-15,Transfer,Marketing,IT,G1,G1,Marketing Coordinator I,IT Support Specialist I,51704.0,51704.0
100474,2022-03-09,Hire,,Operations,,G4,,Senior Operations Analyst,,102248.0
100475,2017-07-27,Hire,,IT,,G2,,Software Engineer I,,76240.0
100475,2022-12-20,Promotion,IT,IT,G2,G3,Software Engineer I,Software Engineer II,76240.0,75434.0
100476,2025-02-20,Hire,,IT,,G4,,Senior Software Engineer,,100725.0
100477,2019-10-06,Hire,,HR,,G4,,Senior HR Specialist,,134593.0
100478,2020-01-18,Hire,,Sales,,G2,,Sales Representative II,,67787.0
100479,2018-08-30,Hire,,Operations,,G3,,Operations Analyst,,94930.0
100480,2020-11-28,Hire,,IT,,G3,,Software Engineer II,,78221.0
100480,2022-10-22,Termination,IT,,G3,,Software Engineer II,,79233.0,
100481,2018-12-31,Hire,,Customer Support,,G5,,Senior Support Specialist,,130941.0
100482,2020-01-03,Hire,,IT,,G2,,Software Engineer I,,61472.0
100483,2020-06-13,Hire,,Operations,,G3,,Operations Analyst,,98614.0
100483,2022-12-11,Promotion,Operations,Operations,G3,G4,Operations Analyst,Senior Operations Analyst,98614.0,117838.0
100484,2017-01-30,Hire,,Operations,,G8,,VP of Operations,,244942.0
100485,2017-09-19,Hire,,HR,,G7,,HR Director,,200248.0
100486,2024-02-05,Hire,,Marketing,,G3,,Marketing Specialist,,97414.0
100487,2025-07-25,Hire,,IT,,G1,,IT Support Specialist I,,43101.0
100488,2016-11-16,Hire,,Customer Support,,G2,,Support Representative II,,79154.0
100488,2021-01-25,Transfer,IT,Customer Support,G3,G3,Software Engineer II,Senior Support Representative,79355.0,79355.0
100489,2019-01-06,Hire,,IT,,G2,,Software Engineer I,,68671.0
100489,2021-11-13,Transfer,Sales,IT,G3,G3,Senior Sales Representative,Software Engineer II,103506.0,103506.0
100490,2017-09-08,Hire,,HR,,G1,,HR Coordinator I,,47188.0
100490,2025-05-31,Transfer,Operations,HR,G2,G2,Operations Coordinator II,HR Coordinator II,78323.0,78323.0
100491,2016-12-12,Hire,,IT,,G8,,VP of Engineering,,245285.0
100491,2025-06-25,Termination,IT,,G8,,VP of Engineering,,261942.0,
100492,2024-02-15,Hire,,Marketing,,G7,,Marketing Director,,225200.0
100493,2017-05-05,Hire,,HR,,G1,,HR Coordinator I,,42070.0
100494,2017-04-26,Hire,,IT,,G2,,Software Engineer I,,66774.0
100495,2020-04-22,Hire,,Sales,,G5,,Senior Sales Specialist,,125474.0
100496,2023-11-04,Hire,,Finance,,G4,,Finance Lead,,112184.0
100497,2023-03-17,Hire,,IT,,G4,,Senior Software Engineer,,131025.0
100498,2018-04-12,Hire,,IT,,G3,,Software Engineer II,,86656.0
100499,2019-09-12,Hire,,Customer Support,,G4,,Support Specialist,,104665.0
100500,2018-04-24,Hire,,Marketing,,G6,,Marketing Manager,,185484.0
100500,2020-07-28,Promotion,Marketing,Marketing,G6,G7,Marketing Manager,Marketing Director,185484.0,235610.0
100501,2021-07-30,Hire,,Operations,,G5,,Operations Lead,,155917.0
100502,2017-10-04,Hire,,Finance,,G3,,Senior Finance Analyst,,90233.0
100503,2017-12-07,Hire,,IT,,G4,,Senior Software Engineer,,116291.0
100503,2018-10-11,Promotion,IT,IT,G4,G5,Senior Software Engineer,Staff Engineer,116291.0,151149.0
100504,2017-08-24,Hire,,Sales,,G1,,Sales Representative I,,49634.0
100504,2025-01-23,Termination,Sales,,G2,,Sales Representative II,,58424.0,
100505,2019-04-18,Hire,,Operations,,G4,,Senior Operations Analyst,,102425.0
100505,2025-02-17,Promotion,Operations,Operations,G4,G5,Senior Operations Analyst,Operations Lead,102425.0,152463.0
100506,2025-12-28,Hire,,Operations,,G3,,Operations Analyst,,75704.0
100507,2017-06-16,Hire,,Customer Support,,G2,,Support Representative II,,64566.0
100508,2025-08-23,Hire,,Sales,,G1,,Sales Representative I,,47990.0
100509,2023-01-01,Hire,,IT,,G5,,Staff Engineer,,131180.0
100510,2021-08-04,Hire,,Customer Support,,G5,,Senior Support Specialist,,154723.0
100510,2022-09-15,Transfer,Sales,Customer Support,G6,G6,Sales Manager,Support Manager,192180.0,192180.0
100511,2024-07-31,Hire,,Marketing,,G3,,Marketing Specialist,,85317.0
100511,2024-10-06,Transfer,IT,Marketing,G4,G4,Senior Software Engineer,Senior Marketing Specialist,105051.0,105051.0
100511,2026-02-17,Promotion,Marketing,Marketing,G3,G4,Marketing Specialist,Senior Marketing Specialist,85317.0,116711.0
100512,2025-11-19,Hire,,Operations,,G6,,Operations Manager,,161655.0
100512,2026-03-07,Termination,Operations,,G6,,Operations Manager,,178123.0,
100513,2026-02-27,Hire,,Marketing,,G5,,Marketing Lead,,152086.0
100513,2026-04-16,Promotion,Marketing,Marketing,G5,G6,Marketing Lead,Marketing Manager,152086.0,193596.0
100514,2024-05-11,Hire,,Customer Support,,G6,,Support Manager,,179680.0
100515,2022-10-07,Hire,,Customer Support,,G3,,Senior Support Representative,,88358.0
100515,2025-03-21,Promotion,Customer Support,Customer Support,G3,G4,Senior Support Representative,Support Specialist,88358.0,97268.0
100516,2020-02-27,Hire,,Customer Support,,G5,,Senior Support Specialist,,147357.0
100516,2020-07-21,Promotion,Customer Support,Customer Support,G5,G6,Senior Support Specialist,Support Manager,147357.0,176032.0
100517,2017-09-04,Hire,,Sales,,G3,,Senior Sales Representative,,90172.0
100518,2021-01-08,Hire,,Marketing,,G5,,Marketing Lead,,146230.0
100519,2022-05-06,Hire,,IT,,G1,,IT Support Specialist I,,44329.0
100520,2025-02-06,Hire,,Finance,,G7,,Finance Director,,191369.0
100521,2025-10-21,Hire,,IT,,G3,,Software Engineer II,,75716.0
100522,2023-03-28,Hire,,IT,,G3,,Software Engineer II,,91392.0
100523,2023-05-09,Hire,,Sales,,G1,,Sales Representative I,,40348.0
100523,2024-03-23,Transfer,Customer Support,Sales,G1,G1,Support Representative I,Sales Representative I,40390.0,40390.0
100524,2020-12-24,Hire,,Finance,,G3,,Senior Finance Analyst,,77822.0
100525,2020-08-27,Hire,,Customer Support,,G5,,Senior Support Specialist,,134669.0
100526,2020-12-15,Hire,,HR,,G4,,Senior HR Specialist,,131719.0
100526,2025-05-15,Promotion,HR,HR,G4,G5,Senior HR Specialist,HR Business Partner,131719.0,164536.0
100527,2020-11-03,Hire,,Sales,,G2,,Sales Representative II,,62157.0
100527,2022-10-27,Promotion,Sales,Sales,G2,G3,Sales Representative II,Senior Sales Representative,62157.0,91129.0
100528,2024-01-27,Hire,,Sales,,G3,,Senior Sales Representative,,75244.0
100529,2023-07-08,Hire,,Operations,,G3,,Operations Analyst,,93230.0
100530,2018-06-21,Hire,,Sales,,G1,,Sales Representative I,,53698.0
100530,2019-07-27,Transfer,IT,Sales,G2,G2,Software Engineer I,Sales Representative II,72273.0,72273.0
100530,2025-07-29,Promotion,Sales,Sales,G1,G2,Sales Representative I,Sales Representative II,53698.0,73118.0
100531,2024-10-27,Hire,,IT,,G2,,Software Engineer I,,69701.0
100532,2016-07-23,Hire,,Finance,,G2,,Finance Analyst II,,67718.0
100533,2017-03-04,Hire,,Sales,,G5,,Senior Sales Specialist,,125409.0
100534,2023-01-23,Hire,,IT,,G6,,Engineering Manager,,169051.0
100535,2019-04-12,Hire,,HR,,G4,,Senior HR Specialist,,112229.0
100535,2021-12-31,Transfer,Operations,HR,G5,G5,Operations Lead,HR Business Partner,150411.0,150411.0
100536,2024-02-16,Hire,,Marketing,,G1,,Marketing Coordinator I,,47802.0
100537,2025-01-13,Hire,,Marketing,,G2,,Marketing Coordinator II,,60758.0
100538,2022-11-01,Hire,,HR,,G1,,HR Coordinator I,,47556.0
100538,2026-05-06,Transfer,IT,HR,G2,G2,Software Engineer I,HR Coordinator II,63232.0,63232.0
100539,2024-09-24,Hire,,Marketing,,G5,,Marketing Lead,,131066.0
100540,2022-04-23,Hire,,Sales,,G1,,Sales Representative I,,54322.0
100541,2017-11-18,Hire,,Customer Support,,G2,,Support Representative II,,63031.0
100542,2016-12-24,Hire,,Sales,,G8,,VP of Sales,,247365.0
100543,2020-11-25,Hire,,Customer Support,,G5,,Senior Support Specialist,,134364.0
100543,2024-11-14,Transfer,Sales,Customer Support,G5,G5,Senior Sales Specialist,Senior Support Specialist,144333.0,144333.0
100544,2024-09-28,Hire,,Sales,,G4,,Sales Specialist,,99297.0
100545,2017-09-16,Hire,,Marketing,,G3,,Marketing Specialist,,92177.0
100545,2026-01-10,Promotion,Marketing,Marketing,G3,G4,Marketing Specialist,Senior Marketing Specialist,92177.0,117253.0
100545,2026-02-02,Termination,Marketing,,G4,,Senior Marketing Specialist,,96115.0,
100546,2016-07-09,Hire,,Marketing,,G3,,Marketing Specialist,,75948.0
100547,2016-09-09,Hire,,Finance,,G4,,Finance Lead,,96403.0
100548,2017-11-01,Hire,,Finance,,G2,,Finance Analyst II,,77145.0
100549,2018-10-09,Hire,,HR,,G3,,HR Specialist,,92188.0
100549,2020-10-23,Promotion,HR,HR,G3,G4,HR Specialist,Senior HR Specialist,92188.0,118901.0
100550,2017-12-09,Hire,,IT,,G7,,Engineering Director,,194367.0
100551,2016-12-29,Hire,,Marketing,,G2,,Marketing Coordinator II,,59001.0
100552,2023-11-21,Hire,,IT,,G4,,Senior Software Engineer,,113901.0
100552,2024-07-07,Transfer,Sales,IT,G4,G4,Sales Specialist,Senior Software Engineer,114814.0,114814.0
100553,2022-03-26,Hire,,Customer Support,,G1,,Support Representative I,,49236.0
100554,2025-01-06,Hire,,Sales,,G3,,Senior Sales Representative,,98364.0
100555,2024-05-26,Hire,,Finance,,G2,,Finance Analyst II,,63509.0
100555,2026-05-08,Promotion,Finance,Finance,G2,G3,Finance Analyst II,Senior Finance Analyst,63509.0,90675.0
100556,2016-07-18,Hire,,Operations,,G4,,Senior Operations Analyst,,118621.0
100557,2017-02-24,Hire,,HR,,G4,,Senior HR Specialist,,96889.0
100557,2019-11-19,Transfer,Finance,HR,G4,G4,Finance Lead,Senior HR Specialist,103107.0,103107.0
100558,2024-09-23,Hire,,Marketing,,G4,,Senior Marketing Specialist,,133309.0
100559,2017-06-25,Hire,,Finance,,G3,,Senior Finance Analyst,,82970.0
100560,2019-07-16,Hire,,Finance,,G2,,Finance Analyst II,,65954.0
100561,2023-05-15,Hire,,Marketing,,G2,,Marketing Coordinator II,,62111.0
100562,2018-09-27,Hire,,Sales,,G1,,Sales Representative I,,55889.0
100562,2024-04-21,Transfer,Customer Support,Sales,G2,G2,Support Representative II,Sales Representative II,73570.0,73570.0
100563,2019-06-04,Hire,,Operations,,G5,,Operations Lead,,148397.0
100564,2021-10-10,Hire,,HR,,G5,,HR Business Partner,,135002.0
100564,2022-04-19,Promotion,HR,HR,G5,G6,HR Business Partner,HR Manager,135002.0,199436.0
100564,2023-11-13,Transfer,Operations,HR,G6,G6,Operations Manager,HR Manager,168407.0,168407.0
100565,2020-03-15,Hire,,IT,,G1,,IT Support Specialist I,,40527.0
100566,2017-06-06,Hire,,Finance,,G1,,Finance Analyst I,,40133.0
100567,2017-03-12,Hire,,Marketing,,G1,,Marketing Coordinator I,,52647.0
100568,2024-04-26,Hire,,IT,,G6,,Engineering Manager,,182215.0
100569,2016-11-09,Hire,,IT,,G3,,Software Engineer II,,78358.0
100570,2021-03-03,Hire,,Marketing,,G1,,Marketing Coordinator I,,43332.0
100570,2023-08-05,Transfer,Operations,Marketing,G2,G2,Operations Coordinator II,Marketing Coordinator II,70217.0,70217.0
100570,2024-12-05,Promotion,Marketing,Marketing,G1,G2,Marketing Coordinator I,Marketing Coordinator II,43332.0,77218.0
100571,2023-07-07,Hire,,Finance,,G2,,Finance Analyst II,,67366.0
100572,2017-09-25,Hire,,Marketing,,G3,,Marketing Specialist,,104656.0
100573,2025-12-09,Hire,,IT,,G3,,Software Engineer II,,91882.0
100573,2026-06-13,Promotion,IT,IT,G3,G4,Software Engineer II,Senior Software Engineer,91882.0,127735.0
100574,2020-10-18,Hire,,Operations,,G1,,Operations Coordinator I,,49745.0
100575,2023-06-11,Hire,,Customer Support,,G2,,Support Representative II,,57628.0
100576,2019-02-22,Hire,,HR,,G5,,HR Business Partner,,140245.0
100577,2018-03-02,Hire,,Operations,,G3,,Operations Analyst,,95773.0
100578,2016-07-06,Hire,,Customer Support,,G4,,Support Specialist,,100856.0
100578,2023-06-14,Termination,Customer Support,,G4,,Support Specialist,,103655.0,
100579,2023-10-02,Hire,,Customer Support,,G4,,Support Specialist,,106095.0
100579,2025-05-07,Termination,Customer Support,,G5,,Senior Support Specialist,,160055.0,
100580,2025-09-23,Hire,,HR,,G7,,HR Director,,211574.0
100581,2022-10-24,Hire,,IT,,G3,,Software Engineer II,,81953.0
100582,2018-10-04,Hire,,Customer Support,,G3,,Senior Support Representative,,80891.0
100583,2021-11-15,Hire,,Finance,,G5,,Senior Finance Lead,,128004.0
100583,2024-11-04,Termination,Finance,,G5,,Senior Finance Lead,,141877.0,
100584,2025-10-22,Hire,,Sales,,G3,,Senior Sales Representative,,76304.0
100584,2026-01-24,Termination,Sales,,G4,,Sales Specialist,,112810.0,
100585,2019-08-04,Hire,,HR,,G2,,HR Coordinator II,,56787.0
100586,2025-04-07,Hire,,Customer Support,,G1,,Support Representative I,,55389.0
100586,2025-09-23,Transfer,Sales,Customer Support,G2,G2,Sales Representative II,Support Representative II,59761.0,59761.0
100587,2025-12-09,Hire,,IT,,G6,,Engineering Manager,,161513.0
100588,2018-03-09,Hire,,Sales,,G3,,Senior Sales Representative,,101850.0
100589,2023-12-22,Hire,,IT,,G1,,IT Support Specialist I,,58855.0
100590,2019-07-01,Hire,,Customer Support,,G6,,Support Manager,,165991.0
100590,2020-10-31,Termination,Customer Support,,G6,,Support Manager,,204629.0,
100590,2024-08-17,Transfer,Operations,Customer Support,G6,G6,Operations Manager,Support Manager,204629.0,204629.0
100591,2020-12-26,Hire,,HR,,G2,,HR Coordinator II,,56544.0
100592,2019-01-31,Hire,,IT,,G3,,Software Engineer II,,80626.0
100593,2019-12-03,Hire,,Sales,,G4,,Sales Specialist,,112950.0
100594,2019-09-16,Hire,,Customer Support,,G2,,Support Representative II,,68523.0
100594,2023-03-26,Transfer,HR,Customer Support,G2,G2,HR Coordinator II,Support Representative II,75534.0,75534.0
100595,2021-02-01,Hire,,Operations,,G2,,Operations Coordinator II,,77144.0
100596,2019-11-07,Hire,,Marketing,,G2,,Marketing Coordinator II,,75673.0
100597,2021-06-24,Hire,,IT,,G4,,Senior Software Engineer,,100706.0
100598,2017-03-18,Hire,,Marketing,,G4,,Senior Marketing Specialist,,117525.0
100598,2020-10-10,Promotion,Marketing,Marketing,G4,G5,Senior Marketing Specialist,Marketing Lead,117525.0,162403.0
100599,2021-03-30,Hire,,IT,,G1,,IT Support Specialist I,,54250.0
100599,2022-05-11,Promotion,IT,IT,G1,G2,IT Support Specialist I,Software Engineer I,54250.0,67247.0
100599,2024-11-17,Termination,IT,,G2,,Software Engineer I,,72529.0,
100600,2024-08-16,Hire,,HR,,G5,,HR Business Partner,,127355.0
100601,2020-03-18,Hire,,HR,,G2,,HR Coordinator II,,62493.0
100602,2021-09-26,Hire,,HR,,G1,,HR Coordinator I,,43166.0
100602,2024-07-30,Transfer,Operations,HR,G2,G2,Operations Coordinator II,HR Coordinator II,57409.0,57409.0
100602,2025-06-10,Promotion,HR,HR,G1,G2,HR Coordinator I,HR Coordinator II,43166.0,64475.0
100603,2022-09-12,Hire,,Sales,,G3,,Senior Sales Representative,,76092.0
100603,2025-10-26,Termination,Sales,,G3,,Senior Sales Representative,,76461.0,
100604,2022-06-19,Hire,,Marketing,,G6,,Marketing Manager,,170976.0
100605,2019-02-15,Hire,,Operations,,G5,,Operations Lead,,137046.0
100606,2024-11-16,Hire,,Sales,,G4,,Sales Specialist,,107498.0
100607,2018-11-27,Hire,,Sales,,G4,,Sales Specialist,,97686.0
100608,2021-05-24,Hire,,Finance,,G2,,Finance Analyst II,,68930.0
100609,2024-03-20,Hire,,Sales,,G5,,Senior Sales Specialist,,126683.0
100610,2025-07-12,Hire,,Sales,,G6,,Sales Manager,,161990.0
100611,2018-11-02,Hire,,Customer Support,,G1,,Support Representative I,,48732.0
100612,2019-02-22,Hire,,HR,,G3,,HR Specialist,,81787.0
100613,2023-11-13,Hire,,HR,,G3,,HR Specialist,,95291.0
100613,2024-03-22,Promotion,HR,HR,G3,G4,HR Specialist,Senior HR Specialist,95291.0,112464.0
100613,2024-10-05,Transfer,Sales,HR,G4,G4,Sales Specialist,Senior HR Specialist,122843.0,122843.0
100614,2016-08-22,Hire,,Operations,,G3,,Operations Analyst,,101174.0
100614,2019-08-08,Promotion,Operations,Operations,G3,G4,Operations Analyst,Senior Operations Analyst,101174.0,101866.0
100615,2022-04-23,Hire,,Customer Support,,G2,,Support Representative II,,55332.0
100616,2018-03-11,Hire,,Operations,,G3,,Operations Analyst,,84963.0
100617,2017-09-21,Hire,,IT,,G2,,Software Engineer I,,56212.0
100618,2026-03-15,Hire,,Marketing,,G4,,Senior Marketing Specialist,,95888.0
100618,2026-03-23,Transfer,Finance,Marketing,G4,G4,Finance Lead,Senior Marketing Specialist,102607.0,102607.0
100619,2025-08-03,Hire,,IT,,G6,,Engineering Manager,,158231.0
100619,2026-02-10,Termination,IT,,G6,,Engineering Manager,,167563.0,
100620,2019-01-15,Hire,,IT,,G2,,Software Engineer I,,77276.0
100621,2021-07-24,Hire,,Sales,,G4,,Sales Specialist,,104597.0
100622,2020-12-11,Hire,,Operations,,G1,,Operations Coordinator I,,57552.0
100623,2022-09-27,Hire,,Customer Support,,G2,,Support Representative II,,67412.0
100623,2024-05-15,Transfer,IT,Customer Support,G3,G3,Software Engineer II,Senior Support Representative,77722.0,77722.0
100624,2020-11-25,Hire,,Operations,,G3,,Operations Analyst,,99628.0
100625,2020-09-12,Hire,,HR,,G1,,HR Coordinator I,,43871.0
100626,2020-08-09,Hire,,Sales,,G6,,Sales Manager,,166481.0
100626,2022-01-09,Termination,Sales,,G7,,Sales Director,,240825.0,
100627,2018-12-21,Hire,,Finance,,G3,,Senior Finance Analyst,,80964.0
100628,2022-04-29,Hire,,Finance,,G2,,Finance Analyst II,,58767.0
100629,2025-07-02,Hire,,Finance,,G6,,Finance Manager,,175852.0
100630,2017-09-11,Hire,,HR,,G3,,HR Specialist,,99816.0
100630,2020-01-12,Termination,HR,,G4,,Senior HR Specialist,,117689.0,
100631,2025-02-08,Hire,,Finance,,G1,,Finance Analyst I,,40782.0
100632,2017-02-21,Hire,,Operations,,G1,,Operations Coordinator I,,54002.0
100633,2021-10-25,Hire,,Sales,,G2,,Sales Representative II,,74574.0
100634,2023-05-28,Hire,,HR,,G3,,HR Specialist,,83138.0
100635,2019-03-13,Hire,,HR,,G3,,HR Specialist,,80408.0
100635,2024-03-23,Transfer,Operations,HR,G3,G3,Operations Analyst,HR Specialist,83664.0,83664.0
100636,2024-12-21,Hire,,Customer Support,,G6,,Support Manager,,155299.0
100637,2018-05-24,Hire,,HR,,G1,,HR Coordinator I,,57375.0
100637,2025-10-23,Transfer,Customer Support,HR,G2,G2,Support Representative II,HR Coordinator II,61999.0,61999.0
100638,2021-05-22,Hire,,Sales,,G5,,Senior Sales Specialist,,131450.0
100638,2024-07-19,Transfer,Marketing,Sales,G6,G6,Marketing Manager,Sales Manager,168833.0,168833.0
100639,2016-06-22,Hire,,Marketing,,G4,,Senior Marketing Specialist,,105117.0
100640,2018-07-26,Hire,,Customer Support,,G1,,Support Representative I,,48581.0
100641,2022-01-13,Hire,,Marketing,,G5,,Marketing Lead,,125258.0
100642,2025-02-22,Hire,,Operations,,G3,,Operations Analyst,,75147.0
100643,2021-01-29,Hire,,Sales,,G3,,Senior Sales Representative,,88111.0
100644,2019-02-09,Hire,,HR,,G1,,HR Coordinator I,,48816.0
100645,2017-12-19,Hire,,Marketing,,G2,,Marketing Coordinator II,,56503.0
100645,2026-01-30,Transfer,HR,Marketing,G2,G2,HR Coordinator II,Marketing Coordinator II,56525.0,56525.0
100646,2018-08-13,Hire,,Sales,,G5,,Senior Sales Specialist,,125021.0
100647,2018-08-30,Hire,,Customer Support,,G1,,Support Representative I,,41811.0
100648,2023-07-24,Hire,,HR,,G5,,HR Business Partner,,133644.0
100649,2016-11-08,Hire,,Sales,,G3,,Senior Sales Representative,,77723.0
100650,2025-04-03,Hire,,Customer Support,,G2,,Support Representative II,,66202.0
100651,2020-08-29,Hire,,IT,,G5,,Staff Engineer,,149276.0
100651,2021-12-18,Transfer,Finance,IT,G5,G5,Senior Finance Lead,Staff Engineer,161163.0,161163.0
100652,2020-10-26,Hire,,HR,,G1,,HR Coordinator I,,48462.0
100653,2021-05-17,Hire,,Sales,,G1,,Sales Representative I,,49449.0
100654,2025-10-31,Hire,,Finance,,G2,,Finance Analyst II,,59988.0
100654,2026-05-06,Promotion,Finance,Finance,G2,G3,Finance Analyst II,Senior Finance Analyst,59988.0,90693.0
100655,2018-07-29,Hire,,Sales,,G2,,Sales Representative II,,63166.0
100656,2019-01-29,Hire,,Operations,,G2,,Operations Coordinator II,,73642.0
100656,2025-04-01,Promotion,Operations,Operations,G2,G3,Operations Coordinator II,Operations Analyst,73642.0,78741.0
100657,2022-08-03,Hire,,Sales,,G4,,Sales Specialist,,109329.0
100657,2025-04-14,Termination,Sales,,G5,,Senior Sales Specialist,,128146.0,
100658,2025-02-06,Hire,,Customer Support,,G6,,Support Manager,,197723.0
100659,2020-02-27,Hire,,IT,,G1,,IT Support Specialist I,,44507.0
100660,2020-01-15,Hire,,Operations,,G2,,Operations Coordinator II,,77084.0
100661,2022-01-13,Hire,,Customer Support,,G2,,Support Representative II,,55411.0
100662,2024-06-19,Hire,,Operations,,G1,,Operations Coordinator I,,57745.0
100662,2025-06-13,Transfer,Marketing,Operations,G2,G2,Marketing Coordinator II,Operations Coordinator II,63974.0,63974.0
100663,2023-04-27,Hire,,Sales,,G2,,Sales Representative II,,61256.0
100664,2024-01-02,Hire,,Sales,,G5,,Senior Sales Specialist,,133573.0
100664,2025-03-21,Transfer,Marketing,Sales,G6,G6,Marketing Manager,Sales Manager,159027.0,159027.0
100665,2018-11-06,Hire,,Finance,,G3,,Senior Finance Analyst,,93774.0
100666,2022-05-14,Hire,,Customer Support,,G7,,Support Director,,201463.0
100667,2024-04-01,Hire,,Finance,,G2,,Finance Analyst II,,63095.0
100668,2018-07-11,Hire,,Customer Support,,G2,,Support Representative II,,77044.0
100669,2024-05-15,Hire,,IT,,G8,,VP of Engineering,,265444.0
100670,2018-08-21,Hire,,Operations,,G3,,Operations Analyst,,77530.0
100670,2025-08-30,Promotion,Operations,Operations,G3,G4,Operations Analyst,Senior Operations Analyst,77530.0,117152.0
100671,2021-08-11,Hire,,Finance,,G3,,Senior Finance Analyst,,81860.0
100672,2017-08-15,Hire,,Finance,,G2,,Finance Analyst II,,55986.0
100673,2023-03-24,Hire,,Finance,,G4,,Finance Lead,,107270.0
100674,2021-08-23,Hire,,Sales,,G4,,Sales Specialist,,106078.0
100675,2020-06-20,Hire,,Marketing,,G5,,Marketing Lead,,144359.0
100676,2016-08-27,Hire,,IT,,G1,,IT Support Specialist I,,50866.0
100677,2026-06-15,Hire,,IT,,G4,,Senior Software Engineer,,114278.0
100678,2021-01-07,Hire,,Operations,,G2,,Operations Coordinator II,,56455.0
100679,2024-05-25,Hire,,Operations,,G3,,Operations Analyst,,103815.0
100679,2025-04-30,Transfer,Customer Support,Operations,G4,G4,Support Specialist,Senior Operations Analyst,117409.0,117409.0
100680,2023-10-16,Hire,,Operations,,G5,,Operations Lead,,125764.0
100681,2022-07-15,Hire,,Sales,,G4,,Sales Specialist,,109577.0
100682,2022-05-18,Hire,,Sales,,G1,,Sales Representative I,,41317.0
100683,2022-06-10,Hire,,Marketing,,G2,,Marketing Coordinator II,,69758.0
100683,2024-08-14,Transfer,IT,Marketing,G3,G3,Software Engineer II,Marketing Specialist,81185.0,81185.0
100684,2021-01-18,Hire,,Finance,,G7,,Finance Director,,192612.0
100685,2022-11-17,Hire,,Customer Support,,G5,,Senior Support Specialist,,155358.0
100686,2025-03-26,Hire,,Marketing,,G4,,Senior Marketing Specialist,,97928.0
100687,2023-05-01,Hire,,IT,,G1,,IT Support Specialist I,,44127.0
100687,2024-07-18,Promotion,IT,IT,G1,G2,IT Support Specialist I,Software Engineer I,44127.0,66761.0
100688,2021-12-29,Hire,,Finance,,G4,,Finance Lead,,113409.0
100689,2020-08-02,Hire,,Marketing,,G1,,Marketing Coordinator I,,47316.0
100690,2017-09-01,Hire,,Operations,,G4,,Senior Operations Analyst,,132146.0
100691,2016-11-01,Hire,,Customer Support,,G3,,Senior Support Representative,,88246.0
100692,2016-10-19,Hire,,Operations,,G3,,Operations Analyst,,100968.0
100692,2023-11-20,Termination,Operations,,G4,,Senior Operations Analyst,,118416.0,
100693,2022-03-09,Hire,,Sales,,G2,,Sales Representative II,,60362.0
100693,2023-08-05,Transfer,Finance,Sales,G3,G3,Senior Finance Analyst,Senior Sales Representative,94762.0,94762.0
100694,2026-04-01,Hire,,IT,,G3,,Software Engineer II,,99229.0
100694,2026-04-12,Transfer,Marketing,IT,G4,G4,Senior Marketing Specialist,Senior Software Engineer,117731.0,117731.0
100695,2019-07-18,Hire,,Sales,,G3,,Senior Sales Representative,,85080.0
100696,2026-05-28,Hire,,Customer Support,,G4,,Support Specialist,,109241.0
100696,2026-05-28,Promotion,Customer Support,Customer Support,G4,G5,Support Specialist,Senior Support Specialist,109241.0,148902.0
100697,2019-03-21,Hire,,Finance,,G2,,Finance Analyst II,,67647.0
100698,2017-04-16,Hire,,Sales,,G6,,Sales Manager,,174072.0
100698,2020-11-06,Transfer,IT,Sales,G6,G6,Engineering Manager,Sales Manager,197645.0,197645.0
100699,2025-05-23,Hire,,Marketing,,G2,,Marketing Coordinator II,,72716.0
100700,2025-12-15,Hire,,Finance,,G1,,Finance Analyst I,,50032.0
100701,2023-09-10,Hire,,Sales,,G1,,Sales Representative I,,56827.0
100701,2023-09-30,Promotion,Sales,Sales,G1,G2,Sales Representative I,Sales Representative II,56827.0,72310.0
100702,2023-09-18,Hire,,Customer Support,,G4,,Support Specialist,,122894.0
100702,2025-12-12,Transfer,IT,Customer Support,G5,G5,Staff Engineer,Senior Support Specialist,130497.0,130497.0
100703,2017-01-23,Hire,,HR,,G3,,HR Specialist,,76634.0
100704,2022-11-03,Hire,,IT,,G2,,Software Engineer I,,76952.0
100705,2017-10-11,Hire,,IT,,G2,,Software Engineer I,,65121.0
100706,2017-09-08,Hire,,Marketing,,G5,,Marketing Lead,,143061.0
100707,2025-10-18,Hire,,Finance,,G1,,Finance Analyst I,,44177.0
100708,2019-12-29,Hire,,Customer Support,,G4,,Support Specialist,,105633.0
100709,2017-06-09,Hire,,IT,,G2,,Software Engineer I,,67288.0
100709,2018-11-07,Termination,IT,,G2,,Software Engineer I,,68071.0,
100710,2024-03-13,Hire,,Sales,,G7,,Sales Director,,193358.0
100710,2024-07-18,Termination,Sales,,G7,,Sales Director,,202306.0,
100711,2022-06-07,Hire,,Finance,,G1,,Finance Analyst I,,48684.0
100712,2020-08-11,Hire,,HR,,G1,,HR Coordinator I,,54466.0
100712,2024-08-07,Promotion,HR,HR,G1,G2,HR Coordinator I,HR Coordinator II,54466.0,75860.0
100713,2024-11-08,Hire,,IT,,G2,,Software Engineer I,,71839.0
100714,2018-11-11,Hire,,Customer Support,,G3,,Senior Support Representative,,80817.0
100715,2018-08-30,Hire,,HR,,G6,,HR Manager,,156320.0
100716,2020-02-14,Hire,,Operations,,G1,,Operations Coordinator I,,55589.0
100716,2020-04-22,Promotion,Operations,Operations,G1,G2,Operations Coordinator I,Operations Coordinator II,55589.0,65432.0
100717,2022-07-03,Hire,,Customer Support,,G5,,Senior Support Specialist,,127376.0
100718,2026-01-29,Hire,,Finance,,G1,,Finance Analyst I,,40258.0
100719,2020-02-04,Hire,,Finance,,G1,,Finance Analyst I,,55930.0
100720,2024-05-24,Hire,,Operations,,G5,,Operations Lead,,149252.0
100720,2025-12-28,Termination,Operations,,G5,,Operations Lead,,153351.0,
100721,2025-05-23,Hire,,HR,,G3,,HR Specialist,,99187.0
100722,2024-12-18,Hire,,Marketing,,G3,,Marketing Specialist,,83000.0
100723,2018-01-11,Hire,,Customer Support,,G6,,Support Manager,,170791.0
100724,2024-01-09,Hire,,Customer Support,,G3,,Senior Support Representative,,80153.0
100725,2022-04-26,Hire,,Marketing,,G3,,Marketing Specialist,,98703.0
100726,2020-09-04,Hire,,Sales,,G1,,Sales Representative I,,53788.0
100727,2018-01-23,Hire,,Finance,,G1,,Finance Analyst I,,42440.0
100728,2017-12-08,Hire,,Sales,,G1,,Sales Representative I,,50431.0
100729,2022-09-03,Hire,,Marketing,,G2,,Marketing Coordinator II,,77604.0
100730,2017-08-31,Hire,,Customer Support,,G6,,Support Manager,,169879.0
100731,2016-10-28,Hire,,HR,,G2,,HR Coordinator II,,63308.0
100731,2022-09-17,Transfer,IT,HR,G2,G2,Software Engineer I,HR Coordinator II,78767.0,78767.0
100732,2022-12-23,Hire,,Operations,,G1,,Operations Coordinator I,,42693.0
100732,2023-06-20,Transfer,HR,Operations,G2,G2,HR Coordinator II,Operations Coordinator II,76381.0,76381.0
100733,2020-03-18,Hire,,IT,,G6,,Engineering Manager,,174624.0
100734,2024-12-20,Hire,,IT,,G6,,Engineering Manager,,182383.0
100735,2022-12-10,Hire,,Finance,,G3,,Senior Finance Analyst,,100040.0
100736,2021-08-01,Hire,,Customer Support,,G3,,Senior Support Representative,,76374.0
100737,2019-11-05,Hire,,Marketing,,G8,,VP of Marketing,,342281.0
100738,2022-05-30,Hire,,Customer Support,,G2,,Support Representative II,,58892.0
100739,2020-12-16,Hire,,Sales,,G5,,Senior Sales Specialist,,126161.0
100740,2023-10-21,Hire,,Finance,,G7,,Finance Director,,198352.0
100740,2025-09-20,Transfer,Customer Support,Finance,G7,G7,Support Director,Finance Director,219084.0,219084.0
100741,2023-01-23,Hire,,Sales,,G3,,Senior Sales Representative,,98424.0
100742,2025-04-08,Hire,,Marketing,,G5,,Marketing Lead,,125302.0
100743,2026-01-20,Hire,,Sales,,G4,,Sales Specialist,,125261.0
100743,2026-05-10,Promotion,Sales,Sales,G4,G5,Sales Specialist,Senior Sales Specialist,125261.0,142384.0
100744,2018-12-29,Hire,,Operations,,G5,,Operations Lead,,132169.0
100745,2025-12-10,Hire,,IT,,G3,,Software Engineer II,,77882.0
100746,2017-06-06,Hire,,Operations,,G6,,Operations Manager,,179996.0
100747,2020-10-25,Hire,,Sales,,G5,,Senior Sales Specialist,,146007.0
100747,2023-07-23,Termination,Sales,,G5,,Senior Sales Specialist,,158038.0,
100748,2021-04-30,Hire,,Customer Support,,G3,,Senior Support Representative,,91829.0
100748,2023-10-23,Promotion,Customer Support,Customer Support,G3,G4,Senior Support Representative,Support Specialist,91829.0,115151.0
100749,2024-10-11,Hire,,Customer Support,,G4,,Support Specialist,,97731.0
100749,2024-12-15,Transfer,Sales,Customer Support,G4,G4,Sales Specialist,Support Specialist,103250.0,103250.0
100750,2018-01-03,Hire,,Sales,,G5,,Senior Sales Specialist,,142441.0
100751,2017-02-14,Hire,,Customer Support,,G5,,Senior Support Specialist,,143179.0
100752,2020-03-17,Hire,,Finance,,G3,,Senior Finance Analyst,,86289.0
100753,2017-05-12,Hire,,HR,,G4,,Senior HR Specialist,,118563.0
100754,2021-08-14,Hire,,Finance,,G3,,Senior Finance Analyst,,76305.0
100755,2024-08-28,Hire,,HR,,G3,,HR Specialist,,81387.0
100756,2017-02-01,Hire,,Sales,,G1,,Sales Representative I,,44132.0
100757,2021-07-14,Hire,,IT,,G1,,IT Support Specialist I,,42670.0
100758,2019-03-05,Hire,,Finance,,G3,,Senior Finance Analyst,,85041.0
100758,2019-09-04,Transfer,HR,Finance,G3,G3,HR Specialist,Senior Finance Analyst,102216.0,102216.0
100758,2024-04-10,Termination,Finance,,G3,,Senior Finance Analyst,,102216.0,
100759,2024-05-16,Hire,,Customer Support,,G6,,Support Manager,,188538.0
100760,2019-10-02,Hire,,Sales,,G2,,Sales Representative II,,78609.0
100761,2024-02-14,Hire,,HR,,G1,,HR Coordinator I,,56002.0
100761,2025-09-08,Transfer,IT,HR,G2,G2,Software Engineer I,HR Coordinator II,65638.0,65638.0
100762,2019-02-08,Hire,,Customer Support,,G2,,Support Representative II,,73483.0
100763,2019-12-22,Hire,,HR,,G3,,HR Specialist,,102302.0
100764,2020-06-26,Hire,,Customer Support,,G1,,Support Representative I,,57037.0
100764,2022-11-09,Transfer,IT,Customer Support,G1,G1,IT Support Specialist I,Support Representative I,58099.0,58099.0
100765,2021-11-08,Hire,,IT,,G3,,Software Engineer II,,80543.0
100766,2022-07-22,Hire,,IT,,G1,,IT Support Specialist I,,45235.0
100767,2021-03-03,Hire,,HR,,G2,,HR Coordinator II,,76744.0
100768,2018-01-18,Hire,,HR,,G3,,HR Specialist,,82015.0
100768,2022-02-10,Termination,HR,,G3,,HR Specialist,,101246.0,
100769,2019-11-10,Hire,,HR,,G1,,HR Coordinator I,,51336.0
100769,2021-03-13,Termination,HR,,G2,,HR Coordinator II,,72535.0,
100770,2016-09-10,Hire,,Finance,,G3,,Senior Finance Analyst,,93395.0
100770,2020-08-08,Promotion,Finance,Finance,G3,G4,Senior Finance Analyst,Finance Lead,93395.0,98044.0
100771,2020-01-09,Hire,,Finance,,G2,,Finance Analyst II,,56239.0
100772,2023-08-12,Hire,,Operations,,G3,,Operations Analyst,,81558.0
100772,2024-09-14,Termination,Operations,,G4,,Senior Operations Analyst,,105686.0,
100772,2025-05-03,Promotion,Operations,Operations,G3,G4,Operations Analyst,Senior Operations Analyst,81558.0,128952.0
100773,2016-08-10,Hire,,Operations,,G4,,Senior Operations Analyst,,108869.0
100773,2023-05-10,Transfer,Customer Support,Operations,G4,G4,Support Specialist,Senior Operations Analyst,113891.0,113891.0
100774,2016-08-16,Hire,,Customer Support,,G4,,Support Specialist,,115320.0
100775,2023-08-18,Hire,,Finance,,G2,,Finance Analyst II,,74919.0
100776,2025-02-20,Hire,,HR,,G6,,HR Manager,,161652.0
100777,2023-07-29,Hire,,Operations,,G6,,Operations Manager,,160049.0
100778,2022-07-17,Hire,,Marketing,,G1,,Marketing Coordinator I,,56167.0
100779,2026-03-28,Hire,,Sales,,G3,,Senior Sales Representative,,76126.0
100780,2025-01-24,Hire,,Operations,,G1,,Operations Coordinator I,,40113.0
100781,2017-09-02,Hire,,IT,,G3,,Software Engineer II,,79559.0
100782,2018-12-27,Hire,,Sales,,G1,,Sales Representative I,,50832.0
100783,2021-02-26,Hire,,Finance,,G4,,Finance Lead,,116307.0
100784,2025-12-10,Hire,,Customer Support,,G5,,Senior Support Specialist,,150189.0
100785,2019-08-10,Hire,,Operations,,G3,,Operations Analyst,,89093.0
100786,2022-05-24,Hire,,Finance,,G2,,Finance Analyst II,,55184.0
100786,2024-08-19,Termination,Finance,,G2,,Finance Analyst II,,70932.0,
100787,2021-04-18,Hire,,Customer Support,,G6,,Support Manager,,157234.0
100788,2018-06-15,Hire,,Customer Support,,G2,,Support Representative II,,60057.0
100789,2018-06-06,Hire,,Marketing,,G3,,Marketing Specialist,,101707.0
100789,2020-08-21,Termination,Marketing,,G4,,Senior Marketing Specialist,,106825.0,
100789,2025-04-18,Promotion,Marketing,Marketing,G3,G4,Marketing Specialist,Senior Marketing Specialist,101707.0,129810.0
100790,2021-06-17,Hire,,Operations,,G5,,Operations Lead,,129797.0
100791,2017-04-27,Hire,,Operations,,G1,,Operations Coordinator I,,58763.0
100791,2023-01-06,Termination,Operations,,G2,,Operations Coordinator II,,73171.0,
100792,2023-01-14,Hire,,Marketing,,G4,,Senior Marketing Specialist,,100267.0
100793,2022-06-25,Hire,,Customer Support,,G2,,Support Representative II,,56835.0
100794,2020-12-22,Hire,,Customer Support,,G2,,Support Representative II,,56622.0
100794,2022-05-29,Promotion,Customer Support,Customer Support,G2,G3,Support Representative II,Senior Support Representative,56622.0,77657.0
100795,2020-10-04,Hire,,Marketing,,G4,,Senior Marketing Specialist,,130424.0
100796,2024-08-19,Hire,,Operations,,G6,,Operations Manager,,165401.0
100797,2020-09-21,Hire,,Customer Support,,G4,,Support Specialist,,96473.0
100798,2025-11-10,Hire,,Marketing,,G1,,Marketing Coordinator I,,52057.0
100799,2025-03-15,Hire,,IT,,G3,,Software Engineer II,,89281.0
100799,2025-08-20,Promotion,IT,IT,G3,G4,Software Engineer II,Senior Software Engineer,89281.0,100054.0
100800,2019-07-13,Hire,,Finance,,G4,,Finance Lead,,124312.0
100800,2020-10-30,Transfer,Marketing,Finance,G4,G4,Senior Marketing Specialist,Finance Lead,134618.0,134618.0
100801,2019-08-27,Hire,,Sales,,G3,,Senior Sales Representative,,101558.0
100802,2017-10-14,Hire,,HR,,G5,,HR Business Partner,,157076.0
100803,2023-03-13,Hire,,Marketing,,G1,,Marketing Coordinator I,,47890.0
100804,2024-03-13,Hire,,Operations,,G3,,Operations Analyst,,95304.0
100804,2025-07-10,Promotion,Operations,Operations,G3,G4,Operations Analyst,Senior Operations Analyst,95304.0,98046.0
100805,2024-05-10,Hire,,IT,,G3,,Software Engineer II,,83043.0
100806,2020-11-07,Hire,,Operations,,G4,,Senior Operations Analyst,,104873.0
100807,2022-02-28,Hire,,Marketing,,G6,,Marketing Manager,,202382.0
100807,2022-11-10,Promotion,Marketing,Marketing,G6,G7,Marketing Manager,Marketing Director,202382.0,240924.0
100808,2016-08-27,Hire,,IT,,G2,,Software Engineer I,,63783.0
100809,2022-06-30,Hire,,Finance,,G1,,Finance Analyst I,,52174.0
100810,2024-11-01,Hire,,Finance,,G1,,Finance Analyst I,,46441.0
100811,2017-05-31,Hire,,HR,,G1,,HR Coordinator I,,50478.0
100812,2019-04-28,Hire,,IT,,G1,,IT Support Specialist I,,43956.0
100813,2021-03-19,Hire,,HR,,G6,,HR Manager,,174731.0
100814,2022-02-28,Hire,,HR,,G5,,HR Business Partner,,153311.0
100815,2021-04-18,Hire,,Finance,,G5,,Senior Finance Lead,,129415.0
100815,2022-09-17,Promotion,Finance,Finance,G5,G6,Senior Finance Lead,Finance Manager,129415.0,161472.0
100815,2023-08-18,Termination,Finance,,G6,,Finance Manager,,163775.0,
100816,2025-03-22,Hire,,Customer Support,,G2,,Support Representative II,,66066.0
100817,2018-05-05,Hire,,Marketing,,G2,,Marketing Coordinator II,,60642.0
100818,2021-02-05,Hire,,HR,,G3,,HR Specialist,,85384.0
100818,2025-08-11,Promotion,HR,HR,G3,G4,HR Specialist,Senior HR Specialist,85384.0,106687.0
100819,2026-04-24,Hire,,IT,,G1,,IT Support Specialist I,,40933.0
100819,2026-05-16,Promotion,IT,IT,G1,G2,IT Support Specialist I,Software Engineer I,40933.0,60906.0
100820,2020-04-13,Hire,,IT,,G2,,Software Engineer I,,65611.0
100821,2020-12-28,Hire,,Customer Support,,G5,,Senior Support Specialist,,141638.0
100822,2020-01-21,Hire,,HR,,G7,,HR Director,,200663.0
100823,2017-04-05,Hire,,Finance,,G5,,Senior Finance Lead,,126852.0
100824,2017-12-10,Hire,,Finance,,G5,,Senior Finance Lead,,125182.0
100825,2024-05-31,Hire,,Finance,,G2,,Finance Analyst II,,65215.0
100825,2025-05-31,Termination,Finance,,G3,,Senior Finance Analyst,,90945.0,
100826,2023-01-19,Hire,,Marketing,,G1,,Marketing Coordinator I,,42665.0
100827,2024-01-15,Hire,,Finance,,G6,,Finance Manager,,175998.0
100828,2018-07-20,Hire,,Marketing,,G4,,Senior Marketing Specialist,,126495.0
100829,2021-04-09,Hire,,Operations,,G5,,Operations Lead,,129670.0
100829,2025-07-29,Transfer,HR,Operations,G5,G5,HR Business Partner,Operations Lead,150146.0,150146.0
100830,2023-01-24,Hire,,Marketing,,G2,,Marketing Coordinator II,,58205.0
100831,2016-10-31,Hire,,Sales,,G4,,Sales Specialist,,95367.0
100832,2020-01-08,Hire,,Customer Support,,G3,,Senior Support Representative,,81606.0
100833,2023-04-15,Hire,,HR,,G5,,HR Business Partner,,125069.0
100834,2021-08-30,Hire,,Finance,,G8,,VP of Finance,,265469.0
100835,2019-12-29,Hire,,IT,,G4,,Senior Software Engineer,,122799.0
100836,2017-12-11,Hire,,Operations,,G3,,Operations Analyst,,89877.0
100837,2026-04-03,Hire,,Sales,,G2,,Sales Representative II,,75324.0
100837,2026-06-13,Termination,Sales,,G2,,Sales Representative II,,79248.0,
100838,2019-12-27,Hire,,HR,,G4,,Senior HR Specialist,,97944.0
100839,2020-03-21,Hire,,HR,,G2,,HR Coordinator II,,57995.0
100840,2020-09-09,Hire,,Marketing,,G4,,Senior Marketing Specialist,,100677.0
100841,2023-11-04,Hire,,Finance,,G1,,Finance Analyst I,,48067.0
100842,2017-07-23,Hire,,Finance,,G2,,Finance Analyst II,,55703.0
100842,2017-11-26,Transfer,Customer Support,Finance,G2,G2,Support Representative II,Finance Analyst II,56068.0,56068.0
100843,2017-07-28,Hire,,Finance,,G4,,Finance Lead,,98259.0
100844,2017-01-25,Hire,,IT,,G4,,Senior Software Engineer,,96499.0
100845,2021-12-08,Hire,,Sales,,G4,,Sales Specialist,,111137.0
100846,2026-03-14,Hire,,Finance,,G6,,Finance Manager,,197278.0
100847,2019-03-03,Hire,,Customer Support,,G2,,Support Representative II,,55375.0
100847,2021-11-17,Transfer,IT,Customer Support,G2,G2,Software Engineer I,Support Representative II,72771.0,72771.0
100848,2026-03-30,Hire,,IT,,G7,,Engineering Director,,196218.0
100849,2023-05-05,Hire,,HR,,G7,,HR Director,,203073.0
100850,2017-05-19,Hire,,Finance,,G2,,Finance Analyst II,,74158.0
100851,2025-02-27,Hire,,Finance,,G3,,Senior Finance Analyst,,99509.0
100852,2019-10-29,Hire,,Marketing,,G1,,Marketing Coordinator I,,46654.0
100852,2020-05-10,Termination,Marketing,,G1,,Marketing Coordinator I,,49895.0,
100852,2021-11-03,Transfer,Operations,Marketing,G1,G1,Operations Coordinator I,Marketing Coordinator I,49895.0,49895.0
100853,2017-10-18,Hire,,Finance,,G2,,Finance Analyst II,,74729.0
100853,2019-01-31,Termination,Finance,,G3,,Senior Finance Analyst,,98447.0,
100854,2025-04-18,Hire,,HR,,G2,,HR Coordinator II,,69810.0
100854,2025-09-01,Promotion,HR,HR,G2,G3,HR Coordinator II,HR Specialist,69810.0,80475.0
100855,2022-11-07,Hire,,HR,,G2,,HR Coordinator II,,75249.0
100855,2026-05-24,Promotion,HR,HR,G2,G3,HR Coordinator II,HR Specialist,75249.0,77335.0
100856,2020-04-14,Hire,,IT,,G7,,Engineering Director,,216675.0
100857,2016-12-31,Hire,,Marketing,,G3,,Marketing Specialist,,97119.0
100858,2021-09-22,Hire,,Sales,,G3,,Senior Sales Representative,,95130.0
100859,2016-10-15,Hire,,Marketing,,G1,,Marketing Coordinator I,,53663.0
100859,2022-03-24,Transfer,Sales,Marketing,G2,G2,Sales Representative II,Marketing Coordinator II,76699.0,76699.0
100860,2021-10-07,Hire,,Customer Support,,G4,,Support Specialist,,117102.0
100861,2016-09-24,Hire,,Sales,,G5,,Senior Sales Specialist,,126623.0
100862,2019-09-06,Hire,,Customer Support,,G5,,Senior Support Specialist,,141560.0
100863,2019-06-04,Hire,,Customer Support,,G2,,Support Representative II,,62614.0
100864,2024-10-05,Hire,,Sales,,G2,,Sales Representative II,,55875.0
100864,2025-08-24,Termination,Sales,,G2,,Sales Representative II,,58807.0,
100865,2018-11-21,Hire,,Finance,,G3,,Senior Finance Analyst,,77504.0
100866,2021-02-06,Hire,,Sales,,G7,,Sales Director,,197943.0
100867,2025-01-06,Hire,,Finance,,G3,,Senior Finance Analyst,,75453.0
100868,2022-10-26,Hire,,Sales,,G3,,Senior Sales Representative,,101627.0
100868,2026-03-16,Promotion,Sales,Sales,G3,G4,Senior Sales Representative,Sales Specialist,101627.0,114338.0
100869,2019-09-05,Hire,,Marketing,,G7,,Marketing Director,,207013.0
100869,2022-10-18,Termination,Marketing,,G7,,Marketing Director,,225999.0,
100870,2025-09-21,Hire,,HR,,G5,,HR Business Partner,,126969.0
100871,2017-05-20,Hire,,Sales,,G2,,Sales Representative II,,74283.0
100871,2024-08-19,Promotion,Sales,Sales,G2,G3,Sales Representative II,Senior Sales Representative,74283.0,96380.0
100872,2024-10-24,Hire,,Operations,,G3,,Operations Analyst,,99952.0
100872,2026-03-16,Promotion,Operations,Operations,G3,G4,Operations Analyst,Senior Operations Analyst,99952.0,110721.0
100873,2022-01-11,Hire,,Marketing,,G4,,Senior Marketing Specialist,,100290.0
100874,2017-02-03,Hire,,Customer Support,,G2,,Support Representative II,,58857.0
100875,2017-07-24,Hire,,Operations,,G7,,Operations Director,,234138.0
100876,2017-09-20,Hire,,HR,,G3,,HR Specialist,,91935.0
100877,2021-04-14,Hire,,Customer Support,,G1,,Support Representative I,,45322.0
100878,2020-12-26,Hire,,HR,,G3,,HR Specialist,,87767.0
100879,2025-04-08,Hire,,IT,,G2,,Software Engineer I,,56920.0
100880,2023-07-27,Hire,,Marketing,,G1,,Marketing Coordinator I,,52719.0
100880,2026-06-14,Promotion,Marketing,Marketing,G1,G2,Marketing Coordinator I,Marketing Coordinator II,52719.0,74467.0
100881,2023-04-02,Hire,,HR,,G7,,HR Director,,244918.0
100882,2022-08-20,Hire,,Marketing,,G1,,Marketing Coordinator I,,40077.0
100883,2020-02-14,Hire,,Marketing,,G1,,Marketing Coordinator I,,43408.0
100884,2022-10-08,Hire,,Finance,,G4,,Finance Lead,,98857.0
100885,2024-07-29,Hire,,HR,,G3,,HR Specialist,,81966.0
100886,2017-05-17,Hire,,Operations,,G4,,Senior Operations Analyst,,112061.0
100887,2019-05-18,Hire,,Finance,,G2,,Finance Analyst II,,69785.0
100887,2022-03-01,Transfer,Marketing,Finance,G2,G2,Marketing Coordinator II,Finance Analyst II,75567.0,75567.0
100888,2018-07-27,Hire,,Sales,,G2,,Sales Representative II,,63081.0
100889,2017-12-20,Hire,,Finance,,G3,,Senior Finance Analyst,,82141.0
100889,2019-04-09,Termination,Finance,,G4,,Finance Lead,,130367.0,
100890,2018-05-21,Hire,,Finance,,G1,,Finance Analyst I,,41458.0
100891,2021-10-29,Hire,,Customer Support,,G1,,Support Representative I,,49815.0
100892,2019-09-03,Hire,,IT,,G2,,Software Engineer I,,72897.0
100893,2021-12-29,Hire,,IT,,G3,,Software Engineer II,,97785.0
100893,2022-04-12,Termination,IT,,G4,,Senior Software Engineer,,134759.0,
100893,2026-02-03,Transfer,Sales,IT,G4,G4,Sales Specialist,Senior Software Engineer,134759.0,134759.0
100894,2023-09-07,Hire,,Customer Support,,G3,,Senior Support Representative,,77021.0
100895,2018-04-20,Hire,,Finance,,G5,,Senior Finance Lead,,125196.0
100896,2016-12-19,Hire,,Customer Support,,G5,,Senior Support Specialist,,128545.0
100897,2023-03-28,Hire,,Operations,,G4,,Senior Operations Analyst,,95653.0
100898,2020-03-29,Hire,,Finance,,G5,,Senior Finance Lead,,152041.0
100899,2018-04-11,Hire,,Customer Support,,G4,,Support Specialist,,98039.0
100899,2023-10-09,Transfer,HR,Customer Support,G4,G4,Senior HR Specialist,Support Specialist,98065.0,98065.0
100900,2025-03-24,Hire,,IT,,G6,,Engineering Manager,,171285.0
100901,2016-10-20,Hire,,Marketing,,G3,,Marketing Specialist,,75073.0
100902,2024-10-08,Hire,,Operations,,G4,,Senior Operations Analyst,,100933.0
100903,2026-06-01,Hire,,Customer Support,,G4,,Support Specialist,,106154.0
100904,2021-08-13,Hire,,Customer Support,,G3,,Senior Support Representative,,76716.0
100905,2026-03-23,Hire,,Sales,,G2,,Sales Representative II,,61723.0
100906,2018-02-24,Hire,,Sales,,G3,,Senior Sales Representative,,76002.0
100906,2024-08-26,Promotion,Sales,Sales,G3,G4,Senior Sales Representative,Sales Specialist,76002.0,122803.0
100907,2025-07-15,Hire,,Sales,,G6,,Sales Manager,,156928.0
100908,2021-10-12,Hire,,Sales,,G4,,Sales Specialist,,112044.0
100908,2024-05-11,Promotion,Sales,Sales,G4,G5,Sales Specialist,Senior Sales Specialist,112044.0,130250.0
100908,2025-11-20,Termination,Sales,,G5,,Senior Sales Specialist,,161263.0,
100909,2019-01-21,Hire,,Customer Support,,G4,,Support Specialist,,100960.0
100910,2018-06-24,Hire,,Customer Support,,G8,,VP of Customer Success,,255494.0
100910,2020-07-05,Transfer,HR,Customer Support,G8,G8,Chief HR Officer,VP of Customer Success,300692.0,300692.0
100911,2024-12-07,Hire,,Finance,,G7,,Finance Director,,222263.0
100911,2025-10-21,Termination,Finance,,G7,,Finance Director,,232432.0,
100912,2018-07-30,Hire,,Marketing,,G2,,Marketing Coordinator II,,69677.0
100912,2019-06-21,Promotion,Marketing,Marketing,G2,G3,Marketing Coordinator II,Marketing Specialist,69677.0,91373.0
100913,2022-08-20,Hire,,Marketing,,G5,,Marketing Lead,,147443.0
100914,2026-01-27,Hire,,Marketing,,G3,,Marketing Specialist,,81276.0
100915,2024-12-13,Hire,,Customer Support,,G6,,Support Manager,,160438.0
100915,2025-03-02,Transfer,HR,Customer Support,G6,G6,HR Manager,Support Manager,179762.0,179762.0
100916,2024-04-28,Hire,,Sales,,G1,,Sales Representative I,,40058.0
100916,2024-06-04,Transfer,Finance,Sales,G2,G2,Finance Analyst II,Sales Representative II,55784.0,55784.0
100917,2023-02-06,Hire,,Customer Support,,G3,,Senior Support Representative,,82296.0
100917,2023-06-06,Transfer,IT,Customer Support,G3,G3,Software Engineer II,Senior Support Representative,90765.0,90765.0
100918,2021-05-23,Hire,,HR,,G6,,HR Manager,,157674.0
100919,2020-10-14,Hire,,IT,,G2,,Software Engineer I,,57076.0
100920,2018-11-16,Hire,,Finance,,G6,,Finance Manager,,187406.0
100921,2018-09-12,Hire,,Sales,,G3,,Senior Sales Representative,,98216.0
100921,2025-10-29,Promotion,Sales,Sales,G3,G4,Senior Sales Representative,Sales Specialist,98216.0,125284.0
100922,2016-09-24,Hire,,Finance,,G4,,Finance Lead,,105404.0
100922,2023-12-19,Promotion,Finance,Finance,G4,G5,Finance Lead,Senior Finance Lead,105404.0,143047.0
100923,2016-10-17,Hire,,HR,,G1,,HR Coordinator I,,56108.0
100923,2017-09-12,Transfer,Operations,HR,G2,G2,Operations Coordinator II,HR Coordinator II,68203.0,68203.0
100923,2022-11-20,Termination,HR,,G2,,HR Coordinator II,,68203.0,
100923,2026-06-09,Promotion,HR,HR,G1,G2,HR Coordinator I,HR Coordinator II,56108.0,76236.0
100924,2023-12-27,Hire,,Finance,,G3,,Senior Finance Analyst,,78646.0
100925,2022-01-23,Hire,,Finance,,G1,,Finance Analyst I,,40953.0
100926,2017-05-02,Hire,,IT,,G2,,Software Engineer I,,71365.0
100927,2020-01-16,Hire,,Finance,,G5,,Senior Finance Lead,,144421.0
100927,2024-05-19,Termination,Finance,,G5,,Senior Finance Lead,,150544.0,
100928,2021-02-17,Hire,,HR,,G3,,HR Specialist,,99512.0
100929,2023-11-06,Hire,,HR,,G1,,HR Coordinator I,,45616.0
100929,2025-04-21,Promotion,HR,HR,G1,G2,HR Coordinator I,HR Coordinator II,45616.0,78485.0
100930,2020-12-23,Hire,,Sales,,G3,,Senior Sales Representative,,81243.0
100930,2024-09-27,Termination,Sales,,G3,,Senior Sales Representative,,91116.0,
100931,2018-09-20,Hire,,IT,,G2,,Software Engineer I,,76325.0
100932,2018-03-01,Hire,,Finance,,G1,,Finance Analyst I,,56457.0
100932,2019-04-17,Transfer,Sales,Finance,G2,G2,Sales Representative II,Finance Analyst II,75910.0,75910.0
100933,2017-09-15,Hire,,Finance,,G6,,Finance Manager,,161659.0
100934,2023-07-29,Hire,,Operations,,G6,,Operations Manager,,155510.0
100934,2024-11-17,Termination,Operations,,G6,,Operations Manager,,190361.0,
100935,2024-01-20,Hire,,Marketing,,G3,,Marketing Specialist,,91448.0
100936,2016-12-30,Hire,,Marketing,,G2,,Marketing Coordinator II,,70583.0
100937,2025-04-11,Hire,,HR,,G5,,HR Business Partner,,126238.0
100937,2025-06-13,Promotion,HR,HR,G5,G6,HR Business Partner,HR Manager,126238.0,170064.0
100938,2024-07-16,Hire,,Marketing,,G4,,Senior Marketing Specialist,,99470.0
100938,2025-05-26,Termination,Marketing,,G5,,Marketing Lead,,132971.0,
100939,2022-01-21,Hire,,IT,,G2,,Software Engineer I,,60441.0
100940,2018-06-17,Hire,,Customer Support,,G1,,Support Representative I,,41416.0
100941,2017-11-22,Hire,,Sales,,G3,,Senior Sales Representative,,84605.0
100942,2018-12-30,Hire,,Customer Support,,G3,,Senior Support Representative,,94018.0
100943,2017-01-12,Hire,,Operations,,G1,,Operations Coordinator I,,41571.0
100944,2024-07-03,Hire,,Customer Support,,G6,,Support Manager,,177787.0
100945,2022-07-09,Hire,,Marketing,,G2,,Marketing Coordinator II,,71482.0
100946,2025-04-01,Hire,,Customer Support,,G2,,Support Representative II,,67777.0
100946,2025-10-16,Promotion,Customer Support,Customer Support,G2,G3,Support Representative II,Senior Support Representative,67777.0,82385.0
100947,2025-02-07,Hire,,IT,,G4,,Senior Software Engineer,,95018.0
100948,2022-03-09,Hire,,IT,,G6,,Engineering Manager,,159911.0
100949,2020-05-03,Hire,,Operations,,G1,,Operations Coordinator I,,53182.0
100950,2016-12-07,Hire,,Finance,,G3,,Senior Finance Analyst,,85051.0
100950,2024-04-07,Transfer,Customer Support,Finance,G4,G4,Support Specialist,Finance Lead,131724.0,131724.0
100951,2019-03-10,Hire,,Customer Support,,G5,,Senior Support Specialist,,126941.0
100952,2025-10-23,Hire,,Customer Support,,G2,,Support Representative II,,77606.0
100952,2026-05-02,Promotion,Customer Support,Customer Support,G2,G3,Support Representative II,Senior Support Representative,77606.0,92942.0
100952,2026-06-07,Termination,Customer Support,,G3,,Senior Support Representative,,89590.0,
100953,2018-05-15,Hire,,HR,,G4,,Senior HR Specialist,,103967.0
100954,2017-02-06,Hire,,Finance,,G1,,Finance Analyst I,,58262.0
100954,2025-05-08,Promotion,Finance,Finance,G1,G2,Finance Analyst I,Finance Analyst II,58262.0,74523.0
100955,2018-05-24,Hire,,Finance,,G3,,Senior Finance Analyst,,78665.0
100955,2021-10-10,Termination,Finance,,G3,,Senior Finance Analyst,,81125.0,
100956,2018-12-03,Hire,,Marketing,,G5,,Marketing Lead,,140697.0
100956,2024-05-13,Transfer,Operations,Marketing,G5,G5,Operations Lead,Marketing Lead,155868.0,155868.0
100957,2023-05-08,Hire,,IT,,G4,,Senior Software Engineer,,95347.0
100958,2024-08-07,Hire,,Finance,,G5,,Senior Finance Lead,,131566.0
100958,2025-12-29,Promotion,Finance,Finance,G5,G6,Senior Finance Lead,Finance Manager,131566.0,165872.0
100959,2018-05-03,Hire,,Finance,,G5,,Senior Finance Lead,,153832.0
100959,2023-05-08,Termination,Finance,,G5,,Senior Finance Lead,,154265.0,
100960,2025-02-15,Hire,,Customer Support,,G2,,Support Representative II,,58291.0
100960,2025-07-19,Termination,Customer Support,,G2,,Support Representative II,,78880.0,
100960,2026-02-14,Transfer,IT,Customer Support,G2,G2,Software Engineer I,Support Representative II,78880.0,78880.0
100961,2025-01-17,Hire,,Operations,,G3,,Operations Analyst,,75096.0
100962,2019-12-28,Hire,,Marketing,,G5,,Marketing Lead,,133734.0
100962,2023-11-08,Promotion,Marketing,Marketing,G5,G6,Marketing Lead,Marketing Manager,133734.0,167197.0
100963,2017-10-22,Hire,,HR,,G4,,Senior HR Specialist,,102389.0
100964,2024-09-28,Hire,,Marketing,,G5,,Marketing Lead,,126735.0
100965,2019-11-11,Hire,,Sales,,G2,,Sales Representative II,,70464.0
100966,2019-11-29,Hire,,Marketing,,G2,,Marketing Coordinator II,,63964.0
100967,2021-07-12,Hire,,Sales,,G5,,Senior Sales Specialist,,138231.0
100968,2023-10-05,Hire,,Customer Support,,G1,,Support Representative I,,40418.0
100969,2017-03-14,Hire,,Operations,,G2,,Operations Coordinator II,,68350.0
100970,2022-03-02,Hire,,Finance,,G1,,Finance Analyst I,,46081.0
100971,2024-03-06,Hire,,IT,,G2,,Software Engineer I,,67096.0
100972,2020-11-04,Hire,,Customer Support,,G1,,Support Representative I,,43136.0
100973,2019-09-01,Hire,,Marketing,,G3,,Marketing Specialist,,86337.0
100974,2018-04-12,Hire,,Finance,,G3,,Senior Finance Analyst,,79107.0
100975,2025-01-22,Hire,,Marketing,,G7,,Marketing Director,,225597.0
100976,2023-06-24,Hire,,HR,,G3,,HR Specialist,,79672.0
100977,2018-07-23,Hire,,Customer Support,,G2,,Support Representative II,,62931.0
100978,2019-07-29,Hire,,Sales,,G7,,Sales Director,,203418.0
100978,2025-09-03,Transfer,Marketing,Sales,G7,G7,Marketing Director,Sales Director,213126.0,213126.0
100979,2023-08-27,Hire,,Finance,,G5,,Senior Finance Lead,,136182.0
100980,2022-09-27,Hire,,Marketing,,G6,,Marketing Manager,,190921.0
100980,2022-10-30,Promotion,Marketing,Marketing,G6,G7,Marketing Manager,Marketing Director,190921.0,200223.0
100980,2026-05-03,Transfer,Sales,Marketing,G7,G7,Sales Director,Marketing Director,217109.0,217109.0
100981,2018-07-12,Hire,,Marketing,,G4,,Senior Marketing Specialist,,103849.0
100982,2023-09-03,Hire,,Operations,,G4,,Senior Operations Analyst,,112924.0
100983,2022-07-09,Hire,,Customer Support,,G2,,Support Representative II,,69629.0
100984,2022-09-01,Hire,,HR,,G3,,HR Specialist,,82894.0
100985,2019-10-10,Hire,,Customer Support,,G3,,Senior Support Representative,,93033.0
100985,2024-11-07,Promotion,Customer Support,Customer Support,G3,G4,Senior Support Representative,Support Specialist,93033.0,101900.0
100986,2020-09-18,Hire,,Customer Support,,G2,,Support Representative II,,65158.0
100987,2016-08-12,Hire,,Finance,,G1,,Finance Analyst I,,46209.0
100987,2025-11-28,Promotion,Finance,Finance,G1,G2,Finance Analyst I,Finance Analyst II,46209.0,68068.0
100988,2019-09-10,Hire,,Operations,,G1,,Operations Coordinator I,,47387.0
100989,2021-07-19,Hire,,Finance,,G6,,Finance Manager,,157487.0
100990,2019-11-05,Hire,,Customer Support,,G3,,Senior Support Representative,,79517.0
100990,2023-05-10,Transfer,Finance,Customer Support,G3,G3,Senior Finance Analyst,Senior Support Representative,81560.0,81560.0
100991,2021-01-16,Hire,,Sales,,G1,,Sales Representative I,,40019.0
100991,2025-03-22,Transfer,Operations,Sales,G2,G2,Operations Coordinator II,Sales Representative II,76740.0,76740.0
100992,2026-01-29,Hire,,Customer Support,,G1,,Support Representative I,,41154.0
100993,2021-08-20,Hire,,HR,,G7,,HR Director,,196485.0
100994,2021-07-09,Hire,,Marketing,,G3,,Marketing Specialist,,104557.0
100995,2025-02-14,Hire,,Sales,,G1,,Sales Representative I,,44760.0
100996,2019-07-17,Hire,,Sales,,G5,,Senior Sales Specialist,,142169.0
100997,2020-11-26,Hire,,Customer Support,,G5,,Senior Support Specialist,,128194.0
100998,2023-03-08,Hire,,Operations,,G6,,Operations Manager,,160350.0
100999,2021-02-25,Hire,,IT,,G6,,Engineering Manager,,200331.0
