employee_id,course_name,completion_date,skill_category,is_required
100000,Advanced Communication,2022-08-03,Communication,Yes
100000,Compliance Basics,2022-12-24,Compliance,Yes
100000,Performance Management,2023-06-27,Management,No
100000,Cross-functional Collaboration,2023-08-10,Communication,Yes
100000,Project Management Fundamentals,2023-10-26,Technical,Yes
100000,Communication Skills 101,2023-10-31,Communication,Yes
100000,Strategic Thinking,2024-05-27,Leadership,Yes
100000,Foundations of Excellence,2024-08-27,Technical,Yes
100000,Data-Driven Decision Making,2025-11-16,Technical,Yes
100001,People Management Basics,2026-01-29,Management,Yes
100001,Foundations of Excellence,2026-02-03,Technical,Yes
100001,Compliance Basics,2026-02-23,Compliance,Yes
100001,Leadership Essentials,2026-02-28,Leadership,Yes
100001,Executive Presence,2026-03-15,Leadership,Yes
100001,Advanced Communication,2026-03-16,Communication,Yes
100001,Communication Skills 101,2026-04-07,Communication,Yes
100001,Organizational Leadership,2026-04-07,Management,Yes
100001,Cross-functional Collaboration,2026-05-07,Communication,Yes
100001,Project Management Fundamentals,2026-05-10,Technical,Yes
100001,Business Strategy,2026-05-31,Management,Yes
100001,Data-Driven Decision Making,2026-06-06,Technical,Yes
100001,Cloud Computing Basics,2026-06-12,Technical,No
100002,Change Management,2025-02-23,Leadership,No
100002,Power BI Fundamentals,2025-10-08,Technical,No
100002,Compliance Basics,2026-01-31,Compliance,Yes
100002,Project Management Fundamentals,2026-04-16,Technical,Yes
100003,Python for Data Analysis,2019-10-04,Technical,No
100003,Project Management Fundamentals,2019-12-12,Technical,Yes
100003,Business Writing,2020-06-28,Communication,No
100003,Strategic Thinking,2021-04-02,Leadership,Yes
100003,Foundations of Excellence,2023-02-15,Technical,Yes
100003,Excel Advanced,2024-02-14,Technical,No
100003,Advanced Communication,2024-10-09,Communication,Yes
100003,SQL Essentials,2024-11-03,Technical,No
100003,Cross-functional Collaboration,2025-03-28,Communication,Yes
100003,Data-Driven Decision Making,2025-05-22,Technical,Yes
100003,Compliance Basics,2025-09-13,Compliance,Yes
100004,Business Strategy,2024-04-12,Management,Yes
100004,Foundations of Excellence,2024-04-30,Technical,Yes
100004,Leadership Essentials,2024-05-13,Leadership,Yes
100004,Advanced Communication,2024-07-22,Communication,Yes
100004,Executive Leadership Program,2024-09-04,Leadership,Yes
100004,Executive Presence,2024-11-20,Leadership,Yes
100004,Compliance Basics,2024-12-04,Compliance,Yes
100004,People Management Basics,2025-01-12,Management,Yes
100004,Project Management Fundamentals,2025-02-25,Technical,Yes
100004,Data-Driven Decision Making,2025-03-01,Technical,Yes
100004,Presentation Skills,2025-10-15,Communication,No
100004,Strategic Thinking,2025-11-12,Leadership,Yes
100004,Communication Skills 101,2025-12-26,Communication,Yes
100004,Organizational Leadership,2026-01-11,Management,Yes
100004,Cross-functional Collaboration,2026-05-19,Communication,Yes
100005,Project Management Fundamentals,2024-07-29,Technical,Yes
100005,Workplace Safety,2025-08-04,Compliance,No
100005,Anti-Harassment Training,2025-12-15,Compliance,No
100005,Compliance Basics,2026-03-18,Compliance,Yes
100005,Foundations of Excellence,2026-04-05,Technical,Yes
100006,Project Management Fundamentals,2020-02-09,Technical,Yes
100006,Communication Skills 101,2020-05-05,Communication,Yes
100006,Foundations of Excellence,2021-06-12,Technical,Yes
100006,Compliance Basics,2021-09-17,Compliance,Yes
100006,Data-Driven Decision Making,2021-12-07,Technical,Yes
100006,Strategic Thinking,2021-12-30,Leadership,Yes
100006,Cross-functional Collaboration,2024-03-06,Communication,Yes
100006,Talent Acquisition,2024-11-19,Management,No
100006,Python for Data Analysis,2025-04-01,Technical,No
100007,Executive Leadership Program,2019-04-21,Leadership,Yes
100007,Workplace Safety,2019-10-07,Compliance,No
100007,Data-Driven Decision Making,2019-10-18,Technical,Yes
100007,Executive Presence,2020-07-19,Leadership,Yes
100007,Cross-functional Collaboration,2021-03-14,Communication,Yes
100007,Foundations of Excellence,2023-02-10,Technical,Yes
100007,Leadership Essentials,2023-05-13,Leadership,Yes
100007,Organizational Leadership,2023-10-05,Management,Yes
100007,Advanced Communication,2023-12-24,Communication,Yes
100007,Business Strategy,2024-01-01,Management,Yes
100007,Strategic Thinking,2024-06-21,Leadership,Yes
100007,People Management Basics,2024-10-30,Management,Yes
100007,Project Management Fundamentals,2024-11-29,Technical,Yes
100007,Compliance Basics,2025-03-19,Compliance,Yes
100007,Communication Skills 101,2026-01-01,Communication,Yes
100008,Communication Skills 101,2018-08-19,Communication,Yes
100008,Data-Driven Decision Making,2018-09-29,Technical,Yes
100008,Strategic Thinking,2018-10-14,Leadership,Yes
100008,Cross-functional Collaboration,2019-11-23,Communication,Yes
100008,Compliance Basics,2020-02-17,Compliance,Yes
100008,Anti-Harassment Training,2020-03-10,Compliance,No
100008,Talent Acquisition,2021-11-22,Management,No
100008,Advanced Communication,2023-04-22,Communication,Yes
100008,Project Management Fundamentals,2023-07-23,Technical,Yes
100008,Foundations of Excellence,2024-07-29,Technical,Yes
100008,SQL Essentials,2025-04-30,Technical,No
100008,Presentation Skills,2025-05-27,Communication,No
100009,Cross-functional Collaboration,2021-02-04,Communication,Yes
100009,Strategic Thinking,2021-05-29,Leadership,Yes
100009,Presentation Skills,2021-09-19,Communication,No
100009,Advanced Communication,2023-09-01,Communication,Yes
100009,Communication Skills 101,2024-06-30,Communication,Yes
100009,Compliance Basics,2025-03-06,Compliance,Yes
100009,Project Management Fundamentals,2025-11-29,Technical,Yes
100009,Foundations of Excellence,2026-02-10,Technical,Yes
100009,Data-Driven Decision Making,2026-04-09,Technical,Yes
100010,Coaching Skills,2022-09-26,Leadership,No
100010,Communication Skills 101,2022-12-04,Communication,Yes
100010,Foundations of Excellence,2023-01-23,Technical,Yes
100010,Cross-functional Collaboration,2023-06-04,Communication,Yes
100010,Data-Driven Decision Making,2024-10-19,Technical,Yes
100010,Advanced Communication,2025-02-11,Communication,Yes
100010,Power BI Fundamentals,2025-03-15,Technical,No
100010,Business Writing,2025-04-28,Communication,No
100010,Compliance Basics,2025-10-16,Compliance,Yes
100010,Project Management Fundamentals,2026-01-05,Technical,Yes
100010,Budget Planning,2026-06-09,Management,No
100011,Project Management Fundamentals,2023-04-09,Technical,Yes
100011,Compliance Basics,2023-06-18,Compliance,Yes
100011,Foundations of Excellence,2023-07-15,Technical,Yes
100011,Advanced Communication,2023-10-31,Communication,Yes
100011,Communication Skills 101,2023-11-08,Communication,Yes
100011,Excel Advanced,2023-12-15,Technical,No
100012,Conflict Resolution,2018-11-09,Leadership,No
100012,Advanced Communication,2019-01-09,Communication,Yes
100012,Budget Planning,2020-02-21,Management,No
100012,Leadership Essentials,2021-01-10,Leadership,Yes
100012,Cross-functional Collaboration,2021-06-15,Communication,Yes
100012,Strategic Thinking,2022-06-06,Leadership,Yes
100012,Communication Skills 101,2023-04-08,Communication,Yes
100012,Compliance Basics,2024-06-12,Compliance,Yes
100012,Foundations of Excellence,2024-07-15,Technical,Yes
100012,Project Management Fundamentals,2025-01-07,Technical,Yes
100012,Data-Driven Decision Making,2025-03-09,Technical,Yes
100012,Business Writing,2025-06-22,Communication,No
100013,Executive Presence,2018-01-27,Leadership,Yes
100013,Cross-functional Collaboration,2018-02-15,Communication,Yes
100013,Advanced Communication,2018-11-26,Communication,Yes
100013,Talent Acquisition,2020-03-14,Management,No
100013,Strategic Thinking,2021-02-10,Leadership,Yes
100013,Anti-Harassment Training,2022-01-14,Compliance,No
100013,People Management Basics,2022-12-21,Management,Yes
100013,Leadership Essentials,2023-06-02,Leadership,Yes
100013,Data-Driven Decision Making,2023-12-11,Technical,Yes
100013,Foundations of Excellence,2024-03-25,Technical,Yes
100013,Communication Skills 101,2025-08-30,Communication,Yes
100014,Advanced Communication,2020-05-04,Communication,Yes
100014,Data-Driven Decision Making,2021-02-26,Technical,Yes
100014,Communication Skills 101,2022-02-01,Communication,Yes
100014,Strategic Thinking,2022-02-16,Leadership,Yes
100014,Negotiation Tactics,2022-05-15,Communication,No
100014,Compliance Basics,2023-02-04,Compliance,Yes
100014,Excel Advanced,2023-03-02,Technical,No
100014,Foundations of Excellence,2023-04-13,Technical,Yes
100014,Project Management Fundamentals,2023-05-13,Technical,Yes
100014,Power BI Fundamentals,2024-06-29,Technical,No
100014,Cloud Computing Basics,2025-09-05,Technical,No
100014,Talent Acquisition,2025-10-09,Management,No
100014,Cross-functional Collaboration,2026-04-15,Communication,Yes
100015,Communication Skills 101,2021-05-27,Communication,Yes
100015,Foundations of Excellence,2021-06-14,Technical,Yes
100015,Data-Driven Decision Making,2023-02-02,Technical,Yes
100015,Project Management Fundamentals,2025-04-29,Technical,Yes
100015,Compliance Basics,2025-11-20,Compliance,Yes
100015,Anti-Harassment Training,2026-05-29,Compliance,No
100016,Foundations of Excellence,2019-07-06,Technical,Yes
100016,Project Management Fundamentals,2019-09-19,Technical,Yes
100016,Change Management,2019-10-15,Leadership,No
100016,Leadership Essentials,2020-07-06,Leadership,Yes
100016,Business Writing,2020-07-15,Communication,No
100016,People Management Basics,2020-10-10,Management,Yes
100016,Data-Driven Decision Making,2021-11-24,Technical,Yes
100016,Executive Leadership Program,2022-04-20,Leadership,Yes
100016,Compliance Basics,2022-05-25,Compliance,Yes
100016,Advanced Communication,2023-10-15,Communication,Yes
100016,Cross-functional Collaboration,2024-03-03,Communication,Yes
100016,Negotiation Tactics,2024-04-21,Communication,No
100016,Executive Presence,2025-05-05,Leadership,Yes
100016,Communication Skills 101,2025-05-12,Communication,Yes
100016,Strategic Thinking,2025-09-22,Leadership,Yes
100017,Executive Presence,2021-06-01,Leadership,Yes
100017,Data-Driven Decision Making,2021-12-26,Technical,Yes
100017,Advanced Communication,2022-03-06,Communication,Yes
100017,Foundations of Excellence,2022-03-18,Technical,Yes
100017,Executive Leadership Program,2022-04-17,Leadership,Yes
100017,Presentation Skills,2022-04-24,Communication,No
100017,Leadership Essentials,2022-07-23,Leadership,Yes
100017,Project Management Fundamentals,2022-07-28,Technical,Yes
100017,Cross-functional Collaboration,2022-10-06,Communication,Yes
100017,Business Strategy,2022-11-23,Management,Yes
100017,Workplace Safety,2023-01-07,Compliance,No
100017,Data Privacy & GDPR,2023-02-02,Compliance,No
100017,People Management Basics,2024-01-10,Management,Yes
100017,Communication Skills 101,2024-06-15,Communication,Yes
100017,Talent Acquisition,2024-09-13,Management,No
100017,Organizational Leadership,2025-05-20,Management,Yes
100017,Python for Data Analysis,2025-12-01,Technical,No
100017,Strategic Thinking,2026-05-22,Leadership,Yes
100018,Advanced Communication,2020-02-06,Communication,Yes
100018,Strategic Thinking,2020-07-14,Leadership,Yes
100018,Project Management Fundamentals,2022-03-08,Technical,Yes
100018,Budget Planning,2023-05-20,Management,No
100018,Foundations of Excellence,2023-08-01,Technical,Yes
100018,Data-Driven Decision Making,2024-06-12,Technical,Yes
100018,Talent Acquisition,2025-01-30,Management,No
100018,Communication Skills 101,2025-08-08,Communication,Yes
100018,Compliance Basics,2026-05-19,Compliance,Yes
100019,Data Privacy & GDPR,2020-12-14,Compliance,No
100019,Compliance Basics,2021-02-03,Compliance,Yes
100019,Communication Skills 101,2022-07-18,Communication,Yes
100019,Leadership Essentials,2022-10-06,Leadership,Yes
100019,Cross-functional Collaboration,2022-10-18,Communication,Yes
100019,People Management Basics,2022-10-21,Management,Yes
100019,Foundations of Excellence,2023-12-26,Technical,Yes
100019,Advanced Communication,2024-06-08,Communication,Yes
100019,Data-Driven Decision Making,2025-03-31,Technical,Yes
100019,Strategic Thinking,2025-04-09,Leadership,Yes
100019,Executive Presence,2025-07-13,Leadership,Yes
100019,Organizational Leadership,2025-10-19,Management,Yes
100020,Compliance Basics,2023-12-26,Compliance,Yes
100020,Foundations of Excellence,2024-01-19,Technical,Yes
100020,Project Management Fundamentals,2025-04-05,Technical,Yes
100020,Budget Planning,2025-04-13,Management,No
100020,Communication Skills 101,2026-02-18,Communication,Yes
100020,Data-Driven Decision Making,2026-03-01,Technical,Yes
100021,Compliance Basics,2020-11-22,Compliance,Yes
100021,Communication Skills 101,2021-02-28,Communication,Yes
100021,Advanced Communication,2023-09-18,Communication,Yes
100021,Cloud Computing Basics,2023-10-05,Technical,No
100021,Foundations of Excellence,2024-03-21,Technical,Yes
100021,Change Management,2024-05-30,Leadership,No
100021,Workplace Safety,2026-06-15,Compliance,No
100022,Advanced Communication,2023-06-15,Communication,Yes
100022,Presentation Skills,2023-12-11,Communication,No
100022,Cross-functional Collaboration,2024-02-07,Communication,Yes
100022,Leadership Essentials,2024-03-09,Leadership,Yes
100022,Python for Data Analysis,2024-06-22,Technical,No
100022,Strategic Thinking,2024-12-03,Leadership,Yes
100022,Foundations of Excellence,2025-02-17,Technical,Yes
100022,Communication Skills 101,2025-04-30,Communication,Yes
100022,Data-Driven Decision Making,2025-07-29,Technical,Yes
100022,Executive Presence,2025-09-11,Leadership,Yes
100022,Organizational Leadership,2025-10-26,Management,Yes
100022,Compliance Basics,2025-11-08,Compliance,Yes
100022,People Management Basics,2026-02-03,Management,Yes
100022,Project Management Fundamentals,2026-04-20,Technical,Yes
100023,Business Writing,2017-12-31,Communication,No
100023,Project Management Fundamentals,2018-01-20,Technical,Yes
100023,Python for Data Analysis,2019-09-16,Technical,No
100023,Communication Skills 101,2020-05-18,Communication,Yes
100023,Change Management,2020-10-16,Leadership,No
100023,Data-Driven Decision Making,2022-02-15,Technical,Yes
100023,Cross-functional Collaboration,2023-10-14,Communication,Yes
100023,Compliance Basics,2024-09-26,Compliance,Yes
100023,Advanced Communication,2025-06-20,Communication,Yes
100024,Excel Advanced,2023-09-07,Technical,No
100024,Coaching Skills,2023-10-12,Leadership,No
100024,People Management Basics,2023-10-26,Management,Yes
100024,Compliance Basics,2023-11-03,Compliance,Yes
100024,Workplace Safety,2023-11-20,Compliance,No
100024,Project Management Fundamentals,2023-12-13,Technical,Yes
100024,Budget Planning,2024-02-20,Management,No
100024,Cross-functional Collaboration,2024-04-03,Communication,Yes
100024,Communication Skills 101,2024-06-20,Communication,Yes
100024,Business Writing,2024-06-22,Communication,No
100024,Strategic Thinking,2024-06-29,Leadership,Yes
100024,Leadership Essentials,2024-07-08,Leadership,Yes
100024,Data-Driven Decision Making,2024-07-22,Technical,Yes
100024,Foundations of Excellence,2024-08-13,Technical,Yes
100025,Data-Driven Decision Making,2026-01-14,Technical,Yes
100025,Foundations of Excellence,2026-02-01,Technical,Yes
100025,Strategic Thinking,2026-03-01,Leadership,Yes
100025,Business Writing,2026-03-01,Communication,No
100025,People Management Basics,2026-03-14,Management,Yes
100025,Advanced Communication,2026-03-22,Communication,Yes
100025,Data Privacy & GDPR,2026-04-07,Compliance,No
100025,Compliance Basics,2026-04-15,Compliance,Yes
100025,Executive Presence,2026-04-17,Leadership,Yes
100025,Cross-functional Collaboration,2026-05-11,Communication,Yes
100025,Communication Skills 101,2026-06-14,Communication,Yes
100026,SQL Essentials,2023-07-27,Technical,No
100026,Communication Skills 101,2024-01-05,Communication,Yes
100026,Project Management Fundamentals,2024-04-01,Technical,Yes
100026,Foundations of Excellence,2024-05-12,Technical,Yes
100026,Presentation Skills,2025-02-27,Communication,No
100027,Data-Driven Decision Making,2024-12-22,Technical,Yes
100027,Budget Planning,2025-02-02,Management,No
100027,Strategic Thinking,2025-04-06,Leadership,Yes
100027,Foundations of Excellence,2025-04-18,Technical,Yes
100027,People Management Basics,2025-06-10,Management,Yes
100027,Leadership Essentials,2025-07-18,Leadership,Yes
100027,Cross-functional Collaboration,2025-10-01,Communication,Yes
100027,Business Writing,2025-11-28,Communication,No
100027,Communication Skills 101,2025-12-06,Communication,Yes
100027,Advanced Communication,2026-01-05,Communication,Yes
100027,Compliance Basics,2026-03-30,Compliance,Yes
100028,Foundations of Excellence,2018-10-25,Technical,Yes
100028,Advanced Communication,2019-05-30,Communication,Yes
100028,Project Management Fundamentals,2019-12-16,Technical,Yes
100028,Cross-functional Collaboration,2020-01-15,Communication,Yes
100028,Compliance Basics,2020-02-24,Compliance,Yes
100028,Workplace Safety,2020-03-18,Compliance,No
100028,Data-Driven Decision Making,2020-03-22,Technical,Yes
100028,Excel Advanced,2020-03-24,Technical,No
100028,Strategic Thinking,2022-02-04,Leadership,Yes
100028,SQL Essentials,2023-02-22,Technical,No
100028,Coaching Skills,2024-03-06,Leadership,No
100029,Compliance Basics,2023-10-23,Compliance,Yes
100029,Anti-Harassment Training,2023-11-01,Compliance,No
100029,Workplace Safety,2024-04-02,Compliance,No
100029,Data Privacy & GDPR,2024-04-10,Compliance,No
100029,Data-Driven Decision Making,2024-08-10,Technical,Yes
100029,Advanced Communication,2024-08-25,Communication,Yes
100029,Power BI Fundamentals,2024-08-28,Technical,No
100029,Strategic Thinking,2024-10-28,Leadership,Yes
100029,Communication Skills 101,2024-11-20,Communication,Yes
100029,Cross-functional Collaboration,2025-09-19,Communication,Yes
100029,Performance Management,2025-10-09,Management,No
100029,Foundations of Excellence,2025-10-21,Technical,Yes
100029,Project Management Fundamentals,2026-03-11,Technical,Yes
100030,Compliance Basics,2022-03-03,Compliance,Yes
100030,Workplace Safety,2022-03-17,Compliance,No
100030,Conflict Resolution,2022-07-12,Leadership,No
100030,Presentation Skills,2022-07-23,Communication,No
100030,Advanced Communication,2022-09-22,Communication,Yes
100030,Data-Driven Decision Making,2023-08-19,Technical,Yes
100030,Communication Skills 101,2023-12-22,Communication,Yes
100030,Foundations of Excellence,2024-03-26,Technical,Yes
100030,Budget Planning,2024-09-04,Management,No
100030,Business Writing,2025-07-19,Communication,No
100030,Project Management Fundamentals,2025-09-22,Technical,Yes
100030,Strategic Thinking,2025-09-26,Leadership,Yes
100031,Strategic Thinking,2021-01-28,Leadership,Yes
100031,Project Management Fundamentals,2021-06-27,Technical,Yes
100031,Communication Skills 101,2021-07-05,Communication,Yes
100031,Advanced Communication,2021-10-29,Communication,Yes
100031,Data-Driven Decision Making,2022-03-30,Technical,Yes
100031,Foundations of Excellence,2022-05-22,Technical,Yes
100031,Python for Data Analysis,2023-04-18,Technical,No
100031,Data Privacy & GDPR,2025-10-07,Compliance,No
100032,Cross-functional Collaboration,2024-02-13,Communication,Yes
100032,Strategic Thinking,2024-10-07,Leadership,Yes
100032,People Management Basics,2025-04-07,Management,Yes
100032,Data Privacy & GDPR,2025-05-04,Compliance,No
100032,SQL Essentials,2025-06-12,Technical,No
100032,Data-Driven Decision Making,2025-08-01,Technical,Yes
100032,Communication Skills 101,2025-08-22,Communication,Yes
100032,Cloud Computing Basics,2025-10-17,Technical,No
100032,Conflict Resolution,2026-01-26,Leadership,No
100032,Compliance Basics,2026-01-27,Compliance,Yes
100032,Foundations of Excellence,2026-02-06,Technical,Yes
100033,Data-Driven Decision Making,2021-11-21,Technical,Yes
100033,Cross-functional Collaboration,2021-12-21,Communication,Yes
100033,Foundations of Excellence,2022-06-10,Technical,Yes
100033,Communication Skills 101,2023-03-11,Communication,Yes
100033,People Management Basics,2023-09-07,Management,Yes
100033,Compliance Basics,2024-01-13,Compliance,Yes
100033,Advanced Communication,2024-06-21,Communication,Yes
100033,Strategic Thinking,2025-03-20,Leadership,Yes
100033,Talent Acquisition,2025-07-17,Management,No
100034,Communication Skills 101,2023-01-08,Communication,Yes
100034,Strategic Thinking,2023-01-19,Leadership,Yes
100034,Data-Driven Decision Making,2023-01-28,Technical,Yes
100034,People Management Basics,2023-03-12,Management,Yes
100034,Business Writing,2023-04-10,Communication,No
100034,Organizational Leadership,2023-09-22,Management,Yes
100034,Project Management Fundamentals,2024-05-15,Technical,Yes
100034,Conflict Resolution,2024-06-19,Leadership,No
100034,Advanced Communication,2024-08-06,Communication,Yes
100034,Executive Presence,2024-10-18,Leadership,Yes
100034,Presentation Skills,2024-11-20,Communication,No
100034,Python for Data Analysis,2024-12-11,Technical,No
100034,Compliance Basics,2025-04-12,Compliance,Yes
100034,Leadership Essentials,2025-07-09,Leadership,Yes
100034,Cross-functional Collaboration,2026-03-07,Communication,Yes
100034,Foundations of Excellence,2026-05-18,Technical,Yes
100035,Project Management Fundamentals,2026-04-12,Technical,Yes
100035,Compliance Basics,2026-04-26,Compliance,Yes
100035,Power BI Fundamentals,2026-05-09,Technical,No
100035,Foundations of Excellence,2026-06-09,Technical,Yes
100036,Business Writing,2022-02-19,Communication,No
100036,Advanced Communication,2023-07-04,Communication,Yes
100036,Cross-functional Collaboration,2023-07-27,Communication,Yes
100036,Leadership Essentials,2023-10-08,Leadership,Yes
100036,Strategic Thinking,2024-09-05,Leadership,Yes
100036,Foundations of Excellence,2024-10-05,Technical,Yes
100036,Project Management Fundamentals,2024-11-23,Technical,Yes
100036,Compliance Basics,2025-03-04,Compliance,Yes
100036,Data-Driven Decision Making,2025-03-31,Technical,Yes
100036,Excel Advanced,2025-11-25,Technical,No
100036,Communication Skills 101,2025-12-21,Communication,Yes
100037,Organizational Leadership,2023-07-17,Management,Yes
100037,Business Writing,2024-01-26,Communication,No
100037,Leadership Essentials,2024-05-18,Leadership,Yes
100037,Cross-functional Collaboration,2024-06-08,Communication,Yes
100037,Python for Data Analysis,2024-06-09,Technical,No
100037,People Management Basics,2024-10-10,Management,Yes
100037,Project Management Fundamentals,2024-12-12,Technical,Yes
100037,Advanced Communication,2025-07-03,Communication,Yes
100037,Executive Presence,2025-08-14,Leadership,Yes
100037,Compliance Basics,2025-10-03,Compliance,Yes
100037,Strategic Thinking,2025-11-08,Leadership,Yes
100037,Coaching Skills,2025-12-24,Leadership,No
100037,Data-Driven Decision Making,2026-01-02,Technical,Yes
100037,Foundations of Excellence,2026-03-15,Technical,Yes
100038,Presentation Skills,2023-09-30,Communication,No
100038,Communication Skills 101,2023-10-11,Communication,Yes
100038,Compliance Basics,2024-06-25,Compliance,Yes
100038,Data-Driven Decision Making,2025-05-21,Technical,Yes
100038,Project Management Fundamentals,2025-09-07,Technical,Yes
100038,Conflict Resolution,2025-09-20,Leadership,No
100038,Foundations of Excellence,2025-10-23,Technical,Yes
100038,Talent Acquisition,2026-01-13,Management,No
100038,Python for Data Analysis,2026-06-02,Technical,No
100039,Foundations of Excellence,2023-08-22,Technical,Yes
100039,Compliance Basics,2023-10-31,Compliance,Yes
100039,Cloud Computing Basics,2024-06-24,Technical,No
100039,Project Management Fundamentals,2025-07-08,Technical,Yes
100039,Data Privacy & GDPR,2026-01-09,Compliance,No
100039,Negotiation Tactics,2026-04-15,Communication,No
100039,Presentation Skills,2026-05-15,Communication,No
100040,Communication Skills 101,2020-03-30,Communication,Yes
100040,Compliance Basics,2020-05-09,Compliance,Yes
100040,Change Management,2021-04-23,Leadership,No
100040,Presentation Skills,2021-09-15,Communication,No
100040,Project Management Fundamentals,2023-09-23,Technical,Yes
100040,Foundations of Excellence,2025-02-23,Technical,Yes
100040,Data-Driven Decision Making,2025-12-12,Technical,Yes
100041,Project Management Fundamentals,2019-10-16,Technical,Yes
100041,Excel Advanced,2019-10-31,Technical,No
100041,Advanced Communication,2020-09-19,Communication,Yes
100041,Communication Skills 101,2023-05-09,Communication,Yes
100041,Data-Driven Decision Making,2025-07-23,Technical,Yes
100041,Strategic Thinking,2026-04-27,Leadership,Yes
100042,Project Management Fundamentals,2023-12-14,Technical,Yes
100042,Power BI Fundamentals,2024-11-26,Technical,No
100042,Compliance Basics,2025-02-26,Compliance,Yes
100042,Data Privacy & GDPR,2025-03-31,Compliance,No
100042,Cloud Computing Basics,2025-04-23,Technical,No
100042,Conflict Resolution,2026-03-29,Leadership,No
100042,Communication Skills 101,2026-04-10,Communication,Yes
100042,Python for Data Analysis,2026-04-28,Technical,No
100043,Advanced Communication,2025-08-03,Communication,Yes
100043,Communication Skills 101,2025-08-07,Communication,Yes
100043,Strategic Thinking,2025-09-08,Leadership,Yes
100043,Foundations of Excellence,2025-09-13,Technical,Yes
100043,SQL Essentials,2025-09-15,Technical,No
100043,Data-Driven Decision Making,2026-03-28,Technical,Yes
100043,Compliance Basics,2026-04-15,Compliance,Yes
100044,Compliance Basics,2018-12-15,Compliance,Yes
100044,Excel Advanced,2021-08-14,Technical,No
100044,Presentation Skills,2021-11-19,Communication,No
100044,Strategic Thinking,2023-04-21,Leadership,Yes
100044,Project Management Fundamentals,2024-02-21,Technical,Yes
100044,Foundations of Excellence,2024-12-07,Technical,Yes
100044,Communication Skills 101,2025-02-04,Communication,Yes
100044,Cross-functional Collaboration,2025-07-09,Communication,Yes
100044,Budget Planning,2025-08-12,Management,No
100044,Advanced Communication,2025-12-12,Communication,Yes
100044,Data Privacy & GDPR,2026-04-22,Compliance,No
100045,Communication Skills 101,2022-03-21,Communication,Yes
100045,Data-Driven Decision Making,2022-06-24,Technical,Yes
100045,Cloud Computing Basics,2022-12-04,Technical,No
100045,Foundations of Excellence,2023-01-01,Technical,Yes
100045,SQL Essentials,2023-03-25,Technical,No
100045,Compliance Basics,2023-04-01,Compliance,Yes
100045,Cross-functional Collaboration,2023-09-29,Communication,Yes
100045,Workplace Safety,2025-05-20,Compliance,No
100045,Strategic Thinking,2025-07-08,Leadership,Yes
100045,Presentation Skills,2026-01-10,Communication,No
100046,Communication Skills 101,2026-05-23,Communication,Yes
100046,Power BI Fundamentals,2026-05-26,Technical,No
100046,Compliance Basics,2026-05-27,Compliance,Yes
100046,Project Management Fundamentals,2026-05-27,Technical,Yes
100046,Cloud Computing Basics,2026-05-30,Technical,No
100046,Change Management,2026-06-07,Leadership,No
100046,Foundations of Excellence,2026-06-11,Technical,Yes
100047,Leadership Essentials,2023-08-10,Leadership,Yes
100047,Anti-Harassment Training,2023-09-13,Compliance,No
100047,Talent Acquisition,2023-11-11,Management,No
100047,Organizational Leadership,2024-01-06,Management,Yes
100047,Compliance Basics,2024-02-01,Compliance,Yes
100047,Communication Skills 101,2024-04-07,Communication,Yes
100047,Strategic Thinking,2024-07-25,Leadership,Yes
100047,Change Management,2024-08-26,Leadership,No
100047,Foundations of Excellence,2024-11-20,Technical,Yes
100047,Business Strategy,2024-11-29,Management,Yes
100047,Advanced Communication,2025-02-10,Communication,Yes
100047,Data-Driven Decision Making,2025-08-06,Technical,Yes
100047,People Management Basics,2025-10-14,Management,Yes
100047,Cross-functional Collaboration,2025-10-26,Communication,Yes
100047,Executive Presence,2026-02-05,Leadership,Yes
100047,Project Management Fundamentals,2026-03-09,Technical,Yes
100048,Advanced Communication,2017-11-14,Communication,Yes
100048,Strategic Thinking,2017-12-24,Leadership,Yes
100048,Project Management Fundamentals,2019-05-22,Technical,Yes
100048,Data-Driven Decision Making,2020-08-28,Technical,Yes
100048,Communication Skills 101,2021-11-04,Communication,Yes
100048,Presentation Skills,2021-11-09,Communication,No
100048,Coaching Skills,2022-08-08,Leadership,No
100048,Compliance Basics,2023-12-19,Compliance,Yes
100048,Data Privacy & GDPR,2024-03-07,Compliance,No
100048,Change Management,2025-11-14,Leadership,No
100048,Cross-functional Collaboration,2026-04-11,Communication,Yes
100049,Compliance Basics,2017-07-14,Compliance,Yes
100049,Business Writing,2018-06-28,Communication,No
100049,Communication Skills 101,2019-08-26,Communication,Yes
100049,Strategic Thinking,2019-12-09,Leadership,Yes
100049,Project Management Fundamentals,2020-04-02,Technical,Yes
100049,Advanced Communication,2020-06-18,Communication,Yes
100049,People Management Basics,2020-09-19,Management,Yes
100049,Data Privacy & GDPR,2021-03-08,Compliance,No
100049,Data-Driven Decision Making,2021-07-14,Technical,Yes
100050,People Management Basics,2025-11-18,Management,Yes
100050,Leadership Essentials,2025-12-12,Leadership,Yes
100050,Presentation Skills,2026-01-04,Communication,No
100050,Strategic Thinking,2026-01-13,Leadership,Yes
100050,Workplace Safety,2026-01-25,Compliance,No
100050,Cross-functional Collaboration,2026-03-10,Communication,Yes
100050,Advanced Communication,2026-03-13,Communication,Yes
100050,Communication Skills 101,2026-04-17,Communication,Yes
100050,Project Management Fundamentals,2026-05-08,Technical,Yes
100050,Foundations of Excellence,2026-05-13,Technical,Yes
100050,Compliance Basics,2026-06-14,Compliance,Yes
100050,Cloud Computing Basics,2026-06-14,Technical,No
100051,Conflict Resolution,2020-07-30,Leadership,No
100051,Business Strategy,2020-11-03,Management,Yes
100051,Cloud Computing Basics,2021-04-05,Technical,No
100051,Cross-functional Collaboration,2021-07-16,Communication,Yes
100051,Advanced Communication,2021-07-31,Communication,Yes
100051,Strategic Thinking,2021-08-25,Leadership,Yes
100051,Organizational Leadership,2022-02-04,Management,Yes
100051,Compliance Basics,2022-03-04,Compliance,Yes
100051,Project Management Fundamentals,2022-03-12,Technical,Yes
100051,Foundations of Excellence,2022-04-10,Technical,Yes
100051,Power BI Fundamentals,2022-08-25,Technical,No
100051,Communication Skills 101,2023-01-17,Communication,Yes
100051,Executive Presence,2024-04-08,Leadership,Yes
100051,Executive Leadership Program,2024-04-23,Leadership,Yes
100052,Data-Driven Decision Making,2020-06-23,Technical,Yes
100052,Foundations of Excellence,2020-12-27,Technical,Yes
100052,Compliance Basics,2021-07-07,Compliance,Yes
100052,Strategic Thinking,2021-07-19,Leadership,Yes
100052,Python for Data Analysis,2024-08-11,Technical,No
100052,Communication Skills 101,2024-10-11,Communication,Yes
100052,Project Management Fundamentals,2025-05-13,Technical,Yes
100052,Workplace Safety,2025-07-05,Compliance,No
100052,Advanced Communication,2026-01-29,Communication,Yes
100053,Excel Advanced,2020-12-16,Technical,No
100053,Compliance Basics,2021-10-17,Compliance,Yes
100053,Project Management Fundamentals,2022-11-14,Technical,Yes
100053,Communication Skills 101,2023-05-26,Communication,Yes
100053,Foundations of Excellence,2026-03-12,Technical,Yes
100054,Compliance Basics,2025-07-26,Compliance,Yes
100054,Foundations of Excellence,2026-01-19,Technical,Yes
100054,Performance Management,2026-02-28,Management,No
100054,Presentation Skills,2026-03-07,Communication,No
100054,Change Management,2026-04-27,Leadership,No
100055,Project Management Fundamentals,2022-09-05,Technical,Yes
100055,Communication Skills 101,2022-10-14,Communication,Yes
100055,Cross-functional Collaboration,2022-12-15,Communication,Yes
100055,Business Writing,2023-03-22,Communication,No
100055,SQL Essentials,2024-02-06,Technical,No
100056,Communication Skills 101,2018-08-02,Communication,Yes
100056,Compliance Basics,2019-09-02,Compliance,Yes
100056,Project Management Fundamentals,2019-11-25,Technical,Yes
100056,Organizational Leadership,2020-03-20,Management,Yes
100056,Executive Presence,2022-08-28,Leadership,Yes
100056,Leadership Essentials,2022-12-05,Leadership,Yes
100056,People Management Basics,2023-04-17,Management,Yes
100056,Data-Driven Decision Making,2023-10-16,Technical,Yes
100056,Strategic Thinking,2023-10-27,Leadership,Yes
100056,Talent Acquisition,2024-10-18,Management,No
100056,Advanced Communication,2025-02-13,Communication,Yes
100057,Communication Skills 101,2017-10-27,Communication,Yes
100057,Advanced Communication,2018-03-23,Communication,Yes
100057,Change Management,2019-01-11,Leadership,No
100057,Leadership Essentials,2019-01-14,Leadership,Yes
100057,People Management Basics,2019-04-08,Management,Yes
100057,Cloud Computing Basics,2019-08-31,Technical,No
100057,Foundations of Excellence,2019-11-30,Technical,Yes
100057,Organizational Leadership,2021-04-22,Management,Yes
100057,Business Strategy,2022-07-04,Management,Yes
100057,Strategic Thinking,2023-06-30,Leadership,Yes
100057,Executive Leadership Program,2023-12-11,Leadership,Yes
100057,Compliance Basics,2025-05-06,Compliance,Yes
100057,Cross-functional Collaboration,2025-12-20,Communication,Yes
100057,Executive Presence,2026-04-08,Leadership,Yes
100057,Data-Driven Decision Making,2026-06-08,Technical,Yes
100058,Foundations of Excellence,2016-06-26,Technical,Yes
100058,Strategic Thinking,2016-08-31,Leadership,Yes
100058,Communication Skills 101,2017-07-14,Communication,Yes
100058,Project Management Fundamentals,2018-03-06,Technical,Yes
100058,Power BI Fundamentals,2020-02-10,Technical,No
100058,Advanced Communication,2023-08-31,Communication,Yes
100058,Leadership Essentials,2024-11-25,Leadership,Yes
100058,Compliance Basics,2025-01-03,Compliance,Yes
100058,People Management Basics,2025-02-03,Management,Yes
100058,Data-Driven Decision Making,2025-06-18,Technical,Yes
100059,Advanced Communication,2023-03-26,Communication,Yes
100059,Cross-functional Collaboration,2023-03-26,Communication,Yes
100059,Communication Skills 101,2023-03-29,Communication,Yes
100059,Business Writing,2023-09-29,Communication,No
100059,Executive Presence,2024-05-02,Leadership,Yes
100059,Project Management Fundamentals,2024-05-19,Technical,Yes
100059,Foundations of Excellence,2024-08-25,Technical,Yes
100059,Strategic Thinking,2024-08-27,Leadership,Yes
100059,Compliance Basics,2025-10-09,Compliance,Yes
100059,People Management Basics,2025-12-20,Management,Yes
100059,Leadership Essentials,2026-01-30,Leadership,Yes
100059,Organizational Leadership,2026-05-21,Management,Yes
100060,Talent Acquisition,2022-01-09,Management,No
100060,Compliance Basics,2022-06-30,Compliance,Yes
100060,Foundations of Excellence,2023-01-13,Technical,Yes
100060,Power BI Fundamentals,2024-04-01,Technical,No
100060,Project Management Fundamentals,2024-06-18,Technical,Yes
100060,Excel Advanced,2024-09-29,Technical,No
100060,Change Management,2025-10-31,Leadership,No
100060,Data Privacy & GDPR,2026-04-18,Compliance,No
100061,Compliance Basics,2020-03-25,Compliance,Yes
100061,Foundations of Excellence,2020-12-07,Technical,Yes
100061,Change Management,2022-07-31,Leadership,No
100061,Python for Data Analysis,2022-11-18,Technical,No
100061,Cloud Computing Basics,2023-11-24,Technical,No
100061,Performance Management,2024-01-16,Management,No
100061,Communication Skills 101,2024-03-08,Communication,Yes
100061,Advanced Communication,2026-03-25,Communication,Yes
100061,Project Management Fundamentals,2026-05-13,Technical,Yes
100062,Strategic Thinking,2026-02-21,Leadership,Yes
100062,Data-Driven Decision Making,2026-02-25,Technical,Yes
100062,Data Privacy & GDPR,2026-03-04,Compliance,No
100062,Negotiation Tactics,2026-03-20,Communication,No
100062,Cross-functional Collaboration,2026-03-22,Communication,Yes
100062,Advanced Communication,2026-03-25,Communication,Yes
100062,Communication Skills 101,2026-04-17,Communication,Yes
100062,Leadership Essentials,2026-04-23,Leadership,Yes
100062,Presentation Skills,2026-05-15,Communication,No
100062,People Management Basics,2026-05-17,Management,Yes
100062,Business Writing,2026-05-21,Communication,No
100062,Excel Advanced,2026-06-08,Technical,No
100063,SQL Essentials,2022-10-06,Technical,No
100063,Coaching Skills,2023-10-31,Leadership,No
100063,Communication Skills 101,2023-11-22,Communication,Yes
100063,Compliance Basics,2024-03-24,Compliance,Yes
100063,Project Management Fundamentals,2024-03-31,Technical,Yes
100063,Foundations of Excellence,2024-04-13,Technical,Yes
100063,Anti-Harassment Training,2024-08-19,Compliance,No
100063,Data Privacy & GDPR,2025-01-13,Compliance,No
100063,Strategic Thinking,2025-02-13,Leadership,Yes
100063,Data-Driven Decision Making,2025-08-29,Technical,Yes
100063,Python for Data Analysis,2025-10-16,Technical,No
100063,Advanced Communication,2025-12-29,Communication,Yes
100064,Workplace Safety,2016-08-14,Compliance,No
100064,Communication Skills 101,2019-12-11,Communication,Yes
100064,Compliance Basics,2022-04-14,Compliance,Yes
100064,Project Management Fundamentals,2023-08-09,Technical,Yes
100064,Advanced Communication,2025-08-18,Communication,Yes
100065,Project Management Fundamentals,2022-08-02,Technical,Yes
100065,Strategic Thinking,2023-04-26,Leadership,Yes
100065,Compliance Basics,2023-06-16,Compliance,Yes
100065,Performance Management,2024-01-21,Management,No
100065,Data-Driven Decision Making,2024-04-13,Technical,Yes
100065,Communication Skills 101,2024-09-16,Communication,Yes
100065,Anti-Harassment Training,2024-11-29,Compliance,No
100065,People Management Basics,2025-09-01,Management,Yes
100065,Cross-functional Collaboration,2025-09-24,Communication,Yes
100065,Advanced Communication,2026-03-04,Communication,Yes
100065,Leadership Essentials,2026-04-23,Leadership,Yes
100066,Strategic Thinking,2026-04-17,Leadership,Yes
100066,Project Management Fundamentals,2026-04-19,Technical,Yes
100066,Communication Skills 101,2026-04-24,Communication,Yes
100066,Compliance Basics,2026-05-02,Compliance,Yes
100066,Advanced Communication,2026-05-02,Communication,Yes
100066,Business Writing,2026-05-06,Communication,No
100066,Cross-functional Collaboration,2026-05-15,Communication,Yes
100066,Data-Driven Decision Making,2026-05-17,Technical,Yes
100066,Anti-Harassment Training,2026-06-08,Compliance,No
100066,Negotiation Tactics,2026-06-14,Communication,No
100066,Presentation Skills,2026-06-17,Communication,No
100067,Project Management Fundamentals,2022-07-24,Technical,Yes
100067,Business Writing,2022-09-30,Communication,No
100067,Business Strategy,2023-01-29,Management,Yes
100067,Workplace Safety,2023-05-09,Compliance,No
100067,Strategic Thinking,2023-05-19,Leadership,Yes
100067,Excel Advanced,2023-06-10,Technical,No
100067,Data Privacy & GDPR,2023-08-29,Compliance,No
100067,Executive Leadership Program,2024-01-18,Leadership,Yes
100067,Organizational Leadership,2024-02-09,Management,Yes
100067,Advanced Communication,2024-05-17,Communication,Yes
100067,Leadership Essentials,2024-11-07,Leadership,Yes
100067,Cross-functional Collaboration,2025-04-03,Communication,Yes
100067,Data-Driven Decision Making,2025-06-22,Technical,Yes
100067,Foundations of Excellence,2025-12-27,Technical,Yes
100067,Anti-Harassment Training,2026-02-24,Compliance,No
100067,Compliance Basics,2026-04-11,Compliance,Yes
100068,Compliance Basics,2022-06-03,Compliance,Yes
100068,Project Management Fundamentals,2022-12-02,Technical,Yes
100068,Business Writing,2022-12-21,Communication,No
100068,Presentation Skills,2023-02-16,Communication,No
100068,Communication Skills 101,2023-08-22,Communication,Yes
100068,Advanced Communication,2023-12-13,Communication,Yes
100068,Foundations of Excellence,2025-11-16,Technical,Yes
100068,Data-Driven Decision Making,2026-02-15,Technical,Yes
100069,Power BI Fundamentals,2022-11-18,Technical,No
100069,Executive Leadership Program,2022-12-12,Leadership,Yes
100069,Cross-functional Collaboration,2022-12-15,Communication,Yes
100069,Advanced Communication,2023-12-16,Communication,Yes
100069,Organizational Leadership,2023-12-22,Management,Yes
100069,Business Strategy,2023-12-22,Management,Yes
100069,Strategic Thinking,2024-01-04,Leadership,Yes
100069,Leadership Essentials,2024-09-09,Leadership,Yes
100069,People Management Basics,2025-01-22,Management,Yes
100069,Executive Presence,2025-03-09,Leadership,Yes
100069,Project Management Fundamentals,2025-04-25,Technical,Yes
100069,Performance Management,2025-07-05,Management,No
100069,Communication Skills 101,2025-08-10,Communication,Yes
100069,Foundations of Excellence,2025-09-01,Technical,Yes
100069,Data-Driven Decision Making,2025-09-01,Technical,Yes
100069,Compliance Basics,2026-01-08,Compliance,Yes
100070,Conflict Resolution,2018-07-06,Leadership,No
100070,Strategic Thinking,2020-06-20,Leadership,Yes
100070,Compliance Basics,2020-12-31,Compliance,Yes
100070,Data-Driven Decision Making,2021-01-04,Technical,Yes
100070,Communication Skills 101,2021-04-16,Communication,Yes
100070,Python for Data Analysis,2021-11-04,Technical,No
100070,Excel Advanced,2022-07-10,Technical,No
100070,Advanced Communication,2023-04-11,Communication,Yes
100070,Project Management Fundamentals,2025-09-06,Technical,Yes
100070,Foundations of Excellence,2026-03-12,Technical,Yes
100071,Change Management,2018-03-26,Leadership,No
100071,Coaching Skills,2018-08-02,Leadership,No
100071,Data-Driven Decision Making,2018-08-28,Technical,Yes
100071,Compliance Basics,2020-08-06,Compliance,Yes
100071,Advanced Communication,2021-04-04,Communication,Yes
100071,Project Management Fundamentals,2023-08-20,Technical,Yes
100071,Foundations of Excellence,2024-01-22,Technical,Yes
100072,Strategic Thinking,2024-12-01,Leadership,Yes
100072,Compliance Basics,2024-12-16,Compliance,Yes
100072,Foundations of Excellence,2025-01-26,Technical,Yes
100072,Project Management Fundamentals,2025-03-11,Technical,Yes
100072,Advanced Communication,2025-04-15,Communication,Yes
100072,Data-Driven Decision Making,2025-07-06,Technical,Yes
100072,Cross-functional Collaboration,2025-10-18,Communication,Yes
100072,SQL Essentials,2026-01-03,Technical,No
100072,Communication Skills 101,2026-02-11,Communication,Yes
100073,Foundations of Excellence,2021-03-09,Technical,Yes
100073,Negotiation Tactics,2021-08-22,Communication,No
100073,Power BI Fundamentals,2022-07-17,Technical,No
100073,Change Management,2023-02-17,Leadership,No
100073,Communication Skills 101,2023-09-02,Communication,Yes
100073,Compliance Basics,2024-09-13,Compliance,Yes
100073,Budget Planning,2025-09-24,Management,No
100074,Executive Leadership Program,2018-06-11,Leadership,Yes
100074,Compliance Basics,2019-07-22,Compliance,Yes
100074,Project Management Fundamentals,2020-11-14,Technical,Yes
100074,Foundations of Excellence,2021-04-07,Technical,Yes
100074,Executive Presence,2021-06-30,Leadership,Yes
100074,Advanced Communication,2021-08-05,Communication,Yes
100074,Business Strategy,2023-03-12,Management,Yes
100074,Presentation Skills,2023-04-23,Communication,No
100074,Leadership Essentials,2023-06-16,Leadership,Yes
100074,Strategic Thinking,2023-12-03,Leadership,Yes
100074,Power BI Fundamentals,2024-04-27,Technical,No
100074,People Management Basics,2024-05-31,Management,Yes
100074,Organizational Leadership,2024-07-07,Management,Yes
100074,Data-Driven Decision Making,2025-10-09,Technical,Yes
100074,Cross-functional Collaboration,2026-04-07,Communication,Yes
100075,People Management Basics,2025-07-11,Management,Yes
100075,Communication Skills 101,2025-08-20,Communication,Yes
100075,Data-Driven Decision Making,2025-11-06,Technical,Yes
100075,Strategic Thinking,2025-11-09,Leadership,Yes
100075,Compliance Basics,2025-12-09,Compliance,Yes
100075,Advanced Communication,2026-01-07,Communication,Yes
100075,Project Management Fundamentals,2026-02-07,Technical,Yes
100075,Leadership Essentials,2026-03-01,Leadership,Yes
100075,Cross-functional Collaboration,2026-03-10,Communication,Yes
100075,Power BI Fundamentals,2026-03-17,Technical,No
100075,Executive Presence,2026-05-05,Leadership,Yes
100076,Leadership Essentials,2024-09-09,Leadership,Yes
100076,Cross-functional Collaboration,2024-10-09,Communication,Yes
100076,Compliance Basics,2024-10-30,Compliance,Yes
100076,Business Strategy,2024-12-08,Management,Yes
100076,Executive Presence,2025-01-25,Leadership,Yes
100076,Talent Acquisition,2025-02-11,Management,No
100076,Advanced Communication,2025-02-20,Communication,Yes
100076,Communication Skills 101,2025-08-14,Communication,Yes
100076,Executive Leadership Program,2025-08-28,Leadership,Yes
100076,Data Privacy & GDPR,2025-10-31,Compliance,No
100076,Project Management Fundamentals,2025-12-27,Technical,Yes
100076,Data-Driven Decision Making,2026-01-01,Technical,Yes
100076,Strategic Thinking,2026-02-16,Leadership,Yes
100076,Change Management,2026-04-30,Leadership,No
100076,Organizational Leadership,2026-05-22,Management,Yes
100077,Communication Skills 101,2020-03-04,Communication,Yes
100077,Data-Driven Decision Making,2020-11-17,Technical,Yes
100077,Project Management Fundamentals,2021-05-11,Technical,Yes
100077,Advanced Communication,2021-07-06,Communication,Yes
100077,Cross-functional Collaboration,2021-07-08,Communication,Yes
100077,Leadership Essentials,2022-08-12,Leadership,Yes
100077,Python for Data Analysis,2022-12-27,Technical,No
100077,Foundations of Excellence,2023-04-03,Technical,Yes
100077,Compliance Basics,2023-11-18,Compliance,Yes
100078,Data-Driven Decision Making,2021-11-11,Technical,Yes
100078,Project Management Fundamentals,2022-05-12,Technical,Yes
100078,Presentation Skills,2023-03-30,Communication,No
100078,Communication Skills 101,2023-05-27,Communication,Yes
100078,Strategic Thinking,2023-08-15,Leadership,Yes
100078,Conflict Resolution,2024-06-08,Leadership,No
100078,Anti-Harassment Training,2025-04-23,Compliance,No
100078,Advanced Communication,2025-09-12,Communication,Yes
100078,Compliance Basics,2026-06-17,Compliance,Yes
100079,Communication Skills 101,2020-11-30,Communication,Yes
100079,Strategic Thinking,2021-01-18,Leadership,Yes
100079,Cross-functional Collaboration,2021-02-15,Communication,Yes
100079,Project Management Fundamentals,2021-12-03,Technical,Yes
100079,People Management Basics,2022-07-16,Management,Yes
100079,Leadership Essentials,2023-02-07,Leadership,Yes
100079,Foundations of Excellence,2023-03-02,Technical,Yes
100079,Data-Driven Decision Making,2023-05-17,Technical,Yes
100079,Anti-Harassment Training,2024-11-19,Compliance,No
100079,Advanced Communication,2024-12-24,Communication,Yes
100079,Executive Presence,2025-08-01,Leadership,Yes
100080,Budget Planning,2019-02-23,Management,No
100080,Advanced Communication,2020-01-03,Communication,Yes
100080,Excel Advanced,2020-04-17,Technical,No
100080,Cross-functional Collaboration,2021-10-06,Communication,Yes
100080,Data-Driven Decision Making,2021-10-11,Technical,Yes
100080,Compliance Basics,2022-02-08,Compliance,Yes
100080,Communication Skills 101,2022-11-23,Communication,Yes
100080,Project Management Fundamentals,2023-07-29,Technical,Yes
100080,Presentation Skills,2024-09-18,Communication,No
100080,Talent Acquisition,2024-10-06,Management,No
100080,Leadership Essentials,2026-05-27,Leadership,Yes
100081,Strategic Thinking,2025-11-10,Leadership,Yes
100081,Data-Driven Decision Making,2025-11-11,Technical,Yes
100081,Advanced Communication,2025-11-14,Communication,Yes
100081,Cross-functional Collaboration,2025-12-17,Communication,Yes
100081,Communication Skills 101,2025-12-22,Communication,Yes
100081,Project Management Fundamentals,2026-01-09,Technical,Yes
100081,Budget Planning,2026-01-15,Management,No
100081,Negotiation Tactics,2026-01-19,Communication,No
100081,Talent Acquisition,2026-02-07,Management,No
100081,Leadership Essentials,2026-02-18,Leadership,Yes
100081,People Management Basics,2026-03-15,Management,Yes
100081,Compliance Basics,2026-03-20,Compliance,Yes
100081,Foundations of Excellence,2026-03-21,Technical,Yes
100082,Coaching Skills,2023-09-19,Leadership,No
100082,People Management Basics,2023-10-10,Management,Yes
100082,Cross-functional Collaboration,2024-01-27,Communication,Yes
100082,Project Management Fundamentals,2024-05-02,Technical,Yes
100082,Compliance Basics,2024-10-01,Compliance,Yes
100082,Strategic Thinking,2025-02-09,Leadership,Yes
100082,Conflict Resolution,2025-04-09,Leadership,No
100082,Data-Driven Decision Making,2025-08-21,Technical,Yes
100082,Advanced Communication,2025-09-26,Communication,Yes
100082,Foundations of Excellence,2026-04-30,Technical,Yes
100082,Leadership Essentials,2026-05-11,Leadership,Yes
100083,Communication Skills 101,2022-05-12,Communication,Yes
100083,Cross-functional Collaboration,2022-06-02,Communication,Yes
100083,Project Management Fundamentals,2022-06-16,Technical,Yes
100083,Foundations of Excellence,2022-06-24,Technical,Yes
100083,Compliance Basics,2024-03-07,Compliance,Yes
100083,Advanced Communication,2024-09-05,Communication,Yes
100083,People Management Basics,2024-09-22,Management,Yes
100083,Leadership Essentials,2024-12-05,Leadership,Yes
100083,Strategic Thinking,2025-03-02,Leadership,Yes
100083,Data-Driven Decision Making,2025-11-29,Technical,Yes
100083,Conflict Resolution,2026-03-24,Leadership,No
100084,Data-Driven Decision Making,2020-01-21,Technical,Yes
100084,Cross-functional Collaboration,2020-02-08,Communication,Yes
100084,Compliance Basics,2020-03-25,Compliance,Yes
100084,SQL Essentials,2020-04-18,Technical,No
100084,Leadership Essentials,2023-01-11,Leadership,Yes
100084,Advanced Communication,2023-06-10,Communication,Yes
100084,People Management Basics,2024-08-22,Management,Yes
100084,Strategic Thinking,2024-09-01,Leadership,Yes
100084,Foundations of Excellence,2024-09-07,Technical,Yes
100084,Business Writing,2025-09-20,Communication,No
100085,Organizational Leadership,2022-12-11,Management,Yes
100085,Strategic Thinking,2023-07-19,Leadership,Yes
100085,Compliance Basics,2023-08-20,Compliance,Yes
100085,Conflict Resolution,2023-11-02,Leadership,No
100085,Data-Driven Decision Making,2024-01-30,Technical,Yes
100085,Executive Presence,2024-02-13,Leadership,Yes
100085,Foundations of Excellence,2024-03-16,Technical,Yes
100085,People Management Basics,2024-04-06,Management,Yes
100085,Cross-functional Collaboration,2024-05-19,Communication,Yes
100085,Advanced Communication,2025-03-06,Communication,Yes
100085,Leadership Essentials,2025-04-13,Leadership,Yes
100085,Excel Advanced,2025-08-19,Technical,No
100085,Workplace Safety,2025-12-26,Compliance,No
100085,Project Management Fundamentals,2026-04-15,Technical,Yes
100086,Cloud Computing Basics,2023-06-18,Technical,No
100086,Compliance Basics,2023-07-05,Compliance,Yes
100086,Talent Acquisition,2024-07-06,Management,No
100086,Communication Skills 101,2024-08-07,Communication,Yes
100086,Foundations of Excellence,2025-03-08,Technical,Yes
100086,Python for Data Analysis,2025-04-15,Technical,No
100086,Project Management Fundamentals,2025-05-11,Technical,Yes
100086,Advanced Communication,2026-01-24,Communication,Yes
100087,Communication Skills 101,2020-10-02,Communication,Yes
100087,Compliance Basics,2021-09-12,Compliance,Yes
100087,Data-Driven Decision Making,2021-09-19,Technical,Yes
100087,Project Management Fundamentals,2025-02-12,Technical,Yes
100087,Advanced Communication,2025-05-18,Communication,Yes
100087,Data Privacy & GDPR,2026-01-12,Compliance,No
100088,Anti-Harassment Training,2022-10-30,Compliance,No
100088,Foundations of Excellence,2023-01-02,Technical,Yes
100088,Project Management Fundamentals,2023-12-09,Technical,Yes
100088,Advanced Communication,2023-12-22,Communication,Yes
100088,Data-Driven Decision Making,2024-10-28,Technical,Yes
100088,Communication Skills 101,2025-02-14,Communication,Yes
100088,Python for Data Analysis,2025-10-19,Technical,No
100088,Compliance Basics,2026-06-09,Compliance,Yes
100089,Leadership Essentials,2018-09-13,Leadership,Yes
100089,Anti-Harassment Training,2018-10-18,Compliance,No
100089,Foundations of Excellence,2019-08-05,Technical,Yes
100089,Change Management,2019-09-02,Leadership,No
100089,Project Management Fundamentals,2019-11-01,Technical,Yes
100089,Communication Skills 101,2020-03-18,Communication,Yes
100089,Cross-functional Collaboration,2020-03-27,Communication,Yes
100089,Conflict Resolution,2020-04-08,Leadership,No
100089,Executive Presence,2021-05-01,Leadership,Yes
100089,Compliance Basics,2022-03-22,Compliance,Yes
100089,Data-Driven Decision Making,2023-03-07,Technical,Yes
100089,Power BI Fundamentals,2023-10-04,Technical,No
100089,Strategic Thinking,2023-12-26,Leadership,Yes
100089,People Management Basics,2024-08-23,Management,Yes
100089,Advanced Communication,2025-01-24,Communication,Yes
100089,Organizational Leadership,2025-08-21,Management,Yes
100090,Leadership Essentials,2019-08-27,Leadership,Yes
100090,Data-Driven Decision Making,2021-04-05,Technical,Yes
100090,Talent Acquisition,2022-03-15,Management,No
100090,Compliance Basics,2023-06-04,Compliance,Yes
100090,Project Management Fundamentals,2024-12-24,Technical,Yes
100090,Strategic Thinking,2025-06-25,Leadership,Yes
100090,Advanced Communication,2025-12-12,Communication,Yes
100090,Cross-functional Collaboration,2026-03-25,Communication,Yes
100091,Communication Skills 101,2024-05-02,Communication,Yes
100091,SQL Essentials,2024-05-12,Technical,No
100091,Foundations of Excellence,2024-06-11,Technical,Yes
100091,Negotiation Tactics,2024-07-13,Communication,No
100091,Python for Data Analysis,2024-07-17,Technical,No
100091,Compliance Basics,2024-09-08,Compliance,Yes
100092,Change Management,2022-10-30,Leadership,No
100092,Advanced Communication,2023-02-17,Communication,Yes
100092,Negotiation Tactics,2023-02-22,Communication,No
100092,Project Management Fundamentals,2023-10-18,Technical,Yes
100092,Presentation Skills,2023-12-19,Communication,No
100092,Strategic Thinking,2024-01-06,Leadership,Yes
100092,Communication Skills 101,2024-04-26,Communication,Yes
100092,Foundations of Excellence,2024-11-27,Technical,Yes
100092,Compliance Basics,2025-06-06,Compliance,Yes
100092,Data-Driven Decision Making,2026-06-01,Technical,Yes
100093,Conflict Resolution,2019-04-15,Leadership,No
100093,Data-Driven Decision Making,2020-08-19,Technical,Yes
100093,Project Management Fundamentals,2021-01-22,Technical,Yes
100093,People Management Basics,2021-02-07,Management,Yes
100093,Strategic Thinking,2021-02-11,Leadership,Yes
100093,Advanced Communication,2021-08-15,Communication,Yes
100093,Cross-functional Collaboration,2022-12-07,Communication,Yes
100093,Compliance Basics,2023-11-10,Compliance,Yes
100093,Communication Skills 101,2026-02-07,Communication,Yes
100094,People Management Basics,2025-03-31,Management,Yes
100094,Excel Advanced,2025-10-08,Technical,No
100094,Anti-Harassment Training,2025-12-02,Compliance,No
100094,Cross-functional Collaboration,2025-12-07,Communication,Yes
100094,Power BI Fundamentals,2025-12-17,Technical,No
100094,Compliance Basics,2026-01-05,Compliance,Yes
100094,Cloud Computing Basics,2026-01-07,Technical,No
100094,Project Management Fundamentals,2026-02-04,Technical,Yes
100094,Talent Acquisition,2026-02-13,Management,No
100094,Data-Driven Decision Making,2026-03-07,Technical,Yes
100094,Leadership Essentials,2026-04-04,Leadership,Yes
100094,Communication Skills 101,2026-05-30,Communication,Yes
100095,Compliance Basics,2021-11-10,Compliance,Yes
100095,Change Management,2022-01-07,Leadership,No
100095,Business Writing,2022-01-14,Communication,No
100095,Communication Skills 101,2022-12-24,Communication,Yes
100095,Talent Acquisition,2023-09-05,Management,No
100095,Project Management Fundamentals,2024-06-07,Technical,Yes
100095,Data-Driven Decision Making,2025-06-19,Technical,Yes
100095,Foundations of Excellence,2025-11-04,Technical,Yes
100095,Workplace Safety,2025-11-07,Compliance,No
100096,Cross-functional Collaboration,2021-08-29,Communication,Yes
100096,Strategic Thinking,2022-01-07,Leadership,Yes
100096,Power BI Fundamentals,2022-02-20,Technical,No
100096,Business Strategy,2022-05-31,Management,Yes
100096,Communication Skills 101,2022-07-16,Communication,Yes
100096,Compliance Basics,2022-08-28,Compliance,Yes
100096,Executive Presence,2023-01-28,Leadership,Yes
100096,People Management Basics,2023-03-17,Management,Yes
100096,Coaching Skills,2023-03-21,Leadership,No
100096,Advanced Communication,2023-06-12,Communication,Yes
100096,Project Management Fundamentals,2023-07-25,Technical,Yes
100096,Organizational Leadership,2024-05-20,Management,Yes
100096,Foundations of Excellence,2024-09-05,Technical,Yes
100096,Leadership Essentials,2025-09-15,Leadership,Yes
100096,Data-Driven Decision Making,2025-10-03,Technical,Yes
100097,Presentation Skills,2024-06-25,Communication,No
100097,Workplace Safety,2024-07-03,Compliance,No
100097,Communication Skills 101,2025-02-05,Communication,Yes
100097,Foundations of Excellence,2025-03-04,Technical,Yes
100098,Advanced Communication,2020-10-01,Communication,Yes
100098,Data Privacy & GDPR,2021-09-04,Compliance,No
100098,Project Management Fundamentals,2024-10-09,Technical,Yes
100098,Data-Driven Decision Making,2024-12-17,Technical,Yes
100098,Foundations of Excellence,2025-06-03,Technical,Yes
100099,People Management Basics,2022-05-23,Management,Yes
100099,Data Privacy & GDPR,2023-04-06,Compliance,No
100099,Data-Driven Decision Making,2023-04-19,Technical,Yes
100099,Workplace Safety,2023-05-04,Compliance,No
100099,Compliance Basics,2023-08-22,Compliance,Yes
100099,Leadership Essentials,2024-04-02,Leadership,Yes
100099,Business Writing,2024-12-02,Communication,No
100099,Organizational Leadership,2025-06-22,Management,Yes
100099,Foundations of Excellence,2025-07-21,Technical,Yes
100099,Advanced Communication,2025-08-11,Communication,Yes
100099,Executive Presence,2025-08-30,Leadership,Yes
100099,Project Management Fundamentals,2025-10-28,Technical,Yes
100099,Communication Skills 101,2026-01-01,Communication,Yes
100099,Power BI Fundamentals,2026-03-04,Technical,No
100100,Foundations of Excellence,2022-01-10,Technical,Yes
100100,Excel Advanced,2022-03-25,Technical,No
100100,Compliance Basics,2023-02-09,Compliance,Yes
100100,Project Management Fundamentals,2024-12-03,Technical,Yes
100100,Strategic Thinking,2025-02-09,Leadership,Yes
100100,Communication Skills 101,2025-11-24,Communication,Yes
100100,Coaching Skills,2025-12-12,Leadership,No
100101,Project Management Fundamentals,2025-11-14,Technical,Yes
100101,Advanced Communication,2025-11-16,Communication,Yes
100101,Communication Skills 101,2026-04-11,Communication,Yes
100101,Data-Driven Decision Making,2026-04-13,Technical,Yes
100101,Foundations of Excellence,2026-04-19,Technical,Yes
100101,Compliance Basics,2026-05-08,Compliance,Yes
100101,Performance Management,2026-05-26,Management,No
100102,Data-Driven Decision Making,2025-05-01,Technical,Yes
100102,Coaching Skills,2025-05-08,Leadership,No
100102,Leadership Essentials,2025-06-25,Leadership,Yes
100102,Executive Leadership Program,2025-07-01,Leadership,Yes
100102,Strategic Thinking,2025-07-06,Leadership,Yes
100102,SQL Essentials,2025-09-10,Technical,No
100102,Performance Management,2025-10-06,Management,No
100102,Project Management Fundamentals,2025-10-22,Technical,Yes
100102,Foundations of Excellence,2025-11-02,Technical,Yes
100102,Cross-functional Collaboration,2025-11-21,Communication,Yes
100102,People Management Basics,2025-12-29,Management,Yes
100102,Executive Presence,2026-02-13,Leadership,Yes
100102,Compliance Basics,2026-02-16,Compliance,Yes
100102,Advanced Communication,2026-03-18,Communication,Yes
100102,Communication Skills 101,2026-05-18,Communication,Yes
100103,Foundations of Excellence,2020-07-09,Technical,Yes
100103,Compliance Basics,2022-02-12,Compliance,Yes
100103,Coaching Skills,2023-05-08,Leadership,No
100103,Communication Skills 101,2023-10-05,Communication,Yes
100103,Advanced Communication,2025-04-09,Communication,Yes
100103,Project Management Fundamentals,2025-05-31,Technical,Yes
100103,Data-Driven Decision Making,2025-12-03,Technical,Yes
100104,Project Management Fundamentals,2022-04-13,Technical,Yes
100104,Data-Driven Decision Making,2022-09-14,Technical,Yes
100104,Foundations of Excellence,2023-11-06,Technical,Yes
100104,Excel Advanced,2023-11-29,Technical,No
100104,Compliance Basics,2024-08-29,Compliance,Yes
100104,Advanced Communication,2025-07-13,Communication,Yes
100104,Communication Skills 101,2026-05-08,Communication,Yes
100105,Cross-functional Collaboration,2018-09-26,Communication,Yes
100105,Presentation Skills,2019-11-21,Communication,No
100105,Change Management,2020-09-01,Leadership,No
100105,Communication Skills 101,2021-10-25,Communication,Yes
100105,Compliance Basics,2022-06-26,Compliance,Yes
100105,Cloud Computing Basics,2022-12-12,Technical,No
100105,Foundations of Excellence,2023-02-17,Technical,Yes
100105,SQL Essentials,2023-05-25,Technical,No
100105,Excel Advanced,2023-07-24,Technical,No
100105,Advanced Communication,2025-09-02,Communication,Yes
100105,Project Management Fundamentals,2025-09-05,Technical,Yes
100105,Data-Driven Decision Making,2025-10-14,Technical,Yes
100105,Strategic Thinking,2026-01-04,Leadership,Yes
100106,Foundations of Excellence,2023-10-06,Technical,Yes
100106,Compliance Basics,2023-11-09,Compliance,Yes
100106,Advanced Communication,2023-12-02,Communication,Yes
100106,Communication Skills 101,2024-02-02,Communication,Yes
100106,Project Management Fundamentals,2024-08-11,Technical,Yes
100106,Data-Driven Decision Making,2024-09-10,Technical,Yes
100106,Business Writing,2024-09-10,Communication,No
100106,Anti-Harassment Training,2024-11-02,Compliance,No
100106,Cross-functional Collaboration,2025-02-05,Communication,Yes
100106,Strategic Thinking,2025-07-09,Leadership,Yes
100107,Workplace Safety,2024-12-21,Compliance,No
100107,Coaching Skills,2025-02-16,Leadership,No
100107,Anti-Harassment Training,2025-02-23,Compliance,No
100107,Project Management Fundamentals,2025-05-15,Technical,Yes
100107,Communication Skills 101,2025-07-30,Communication,Yes
100107,Data-Driven Decision Making,2025-08-23,Technical,Yes
100107,Compliance Basics,2025-12-03,Compliance,Yes
100107,Foundations of Excellence,2025-12-07,Technical,Yes
100107,Excel Advanced,2026-01-07,Technical,No
100108,Executive Leadership Program,2019-01-16,Leadership,Yes
100108,Project Management Fundamentals,2020-02-03,Technical,Yes
100108,Data-Driven Decision Making,2020-02-23,Technical,Yes
100108,Advanced Communication,2022-05-26,Communication,Yes
100108,Organizational Leadership,2022-07-24,Management,Yes
100108,Cross-functional Collaboration,2022-07-30,Communication,Yes
100108,Anti-Harassment Training,2023-02-17,Compliance,No
100108,Executive Presence,2023-11-13,Leadership,Yes
100108,Compliance Basics,2024-04-18,Compliance,Yes
100108,Leadership Essentials,2024-06-06,Leadership,Yes
100108,Communication Skills 101,2024-07-30,Communication,Yes
100108,Strategic Thinking,2025-03-03,Leadership,Yes
100108,People Management Basics,2025-11-05,Management,Yes
100109,Advanced Communication,2017-07-09,Communication,Yes
100109,Strategic Thinking,2017-10-01,Leadership,Yes
100109,Communication Skills 101,2019-05-02,Communication,Yes
100109,People Management Basics,2022-01-20,Management,Yes
100109,Foundations of Excellence,2022-08-30,Technical,Yes
100109,Data-Driven Decision Making,2024-09-13,Technical,Yes
100109,Project Management Fundamentals,2024-11-14,Technical,Yes
100109,Compliance Basics,2025-02-24,Compliance,Yes
100109,Executive Presence,2025-04-23,Leadership,Yes
100109,Cross-functional Collaboration,2025-05-19,Communication,Yes
100109,Talent Acquisition,2025-08-13,Management,No
100110,Strategic Thinking,2022-11-06,Leadership,Yes
100110,Cloud Computing Basics,2022-12-05,Technical,No
100110,Project Management Fundamentals,2023-01-15,Technical,Yes
100110,Cross-functional Collaboration,2023-03-28,Communication,Yes
100110,Foundations of Excellence,2023-06-27,Technical,Yes
100110,Talent Acquisition,2023-12-22,Management,No
100110,Data-Driven Decision Making,2024-03-22,Technical,Yes
100110,Communication Skills 101,2024-11-05,Communication,Yes
100110,Excel Advanced,2024-12-11,Technical,No
100110,Advanced Communication,2024-12-31,Communication,Yes
100110,Compliance Basics,2025-05-23,Compliance,Yes
100110,Leadership Essentials,2025-08-30,Leadership,Yes
100110,Business Writing,2025-09-25,Communication,No
100111,Advanced Communication,2021-05-02,Communication,Yes
100111,Coaching Skills,2021-06-30,Leadership,No
100111,Workplace Safety,2021-09-14,Compliance,No
100111,Compliance Basics,2021-10-03,Compliance,Yes
100111,Foundations of Excellence,2021-12-22,Technical,Yes
100111,Communication Skills 101,2022-07-02,Communication,Yes
100111,Data-Driven Decision Making,2022-10-26,Technical,Yes
100111,Conflict Resolution,2024-05-08,Leadership,No
100111,Project Management Fundamentals,2025-05-30,Technical,Yes
100111,Performance Management,2025-12-01,Management,No
100111,Excel Advanced,2026-03-26,Technical,No
100112,Advanced Communication,2019-07-11,Communication,Yes
100112,Foundations of Excellence,2019-07-14,Technical,Yes
100112,Data-Driven Decision Making,2020-03-08,Technical,Yes
100112,Cross-functional Collaboration,2020-05-31,Communication,Yes
100112,People Management Basics,2021-07-22,Management,Yes
100112,SQL Essentials,2022-01-31,Technical,No
100112,Workplace Safety,2022-02-17,Compliance,No
100112,Communication Skills 101,2022-07-18,Communication,Yes
100112,Project Management Fundamentals,2023-01-04,Technical,Yes
100112,Strategic Thinking,2023-01-16,Leadership,Yes
100112,Compliance Basics,2024-03-08,Compliance,Yes
100112,Cloud Computing Basics,2024-11-21,Technical,No
100112,Leadership Essentials,2024-12-08,Leadership,Yes
100113,Foundations of Excellence,2017-10-11,Technical,Yes
100113,Power BI Fundamentals,2018-12-04,Technical,No
100113,Workplace Safety,2019-01-14,Compliance,No
100113,Presentation Skills,2020-08-04,Communication,No
100113,Performance Management,2022-01-06,Management,No
100113,Communication Skills 101,2022-01-20,Communication,Yes
100113,SQL Essentials,2022-03-21,Technical,No
100113,Data-Driven Decision Making,2025-02-18,Technical,Yes
100113,Compliance Basics,2025-10-17,Compliance,Yes
100114,Communication Skills 101,2019-11-01,Communication,Yes
100114,Advanced Communication,2019-12-22,Communication,Yes
100114,Cloud Computing Basics,2020-01-16,Technical,No
100114,Compliance Basics,2021-11-22,Compliance,Yes
100114,Project Management Fundamentals,2023-10-08,Technical,Yes
100114,Foundations of Excellence,2023-11-23,Technical,Yes
100114,Negotiation Tactics,2024-09-30,Communication,No
100115,Data-Driven Decision Making,2018-08-23,Technical,Yes
100115,Change Management,2018-12-22,Leadership,No
100115,Negotiation Tactics,2019-08-06,Communication,No
100115,Project Management Fundamentals,2020-04-24,Technical,Yes
100115,Anti-Harassment Training,2020-09-20,Compliance,No
100115,Compliance Basics,2021-11-18,Compliance,Yes
100115,Excel Advanced,2021-11-24,Technical,No
100115,Communication Skills 101,2022-06-12,Communication,Yes
100115,Advanced Communication,2022-09-28,Communication,Yes
100115,Budget Planning,2023-01-31,Management,No
100115,Foundations of Excellence,2024-06-24,Technical,Yes
100116,Project Management Fundamentals,2025-08-21,Technical,Yes
100116,Negotiation Tactics,2025-09-24,Communication,No
100116,Compliance Basics,2025-10-07,Compliance,Yes
100116,Communication Skills 101,2025-10-11,Communication,Yes
100116,Anti-Harassment Training,2025-10-18,Compliance,No
100116,Talent Acquisition,2025-12-18,Management,No
100116,Cloud Computing Basics,2025-12-21,Technical,No
100116,Foundations of Excellence,2026-01-25,Technical,Yes
100116,Advanced Communication,2026-01-30,Communication,Yes
100116,Conflict Resolution,2026-02-26,Leadership,No
100117,Project Management Fundamentals,2023-07-02,Technical,Yes
100117,Advanced Communication,2023-09-28,Communication,Yes
100117,Leadership Essentials,2023-11-09,Leadership,Yes
100117,Communication Skills 101,2024-04-04,Communication,Yes
100117,Change Management,2024-05-27,Leadership,No
100117,People Management Basics,2024-06-04,Management,Yes
100117,Data-Driven Decision Making,2024-08-01,Technical,Yes
100117,Strategic Thinking,2024-10-19,Leadership,Yes
100117,Power BI Fundamentals,2024-11-20,Technical,No
100117,Foundations of Excellence,2025-04-09,Technical,Yes
100117,Excel Advanced,2025-09-19,Technical,No
100117,Cross-functional Collaboration,2026-05-07,Communication,Yes
100117,Organizational Leadership,2026-05-21,Management,Yes
100118,Foundations of Excellence,2021-08-12,Technical,Yes
100118,Executive Leadership Program,2021-12-28,Leadership,Yes
100118,People Management Basics,2022-02-10,Management,Yes
100118,Organizational Leadership,2022-03-12,Management,Yes
100118,Executive Presence,2022-05-10,Leadership,Yes
100118,Cross-functional Collaboration,2022-11-11,Communication,Yes
100118,Project Management Fundamentals,2023-10-10,Technical,Yes
100118,Compliance Basics,2024-01-01,Compliance,Yes
100118,Workplace Safety,2024-08-10,Compliance,No
100118,Advanced Communication,2024-12-11,Communication,Yes
100118,Communication Skills 101,2025-01-02,Communication,Yes
100118,Business Strategy,2025-05-08,Management,Yes
100118,Data-Driven Decision Making,2025-12-21,Technical,Yes
100118,Strategic Thinking,2026-02-28,Leadership,Yes
100119,Strategic Thinking,2020-10-20,Leadership,Yes
100119,Project Management Fundamentals,2021-07-31,Technical,Yes
100119,Foundations of Excellence,2021-09-14,Technical,Yes
100119,People Management Basics,2021-11-30,Management,Yes
100119,Communication Skills 101,2022-02-20,Communication,Yes
100119,Leadership Essentials,2022-04-18,Leadership,Yes
100119,Advanced Communication,2023-07-02,Communication,Yes
100119,Workplace Safety,2023-08-27,Compliance,No
100119,Compliance Basics,2024-02-10,Compliance,Yes
100119,Data-Driven Decision Making,2026-01-22,Technical,Yes
100119,Change Management,2026-03-20,Leadership,No
100120,Coaching Skills,2026-01-26,Leadership,No
100120,Communication Skills 101,2026-01-30,Communication,Yes
100120,Compliance Basics,2026-02-12,Compliance,Yes
100120,Performance Management,2026-03-01,Management,No
100120,Foundations of Excellence,2026-05-13,Technical,Yes
100120,Project Management Fundamentals,2026-06-14,Technical,Yes
100121,Strategic Thinking,2016-12-11,Leadership,Yes
100121,Cross-functional Collaboration,2018-04-16,Communication,Yes
100121,Excel Advanced,2018-09-14,Technical,No
100121,Data-Driven Decision Making,2019-05-29,Technical,Yes
100121,Communication Skills 101,2019-10-11,Communication,Yes
100121,Compliance Basics,2019-11-23,Compliance,Yes
100121,Advanced Communication,2020-12-29,Communication,Yes
100121,Foundations of Excellence,2021-09-18,Technical,Yes
100121,Project Management Fundamentals,2022-04-03,Technical,Yes
100121,People Management Basics,2023-02-01,Management,Yes
100121,Python for Data Analysis,2024-02-21,Technical,No
100121,Anti-Harassment Training,2024-11-24,Compliance,No
100121,Leadership Essentials,2024-12-27,Leadership,Yes
100122,Advanced Communication,2018-04-06,Communication,Yes
100122,Communication Skills 101,2018-10-07,Communication,Yes
100122,Project Management Fundamentals,2018-12-02,Technical,Yes
100122,Compliance Basics,2019-03-30,Compliance,Yes
100122,Foundations of Excellence,2020-01-28,Technical,Yes
100122,Conflict Resolution,2020-05-15,Leadership,No
100122,Cross-functional Collaboration,2021-08-31,Communication,Yes
100122,Power BI Fundamentals,2023-03-08,Technical,No
100122,Cloud Computing Basics,2024-11-29,Technical,No
100122,Strategic Thinking,2025-06-26,Leadership,Yes
100122,Anti-Harassment Training,2026-05-11,Compliance,No
100123,Data-Driven Decision Making,2020-06-07,Technical,Yes
100123,Budget Planning,2021-11-23,Management,No
100123,Foundations of Excellence,2021-12-14,Technical,Yes
100123,Communication Skills 101,2022-04-20,Communication,Yes
100123,People Management Basics,2022-09-30,Management,Yes
100123,Strategic Thinking,2023-04-25,Leadership,Yes
100123,Advanced Communication,2023-07-28,Communication,Yes
100123,SQL Essentials,2024-01-07,Technical,No
100123,Project Management Fundamentals,2024-02-10,Technical,Yes
100123,Cross-functional Collaboration,2025-03-01,Communication,Yes
100123,Compliance Basics,2025-07-24,Compliance,Yes
100124,Strategic Thinking,2019-06-26,Leadership,Yes
100124,Foundations of Excellence,2021-03-02,Technical,Yes
100124,Cross-functional Collaboration,2021-10-30,Communication,Yes
100124,Data-Driven Decision Making,2022-01-17,Technical,Yes
100124,People Management Basics,2022-05-06,Management,Yes
100124,Executive Presence,2023-06-08,Leadership,Yes
100124,Leadership Essentials,2024-01-15,Leadership,Yes
100124,Advanced Communication,2025-09-23,Communication,Yes
100124,Compliance Basics,2025-09-25,Compliance,Yes
100124,Communication Skills 101,2026-01-26,Communication,Yes
100124,SQL Essentials,2026-03-06,Technical,No
100124,Conflict Resolution,2026-04-28,Leadership,No
100124,Project Management Fundamentals,2026-04-30,Technical,Yes
100125,Data-Driven Decision Making,2019-03-29,Technical,Yes
100125,Advanced Communication,2019-04-20,Communication,Yes
100125,Leadership Essentials,2019-08-22,Leadership,Yes
100125,Foundations of Excellence,2019-11-29,Technical,Yes
100125,People Management Basics,2020-01-27,Management,Yes
100125,Cross-functional Collaboration,2020-03-19,Communication,Yes
100125,Project Management Fundamentals,2023-06-06,Technical,Yes
100125,Data Privacy & GDPR,2023-06-06,Compliance,No
100125,Strategic Thinking,2023-08-23,Leadership,Yes
100125,Anti-Harassment Training,2023-09-02,Compliance,No
100125,Communication Skills 101,2024-06-28,Communication,Yes
100125,Compliance Basics,2025-01-20,Compliance,Yes
100126,Change Management,2021-04-24,Leadership,No
100126,Workplace Safety,2023-06-28,Compliance,No
100126,Compliance Basics,2023-11-05,Compliance,Yes
100126,Project Management Fundamentals,2024-10-16,Technical,Yes
100126,Coaching Skills,2025-02-28,Leadership,No
100126,Business Writing,2025-11-28,Communication,No
100126,Foundations of Excellence,2025-12-26,Technical,Yes
100127,Executive Presence,2023-02-18,Leadership,Yes
100127,Leadership Essentials,2023-03-03,Leadership,Yes
100127,People Management Basics,2023-03-14,Management,Yes
100127,Compliance Basics,2023-04-22,Compliance,Yes
100127,Advanced Communication,2023-05-05,Communication,Yes
100127,Organizational Leadership,2024-01-17,Management,Yes
100127,Communication Skills 101,2024-12-10,Communication,Yes
100127,Data-Driven Decision Making,2024-12-31,Technical,Yes
100127,Foundations of Excellence,2025-01-27,Technical,Yes
100127,Strategic Thinking,2025-04-20,Leadership,Yes
100127,Executive Leadership Program,2025-06-03,Leadership,Yes
100127,Power BI Fundamentals,2025-07-04,Technical,No
100127,Project Management Fundamentals,2026-02-04,Technical,Yes
100127,Talent Acquisition,2026-04-12,Management,No
100127,Excel Advanced,2026-05-03,Technical,No
100128,Foundations of Excellence,2022-05-17,Technical,Yes
100128,Leadership Essentials,2022-11-08,Leadership,Yes
100128,Coaching Skills,2022-11-12,Leadership,No
100128,Data-Driven Decision Making,2022-12-22,Technical,Yes
100128,Cross-functional Collaboration,2023-07-15,Communication,Yes
100128,Compliance Basics,2024-09-07,Compliance,Yes
100128,Project Management Fundamentals,2025-04-09,Technical,Yes
100128,Advanced Communication,2025-06-21,Communication,Yes
100128,Communication Skills 101,2026-06-06,Communication,Yes
100129,Executive Leadership Program,2025-09-13,Leadership,Yes
100129,Advanced Communication,2025-10-31,Communication,Yes
100129,Compliance Basics,2025-11-04,Compliance,Yes
100129,Workplace Safety,2025-11-15,Compliance,No
100129,Communication Skills 101,2026-01-24,Communication,Yes
100129,People Management Basics,2026-02-01,Management,Yes
100129,Cross-functional Collaboration,2026-02-06,Communication,Yes
100129,Foundations of Excellence,2026-03-10,Technical,Yes
100129,Organizational Leadership,2026-03-18,Management,Yes
100129,Cloud Computing Basics,2026-04-27,Technical,No
100129,Executive Presence,2026-05-08,Leadership,Yes
100129,Project Management Fundamentals,2026-05-12,Technical,Yes
100129,Business Strategy,2026-05-19,Management,Yes
100130,Project Management Fundamentals,2026-05-08,Technical,Yes
100130,Compliance Basics,2026-05-13,Compliance,Yes
100130,Leadership Essentials,2026-05-19,Leadership,Yes
100130,Workplace Safety,2026-05-20,Compliance,No
100130,Foundations of Excellence,2026-05-22,Technical,Yes
100130,People Management Basics,2026-05-23,Management,Yes
100130,Advanced Communication,2026-05-25,Communication,Yes
100130,Strategic Thinking,2026-06-04,Leadership,Yes
100130,Communication Skills 101,2026-06-05,Communication,Yes
100130,Excel Advanced,2026-06-11,Technical,No
100130,Data-Driven Decision Making,2026-06-12,Technical,Yes
100130,Negotiation Tactics,2026-06-14,Communication,No
100131,Project Management Fundamentals,2022-11-02,Technical,Yes
100131,Data-Driven Decision Making,2023-02-17,Technical,Yes
100131,Change Management,2023-03-12,Leadership,No
100131,Advanced Communication,2023-06-04,Communication,Yes
100131,Python for Data Analysis,2023-07-23,Technical,No
100131,Cross-functional Collaboration,2024-06-11,Communication,Yes
100131,Business Writing,2024-11-12,Communication,No
100131,Organizational Leadership,2025-03-09,Management,Yes
100131,Leadership Essentials,2025-03-15,Leadership,Yes
100131,Strategic Thinking,2025-06-24,Leadership,Yes
100131,Foundations of Excellence,2025-10-31,Technical,Yes
100131,Compliance Basics,2025-12-25,Compliance,Yes
100131,People Management Basics,2026-04-06,Management,Yes
100132,Data-Driven Decision Making,2022-04-22,Technical,Yes
100132,Project Management Fundamentals,2023-02-09,Technical,Yes
100132,Communication Skills 101,2023-08-27,Communication,Yes
100132,Foundations of Excellence,2023-09-19,Technical,Yes
100132,Performance Management,2023-10-18,Management,No
100132,Python for Data Analysis,2024-10-06,Technical,No
100132,Presentation Skills,2025-04-18,Communication,No
100132,Coaching Skills,2025-07-20,Leadership,No
100132,Talent Acquisition,2026-02-26,Management,No
100132,Cross-functional Collaboration,2026-03-30,Communication,Yes
100133,Cloud Computing Basics,2017-11-10,Technical,No
100133,Conflict Resolution,2019-02-01,Leadership,No
100133,Communication Skills 101,2019-07-14,Communication,Yes
100133,Project Management Fundamentals,2021-02-09,Technical,Yes
100133,Foundations of Excellence,2022-03-28,Technical,Yes
100133,Data-Driven Decision Making,2022-08-09,Technical,Yes
100133,Cross-functional Collaboration,2023-04-15,Communication,Yes
100133,Change Management,2023-09-03,Leadership,No
100133,Advanced Communication,2025-04-23,Communication,Yes
100133,Strategic Thinking,2025-06-24,Leadership,Yes
100134,Leadership Essentials,2023-09-27,Leadership,Yes
100134,Compliance Basics,2024-02-03,Compliance,Yes
100134,Data-Driven Decision Making,2024-02-15,Technical,Yes
100134,Communication Skills 101,2024-04-18,Communication,Yes
100134,Strategic Thinking,2024-05-10,Leadership,Yes
100134,Cross-functional Collaboration,2024-05-16,Communication,Yes
100134,Change Management,2024-06-20,Leadership,No
100134,Coaching Skills,2025-02-19,Leadership,No
100134,Data Privacy & GDPR,2025-03-18,Compliance,No
100134,Talent Acquisition,2025-08-31,Management,No
100134,Foundations of Excellence,2025-11-29,Technical,Yes
100134,Anti-Harassment Training,2025-12-18,Compliance,No
100134,People Management Basics,2026-03-30,Management,Yes
100134,Project Management Fundamentals,2026-04-04,Technical,Yes
100135,Foundations of Excellence,2023-06-28,Technical,Yes
100135,Compliance Basics,2023-09-12,Compliance,Yes
100135,SQL Essentials,2024-02-17,Technical,No
100135,Business Writing,2025-06-04,Communication,No
100135,Project Management Fundamentals,2025-09-14,Technical,Yes
100135,Communication Skills 101,2026-02-16,Communication,Yes
100136,Advanced Communication,2020-01-28,Communication,Yes
100136,Cloud Computing Basics,2022-03-10,Technical,No
100136,Project Management Fundamentals,2022-04-09,Technical,Yes
100136,Communication Skills 101,2023-10-07,Communication,Yes
100136,Cross-functional Collaboration,2024-01-08,Communication,Yes
100136,Compliance Basics,2024-05-25,Compliance,Yes
100136,Strategic Thinking,2024-08-22,Leadership,Yes
100136,People Management Basics,2025-03-06,Management,Yes
100136,Data-Driven Decision Making,2025-03-11,Technical,Yes
100137,Foundations of Excellence,2019-10-05,Technical,Yes
100137,Communication Skills 101,2022-04-28,Communication,Yes
100137,Conflict Resolution,2023-06-18,Leadership,No
100137,Compliance Basics,2024-05-21,Compliance,Yes
100137,Advanced Communication,2025-01-15,Communication,Yes
100137,Data-Driven Decision Making,2025-08-07,Technical,Yes
100137,Project Management Fundamentals,2026-04-25,Technical,Yes
100138,Advanced Communication,2020-05-12,Communication,Yes
100138,Change Management,2021-01-05,Leadership,No
100138,Leadership Essentials,2021-04-20,Leadership,Yes
100138,People Management Basics,2023-02-26,Management,Yes
100138,Data Privacy & GDPR,2023-03-12,Compliance,No
100138,Foundations of Excellence,2023-05-27,Technical,Yes
100138,Communication Skills 101,2023-10-11,Communication,Yes
100138,Project Management Fundamentals,2024-06-30,Technical,Yes
100138,Performance Management,2024-08-29,Management,No
100138,Cloud Computing Basics,2024-08-30,Technical,No
100138,Cross-functional Collaboration,2024-12-05,Communication,Yes
100138,Strategic Thinking,2025-03-25,Leadership,Yes
100138,Data-Driven Decision Making,2025-06-03,Technical,Yes
100139,Anti-Harassment Training,2022-09-27,Compliance,No
100139,People Management Basics,2023-02-24,Management,Yes
100139,Business Writing,2023-03-14,Communication,No
100139,Advanced Communication,2023-05-21,Communication,Yes
100139,Power BI Fundamentals,2023-06-19,Technical,No
100139,Leadership Essentials,2024-08-21,Leadership,Yes
100139,Cross-functional Collaboration,2024-09-15,Communication,Yes
100139,Foundations of Excellence,2024-10-05,Technical,Yes
100139,SQL Essentials,2024-10-25,Technical,No
100139,Strategic Thinking,2025-08-02,Leadership,Yes
100139,Compliance Basics,2025-11-18,Compliance,Yes
100139,Communication Skills 101,2025-12-14,Communication,Yes
100139,Project Management Fundamentals,2026-03-02,Technical,Yes
100140,Advanced Communication,2020-01-12,Communication,Yes
100140,Leadership Essentials,2020-05-13,Leadership,Yes
100140,Organizational Leadership,2020-07-12,Management,Yes
100140,Anti-Harassment Training,2020-12-15,Compliance,No
100140,Foundations of Excellence,2022-07-15,Technical,Yes
100140,Business Writing,2022-11-01,Communication,No
100140,Cross-functional Collaboration,2023-05-16,Communication,Yes
100140,Strategic Thinking,2023-10-07,Leadership,Yes
100140,Negotiation Tactics,2023-10-18,Communication,No
100140,Data Privacy & GDPR,2024-02-07,Compliance,No
100140,Compliance Basics,2024-04-07,Compliance,Yes
100140,Executive Presence,2024-07-13,Leadership,Yes
100140,Project Management Fundamentals,2025-05-14,Technical,Yes
100140,Communication Skills 101,2025-07-14,Communication,Yes
100140,People Management Basics,2025-11-07,Management,Yes
100141,Budget Planning,2026-02-26,Management,No
100141,Project Management Fundamentals,2026-03-31,Technical,Yes
100141,Advanced Communication,2026-04-04,Communication,Yes
100141,Anti-Harassment Training,2026-04-21,Compliance,No
100141,Compliance Basics,2026-04-22,Compliance,Yes
100141,Foundations of Excellence,2026-04-29,Technical,Yes
100141,Communication Skills 101,2026-05-12,Communication,Yes
100141,Data Privacy & GDPR,2026-06-06,Compliance,No
100142,Compliance Basics,2019-11-01,Compliance,Yes
100142,Budget Planning,2020-01-17,Management,No
100142,Data-Driven Decision Making,2021-07-10,Technical,Yes
100142,Foundations of Excellence,2021-07-19,Technical,Yes
100142,Project Management Fundamentals,2022-01-14,Technical,Yes
100142,Excel Advanced,2022-10-07,Technical,No
100142,Cross-functional Collaboration,2023-06-09,Communication,Yes
100142,Presentation Skills,2023-12-07,Communication,No
100142,Advanced Communication,2024-02-18,Communication,Yes
100142,Communication Skills 101,2025-04-24,Communication,Yes
100143,Project Management Fundamentals,2023-09-13,Technical,Yes
100143,Leadership Essentials,2024-01-12,Leadership,Yes
100143,Executive Presence,2024-09-01,Leadership,Yes
100143,Data-Driven Decision Making,2024-09-11,Technical,Yes
100143,Conflict Resolution,2024-11-18,Leadership,No
100143,Cross-functional Collaboration,2025-01-14,Communication,Yes
100143,Foundations of Excellence,2025-02-22,Technical,Yes
100143,Compliance Basics,2025-05-11,Compliance,Yes
100143,Communication Skills 101,2025-09-10,Communication,Yes
100143,Advanced Communication,2026-01-07,Communication,Yes
100143,People Management Basics,2026-01-07,Management,Yes
100143,Business Strategy,2026-04-25,Management,Yes
100144,Coaching Skills,2025-10-07,Leadership,No
100144,Compliance Basics,2025-10-11,Compliance,Yes
100144,People Management Basics,2025-11-20,Management,Yes
100144,Workplace Safety,2025-12-04,Compliance,No
100144,Cross-functional Collaboration,2025-12-08,Communication,Yes
100144,Project Management Fundamentals,2026-01-16,Technical,Yes
100144,Strategic Thinking,2026-01-21,Leadership,Yes
100144,Data-Driven Decision Making,2026-01-29,Technical,Yes
100144,Leadership Essentials,2026-01-30,Leadership,Yes
100144,Advanced Communication,2026-02-28,Communication,Yes
100144,Communication Skills 101,2026-03-03,Communication,Yes
100144,Power BI Fundamentals,2026-03-03,Technical,No
100144,Foundations of Excellence,2026-03-20,Technical,Yes
100144,Budget Planning,2026-04-25,Management,No
100144,Talent Acquisition,2026-05-10,Management,No
100145,Advanced Communication,2020-12-10,Communication,Yes
100145,Project Management Fundamentals,2021-05-02,Technical,Yes
100145,Presentation Skills,2022-04-20,Communication,No
100145,Python for Data Analysis,2023-11-24,Technical,No
100145,Compliance Basics,2024-03-03,Compliance,Yes
100145,SQL Essentials,2024-03-07,Technical,No
100145,Foundations of Excellence,2024-05-10,Technical,Yes
100145,Cross-functional Collaboration,2024-09-20,Communication,Yes
100145,Strategic Thinking,2024-10-26,Leadership,Yes
100145,People Management Basics,2026-02-04,Management,Yes
100145,Data-Driven Decision Making,2026-06-06,Technical,Yes
100146,Data-Driven Decision Making,2021-07-24,Technical,Yes
100146,Excel Advanced,2021-08-17,Technical,No
100146,Leadership Essentials,2022-04-11,Leadership,Yes
100146,Organizational Leadership,2022-04-28,Management,Yes
100146,Project Management Fundamentals,2022-12-01,Technical,Yes
100146,Executive Presence,2022-12-23,Leadership,Yes
100146,Foundations of Excellence,2023-02-18,Technical,Yes
100146,People Management Basics,2024-06-22,Management,Yes
100146,Cross-functional Collaboration,2024-08-31,Communication,Yes
100146,Compliance Basics,2024-11-13,Compliance,Yes
100146,Communication Skills 101,2025-03-07,Communication,Yes
100146,Advanced Communication,2025-04-04,Communication,Yes
100146,Strategic Thinking,2025-04-10,Leadership,Yes
100146,Negotiation Tactics,2025-12-14,Communication,No
100147,Budget Planning,2021-01-11,Management,No
100147,Project Management Fundamentals,2021-03-02,Technical,Yes
100147,Compliance Basics,2021-04-19,Compliance,Yes
100147,Advanced Communication,2022-03-01,Communication,Yes
100147,Leadership Essentials,2022-08-24,Leadership,Yes
100147,Foundations of Excellence,2023-02-19,Technical,Yes
100147,Data-Driven Decision Making,2023-05-11,Technical,Yes
100147,Communication Skills 101,2023-12-12,Communication,Yes
100147,Excel Advanced,2024-06-06,Technical,No
100147,Business Writing,2024-09-16,Communication,No
100147,Cross-functional Collaboration,2024-11-05,Communication,Yes
100147,Strategic Thinking,2026-05-14,Leadership,Yes
100148,Compliance Basics,2021-11-19,Compliance,Yes
100148,SQL Essentials,2022-02-22,Technical,No
100148,Communication Skills 101,2022-04-19,Communication,Yes
100148,Data Privacy & GDPR,2023-01-23,Compliance,No
100148,Excel Advanced,2023-07-25,Technical,No
100148,Foundations of Excellence,2024-03-24,Technical,Yes
100148,Talent Acquisition,2026-05-16,Management,No
100149,Data Privacy & GDPR,2026-03-04,Compliance,No
100149,Compliance Basics,2026-03-05,Compliance,Yes
100149,Cross-functional Collaboration,2026-03-11,Communication,Yes
100149,Project Management Fundamentals,2026-03-22,Technical,Yes
100149,Budget Planning,2026-04-12,Management,No
100149,Advanced Communication,2026-05-07,Communication,Yes
100149,Business Writing,2026-05-12,Communication,No
100149,Data-Driven Decision Making,2026-05-24,Technical,Yes
100149,Anti-Harassment Training,2026-05-24,Compliance,No
100149,Coaching Skills,2026-06-07,Leadership,No
100149,Foundations of Excellence,2026-06-08,Technical,Yes
100149,Communication Skills 101,2026-06-17,Communication,Yes
100150,Communication Skills 101,2026-02-20,Communication,Yes
100150,Foundations of Excellence,2026-03-12,Technical,Yes
100150,Workplace Safety,2026-03-18,Compliance,No
100150,Advanced Communication,2026-03-19,Communication,Yes
100150,SQL Essentials,2026-05-13,Technical,No
100150,Cross-functional Collaboration,2026-05-14,Communication,Yes
100150,Change Management,2026-05-28,Leadership,No
100150,Project Management Fundamentals,2026-06-11,Technical,Yes
100150,Data-Driven Decision Making,2026-06-16,Technical,Yes
100150,Compliance Basics,2026-06-17,Compliance,Yes
100151,Advanced Communication,2021-09-08,Communication,Yes
100151,Executive Presence,2021-10-13,Leadership,Yes
100151,People Management Basics,2022-07-06,Management,Yes
100151,Project Management Fundamentals,2022-09-08,Technical,Yes
100151,Data-Driven Decision Making,2022-10-27,Technical,Yes
100151,Compliance Basics,2023-02-16,Compliance,Yes
100151,Python for Data Analysis,2023-11-25,Technical,No
100151,Strategic Thinking,2024-07-29,Leadership,Yes
100151,Cross-functional Collaboration,2025-08-25,Communication,Yes
100151,Business Strategy,2025-11-22,Management,Yes
100151,Communication Skills 101,2025-12-25,Communication,Yes
100151,Organizational Leadership,2026-05-30,Management,Yes
100152,Project Management Fundamentals,2017-10-22,Technical,Yes
100152,Compliance Basics,2017-10-23,Compliance,Yes
100152,Communication Skills 101,2021-01-13,Communication,Yes
100152,Business Writing,2025-04-25,Communication,No
100152,Foundations of Excellence,2025-06-05,Technical,Yes
100153,Strategic Thinking,2018-01-19,Leadership,Yes
100153,Compliance Basics,2018-08-08,Compliance,Yes
100153,Project Management Fundamentals,2020-06-26,Technical,Yes
100153,Data-Driven Decision Making,2020-12-06,Technical,Yes
100153,Executive Presence,2021-08-13,Leadership,Yes
100153,People Management Basics,2021-09-22,Management,Yes
100153,Cross-functional Collaboration,2022-02-02,Communication,Yes
100153,Talent Acquisition,2022-03-04,Management,No
100153,Advanced Communication,2022-04-12,Communication,Yes
100153,Data Privacy & GDPR,2023-04-24,Compliance,No
100153,Foundations of Excellence,2023-05-17,Technical,Yes
100153,Organizational Leadership,2024-11-03,Management,Yes
100153,Leadership Essentials,2024-11-07,Leadership,Yes
100153,Communication Skills 101,2025-07-31,Communication,Yes
100154,Strategic Thinking,2023-10-21,Leadership,Yes
100154,Foundations of Excellence,2023-11-27,Technical,Yes
100154,Communication Skills 101,2024-01-11,Communication,Yes
100154,Project Management Fundamentals,2024-01-14,Technical,Yes
100154,Executive Presence,2024-03-24,Leadership,Yes
100154,Organizational Leadership,2024-05-13,Management,Yes
100154,Data-Driven Decision Making,2024-05-16,Technical,Yes
100154,Cross-functional Collaboration,2024-06-05,Communication,Yes
100154,Advanced Communication,2024-06-28,Communication,Yes
100154,Performance Management,2024-08-29,Management,No
100154,Presentation Skills,2025-01-29,Communication,No
100154,Leadership Essentials,2025-02-04,Leadership,Yes
100154,Compliance Basics,2025-03-08,Compliance,Yes
100154,Anti-Harassment Training,2025-04-12,Compliance,No
100155,Executive Presence,2022-10-19,Leadership,Yes
100155,Presentation Skills,2023-01-31,Communication,No
100155,Data-Driven Decision Making,2023-03-12,Technical,Yes
100155,Advanced Communication,2023-06-08,Communication,Yes
100155,Business Strategy,2023-06-22,Management,Yes
100155,Cross-functional Collaboration,2023-11-28,Communication,Yes
100155,Organizational Leadership,2024-02-20,Management,Yes
100155,Project Management Fundamentals,2024-03-09,Technical,Yes
100155,Data Privacy & GDPR,2024-03-23,Compliance,No
100155,Leadership Essentials,2024-07-26,Leadership,Yes
100155,People Management Basics,2024-12-26,Management,Yes
100155,Communication Skills 101,2025-01-03,Communication,Yes
100155,Talent Acquisition,2025-02-18,Management,No
100155,Foundations of Excellence,2025-03-17,Technical,Yes
100155,Strategic Thinking,2025-05-02,Leadership,Yes
100155,Compliance Basics,2026-03-04,Compliance,Yes
100155,Executive Leadership Program,2026-05-31,Leadership,Yes
100156,Foundations of Excellence,2018-07-02,Technical,Yes
100156,Compliance Basics,2022-09-06,Compliance,Yes
100156,Presentation Skills,2024-12-23,Communication,No
100157,Cross-functional Collaboration,2020-03-22,Communication,Yes
100157,Communication Skills 101,2020-04-05,Communication,Yes
100157,Data-Driven Decision Making,2020-06-10,Technical,Yes
100157,Coaching Skills,2020-06-27,Leadership,No
100157,Executive Presence,2021-10-05,Leadership,Yes
100157,Foundations of Excellence,2023-03-04,Technical,Yes
100157,Compliance Basics,2023-03-14,Compliance,Yes
100157,Power BI Fundamentals,2023-04-01,Technical,No
100157,Organizational Leadership,2023-12-10,Management,Yes
100157,Strategic Thinking,2024-08-29,Leadership,Yes
100157,Project Management Fundamentals,2025-03-25,Technical,Yes
100157,People Management Basics,2026-05-11,Management,Yes
100158,Project Management Fundamentals,2018-11-12,Technical,Yes
100158,Talent Acquisition,2020-07-16,Management,No
100158,Compliance Basics,2021-12-02,Compliance,Yes
100158,Foundations of Excellence,2022-01-19,Technical,Yes
100158,Negotiation Tactics,2024-07-03,Communication,No
100158,Python for Data Analysis,2024-10-30,Technical,No
100158,Conflict Resolution,2025-09-29,Leadership,No
100158,Communication Skills 101,2025-11-08,Communication,Yes
100159,Presentation Skills,2024-02-07,Communication,No
100159,Change Management,2024-03-18,Leadership,No
100159,Project Management Fundamentals,2024-09-06,Technical,Yes
100159,Negotiation Tactics,2024-11-10,Communication,No
100159,Foundations of Excellence,2025-01-14,Technical,Yes
100159,Compliance Basics,2025-07-05,Compliance,Yes
100159,Communication Skills 101,2025-08-01,Communication,Yes
100159,Anti-Harassment Training,2025-08-13,Compliance,No
100159,SQL Essentials,2025-12-09,Technical,No
100159,Advanced Communication,2025-12-26,Communication,Yes
100160,Project Management Fundamentals,2024-03-12,Technical,Yes
100160,Compliance Basics,2024-07-22,Compliance,Yes
100160,Business Writing,2024-09-20,Communication,No
100160,Negotiation Tactics,2025-08-10,Communication,No
100160,Foundations of Excellence,2026-01-17,Technical,Yes
100161,Executive Presence,2020-07-07,Leadership,Yes
100161,Compliance Basics,2020-08-01,Compliance,Yes
100161,Advanced Communication,2020-09-22,Communication,Yes
100161,People Management Basics,2021-09-28,Management,Yes
100161,Coaching Skills,2021-10-30,Leadership,No
100161,Communication Skills 101,2022-04-10,Communication,Yes
100161,Organizational Leadership,2022-04-13,Management,Yes
100161,Project Management Fundamentals,2023-09-25,Technical,Yes
100161,Strategic Thinking,2023-10-10,Leadership,Yes
100161,Foundations of Excellence,2023-11-11,Technical,Yes
100161,Data-Driven Decision Making,2024-09-03,Technical,Yes
100161,Cross-functional Collaboration,2025-09-15,Communication,Yes
100161,Anti-Harassment Training,2025-12-30,Compliance,No
100162,Communication Skills 101,2023-07-29,Communication,Yes
100162,Compliance Basics,2024-03-14,Compliance,Yes
100162,Budget Planning,2025-09-30,Management,No
100163,Foundations of Excellence,2017-07-19,Technical,Yes
100163,People Management Basics,2018-10-23,Management,Yes
100163,Data-Driven Decision Making,2018-11-25,Technical,Yes
100163,Leadership Essentials,2019-11-27,Leadership,Yes
100163,Cross-functional Collaboration,2020-08-05,Communication,Yes
100163,Compliance Basics,2021-03-04,Compliance,Yes
100163,Communication Skills 101,2021-11-29,Communication,Yes
100163,Strategic Thinking,2022-11-21,Leadership,Yes
100163,Project Management Fundamentals,2023-12-29,Technical,Yes
100163,Advanced Communication,2024-04-11,Communication,Yes
100163,Budget Planning,2024-12-24,Management,No
100163,Python for Data Analysis,2025-07-01,Technical,No
100164,Communication Skills 101,2023-10-26,Communication,Yes
100164,Power BI Fundamentals,2024-01-20,Technical,No
100164,Project Management Fundamentals,2024-03-28,Technical,Yes
100164,Conflict Resolution,2024-06-03,Leadership,No
100164,Cross-functional Collaboration,2024-08-18,Communication,Yes
100164,Change Management,2024-09-03,Leadership,No
100164,Cloud Computing Basics,2024-09-25,Technical,No
100164,Compliance Basics,2024-10-27,Compliance,Yes
100164,Foundations of Excellence,2025-02-26,Technical,Yes
100164,Talent Acquisition,2025-03-08,Management,No
100164,Data-Driven Decision Making,2025-08-01,Technical,Yes
100164,Strategic Thinking,2026-01-24,Leadership,Yes
100165,Executive Leadership Program,2021-04-12,Leadership,Yes
100165,Executive Presence,2021-04-25,Leadership,Yes
100165,Strategic Thinking,2021-08-14,Leadership,Yes
100165,Cloud Computing Basics,2022-01-19,Technical,No
100165,Python for Data Analysis,2022-03-10,Technical,No
100165,Organizational Leadership,2022-06-14,Management,Yes
100165,Workplace Safety,2022-11-22,Compliance,No
100165,Leadership Essentials,2022-12-16,Leadership,Yes
100165,Compliance Basics,2023-10-28,Compliance,Yes
100165,Foundations of Excellence,2023-11-23,Technical,Yes
100165,People Management Basics,2024-03-10,Management,Yes
100165,Cross-functional Collaboration,2024-09-26,Communication,Yes
100165,Advanced Communication,2025-01-11,Communication,Yes
100165,Business Writing,2025-02-16,Communication,No
100165,Communication Skills 101,2025-04-10,Communication,Yes
100165,Business Strategy,2025-04-23,Management,Yes
100165,Conflict Resolution,2025-08-13,Leadership,No
100166,Compliance Basics,2024-11-15,Compliance,Yes
100166,Data-Driven Decision Making,2025-03-10,Technical,Yes
100166,Project Management Fundamentals,2025-03-12,Technical,Yes
100166,Coaching Skills,2025-11-06,Leadership,No
100166,Advanced Communication,2025-11-08,Communication,Yes
100166,Communication Skills 101,2025-11-19,Communication,Yes
100166,Conflict Resolution,2026-04-17,Leadership,No
100167,Organizational Leadership,2019-11-22,Management,Yes
100167,Cross-functional Collaboration,2020-01-29,Communication,Yes
100167,Strategic Thinking,2020-03-19,Leadership,Yes
100167,People Management Basics,2020-10-21,Management,Yes
100167,Advanced Communication,2021-01-20,Communication,Yes
100167,Anti-Harassment Training,2022-02-01,Compliance,No
100167,Executive Leadership Program,2023-01-01,Leadership,Yes
100167,Foundations of Excellence,2023-11-25,Technical,Yes
100167,Workplace Safety,2024-02-22,Compliance,No
100167,Leadership Essentials,2024-03-08,Leadership,Yes
100167,Project Management Fundamentals,2024-10-19,Technical,Yes
100167,Data-Driven Decision Making,2025-05-04,Technical,Yes
100167,Executive Presence,2025-12-26,Leadership,Yes
100167,Communication Skills 101,2026-06-17,Communication,Yes
100168,People Management Basics,2018-10-18,Management,Yes
100168,Cross-functional Collaboration,2018-11-03,Communication,Yes
100168,Executive Presence,2021-07-26,Leadership,Yes
100168,Advanced Communication,2021-08-29,Communication,Yes
100168,Strategic Thinking,2022-10-08,Leadership,Yes
100168,Compliance Basics,2022-12-03,Compliance,Yes
100168,Leadership Essentials,2023-12-03,Leadership,Yes
100168,Foundations of Excellence,2024-04-25,Technical,Yes
100168,Communication Skills 101,2024-08-29,Communication,Yes
100168,Data-Driven Decision Making,2025-10-31,Technical,Yes
100168,Data Privacy & GDPR,2026-04-12,Compliance,No
100169,Organizational Leadership,2018-10-24,Management,Yes
100169,Advanced Communication,2018-10-27,Communication,Yes
100169,Data-Driven Decision Making,2019-04-21,Technical,Yes
100169,Cross-functional Collaboration,2019-08-07,Communication,Yes
100169,Strategic Thinking,2019-10-26,Leadership,Yes
100169,Foundations of Excellence,2019-11-04,Technical,Yes
100169,SQL Essentials,2020-07-25,Technical,No
100169,Coaching Skills,2020-09-28,Leadership,No
100169,Project Management Fundamentals,2020-12-22,Technical,Yes
100169,People Management Basics,2021-07-09,Management,Yes
100169,Performance Management,2021-10-22,Management,No
100169,Communication Skills 101,2022-01-14,Communication,Yes
100169,Leadership Essentials,2023-02-03,Leadership,Yes
100169,Compliance Basics,2023-11-24,Compliance,Yes
100170,Project Management Fundamentals,2021-10-22,Technical,Yes
100170,People Management Basics,2022-02-11,Management,Yes
100170,Advanced Communication,2022-03-03,Communication,Yes
100170,Performance Management,2022-03-28,Management,No
100170,Strategic Thinking,2022-04-20,Leadership,Yes
100170,Leadership Essentials,2022-04-24,Leadership,Yes
100170,Data-Driven Decision Making,2022-06-29,Technical,Yes
100170,Foundations of Excellence,2023-08-07,Technical,Yes
100170,Communication Skills 101,2024-04-14,Communication,Yes
100170,Cross-functional Collaboration,2024-12-10,Communication,Yes
100170,Conflict Resolution,2025-12-26,Leadership,No
100170,Compliance Basics,2026-01-17,Compliance,Yes
100171,Budget Planning,2019-09-02,Management,No
100171,Data-Driven Decision Making,2020-09-18,Technical,Yes
100171,Project Management Fundamentals,2022-10-22,Technical,Yes
100171,Strategic Thinking,2022-10-23,Leadership,Yes
100171,Cross-functional Collaboration,2022-10-23,Communication,Yes
100171,Advanced Communication,2023-01-08,Communication,Yes
100171,Communication Skills 101,2023-05-04,Communication,Yes
100171,Foundations of Excellence,2023-06-22,Technical,Yes
100171,Leadership Essentials,2023-10-31,Leadership,Yes
100171,Compliance Basics,2025-01-19,Compliance,Yes
100171,People Management Basics,2026-03-14,Management,Yes
100171,Executive Presence,2026-03-22,Leadership,Yes
100172,People Management Basics,2020-03-02,Management,Yes
100172,Leadership Essentials,2020-11-18,Leadership,Yes
100172,Workplace Safety,2022-07-05,Compliance,No
100172,Strategic Thinking,2022-08-08,Leadership,Yes
100172,Foundations of Excellence,2022-08-20,Technical,Yes
100172,Executive Presence,2022-09-16,Leadership,Yes
100172,SQL Essentials,2022-09-28,Technical,No
100172,Organizational Leadership,2023-06-17,Management,Yes
100172,Advanced Communication,2023-10-18,Communication,Yes
100172,Python for Data Analysis,2024-01-31,Technical,No
100172,Project Management Fundamentals,2024-02-14,Technical,Yes
100172,Cross-functional Collaboration,2024-08-08,Communication,Yes
100172,Compliance Basics,2025-11-12,Compliance,Yes
100172,Data-Driven Decision Making,2025-12-13,Technical,Yes
100173,Coaching Skills,2016-11-25,Leadership,No
100173,Communication Skills 101,2017-01-04,Communication,Yes
100173,Conflict Resolution,2018-06-21,Leadership,No
100173,Advanced Communication,2019-10-21,Communication,Yes
100173,Strategic Thinking,2020-11-13,Leadership,Yes
100173,Change Management,2021-10-14,Leadership,No
100173,Data Privacy & GDPR,2021-12-14,Compliance,No
100173,Cross-functional Collaboration,2023-09-18,Communication,Yes
100173,Project Management Fundamentals,2024-02-12,Technical,Yes
100173,Budget Planning,2026-03-27,Management,No
100174,Project Management Fundamentals,2022-01-26,Technical,Yes
100174,Cross-functional Collaboration,2022-03-02,Communication,Yes
100174,Excel Advanced,2023-02-25,Technical,No
100174,Change Management,2023-06-20,Leadership,No
100174,Communication Skills 101,2023-09-16,Communication,Yes
100174,Advanced Communication,2024-04-09,Communication,Yes
100174,Budget Planning,2025-03-15,Management,No
100174,Data-Driven Decision Making,2026-01-04,Technical,Yes
100174,Conflict Resolution,2026-05-06,Leadership,No
100175,Communication Skills 101,2023-04-22,Communication,Yes
100175,Talent Acquisition,2023-06-20,Management,No
100175,Power BI Fundamentals,2023-08-08,Technical,No
100175,Cloud Computing Basics,2023-09-13,Technical,No
100175,Project Management Fundamentals,2023-11-25,Technical,Yes
100175,Presentation Skills,2023-12-01,Communication,No
100175,Data-Driven Decision Making,2024-08-22,Technical,Yes
100175,Compliance Basics,2024-10-11,Compliance,Yes
100175,Foundations of Excellence,2024-10-24,Technical,Yes
100175,Advanced Communication,2025-09-26,Communication,Yes
100175,Change Management,2025-12-24,Leadership,No
100176,Change Management,2020-05-10,Leadership,No
100176,Cloud Computing Basics,2021-03-30,Technical,No
100176,Foundations of Excellence,2023-05-08,Technical,Yes
100176,Compliance Basics,2024-04-19,Compliance,Yes
100176,Communication Skills 101,2024-07-16,Communication,Yes
100176,Coaching Skills,2025-06-26,Leadership,No
100177,Workplace Safety,2025-11-24,Compliance,No
100177,Advanced Communication,2025-12-29,Communication,Yes
100177,Organizational Leadership,2026-01-16,Management,Yes
100177,Executive Presence,2026-01-17,Leadership,Yes
100177,Communication Skills 101,2026-01-23,Communication,Yes
100177,Power BI Fundamentals,2026-02-22,Technical,No
100177,Project Management Fundamentals,2026-03-09,Technical,Yes
100177,Compliance Basics,2026-03-14,Compliance,Yes
100177,People Management Basics,2026-03-14,Management,Yes
100177,Coaching Skills,2026-03-17,Leadership,No
100177,Negotiation Tactics,2026-03-29,Communication,No
100177,Cross-functional Collaboration,2026-04-07,Communication,Yes
100177,Business Strategy,2026-04-15,Management,Yes
100177,Executive Leadership Program,2026-04-18,Leadership,Yes
100177,Data-Driven Decision Making,2026-05-04,Technical,Yes
100177,Strategic Thinking,2026-05-07,Leadership,Yes
100177,Conflict Resolution,2026-06-02,Leadership,No
100178,Excel Advanced,2022-05-09,Technical,No
100178,Cross-functional Collaboration,2022-08-11,Communication,Yes
100178,Performance Management,2022-11-27,Management,No
100178,Foundations of Excellence,2023-01-29,Technical,Yes
100178,Leadership Essentials,2023-05-10,Leadership,Yes
100178,Strategic Thinking,2023-05-31,Leadership,Yes
100178,Data-Driven Decision Making,2023-11-05,Technical,Yes
100178,Workplace Safety,2023-12-04,Compliance,No
100178,Executive Presence,2024-07-12,Leadership,Yes
100178,Communication Skills 101,2024-10-18,Communication,Yes
100178,Compliance Basics,2024-11-05,Compliance,Yes
100178,Business Writing,2025-02-01,Communication,No
100178,Project Management Fundamentals,2025-03-12,Technical,Yes
100178,People Management Basics,2025-07-23,Management,Yes
100178,Advanced Communication,2025-07-25,Communication,Yes
100178,Anti-Harassment Training,2025-08-03,Compliance,No
100178,Organizational Leadership,2025-09-09,Management,Yes
100178,Business Strategy,2026-05-19,Management,Yes
100179,Advanced Communication,2017-10-19,Communication,Yes
100179,Workplace Safety,2018-03-09,Compliance,No
100179,Data-Driven Decision Making,2018-05-08,Technical,Yes
100179,Project Management Fundamentals,2021-02-21,Technical,Yes
100179,Communication Skills 101,2021-08-11,Communication,Yes
100179,Strategic Thinking,2022-03-29,Leadership,Yes
100179,Foundations of Excellence,2022-06-14,Technical,Yes
100179,Compliance Basics,2025-11-10,Compliance,Yes
100180,Change Management,2021-03-28,Leadership,No
100180,Data-Driven Decision Making,2021-08-03,Technical,Yes
100180,Advanced Communication,2022-01-26,Communication,Yes
100180,Foundations of Excellence,2022-05-10,Technical,Yes
100180,Cloud Computing Basics,2022-10-22,Technical,No
100180,Communication Skills 101,2024-01-15,Communication,Yes
100180,Data Privacy & GDPR,2024-05-15,Compliance,No
100180,Project Management Fundamentals,2024-08-15,Technical,Yes
100180,Compliance Basics,2025-07-26,Compliance,Yes
100181,Communication Skills 101,2024-09-08,Communication,Yes
100181,Project Management Fundamentals,2024-10-20,Technical,Yes
100181,Advanced Communication,2025-02-27,Communication,Yes
100181,Negotiation Tactics,2025-05-20,Communication,No
100181,Talent Acquisition,2025-07-10,Management,No
100181,Python for Data Analysis,2025-08-20,Technical,No
100181,Cloud Computing Basics,2025-08-21,Technical,No
100181,Cross-functional Collaboration,2025-09-17,Communication,Yes
100181,Data-Driven Decision Making,2025-10-08,Technical,Yes
100181,Leadership Essentials,2025-11-27,Leadership,Yes
100181,Performance Management,2025-12-19,Management,No
100181,Compliance Basics,2026-05-04,Compliance,Yes
100181,Foundations of Excellence,2026-05-21,Technical,Yes
100182,Compliance Basics,2021-02-21,Compliance,Yes
100182,Advanced Communication,2021-03-29,Communication,Yes
100182,Budget Planning,2021-05-17,Management,No
100182,Python for Data Analysis,2022-04-22,Technical,No
100182,Communication Skills 101,2024-01-25,Communication,Yes
100182,Workplace Safety,2024-02-05,Compliance,No
100182,Data Privacy & GDPR,2024-10-08,Compliance,No
100182,Project Management Fundamentals,2025-06-27,Technical,Yes
100182,Conflict Resolution,2025-11-03,Leadership,No
100183,Change Management,2018-01-20,Leadership,No
100183,Data Privacy & GDPR,2022-03-25,Compliance,No
100183,Communication Skills 101,2022-05-21,Communication,Yes
100183,Project Management Fundamentals,2024-01-16,Technical,Yes
100183,Compliance Basics,2024-03-18,Compliance,Yes
100183,Negotiation Tactics,2024-09-26,Communication,No
100183,Foundations of Excellence,2026-02-24,Technical,Yes
100184,Strategic Thinking,2021-11-07,Leadership,Yes
100184,Communication Skills 101,2021-12-03,Communication,Yes
100184,Compliance Basics,2022-06-13,Compliance,Yes
100184,Talent Acquisition,2023-09-02,Management,No
100184,Data-Driven Decision Making,2023-09-12,Technical,Yes
100184,Business Writing,2025-08-18,Communication,No
100184,Foundations of Excellence,2025-11-26,Technical,Yes
100184,Cross-functional Collaboration,2026-03-22,Communication,Yes
100184,Project Management Fundamentals,2026-04-12,Technical,Yes
100184,Advanced Communication,2026-05-26,Communication,Yes
100185,Communication Skills 101,2022-02-15,Communication,Yes
100185,Data Privacy & GDPR,2022-10-26,Compliance,No
100185,Strategic Thinking,2024-05-18,Leadership,Yes
100185,Project Management Fundamentals,2024-06-29,Technical,Yes
100185,Compliance Basics,2024-07-27,Compliance,Yes
100185,Conflict Resolution,2025-02-20,Leadership,No
100185,Cross-functional Collaboration,2025-05-02,Communication,Yes
100185,Data-Driven Decision Making,2025-05-08,Technical,Yes
100185,Advanced Communication,2025-12-10,Communication,Yes
100185,Foundations of Excellence,2026-03-30,Technical,Yes
100186,Presentation Skills,2017-12-26,Communication,No
100186,Executive Presence,2018-04-15,Leadership,Yes
100186,Cross-functional Collaboration,2018-05-26,Communication,Yes
100186,Cloud Computing Basics,2018-08-09,Technical,No
100186,Project Management Fundamentals,2022-06-08,Technical,Yes
100186,Advanced Communication,2023-05-31,Communication,Yes
100186,People Management Basics,2023-10-04,Management,Yes
100186,Strategic Thinking,2024-09-22,Leadership,Yes
100186,Organizational Leadership,2024-11-25,Management,Yes
100186,Leadership Essentials,2024-12-11,Leadership,Yes
100186,Data-Driven Decision Making,2025-04-07,Technical,Yes
100186,Executive Leadership Program,2025-05-12,Leadership,Yes
100186,Business Strategy,2025-10-21,Management,Yes
100186,Compliance Basics,2026-03-21,Compliance,Yes
100186,Budget Planning,2026-03-21,Management,No
100186,Foundations of Excellence,2026-05-29,Technical,Yes
100187,Compliance Basics,2025-02-20,Compliance,Yes
100187,Strategic Thinking,2025-04-27,Leadership,Yes
100187,Foundations of Excellence,2025-07-09,Technical,Yes
100187,Communication Skills 101,2025-09-19,Communication,Yes
100187,Advanced Communication,2025-11-29,Communication,Yes
100187,Cross-functional Collaboration,2025-12-14,Communication,Yes
100187,SQL Essentials,2026-03-15,Technical,No
100187,Data-Driven Decision Making,2026-05-01,Technical,Yes
100187,Project Management Fundamentals,2026-05-03,Technical,Yes
100188,Communication Skills 101,2021-08-21,Communication,Yes
100188,Foundations of Excellence,2022-04-17,Technical,Yes
100188,Talent Acquisition,2022-06-26,Management,No
100188,Project Management Fundamentals,2023-06-08,Technical,Yes
100188,Compliance Basics,2023-11-26,Compliance,Yes
100188,Advanced Communication,2024-12-29,Communication,Yes
100188,Cloud Computing Basics,2026-01-24,Technical,No
100189,Change Management,2023-01-24,Leadership,No
100189,Cross-functional Collaboration,2023-03-24,Communication,Yes
100189,Project Management Fundamentals,2023-04-04,Technical,Yes
100189,Foundations of Excellence,2023-08-14,Technical,Yes
100189,People Management Basics,2023-08-31,Management,Yes
100189,Advanced Communication,2024-01-05,Communication,Yes
100189,Presentation Skills,2024-05-06,Communication,No
100189,Executive Presence,2024-07-09,Leadership,Yes
100189,Coaching Skills,2024-09-06,Leadership,No
100189,Communication Skills 101,2024-10-17,Communication,Yes
100189,Performance Management,2025-02-26,Management,No
100189,Data-Driven Decision Making,2025-05-14,Technical,Yes
100189,Compliance Basics,2025-05-21,Compliance,Yes
100189,Talent Acquisition,2025-08-16,Management,No
100189,Leadership Essentials,2026-02-23,Leadership,Yes
100190,Business Writing,2018-09-01,Communication,No
100190,Data Privacy & GDPR,2018-12-03,Compliance,No
100190,SQL Essentials,2019-01-30,Technical,No
100190,Data-Driven Decision Making,2020-04-09,Technical,Yes
100190,Foundations of Excellence,2020-07-31,Technical,Yes
100190,Presentation Skills,2022-04-07,Communication,No
100190,Compliance Basics,2023-06-07,Compliance,Yes
100190,Project Management Fundamentals,2024-02-13,Technical,Yes
100190,Power BI Fundamentals,2025-03-13,Technical,No
100190,Advanced Communication,2025-04-30,Communication,Yes
100190,Communication Skills 101,2025-08-12,Communication,Yes
100191,Conflict Resolution,2026-04-18,Leadership,No
100191,Workplace Safety,2026-04-20,Compliance,No
100191,Foundations of Excellence,2026-05-10,Technical,Yes
100191,Anti-Harassment Training,2026-05-11,Compliance,No
100191,Project Management Fundamentals,2026-05-23,Technical,Yes
100192,Foundations of Excellence,2020-07-20,Technical,Yes
100192,Advanced Communication,2021-12-12,Communication,Yes
100192,Communication Skills 101,2021-12-18,Communication,Yes
100192,Data-Driven Decision Making,2022-05-26,Technical,Yes
100192,People Management Basics,2022-06-16,Management,Yes
100192,Strategic Thinking,2022-08-01,Leadership,Yes
100192,Change Management,2023-04-23,Leadership,No
100192,Compliance Basics,2023-12-17,Compliance,Yes
100192,Cross-functional Collaboration,2023-12-20,Communication,Yes
100192,Cloud Computing Basics,2024-03-29,Technical,No
100192,Data Privacy & GDPR,2024-09-17,Compliance,No
100192,Conflict Resolution,2025-08-31,Leadership,No
100192,Project Management Fundamentals,2026-03-25,Technical,Yes
100193,Advanced Communication,2024-06-13,Communication,Yes
100193,Excel Advanced,2024-10-10,Technical,No
100193,Data-Driven Decision Making,2024-12-27,Technical,Yes
100193,Cross-functional Collaboration,2025-02-12,Communication,Yes
100193,Anti-Harassment Training,2025-05-31,Compliance,No
100193,Strategic Thinking,2025-06-14,Leadership,Yes
100193,People Management Basics,2025-06-18,Management,Yes
100193,Communication Skills 101,2025-08-14,Communication,Yes
100193,Foundations of Excellence,2025-10-01,Technical,Yes
100193,Conflict Resolution,2025-11-21,Leadership,No
100193,Compliance Basics,2026-01-20,Compliance,Yes
100193,Performance Management,2026-03-11,Management,No
100193,Project Management Fundamentals,2026-04-14,Technical,Yes
100194,Talent Acquisition,2020-09-21,Management,No
100194,Excel Advanced,2022-01-25,Technical,No
100194,Compliance Basics,2023-09-24,Compliance,Yes
100194,Data-Driven Decision Making,2024-03-22,Technical,Yes
100194,Cross-functional Collaboration,2024-04-20,Communication,Yes
100194,Project Management Fundamentals,2024-06-16,Technical,Yes
100194,Communication Skills 101,2024-10-09,Communication,Yes
100194,Advanced Communication,2024-11-12,Communication,Yes
100194,Change Management,2026-04-12,Leadership,No
100194,Anti-Harassment Training,2026-05-15,Compliance,No
100195,Talent Acquisition,2021-05-09,Management,No
100195,Cross-functional Collaboration,2022-01-22,Communication,Yes
100195,Coaching Skills,2022-04-12,Leadership,No
100195,People Management Basics,2022-07-30,Management,Yes
100195,Data-Driven Decision Making,2022-09-26,Technical,Yes
100195,Strategic Thinking,2022-12-07,Leadership,Yes
100195,SQL Essentials,2023-02-02,Technical,No
100195,Leadership Essentials,2023-06-25,Leadership,Yes
100195,Project Management Fundamentals,2024-04-02,Technical,Yes
100195,Foundations of Excellence,2024-07-15,Technical,Yes
100195,Power BI Fundamentals,2024-09-03,Technical,No
100195,Advanced Communication,2024-10-15,Communication,Yes
100195,Compliance Basics,2024-10-22,Compliance,Yes
100195,Performance Management,2025-04-25,Management,No
100196,Advanced Communication,2019-09-16,Communication,Yes
100196,Strategic Thinking,2020-01-25,Leadership,Yes
100196,Compliance Basics,2020-06-16,Compliance,Yes
100196,Leadership Essentials,2020-07-20,Leadership,Yes
100196,SQL Essentials,2021-11-02,Technical,No
100196,Foundations of Excellence,2022-01-30,Technical,Yes
100196,Coaching Skills,2022-06-12,Leadership,No
100196,Workplace Safety,2023-06-11,Compliance,No
100196,People Management Basics,2023-06-28,Management,Yes
100196,Cloud Computing Basics,2023-06-30,Technical,No
100196,Project Management Fundamentals,2023-11-24,Technical,Yes
100196,Communication Skills 101,2024-10-14,Communication,Yes
100196,Cross-functional Collaboration,2024-12-12,Communication,Yes
100196,Data-Driven Decision Making,2025-11-04,Technical,Yes
100197,Organizational Leadership,2023-06-29,Management,Yes
100197,Project Management Fundamentals,2023-09-17,Technical,Yes
100197,Performance Management,2023-11-05,Management,No
100197,Leadership Essentials,2024-04-08,Leadership,Yes
100197,Strategic Thinking,2024-06-18,Leadership,Yes
100197,Excel Advanced,2024-07-20,Technical,No
100197,Executive Presence,2024-10-31,Leadership,Yes
100197,Cross-functional Collaboration,2024-11-25,Communication,Yes
100197,Foundations of Excellence,2024-12-21,Technical,Yes
100197,Compliance Basics,2025-08-28,Compliance,Yes
100197,Business Strategy,2026-02-11,Management,Yes
100197,Communication Skills 101,2026-03-02,Communication,Yes
100197,Anti-Harassment Training,2026-03-04,Compliance,No
100197,Data-Driven Decision Making,2026-03-05,Technical,Yes
100197,People Management Basics,2026-03-29,Management,Yes
100197,Budget Planning,2026-06-03,Management,No
100198,Budget Planning,2023-10-07,Management,No
100198,Project Management Fundamentals,2024-03-31,Technical,Yes
100198,Presentation Skills,2024-05-03,Communication,No
100198,SQL Essentials,2024-06-15,Technical,No
100198,Compliance Basics,2024-10-17,Compliance,Yes
100198,Cloud Computing Basics,2025-02-13,Technical,No
100198,Foundations of Excellence,2025-06-10,Technical,Yes
100199,Communication Skills 101,2016-07-16,Communication,Yes
100199,Strategic Thinking,2016-08-06,Leadership,Yes
100199,Presentation Skills,2016-09-02,Communication,No
100199,Compliance Basics,2016-09-16,Compliance,Yes
100199,Data Privacy & GDPR,2016-12-19,Compliance,No
100199,Anti-Harassment Training,2017-01-16,Compliance,No
100199,Advanced Communication,2017-05-16,Communication,Yes
100199,Foundations of Excellence,2017-05-21,Technical,Yes
100199,Project Management Fundamentals,2017-06-14,Technical,Yes
100199,Power BI Fundamentals,2017-07-28,Technical,No
100199,Cross-functional Collaboration,2017-08-05,Communication,Yes
100199,Data-Driven Decision Making,2017-09-23,Technical,Yes
100199,Performance Management,2017-10-06,Management,No
100200,Leadership Essentials,2022-01-13,Leadership,Yes
100200,Data-Driven Decision Making,2022-07-30,Technical,Yes
100200,Business Writing,2023-05-07,Communication,No
100200,Foundations of Excellence,2023-07-11,Technical,Yes
100200,Budget Planning,2023-11-10,Management,No
100200,Advanced Communication,2023-12-23,Communication,Yes
100200,Strategic Thinking,2024-05-04,Leadership,Yes
100200,Change Management,2025-03-13,Leadership,No
100200,Presentation Skills,2025-04-15,Communication,No
100200,Power BI Fundamentals,2025-04-22,Technical,No
100200,Communication Skills 101,2025-12-05,Communication,Yes
100200,Compliance Basics,2026-01-24,Compliance,Yes
100200,Cross-functional Collaboration,2026-05-18,Communication,Yes
100201,Communication Skills 101,2026-02-06,Communication,Yes
100201,Project Management Fundamentals,2026-02-09,Technical,Yes
100201,Presentation Skills,2026-02-28,Communication,No
100201,Compliance Basics,2026-03-11,Compliance,Yes
100201,Strategic Thinking,2026-03-21,Leadership,Yes
100201,Advanced Communication,2026-04-03,Communication,Yes
100201,Foundations of Excellence,2026-05-04,Technical,Yes
100201,Data-Driven Decision Making,2026-06-04,Technical,Yes
100202,Python for Data Analysis,2020-11-18,Technical,No
100202,Compliance Basics,2023-09-01,Compliance,Yes
100202,Excel Advanced,2023-10-24,Technical,No
100202,Project Management Fundamentals,2025-02-04,Technical,Yes
100202,Foundations of Excellence,2025-03-23,Technical,Yes
100202,Data-Driven Decision Making,2025-07-28,Technical,Yes
100202,Change Management,2026-04-13,Leadership,No
100202,Advanced Communication,2026-05-07,Communication,Yes
100203,Coaching Skills,2021-05-25,Leadership,No
100203,Cross-functional Collaboration,2021-06-18,Communication,Yes
100203,Strategic Thinking,2021-06-22,Leadership,Yes
100203,Compliance Basics,2022-02-19,Compliance,Yes
100203,Executive Presence,2022-05-14,Leadership,Yes
100203,SQL Essentials,2022-07-08,Technical,No
100203,Performance Management,2022-10-08,Management,No
100203,Data-Driven Decision Making,2023-01-23,Technical,Yes
100203,Organizational Leadership,2024-06-08,Management,Yes
100203,Leadership Essentials,2024-11-18,Leadership,Yes
100203,Foundations of Excellence,2025-11-10,Technical,Yes
100203,Advanced Communication,2025-11-12,Communication,Yes
100203,People Management Basics,2026-03-12,Management,Yes
100203,Communication Skills 101,2026-05-10,Communication,Yes
100204,Compliance Basics,2023-12-15,Compliance,Yes
100204,Leadership Essentials,2024-03-15,Leadership,Yes
100204,Data-Driven Decision Making,2024-07-13,Technical,Yes
100204,Cross-functional Collaboration,2024-07-22,Communication,Yes
100204,Project Management Fundamentals,2024-07-31,Technical,Yes
100204,Advanced Communication,2024-11-02,Communication,Yes
100204,Budget Planning,2025-02-05,Management,No
100204,Foundations of Excellence,2025-02-12,Technical,Yes
100204,Communication Skills 101,2025-05-13,Communication,Yes
100204,Strategic Thinking,2025-07-30,Leadership,Yes
100204,Presentation Skills,2025-09-27,Communication,No
100205,Business Strategy,2022-07-13,Management,Yes
100205,Power BI Fundamentals,2022-08-07,Technical,No
100205,Data-Driven Decision Making,2022-08-12,Technical,Yes
100205,Foundations of Excellence,2023-04-11,Technical,Yes
100205,Talent Acquisition,2023-08-14,Management,No
100205,Project Management Fundamentals,2023-10-17,Technical,Yes
100205,Organizational Leadership,2024-02-01,Management,Yes
100205,People Management Basics,2024-02-17,Management,Yes
100205,Advanced Communication,2024-02-29,Communication,Yes
100205,Negotiation Tactics,2024-04-29,Communication,No
100205,Leadership Essentials,2024-05-18,Leadership,Yes
100205,Compliance Basics,2024-07-20,Compliance,Yes
100205,Cross-functional Collaboration,2025-01-04,Communication,Yes
100205,Budget Planning,2025-04-14,Management,No
100205,Conflict Resolution,2025-10-05,Leadership,No
100205,Communication Skills 101,2026-01-09,Communication,Yes
100205,Executive Presence,2026-01-23,Leadership,Yes
100206,Data-Driven Decision Making,2018-08-07,Technical,Yes
100206,Strategic Thinking,2020-08-14,Leadership,Yes
100206,Business Strategy,2020-08-20,Management,Yes
100206,Project Management Fundamentals,2020-09-14,Technical,Yes
100206,Leadership Essentials,2020-11-01,Leadership,Yes
100206,Executive Presence,2021-05-06,Leadership,Yes
100206,Compliance Basics,2022-01-11,Compliance,Yes
100206,Organizational Leadership,2023-06-09,Management,Yes
100206,Foundations of Excellence,2024-09-22,Technical,Yes
100206,Anti-Harassment Training,2024-11-24,Compliance,No
100206,Communication Skills 101,2025-11-28,Communication,Yes
100206,Cross-functional Collaboration,2026-01-24,Communication,Yes
100206,Workplace Safety,2026-05-01,Compliance,No
100207,Project Management Fundamentals,2020-10-02,Technical,Yes
100207,Python for Data Analysis,2021-09-04,Technical,No
100207,Anti-Harassment Training,2022-05-18,Compliance,No
100207,Data-Driven Decision Making,2023-01-08,Technical,Yes
100207,Budget Planning,2024-08-18,Management,No
100207,Foundations of Excellence,2025-01-23,Technical,Yes
100207,Negotiation Tactics,2025-04-17,Communication,No
100207,Communication Skills 101,2025-07-11,Communication,Yes
100207,Talent Acquisition,2025-10-16,Management,No
100207,Compliance Basics,2025-11-06,Compliance,Yes
100208,People Management Basics,2025-04-13,Management,Yes
100208,Communication Skills 101,2025-04-26,Communication,Yes
100208,Cross-functional Collaboration,2025-05-08,Communication,Yes
100208,Python for Data Analysis,2025-06-02,Technical,No
100208,Data Privacy & GDPR,2025-10-06,Compliance,No
100208,Project Management Fundamentals,2025-11-23,Technical,Yes
100208,Strategic Thinking,2025-11-24,Leadership,Yes
100208,Data-Driven Decision Making,2026-03-01,Technical,Yes
100208,Negotiation Tactics,2026-03-16,Communication,No
100208,Advanced Communication,2026-06-14,Communication,Yes
100209,Executive Leadership Program,2024-10-10,Leadership,Yes
100209,Budget Planning,2025-01-23,Management,No
100209,Foundations of Excellence,2025-02-20,Technical,Yes
100209,Leadership Essentials,2025-04-12,Leadership,Yes
100209,Negotiation Tactics,2025-06-21,Communication,No
100209,People Management Basics,2025-07-04,Management,Yes
100209,Data-Driven Decision Making,2025-07-14,Technical,Yes
100209,Project Management Fundamentals,2025-07-16,Technical,Yes
100209,Performance Management,2025-07-18,Management,No
100209,Organizational Leadership,2025-08-12,Management,Yes
100209,Cross-functional Collaboration,2025-08-22,Communication,Yes
100209,Python for Data Analysis,2025-08-30,Technical,No
100209,Communication Skills 101,2025-11-06,Communication,Yes
100209,Compliance Basics,2025-12-15,Compliance,Yes
100209,Executive Presence,2026-04-08,Leadership,Yes
100209,Change Management,2026-04-17,Leadership,No
100209,Strategic Thinking,2026-06-03,Leadership,Yes
100210,Advanced Communication,2025-01-09,Communication,Yes
100210,Compliance Basics,2025-02-05,Compliance,Yes
100210,Communication Skills 101,2025-02-15,Communication,Yes
100210,Data-Driven Decision Making,2025-10-01,Technical,Yes
100210,Foundations of Excellence,2025-10-07,Technical,Yes
100210,Business Writing,2025-10-31,Communication,No
100210,Presentation Skills,2025-11-08,Communication,No
100210,Leadership Essentials,2025-11-21,Leadership,Yes
100210,Project Management Fundamentals,2025-12-05,Technical,Yes
100210,Data Privacy & GDPR,2025-12-16,Compliance,No
100210,Cross-functional Collaboration,2026-01-30,Communication,Yes
100210,Budget Planning,2026-04-24,Management,No
100210,Strategic Thinking,2026-05-30,Leadership,Yes
100211,Conflict Resolution,2019-08-26,Leadership,No
100211,Coaching Skills,2019-10-19,Leadership,No
100211,Cloud Computing Basics,2020-02-24,Technical,No
100211,Communication Skills 101,2020-04-05,Communication,Yes
100211,Excel Advanced,2020-06-21,Technical,No
100211,Cross-functional Collaboration,2021-01-16,Communication,Yes
100211,Negotiation Tactics,2021-04-22,Communication,No
100211,Compliance Basics,2021-06-09,Compliance,Yes
100211,Foundations of Excellence,2021-11-14,Technical,Yes
100211,Advanced Communication,2022-10-16,Communication,Yes
100212,Foundations of Excellence,2024-08-08,Technical,Yes
100212,Compliance Basics,2025-05-13,Compliance,Yes
100212,Conflict Resolution,2025-07-12,Leadership,No
100212,Strategic Thinking,2025-07-22,Leadership,Yes
100212,Data-Driven Decision Making,2025-08-09,Technical,Yes
100212,Communication Skills 101,2025-08-10,Communication,Yes
100212,Presentation Skills,2025-11-25,Communication,No
100212,Advanced Communication,2026-01-24,Communication,Yes
100212,Excel Advanced,2026-04-24,Technical,No
100212,Anti-Harassment Training,2026-05-19,Compliance,No
100213,Project Management Fundamentals,2022-09-05,Technical,Yes
100213,Communication Skills 101,2023-07-19,Communication,Yes
100213,Data-Driven Decision Making,2023-09-01,Technical,Yes
100213,Cloud Computing Basics,2023-09-15,Technical,No
100213,Excel Advanced,2023-12-18,Technical,No
100213,Foundations of Excellence,2024-07-14,Technical,Yes
100213,Compliance Basics,2024-12-19,Compliance,Yes
100213,Conflict Resolution,2025-12-09,Leadership,No
100214,Communication Skills 101,2025-09-01,Communication,Yes
100214,Power BI Fundamentals,2025-09-29,Technical,No
100214,Data-Driven Decision Making,2025-10-07,Technical,Yes
100214,Executive Presence,2025-11-07,Leadership,Yes
100214,Talent Acquisition,2025-11-29,Management,No
100214,Organizational Leadership,2026-01-06,Management,Yes
100214,People Management Basics,2026-01-18,Management,Yes
100214,Compliance Basics,2026-01-25,Compliance,Yes
100214,Advanced Communication,2026-02-13,Communication,Yes
100214,Negotiation Tactics,2026-02-22,Communication,No
100214,Performance Management,2026-03-09,Management,No
100214,Strategic Thinking,2026-03-20,Leadership,Yes
100214,Project Management Fundamentals,2026-04-09,Technical,Yes
100214,Change Management,2026-05-06,Leadership,No
100214,Leadership Essentials,2026-05-28,Leadership,Yes
100214,Cross-functional Collaboration,2026-06-08,Communication,Yes
100214,Executive Leadership Program,2026-06-09,Leadership,Yes
100215,Talent Acquisition,2022-06-16,Management,No
100215,Change Management,2022-07-15,Leadership,No
100215,Advanced Communication,2022-08-04,Communication,Yes
100215,Leadership Essentials,2024-07-04,Leadership,Yes
100215,Communication Skills 101,2024-09-10,Communication,Yes
100215,Compliance Basics,2024-11-02,Compliance,Yes
100215,Cross-functional Collaboration,2025-07-29,Communication,Yes
100215,Project Management Fundamentals,2026-01-09,Technical,Yes
100215,Strategic Thinking,2026-01-10,Leadership,Yes
100215,Data-Driven Decision Making,2026-06-03,Technical,Yes
100215,Foundations of Excellence,2026-06-06,Technical,Yes
100216,Power BI Fundamentals,2017-06-27,Technical,No
100216,Foundations of Excellence,2018-04-01,Technical,Yes
100216,Project Management Fundamentals,2018-04-16,Technical,Yes
100216,Communication Skills 101,2018-07-27,Communication,Yes
100216,Compliance Basics,2018-08-09,Compliance,Yes
100216,Negotiation Tactics,2020-08-01,Communication,No
100216,Data-Driven Decision Making,2020-11-26,Technical,Yes
100216,Leadership Essentials,2022-08-28,Leadership,Yes
100216,Cross-functional Collaboration,2023-05-28,Communication,Yes
100216,People Management Basics,2023-06-04,Management,Yes
100216,Advanced Communication,2023-06-09,Communication,Yes
100216,Strategic Thinking,2023-09-27,Leadership,Yes
100216,Data Privacy & GDPR,2023-10-26,Compliance,No
100216,Workplace Safety,2025-01-24,Compliance,No
100217,Communication Skills 101,2020-10-16,Communication,Yes
100217,Foundations of Excellence,2021-01-19,Technical,Yes
100217,Performance Management,2021-04-25,Management,No
100217,Python for Data Analysis,2022-01-18,Technical,No
100217,Workplace Safety,2022-05-24,Compliance,No
100217,Project Management Fundamentals,2022-11-08,Technical,Yes
100217,SQL Essentials,2025-01-06,Technical,No
100218,Negotiation Tactics,2025-02-14,Communication,No
100218,Conflict Resolution,2025-04-30,Leadership,No
100218,Project Management Fundamentals,2025-05-28,Technical,Yes
100218,Cloud Computing Basics,2025-06-09,Technical,No
100218,Python for Data Analysis,2025-06-09,Technical,No
100218,Compliance Basics,2025-06-29,Compliance,Yes
100218,Leadership Essentials,2025-09-10,Leadership,Yes
100218,People Management Basics,2025-10-21,Management,Yes
100218,Foundations of Excellence,2025-12-10,Technical,Yes
100218,Data Privacy & GDPR,2026-03-01,Compliance,No
100218,Data-Driven Decision Making,2026-03-16,Technical,Yes
100218,Strategic Thinking,2026-04-22,Leadership,Yes
100218,Cross-functional Collaboration,2026-04-26,Communication,Yes
100218,Advanced Communication,2026-05-11,Communication,Yes
100218,Communication Skills 101,2026-06-13,Communication,Yes
100219,Talent Acquisition,2025-07-29,Management,No
100219,Project Management Fundamentals,2025-08-20,Technical,Yes
100219,Foundations of Excellence,2025-09-03,Technical,Yes
100219,Budget Planning,2025-12-13,Management,No
100219,Excel Advanced,2026-01-25,Technical,No
100219,Presentation Skills,2026-03-28,Communication,No
100219,Advanced Communication,2026-04-08,Communication,Yes
100219,Data Privacy & GDPR,2026-04-16,Compliance,No
100219,Communication Skills 101,2026-05-15,Communication,Yes
100219,Data-Driven Decision Making,2026-06-04,Technical,Yes
100220,Advanced Communication,2025-03-02,Communication,Yes
100220,Project Management Fundamentals,2025-03-05,Technical,Yes
100220,Compliance Basics,2025-04-29,Compliance,Yes
100220,Communication Skills 101,2025-05-25,Communication,Yes
100220,Foundations of Excellence,2026-01-17,Technical,Yes
100220,Data-Driven Decision Making,2026-06-06,Technical,Yes
100220,Excel Advanced,2026-06-06,Technical,No
100221,Advanced Communication,2019-01-07,Communication,Yes
100221,Coaching Skills,2019-01-07,Leadership,No
100221,Talent Acquisition,2019-12-13,Management,No
100221,Conflict Resolution,2022-01-13,Leadership,No
100221,Compliance Basics,2022-05-11,Compliance,Yes
100221,Project Management Fundamentals,2023-03-14,Technical,Yes
100221,Communication Skills 101,2023-05-11,Communication,Yes
100221,Workplace Safety,2024-06-28,Compliance,No
100221,Budget Planning,2024-12-30,Management,No
100221,Foundations of Excellence,2026-04-23,Technical,Yes
100222,Budget Planning,2017-09-18,Management,No
100222,Communication Skills 101,2017-09-19,Communication,Yes
100222,Performance Management,2017-10-20,Management,No
100222,Cross-functional Collaboration,2017-10-21,Communication,Yes
100222,Compliance Basics,2017-10-25,Compliance,Yes
100222,Data-Driven Decision Making,2017-11-05,Technical,Yes
100222,Foundations of Excellence,2017-11-09,Technical,Yes
100222,Change Management,2017-11-15,Leadership,No
100222,Strategic Thinking,2017-11-19,Leadership,Yes
100222,Project Management Fundamentals,2017-11-21,Technical,Yes
100222,Advanced Communication,2017-11-23,Communication,Yes
100222,Talent Acquisition,2017-12-04,Management,No
100222,Excel Advanced,2017-12-10,Technical,No
100223,Excel Advanced,2019-12-07,Technical,No
100223,Data-Driven Decision Making,2019-12-17,Technical,Yes
100223,Foundations of Excellence,2021-03-18,Technical,Yes
100223,Compliance Basics,2021-12-10,Compliance,Yes
100223,Python for Data Analysis,2022-04-03,Technical,No
100223,Project Management Fundamentals,2022-11-28,Technical,Yes
100223,Advanced Communication,2023-01-27,Communication,Yes
100223,Cross-functional Collaboration,2023-03-21,Communication,Yes
100223,Communication Skills 101,2023-10-06,Communication,Yes
100223,Strategic Thinking,2023-11-13,Leadership,Yes
100223,Data Privacy & GDPR,2025-01-25,Compliance,No
100223,Talent Acquisition,2026-04-20,Management,No
100224,Data-Driven Decision Making,2023-06-19,Technical,Yes
100224,Communication Skills 101,2023-07-16,Communication,Yes
100224,Strategic Thinking,2023-07-17,Leadership,Yes
100224,Foundations of Excellence,2024-04-15,Technical,Yes
100224,Anti-Harassment Training,2024-08-24,Compliance,No
100224,Cross-functional Collaboration,2024-09-30,Communication,Yes
100224,Compliance Basics,2024-11-07,Compliance,Yes
100224,Project Management Fundamentals,2025-03-09,Technical,Yes
100224,Advanced Communication,2025-04-22,Communication,Yes
100225,Communication Skills 101,2025-05-21,Communication,Yes
100225,Foundations of Excellence,2025-06-28,Technical,Yes
100225,Workplace Safety,2025-10-20,Compliance,No
100225,Coaching Skills,2025-11-12,Leadership,No
100225,Compliance Basics,2026-01-25,Compliance,Yes
100225,Performance Management,2026-02-26,Management,No
100225,Excel Advanced,2026-05-10,Technical,No
100226,Cross-functional Collaboration,2023-01-14,Communication,Yes
100226,Strategic Thinking,2023-04-25,Leadership,Yes
100226,Coaching Skills,2023-10-23,Leadership,No
100226,Organizational Leadership,2024-01-17,Management,Yes
100226,Leadership Essentials,2024-05-23,Leadership,Yes
100226,Foundations of Excellence,2024-09-11,Technical,Yes
100226,People Management Basics,2024-11-07,Management,Yes
100226,Compliance Basics,2025-04-24,Compliance,Yes
100226,Executive Presence,2025-05-26,Leadership,Yes
100226,Business Strategy,2025-09-21,Management,Yes
100226,Talent Acquisition,2025-12-29,Management,No
100226,Data-Driven Decision Making,2026-02-06,Technical,Yes
100226,Executive Leadership Program,2026-03-11,Leadership,Yes
100227,People Management Basics,2019-07-07,Management,Yes
100227,Communication Skills 101,2019-11-19,Communication,Yes
100227,Cross-functional Collaboration,2020-02-26,Communication,Yes
100227,Compliance Basics,2020-12-25,Compliance,Yes
100227,Data-Driven Decision Making,2021-03-11,Technical,Yes
100227,Strategic Thinking,2021-08-04,Leadership,Yes
100227,Leadership Essentials,2022-02-18,Leadership,Yes
100227,Executive Leadership Program,2022-04-06,Leadership,Yes
100227,Cloud Computing Basics,2022-04-06,Technical,No
100227,Organizational Leadership,2024-05-29,Management,Yes
100227,Business Strategy,2024-06-29,Management,Yes
100227,Foundations of Excellence,2025-08-25,Technical,Yes
100227,Advanced Communication,2026-01-07,Communication,Yes
100227,Executive Presence,2026-04-15,Leadership,Yes
100228,Advanced Communication,2026-05-04,Communication,Yes
100228,Compliance Basics,2026-05-08,Compliance,Yes
100228,Communication Skills 101,2026-05-08,Communication,Yes
100228,Project Management Fundamentals,2026-05-21,Technical,Yes
100228,Negotiation Tactics,2026-06-05,Communication,No
100229,Data-Driven Decision Making,2025-11-21,Technical,Yes
100229,Python for Data Analysis,2025-12-13,Technical,No
100229,Communication Skills 101,2025-12-14,Communication,Yes
100229,Compliance Basics,2026-01-21,Compliance,Yes
100229,Foundations of Excellence,2026-01-25,Technical,Yes
100229,Project Management Fundamentals,2026-02-16,Technical,Yes
100229,Cross-functional Collaboration,2026-02-25,Communication,Yes
100229,Conflict Resolution,2026-04-11,Leadership,No
100229,Strategic Thinking,2026-04-25,Leadership,Yes
100229,People Management Basics,2026-06-02,Management,Yes
100229,Negotiation Tactics,2026-06-07,Communication,No
100230,Performance Management,2021-07-05,Management,No
100230,Communication Skills 101,2021-08-31,Communication,Yes
100230,Foundations of Excellence,2021-11-27,Technical,Yes
100230,People Management Basics,2022-01-17,Management,Yes
100230,Data-Driven Decision Making,2022-05-02,Technical,Yes
100230,Data Privacy & GDPR,2022-05-26,Compliance,No
100230,Conflict Resolution,2022-12-16,Leadership,No
100230,Strategic Thinking,2023-01-15,Leadership,Yes
100230,Coaching Skills,2023-03-25,Leadership,No
100230,SQL Essentials,2023-10-28,Technical,No
100230,Cross-functional Collaboration,2024-07-16,Communication,Yes
100230,Compliance Basics,2025-06-30,Compliance,Yes
100230,Advanced Communication,2025-12-08,Communication,Yes
100231,Communication Skills 101,2019-09-03,Communication,Yes
100231,Anti-Harassment Training,2019-10-08,Compliance,No
100231,Advanced Communication,2020-05-13,Communication,Yes
100231,People Management Basics,2020-06-15,Management,Yes
100231,Strategic Thinking,2020-11-20,Leadership,Yes
100231,Executive Presence,2021-06-11,Leadership,Yes
100231,Cross-functional Collaboration,2022-09-03,Communication,Yes
100231,Cloud Computing Basics,2023-02-07,Technical,No
100231,Data-Driven Decision Making,2023-02-20,Technical,Yes
100231,Project Management Fundamentals,2024-03-07,Technical,Yes
100231,Executive Leadership Program,2024-03-17,Leadership,Yes
100231,Foundations of Excellence,2025-03-04,Technical,Yes
100231,Compliance Basics,2026-01-24,Compliance,Yes
100231,Organizational Leadership,2026-01-29,Management,Yes
100231,Leadership Essentials,2026-05-29,Leadership,Yes
100232,Foundations of Excellence,2022-08-01,Technical,Yes
100232,Excel Advanced,2022-08-11,Technical,No
100232,Project Management Fundamentals,2022-11-03,Technical,Yes
100232,Budget Planning,2023-02-20,Management,No
100232,Communication Skills 101,2023-09-21,Communication,Yes
100232,Advanced Communication,2024-11-23,Communication,Yes
100232,Cross-functional Collaboration,2025-03-30,Communication,Yes
100232,People Management Basics,2025-04-05,Management,Yes
100232,Strategic Thinking,2025-04-11,Leadership,Yes
100232,Leadership Essentials,2025-06-04,Leadership,Yes
100232,Data-Driven Decision Making,2025-06-09,Technical,Yes
100232,Cloud Computing Basics,2025-10-04,Technical,No
100232,SQL Essentials,2025-12-30,Technical,No
100232,Compliance Basics,2026-02-13,Compliance,Yes
100233,Cross-functional Collaboration,2026-04-17,Communication,Yes
100233,Compliance Basics,2026-04-21,Compliance,Yes
100233,Communication Skills 101,2026-04-22,Communication,Yes
100233,Strategic Thinking,2026-04-25,Leadership,Yes
100233,Advanced Communication,2026-05-14,Communication,Yes
100233,Project Management Fundamentals,2026-06-13,Technical,Yes
100233,Data-Driven Decision Making,2026-06-16,Technical,Yes
100233,SQL Essentials,2026-06-17,Technical,No
100234,People Management Basics,2020-12-21,Management,Yes
100234,Advanced Communication,2021-01-04,Communication,Yes
100234,Communication Skills 101,2021-01-16,Communication,Yes
100234,Project Management Fundamentals,2021-02-05,Technical,Yes
100234,Cross-functional Collaboration,2021-05-25,Communication,Yes
100234,Conflict Resolution,2021-08-14,Leadership,No
100234,Negotiation Tactics,2021-10-22,Communication,No
100234,Leadership Essentials,2022-02-17,Leadership,Yes
100234,SQL Essentials,2022-06-06,Technical,No
100234,Foundations of Excellence,2024-02-02,Technical,Yes
100234,Data-Driven Decision Making,2024-06-06,Technical,Yes
100234,Executive Presence,2024-10-17,Leadership,Yes
100234,Talent Acquisition,2025-12-08,Management,No
100234,Compliance Basics,2026-05-30,Compliance,Yes
100235,Cross-functional Collaboration,2019-05-31,Communication,Yes
100235,Coaching Skills,2019-08-20,Leadership,No
100235,Foundations of Excellence,2021-03-19,Technical,Yes
100235,Data-Driven Decision Making,2021-04-01,Technical,Yes
100235,People Management Basics,2021-09-18,Management,Yes
100235,Strategic Thinking,2023-01-26,Leadership,Yes
100235,Project Management Fundamentals,2023-02-26,Technical,Yes
100235,Compliance Basics,2023-10-19,Compliance,Yes
100235,Negotiation Tactics,2023-12-04,Communication,No
100235,Advanced Communication,2024-03-16,Communication,Yes
100235,Communication Skills 101,2024-09-21,Communication,Yes
100235,Data Privacy & GDPR,2025-06-24,Compliance,No
100235,Presentation Skills,2025-09-17,Communication,No
100235,Leadership Essentials,2025-10-27,Leadership,Yes
100236,Power BI Fundamentals,2023-05-24,Technical,No
100236,Foundations of Excellence,2023-11-04,Technical,Yes
100236,Compliance Basics,2024-02-09,Compliance,Yes
100236,Advanced Communication,2024-02-22,Communication,Yes
100236,Project Management Fundamentals,2024-03-20,Technical,Yes
100236,Conflict Resolution,2024-10-23,Leadership,No
100236,Communication Skills 101,2024-10-24,Communication,Yes
100236,Anti-Harassment Training,2025-09-03,Compliance,No
100237,Project Management Fundamentals,2016-08-19,Technical,Yes
100237,Communication Skills 101,2016-10-13,Communication,Yes
100237,Data-Driven Decision Making,2017-11-24,Technical,Yes
100237,Talent Acquisition,2018-03-01,Management,No
100237,Foundations of Excellence,2020-06-13,Technical,Yes
100237,Compliance Basics,2021-07-30,Compliance,Yes
100237,Organizational Leadership,2022-10-21,Management,Yes
100237,Executive Presence,2023-02-11,Leadership,Yes
100237,Performance Management,2023-04-05,Management,No
100237,Executive Leadership Program,2023-06-03,Leadership,Yes
100237,Excel Advanced,2023-09-27,Technical,No
100237,Leadership Essentials,2024-09-30,Leadership,Yes
100237,Cross-functional Collaboration,2024-10-17,Communication,Yes
100238,Organizational Leadership,2018-01-22,Management,Yes
100238,Executive Presence,2018-02-21,Leadership,Yes
100238,Executive Leadership Program,2019-07-20,Leadership,Yes
100238,Presentation Skills,2019-09-12,Communication,No
100238,Data-Driven Decision Making,2020-06-21,Technical,Yes
100238,Talent Acquisition,2020-08-28,Management,No
100238,Strategic Thinking,2020-11-13,Leadership,Yes
100238,Negotiation Tactics,2021-02-27,Communication,No
100238,Compliance Basics,2022-06-13,Compliance,Yes
100238,People Management Basics,2022-07-28,Management,Yes
100238,Leadership Essentials,2022-12-20,Leadership,Yes
100238,Project Management Fundamentals,2023-07-09,Technical,Yes
100238,Foundations of Excellence,2024-03-18,Technical,Yes
100238,Business Strategy,2024-05-31,Management,Yes
100238,Cross-functional Collaboration,2024-11-29,Communication,Yes
100238,Advanced Communication,2025-05-26,Communication,Yes
100238,SQL Essentials,2026-05-04,Technical,No
100238,Communication Skills 101,2026-05-16,Communication,Yes
100239,Advanced Communication,2025-04-16,Communication,Yes
100239,Python for Data Analysis,2025-04-24,Technical,No
100239,Project Management Fundamentals,2025-05-16,Technical,Yes
100239,Communication Skills 101,2025-08-19,Communication,Yes
100239,Compliance Basics,2025-10-24,Compliance,Yes
100239,Budget Planning,2025-11-29,Management,No
100239,Data-Driven Decision Making,2026-01-15,Technical,Yes
100239,Foundations of Excellence,2026-06-07,Technical,Yes
100240,Communication Skills 101,2025-01-20,Communication,Yes
100240,Advanced Communication,2025-07-08,Communication,Yes
100240,Foundations of Excellence,2025-07-25,Technical,Yes
100240,Project Management Fundamentals,2025-09-02,Technical,Yes
100240,Data-Driven Decision Making,2025-09-25,Technical,Yes
100240,Cross-functional Collaboration,2025-11-02,Communication,Yes
100240,Compliance Basics,2025-12-08,Compliance,Yes
100240,Power BI Fundamentals,2026-03-13,Technical,No
100240,SQL Essentials,2026-06-14,Technical,No
100241,Project Management Fundamentals,2025-02-04,Technical,Yes
100241,Leadership Essentials,2025-03-30,Leadership,Yes
100241,Talent Acquisition,2025-05-11,Management,No
100241,Communication Skills 101,2025-06-30,Communication,Yes
100241,Strategic Thinking,2025-09-12,Leadership,Yes
100241,Foundations of Excellence,2025-11-04,Technical,Yes
100241,Advanced Communication,2026-03-15,Communication,Yes
100241,Data-Driven Decision Making,2026-04-29,Technical,Yes
100242,Data-Driven Decision Making,2023-02-04,Technical,Yes
100242,Foundations of Excellence,2023-03-23,Technical,Yes
100242,Project Management Fundamentals,2023-07-25,Technical,Yes
100242,Excel Advanced,2023-12-28,Technical,No
100242,Power BI Fundamentals,2024-05-01,Technical,No
100242,Compliance Basics,2025-04-09,Compliance,Yes
100242,Advanced Communication,2025-08-04,Communication,Yes
100242,Coaching Skills,2025-08-24,Leadership,No
100242,Workplace Safety,2025-11-09,Compliance,No
100242,Cloud Computing Basics,2026-02-21,Technical,No
100243,Organizational Leadership,2022-03-25,Management,Yes
100243,Business Strategy,2023-07-21,Management,Yes
100243,Compliance Basics,2023-08-23,Compliance,Yes
100243,Leadership Essentials,2023-10-05,Leadership,Yes
100243,SQL Essentials,2023-12-13,Technical,No
100243,Business Writing,2023-12-27,Communication,No
100243,People Management Basics,2024-02-06,Management,Yes
100243,Foundations of Excellence,2024-02-26,Technical,Yes
100243,Executive Presence,2024-04-06,Leadership,Yes
100243,Advanced Communication,2024-12-06,Communication,Yes
100243,Coaching Skills,2025-01-14,Leadership,No
100243,Project Management Fundamentals,2025-01-20,Technical,Yes
100243,Change Management,2025-01-28,Leadership,No
100243,Cross-functional Collaboration,2025-04-17,Communication,Yes
100243,Budget Planning,2025-04-26,Management,No
100243,Executive Leadership Program,2025-10-01,Leadership,Yes
100243,Strategic Thinking,2026-01-30,Leadership,Yes
100243,Communication Skills 101,2026-02-24,Communication,Yes
100244,Advanced Communication,2024-09-19,Communication,Yes
100244,Compliance Basics,2024-10-10,Compliance,Yes
100244,Project Management Fundamentals,2024-12-11,Technical,Yes
100244,Conflict Resolution,2025-02-03,Leadership,No
100244,Foundations of Excellence,2025-02-07,Technical,Yes
100244,Data-Driven Decision Making,2025-02-09,Technical,Yes
100245,Python for Data Analysis,2018-09-02,Technical,No
100245,Performance Management,2021-08-29,Management,No
100245,Project Management Fundamentals,2021-10-07,Technical,Yes
100245,Foundations of Excellence,2021-10-24,Technical,Yes
100245,Compliance Basics,2021-12-12,Compliance,Yes
100245,Data-Driven Decision Making,2021-12-23,Technical,Yes
100245,Coaching Skills,2022-03-10,Leadership,No
100245,Communication Skills 101,2025-09-26,Communication,Yes
100245,Advanced Communication,2026-01-04,Communication,Yes
100246,SQL Essentials,2019-07-21,Technical,No
100246,Presentation Skills,2020-03-16,Communication,No
100246,Foundations of Excellence,2022-01-05,Technical,Yes
100246,Compliance Basics,2023-01-25,Compliance,Yes
100246,Project Management Fundamentals,2024-04-04,Technical,Yes
100246,Communication Skills 101,2025-08-11,Communication,Yes
100247,Compliance Basics,2018-02-20,Compliance,Yes
100247,Advanced Communication,2018-08-05,Communication,Yes
100247,People Management Basics,2018-08-07,Management,Yes
100247,Excel Advanced,2019-05-25,Technical,No
100247,Project Management Fundamentals,2020-06-28,Technical,Yes
100247,Conflict Resolution,2020-09-10,Leadership,No
100247,Strategic Thinking,2021-09-03,Leadership,Yes
100247,Communication Skills 101,2021-09-23,Communication,Yes
100247,Workplace Safety,2022-10-20,Compliance,No
100247,Cross-functional Collaboration,2022-11-15,Communication,Yes
100247,Data-Driven Decision Making,2023-08-14,Technical,Yes
100247,Presentation Skills,2025-05-27,Communication,No
100247,Foundations of Excellence,2025-06-15,Technical,Yes
100248,Cross-functional Collaboration,2023-12-21,Communication,Yes
100248,Executive Presence,2023-12-27,Leadership,Yes
100248,Change Management,2024-01-06,Leadership,No
100248,Leadership Essentials,2024-02-11,Leadership,Yes
100248,People Management Basics,2024-03-07,Management,Yes
100248,Strategic Thinking,2024-08-30,Leadership,Yes
100248,Communication Skills 101,2024-12-21,Communication,Yes
100248,Compliance Basics,2025-02-06,Compliance,Yes
100248,Data-Driven Decision Making,2025-03-20,Technical,Yes
100248,Anti-Harassment Training,2025-05-17,Compliance,No
100248,Project Management Fundamentals,2025-07-03,Technical,Yes
100248,Advanced Communication,2025-12-24,Communication,Yes
100248,Foundations of Excellence,2026-02-25,Technical,Yes
100249,Foundations of Excellence,2026-04-10,Technical,Yes
100249,Workplace Safety,2026-04-14,Compliance,No
100249,Cross-functional Collaboration,2026-04-24,Communication,Yes
100249,Project Management Fundamentals,2026-05-04,Technical,Yes
100249,Leadership Essentials,2026-05-06,Leadership,Yes
100249,Anti-Harassment Training,2026-05-06,Compliance,No
100249,Data-Driven Decision Making,2026-05-15,Technical,Yes
100249,Compliance Basics,2026-05-16,Compliance,Yes
100249,SQL Essentials,2026-06-08,Technical,No
100249,Strategic Thinking,2026-06-09,Leadership,Yes
100249,Budget Planning,2026-06-11,Management,No
100249,Advanced Communication,2026-06-15,Communication,Yes
100249,Python for Data Analysis,2026-06-17,Technical,No
100250,Data-Driven Decision Making,2021-09-10,Technical,Yes
100250,Communication Skills 101,2021-10-30,Communication,Yes
100250,Change Management,2022-05-07,Leadership,No
100250,Python for Data Analysis,2023-02-14,Technical,No
100250,Power BI Fundamentals,2024-02-16,Technical,No
100250,Performance Management,2024-05-18,Management,No
100250,Foundations of Excellence,2024-11-11,Technical,Yes
100250,Cloud Computing Basics,2024-11-22,Technical,No
100250,Project Management Fundamentals,2025-03-14,Technical,Yes
100251,Project Management Fundamentals,2019-05-05,Technical,Yes
100251,Conflict Resolution,2019-06-09,Leadership,No
100251,Change Management,2019-07-23,Leadership,No
100251,Foundations of Excellence,2020-05-07,Technical,Yes
100251,Compliance Basics,2021-09-24,Compliance,Yes
100251,Data-Driven Decision Making,2022-05-28,Technical,Yes
100251,Performance Management,2023-05-11,Management,No
100251,Advanced Communication,2024-04-28,Communication,Yes
100251,Data Privacy & GDPR,2025-08-29,Compliance,No
100251,Business Writing,2025-09-26,Communication,No
100252,Communication Skills 101,2021-09-13,Communication,Yes
100252,Foundations of Excellence,2022-07-11,Technical,Yes
100252,Coaching Skills,2023-02-15,Leadership,No
100252,Compliance Basics,2023-03-18,Compliance,Yes
100252,Anti-Harassment Training,2024-01-05,Compliance,No
100252,Advanced Communication,2024-09-08,Communication,Yes
100252,Power BI Fundamentals,2024-12-11,Technical,No
100252,Presentation Skills,2025-02-14,Communication,No
100253,Presentation Skills,2025-04-06,Communication,No
100253,Foundations of Excellence,2025-04-24,Technical,Yes
100253,Excel Advanced,2025-07-25,Technical,No
100253,Communication Skills 101,2025-08-27,Communication,Yes
100253,Advanced Communication,2025-09-25,Communication,Yes
100253,Compliance Basics,2025-11-25,Compliance,Yes
100253,Data-Driven Decision Making,2025-12-23,Technical,Yes
100253,Change Management,2026-01-12,Leadership,No
100253,Strategic Thinking,2026-01-21,Leadership,Yes
100254,People Management Basics,2016-08-07,Management,Yes
100254,Strategic Thinking,2016-11-12,Leadership,Yes
100254,Project Management Fundamentals,2018-01-12,Technical,Yes
100254,Leadership Essentials,2019-04-30,Leadership,Yes
100254,Data-Driven Decision Making,2019-10-04,Technical,Yes
100254,Workplace Safety,2020-04-27,Compliance,No
100254,Communication Skills 101,2021-09-12,Communication,Yes
100254,Foundations of Excellence,2022-02-22,Technical,Yes
100254,Advanced Communication,2022-04-24,Communication,Yes
100254,Cross-functional Collaboration,2023-09-25,Communication,Yes
100254,Compliance Basics,2024-09-02,Compliance,Yes
100255,Cross-functional Collaboration,2021-06-09,Communication,Yes
100255,Advanced Communication,2022-04-08,Communication,Yes
100255,Performance Management,2022-04-22,Management,No
100255,Strategic Thinking,2022-06-18,Leadership,Yes
100255,Workplace Safety,2023-01-11,Compliance,No
100255,Cloud Computing Basics,2023-03-21,Technical,No
100255,Project Management Fundamentals,2023-05-01,Technical,Yes
100255,Data-Driven Decision Making,2024-07-18,Technical,Yes
100255,Negotiation Tactics,2025-02-21,Communication,No
100255,Leadership Essentials,2025-05-02,Leadership,Yes
100255,Anti-Harassment Training,2025-09-29,Compliance,No
100255,Foundations of Excellence,2026-06-07,Technical,Yes
100256,Talent Acquisition,2024-01-26,Management,No
100256,Foundations of Excellence,2024-08-25,Technical,Yes
100256,Compliance Basics,2025-12-25,Compliance,Yes
100256,Communication Skills 101,2026-04-08,Communication,Yes
100256,Project Management Fundamentals,2026-04-29,Technical,Yes
100256,Data-Driven Decision Making,2026-06-08,Technical,Yes
100257,Presentation Skills,2024-07-06,Communication,No
100257,Foundations of Excellence,2025-03-13,Technical,Yes
100257,Excel Advanced,2025-11-20,Technical,No
100257,Anti-Harassment Training,2026-01-20,Compliance,No
100257,Compliance Basics,2026-03-11,Compliance,Yes
100258,Data-Driven Decision Making,2021-06-19,Technical,Yes
100258,Advanced Communication,2022-09-29,Communication,Yes
100258,Communication Skills 101,2022-11-06,Communication,Yes
100258,Cross-functional Collaboration,2023-01-30,Communication,Yes
100258,Cloud Computing Basics,2024-04-22,Technical,No
100258,Project Management Fundamentals,2025-04-20,Technical,Yes
100258,Foundations of Excellence,2025-07-08,Technical,Yes
100259,Project Management Fundamentals,2023-08-05,Technical,Yes
100259,Cross-functional Collaboration,2024-03-28,Communication,Yes
100259,Communication Skills 101,2024-06-21,Communication,Yes
100259,Excel Advanced,2024-07-02,Technical,No
100259,Compliance Basics,2024-10-04,Compliance,Yes
100259,Data-Driven Decision Making,2024-11-03,Technical,Yes
100259,Advanced Communication,2024-11-16,Communication,Yes
100259,Strategic Thinking,2025-01-25,Leadership,Yes
100259,Executive Presence,2025-03-16,Leadership,Yes
100259,Leadership Essentials,2025-05-01,Leadership,Yes
100259,Organizational Leadership,2025-10-12,Management,Yes
100259,Foundations of Excellence,2026-03-08,Technical,Yes
100260,Advanced Communication,2019-12-16,Communication,Yes
100260,Compliance Basics,2020-02-02,Compliance,Yes
100260,Communication Skills 101,2020-04-16,Communication,Yes
100260,Data-Driven Decision Making,2022-07-16,Technical,Yes
100260,Foundations of Excellence,2023-10-27,Technical,Yes
100260,Presentation Skills,2025-04-08,Communication,No
100261,People Management Basics,2023-03-20,Management,Yes
100261,Strategic Thinking,2023-04-06,Leadership,Yes
100261,Leadership Essentials,2023-05-02,Leadership,Yes
100261,Advanced Communication,2023-07-02,Communication,Yes
100261,Performance Management,2024-02-17,Management,No
100261,Project Management Fundamentals,2024-07-02,Technical,Yes
100261,Data-Driven Decision Making,2024-08-18,Technical,Yes
100261,Foundations of Excellence,2025-02-01,Technical,Yes
100261,SQL Essentials,2025-02-13,Technical,No
100261,Anti-Harassment Training,2025-03-08,Compliance,No
100261,Organizational Leadership,2025-03-28,Management,Yes
100261,Cross-functional Collaboration,2025-08-14,Communication,Yes
100261,Executive Presence,2025-09-24,Leadership,Yes
100261,Conflict Resolution,2025-09-28,Leadership,No
100262,Talent Acquisition,2019-02-22,Management,No
100262,Data-Driven Decision Making,2019-04-13,Technical,Yes
100262,Communication Skills 101,2022-03-29,Communication,Yes
100262,Compliance Basics,2022-05-08,Compliance,Yes
100262,Foundations of Excellence,2023-02-06,Technical,Yes
100262,Project Management Fundamentals,2024-09-02,Technical,Yes
100262,Performance Management,2025-03-18,Management,No
100263,Foundations of Excellence,2023-07-21,Technical,Yes
100263,Communication Skills 101,2023-11-02,Communication,Yes
100263,Budget Planning,2024-08-31,Management,No
100263,Project Management Fundamentals,2024-09-28,Technical,Yes
100263,Workplace Safety,2025-05-30,Compliance,No
100263,Talent Acquisition,2025-06-15,Management,No
100263,Compliance Basics,2025-07-02,Compliance,Yes
100263,Conflict Resolution,2025-07-19,Leadership,No
100263,Presentation Skills,2026-01-12,Communication,No
100264,Strategic Thinking,2019-05-01,Leadership,Yes
100264,People Management Basics,2019-10-20,Management,Yes
100264,Compliance Basics,2019-11-14,Compliance,Yes
100264,Cloud Computing Basics,2019-12-20,Technical,No
100264,Leadership Essentials,2020-10-19,Leadership,Yes
100264,Advanced Communication,2021-07-02,Communication,Yes
100264,Cross-functional Collaboration,2022-06-22,Communication,Yes
100264,Data-Driven Decision Making,2023-06-04,Technical,Yes
100264,Project Management Fundamentals,2024-09-29,Technical,Yes
100264,Python for Data Analysis,2024-10-10,Technical,No
100265,Data-Driven Decision Making,2016-09-29,Technical,Yes
100265,Leadership Essentials,2018-06-23,Leadership,Yes
100265,Organizational Leadership,2018-09-03,Management,Yes
100265,Strategic Thinking,2018-12-29,Leadership,Yes
100265,Advanced Communication,2019-07-14,Communication,Yes
100265,Compliance Basics,2019-08-29,Compliance,Yes
100265,Foundations of Excellence,2020-02-06,Technical,Yes
100265,Project Management Fundamentals,2020-11-07,Technical,Yes
100265,Communication Skills 101,2021-05-16,Communication,Yes
100265,Cross-functional Collaboration,2022-02-18,Communication,Yes
100265,People Management Basics,2023-01-06,Management,Yes
100265,Executive Presence,2023-04-13,Leadership,Yes
100265,Business Strategy,2023-04-29,Management,Yes
100265,Talent Acquisition,2024-09-18,Management,No
100266,Data-Driven Decision Making,2023-10-16,Technical,Yes
100266,Compliance Basics,2023-11-23,Compliance,Yes
100266,Talent Acquisition,2024-08-30,Management,No
100266,Strategic Thinking,2024-12-03,Leadership,Yes
100266,Leadership Essentials,2025-04-04,Leadership,Yes
100266,Communication Skills 101,2025-08-19,Communication,Yes
100266,Cross-functional Collaboration,2025-08-20,Communication,Yes
100266,Executive Presence,2025-09-29,Leadership,Yes
100266,Advanced Communication,2025-10-03,Communication,Yes
100266,Organizational Leadership,2025-10-13,Management,Yes
100266,SQL Essentials,2026-04-04,Technical,No
100266,Business Strategy,2026-04-17,Management,Yes
100266,Project Management Fundamentals,2026-05-27,Technical,Yes
100266,Executive Leadership Program,2026-06-08,Leadership,Yes
100267,Performance Management,2025-07-23,Management,No
100267,Data-Driven Decision Making,2025-07-24,Technical,Yes
100267,Anti-Harassment Training,2025-07-25,Compliance,No
100267,Project Management Fundamentals,2025-08-17,Technical,Yes
100267,Executive Presence,2025-08-17,Leadership,Yes
100267,People Management Basics,2025-10-10,Management,Yes
100267,Executive Leadership Program,2025-10-14,Leadership,Yes
100267,Foundations of Excellence,2025-10-22,Technical,Yes
100267,Leadership Essentials,2025-12-11,Leadership,Yes
100267,Python for Data Analysis,2026-02-16,Technical,No
100267,Strategic Thinking,2026-03-10,Leadership,Yes
100267,Advanced Communication,2026-03-16,Communication,Yes
100267,Communication Skills 101,2026-05-18,Communication,Yes
100267,Compliance Basics,2026-05-24,Compliance,Yes
100268,Strategic Thinking,2025-03-01,Leadership,Yes
100268,Cross-functional Collaboration,2025-05-03,Communication,Yes
100268,Project Management Fundamentals,2025-05-11,Technical,Yes
100268,Compliance Basics,2025-10-28,Compliance,Yes
100268,Power BI Fundamentals,2025-11-19,Technical,No
100268,Communication Skills 101,2026-01-11,Communication,Yes
100268,People Management Basics,2026-03-16,Management,Yes
100268,Foundations of Excellence,2026-03-20,Technical,Yes
100268,Advanced Communication,2026-04-15,Communication,Yes
100269,Change Management,2026-05-29,Leadership,No
100269,Talent Acquisition,2026-05-29,Management,No
100269,Communication Skills 101,2026-05-30,Communication,Yes
100269,Advanced Communication,2026-05-30,Communication,Yes
100269,Compliance Basics,2026-06-01,Compliance,Yes
100269,Coaching Skills,2026-06-05,Leadership,No
100269,Foundations of Excellence,2026-06-06,Technical,Yes
100269,Project Management Fundamentals,2026-06-12,Technical,Yes
100269,Python for Data Analysis,2026-06-12,Technical,No
100269,Data Privacy & GDPR,2026-06-15,Compliance,No
100270,Communication Skills 101,2019-04-09,Communication,Yes
100270,Budget Planning,2020-07-19,Management,No
100270,Advanced Communication,2021-06-23,Communication,Yes
100270,Presentation Skills,2022-06-14,Communication,No
100270,Foundations of Excellence,2023-04-27,Technical,Yes
100270,Anti-Harassment Training,2023-07-04,Compliance,No
100270,Business Writing,2023-08-04,Communication,No
100270,Project Management Fundamentals,2023-08-20,Technical,Yes
100270,Change Management,2023-12-14,Leadership,No
100270,Compliance Basics,2025-01-02,Compliance,Yes
100271,Cross-functional Collaboration,2023-05-07,Communication,Yes
100271,Communication Skills 101,2023-05-17,Communication,Yes
100271,Organizational Leadership,2023-08-06,Management,Yes
100271,Strategic Thinking,2023-08-19,Leadership,Yes
100271,Project Management Fundamentals,2023-12-13,Technical,Yes
100271,Negotiation Tactics,2024-02-19,Communication,No
100271,Compliance Basics,2024-04-02,Compliance,Yes
100271,Advanced Communication,2024-10-04,Communication,Yes
100271,Foundations of Excellence,2025-01-11,Technical,Yes
100271,Executive Presence,2025-03-29,Leadership,Yes
100271,Data-Driven Decision Making,2025-05-03,Technical,Yes
100271,Budget Planning,2025-05-31,Management,No
100271,SQL Essentials,2025-09-29,Technical,No
100272,Business Writing,2026-01-27,Communication,No
100272,Talent Acquisition,2026-02-01,Management,No
100272,Project Management Fundamentals,2026-02-14,Technical,Yes
100272,Compliance Basics,2026-02-19,Compliance,Yes
100272,Communication Skills 101,2026-04-29,Communication,Yes
100273,Executive Leadership Program,2020-09-23,Leadership,Yes
100273,Organizational Leadership,2020-12-23,Management,Yes
100273,Cross-functional Collaboration,2021-12-06,Communication,Yes
100273,Data-Driven Decision Making,2022-01-08,Technical,Yes
100273,Executive Presence,2022-08-19,Leadership,Yes
100273,Advanced Communication,2023-02-21,Communication,Yes
100273,Business Strategy,2023-05-20,Management,Yes
100273,People Management Basics,2023-11-13,Management,Yes
100273,Project Management Fundamentals,2023-12-17,Technical,Yes
100273,Communication Skills 101,2024-11-14,Communication,Yes
100273,Data Privacy & GDPR,2025-02-24,Compliance,No
100273,Compliance Basics,2025-04-14,Compliance,Yes
100273,Leadership Essentials,2025-11-09,Leadership,Yes
100273,Foundations of Excellence,2025-11-19,Technical,Yes
100273,Strategic Thinking,2026-05-25,Leadership,Yes
100274,Cross-functional Collaboration,2018-02-19,Communication,Yes
100274,Foundations of Excellence,2019-11-07,Technical,Yes
100274,Compliance Basics,2020-04-03,Compliance,Yes
100274,Workplace Safety,2020-08-30,Compliance,No
100274,People Management Basics,2020-10-22,Management,Yes
100274,Advanced Communication,2022-11-26,Communication,Yes
100274,Communication Skills 101,2022-12-18,Communication,Yes
100274,Performance Management,2023-02-21,Management,No
100274,Data-Driven Decision Making,2023-08-08,Technical,Yes
100274,Strategic Thinking,2024-03-17,Leadership,Yes
100274,Cloud Computing Basics,2025-07-23,Technical,No
100274,Anti-Harassment Training,2026-06-07,Compliance,No
100274,Coaching Skills,2026-06-12,Leadership,No
100275,Python for Data Analysis,2018-03-29,Technical,No
100275,Compliance Basics,2019-01-06,Compliance,Yes
100275,Power BI Fundamentals,2019-09-30,Technical,No
100275,Project Management Fundamentals,2019-10-07,Technical,Yes
100275,Data-Driven Decision Making,2020-04-01,Technical,Yes
100275,Change Management,2021-03-24,Leadership,No
100275,Communication Skills 101,2021-11-22,Communication,Yes
100275,Foundations of Excellence,2022-11-13,Technical,Yes
100275,Strategic Thinking,2023-01-24,Leadership,Yes
100275,Advanced Communication,2023-04-26,Communication,Yes
100275,Excel Advanced,2024-08-13,Technical,No
100276,Budget Planning,2019-07-21,Management,No
100276,Compliance Basics,2019-08-18,Compliance,Yes
100276,Foundations of Excellence,2020-09-27,Technical,Yes
100276,Communication Skills 101,2022-07-19,Communication,Yes
100276,Project Management Fundamentals,2023-03-17,Technical,Yes
100276,Talent Acquisition,2024-12-16,Management,No
100277,Workplace Safety,2025-09-07,Compliance,No
100277,Presentation Skills,2025-10-29,Communication,No
100277,Communication Skills 101,2025-12-29,Communication,Yes
100277,Excel Advanced,2026-02-17,Technical,No
100277,Project Management Fundamentals,2026-04-03,Technical,Yes
100277,Compliance Basics,2026-04-05,Compliance,Yes
100277,Talent Acquisition,2026-05-09,Management,No
100277,Foundations of Excellence,2026-06-06,Technical,Yes
100278,Compliance Basics,2022-05-01,Compliance,Yes
100278,Advanced Communication,2023-04-22,Communication,Yes
100278,Talent Acquisition,2024-10-15,Management,No
100278,Foundations of Excellence,2026-03-17,Technical,Yes
100279,Strategic Thinking,2017-11-03,Leadership,Yes
100279,Presentation Skills,2018-04-10,Communication,No
100279,Project Management Fundamentals,2018-09-27,Technical,Yes
100279,Leadership Essentials,2019-02-02,Leadership,Yes
100279,Business Writing,2019-03-08,Communication,No
100279,People Management Basics,2019-07-04,Management,Yes
100279,Advanced Communication,2019-07-15,Communication,Yes
100279,Change Management,2019-09-15,Leadership,No
100279,Data-Driven Decision Making,2020-01-20,Technical,Yes
100279,Communication Skills 101,2020-06-11,Communication,Yes
100279,Compliance Basics,2020-07-01,Compliance,Yes
100280,Compliance Basics,2026-04-07,Compliance,Yes
100280,Excel Advanced,2026-04-11,Technical,No
100280,Data-Driven Decision Making,2026-05-13,Technical,Yes
100280,Coaching Skills,2026-05-14,Leadership,No
100280,Foundations of Excellence,2026-05-16,Technical,Yes
100280,Budget Planning,2026-05-18,Management,No
100280,Communication Skills 101,2026-06-01,Communication,Yes
100280,Advanced Communication,2026-06-05,Communication,Yes
100280,Project Management Fundamentals,2026-06-16,Technical,Yes
100280,Cross-functional Collaboration,2026-06-16,Communication,Yes
100281,Advanced Communication,2018-05-08,Communication,Yes
100281,Data-Driven Decision Making,2018-11-07,Technical,Yes
100281,Communication Skills 101,2019-01-02,Communication,Yes
100281,Compliance Basics,2021-04-16,Compliance,Yes
100281,Workplace Safety,2022-04-29,Compliance,No
100281,Foundations of Excellence,2022-12-22,Technical,Yes
100281,Project Management Fundamentals,2025-04-12,Technical,Yes
100281,Cross-functional Collaboration,2025-07-25,Communication,Yes
100281,Business Writing,2025-11-04,Communication,No
100282,Talent Acquisition,2022-03-09,Management,No
100282,Foundations of Excellence,2022-10-02,Technical,Yes
100282,Workplace Safety,2022-10-24,Compliance,No
100282,Excel Advanced,2023-06-13,Technical,No
100282,Advanced Communication,2024-10-27,Communication,Yes
100282,Data-Driven Decision Making,2025-01-20,Technical,Yes
100282,Business Writing,2025-02-27,Communication,No
100282,Compliance Basics,2025-05-29,Compliance,Yes
100282,Communication Skills 101,2026-04-13,Communication,Yes
100282,Project Management Fundamentals,2026-05-05,Technical,Yes
100283,Performance Management,2023-11-17,Management,No
100283,Strategic Thinking,2024-01-16,Leadership,Yes
100283,People Management Basics,2024-02-04,Management,Yes
100283,Organizational Leadership,2024-03-13,Management,Yes
100283,Budget Planning,2024-07-23,Management,No
100283,Leadership Essentials,2024-08-24,Leadership,Yes
100283,Advanced Communication,2024-08-25,Communication,Yes
100283,Executive Leadership Program,2024-10-30,Leadership,Yes
100283,Communication Skills 101,2024-11-24,Communication,Yes
100283,Cross-functional Collaboration,2025-04-14,Communication,Yes
100283,Business Strategy,2025-11-14,Management,Yes
100283,Foundations of Excellence,2025-12-06,Technical,Yes
100283,Compliance Basics,2026-03-19,Compliance,Yes
100283,Executive Presence,2026-06-07,Leadership,Yes
100283,Project Management Fundamentals,2026-06-17,Technical,Yes
100284,Cross-functional Collaboration,2025-01-08,Communication,Yes
100284,Data-Driven Decision Making,2025-01-22,Technical,Yes
100284,Compliance Basics,2025-01-24,Compliance,Yes
100284,Advanced Communication,2025-03-20,Communication,Yes
100284,Power BI Fundamentals,2025-05-24,Technical,No
100284,Strategic Thinking,2025-07-05,Leadership,Yes
100284,Project Management Fundamentals,2025-07-17,Technical,Yes
100284,Executive Presence,2025-09-02,Leadership,Yes
100284,Communication Skills 101,2025-10-10,Communication,Yes
100284,Foundations of Excellence,2026-05-02,Technical,Yes
100285,Performance Management,2019-01-26,Management,No
100285,Strategic Thinking,2019-11-07,Leadership,Yes
100285,Advanced Communication,2019-12-06,Communication,Yes
100285,Talent Acquisition,2021-05-22,Management,No
100285,Foundations of Excellence,2021-06-12,Technical,Yes
100285,Communication Skills 101,2021-09-10,Communication,Yes
100285,Project Management Fundamentals,2021-09-22,Technical,Yes
100285,Presentation Skills,2022-02-16,Communication,No
100285,Compliance Basics,2023-04-13,Compliance,Yes
100285,Business Writing,2023-05-23,Communication,No
100285,Cross-functional Collaboration,2024-01-23,Communication,Yes
100285,Excel Advanced,2024-12-19,Technical,No
100286,Strategic Thinking,2022-04-09,Leadership,Yes
100286,Executive Presence,2023-01-20,Leadership,Yes
100286,Compliance Basics,2023-02-10,Compliance,Yes
100286,People Management Basics,2023-11-06,Management,Yes
100286,Cross-functional Collaboration,2024-02-10,Communication,Yes
100286,Communication Skills 101,2024-04-26,Communication,Yes
100286,Leadership Essentials,2025-06-02,Leadership,Yes
100286,Advanced Communication,2025-07-13,Communication,Yes
100286,Foundations of Excellence,2025-07-20,Technical,Yes
100286,Python for Data Analysis,2025-11-08,Technical,No
100287,Communication Skills 101,2018-04-21,Communication,Yes
100287,Compliance Basics,2018-09-07,Compliance,Yes
100287,SQL Essentials,2019-07-25,Technical,No
100287,Negotiation Tactics,2020-07-10,Communication,No
100287,Data-Driven Decision Making,2021-01-16,Technical,Yes
100287,Strategic Thinking,2021-12-07,Leadership,Yes
100287,Workplace Safety,2023-07-16,Compliance,No
100287,Leadership Essentials,2024-03-18,Leadership,Yes
100287,Advanced Communication,2025-04-01,Communication,Yes
100287,Foundations of Excellence,2025-11-21,Technical,Yes
100287,Project Management Fundamentals,2026-02-12,Technical,Yes
100288,Cross-functional Collaboration,2024-09-15,Communication,Yes
100288,Communication Skills 101,2025-05-12,Communication,Yes
100288,Data-Driven Decision Making,2025-07-09,Technical,Yes
100288,Project Management Fundamentals,2026-02-11,Technical,Yes
100288,Foundations of Excellence,2026-02-18,Technical,Yes
100288,Compliance Basics,2026-03-23,Compliance,Yes
100288,Advanced Communication,2026-03-24,Communication,Yes
100288,Excel Advanced,2026-05-01,Technical,No
100289,Leadership Essentials,2022-01-21,Leadership,Yes
100289,Foundations of Excellence,2023-01-27,Technical,Yes
100289,Executive Presence,2023-08-21,Leadership,Yes
100289,Data-Driven Decision Making,2024-02-02,Technical,Yes
100289,Cross-functional Collaboration,2024-05-10,Communication,Yes
100289,People Management Basics,2024-07-08,Management,Yes
100289,Project Management Fundamentals,2024-08-18,Technical,Yes
100289,Communication Skills 101,2024-08-23,Communication,Yes
100289,Power BI Fundamentals,2025-06-09,Technical,No
100289,Python for Data Analysis,2025-09-19,Technical,No
100290,Performance Management,2020-04-27,Management,No
100290,Conflict Resolution,2021-01-14,Leadership,No
100290,Communication Skills 101,2021-03-07,Communication,Yes
100290,Leadership Essentials,2021-09-08,Leadership,Yes
100290,Foundations of Excellence,2021-10-26,Technical,Yes
100290,Cross-functional Collaboration,2021-11-28,Communication,Yes
100290,Strategic Thinking,2022-09-16,Leadership,Yes
100290,Negotiation Tactics,2024-02-25,Communication,No
100290,Compliance Basics,2024-05-24,Compliance,Yes
100290,Data-Driven Decision Making,2024-08-18,Technical,Yes
100290,Project Management Fundamentals,2024-08-29,Technical,Yes
100290,People Management Basics,2025-05-04,Management,Yes
100290,Change Management,2025-06-24,Leadership,No
100290,Business Writing,2026-05-04,Communication,No
100291,Compliance Basics,2020-05-16,Compliance,Yes
100291,Data-Driven Decision Making,2021-10-08,Technical,Yes
100291,Communication Skills 101,2022-07-11,Communication,Yes
100291,Project Management Fundamentals,2022-10-19,Technical,Yes
100291,Foundations of Excellence,2023-12-25,Technical,Yes
100291,Change Management,2024-04-06,Leadership,No
100291,Strategic Thinking,2025-09-11,Leadership,Yes
100292,Leadership Essentials,2019-10-07,Leadership,Yes
100292,People Management Basics,2019-11-27,Management,Yes
100292,Project Management Fundamentals,2020-04-27,Technical,Yes
100292,Foundations of Excellence,2020-10-06,Technical,Yes
100292,Compliance Basics,2020-12-30,Compliance,Yes
100292,Strategic Thinking,2021-06-15,Leadership,Yes
100292,Communication Skills 101,2022-07-22,Communication,Yes
100292,Data Privacy & GDPR,2024-07-22,Compliance,No
100292,Cross-functional Collaboration,2024-07-28,Communication,Yes
100292,Organizational Leadership,2025-05-17,Management,Yes
100292,Executive Presence,2025-06-22,Leadership,Yes
100292,Advanced Communication,2026-01-28,Communication,Yes
100293,Communication Skills 101,2021-10-31,Communication,Yes
100293,Compliance Basics,2022-01-07,Compliance,Yes
100293,Data-Driven Decision Making,2022-03-21,Technical,Yes
100293,Presentation Skills,2022-12-22,Communication,No
100293,Excel Advanced,2023-06-15,Technical,No
100293,Advanced Communication,2023-08-24,Communication,Yes
100293,Talent Acquisition,2024-05-29,Management,No
100293,Strategic Thinking,2024-09-08,Leadership,Yes
100293,Anti-Harassment Training,2025-03-31,Compliance,No
100293,Project Management Fundamentals,2025-04-18,Technical,Yes
100293,Business Writing,2025-08-04,Communication,No
100293,Foundations of Excellence,2026-06-17,Technical,Yes
100294,Strategic Thinking,2023-06-26,Leadership,Yes
100294,Cross-functional Collaboration,2024-05-13,Communication,Yes
100294,Communication Skills 101,2024-06-10,Communication,Yes
100294,Project Management Fundamentals,2024-08-05,Technical,Yes
100294,Budget Planning,2024-11-26,Management,No
100294,Compliance Basics,2025-07-13,Compliance,Yes
100294,Advanced Communication,2025-07-20,Communication,Yes
100294,Business Writing,2025-07-24,Communication,No
100294,Foundations of Excellence,2025-08-23,Technical,Yes
100294,Excel Advanced,2025-11-10,Technical,No
100294,Talent Acquisition,2025-11-16,Management,No
100294,Data-Driven Decision Making,2025-12-11,Technical,Yes
100294,Data Privacy & GDPR,2026-05-24,Compliance,No
100295,Data-Driven Decision Making,2023-01-17,Technical,Yes
100295,Project Management Fundamentals,2023-07-01,Technical,Yes
100295,Compliance Basics,2023-07-08,Compliance,Yes
100295,Business Writing,2024-06-08,Communication,No
100295,Advanced Communication,2025-02-19,Communication,Yes
100295,SQL Essentials,2025-03-24,Technical,No
100295,Communication Skills 101,2026-02-14,Communication,Yes
100295,Foundations of Excellence,2026-05-31,Technical,Yes
100296,People Management Basics,2020-09-30,Management,Yes
100296,Strategic Thinking,2020-10-26,Leadership,Yes
100296,Executive Presence,2020-11-24,Leadership,Yes
100296,Executive Leadership Program,2020-12-26,Leadership,Yes
100296,Anti-Harassment Training,2022-01-07,Compliance,No
100296,Project Management Fundamentals,2022-04-01,Technical,Yes
100296,Presentation Skills,2022-05-04,Communication,No
100296,Change Management,2022-06-16,Leadership,No
100296,Talent Acquisition,2022-09-21,Management,No
100296,Data-Driven Decision Making,2022-10-28,Technical,Yes
100296,Foundations of Excellence,2023-03-26,Technical,Yes
100296,Compliance Basics,2023-08-03,Compliance,Yes
100296,Advanced Communication,2025-01-26,Communication,Yes
100296,Organizational Leadership,2025-04-08,Management,Yes
100296,Communication Skills 101,2025-07-05,Communication,Yes
100296,Cross-functional Collaboration,2025-12-06,Communication,Yes
100296,Python for Data Analysis,2026-02-08,Technical,No
100296,Leadership Essentials,2026-04-30,Leadership,Yes
100297,Compliance Basics,2025-07-17,Compliance,Yes
100297,Communication Skills 101,2025-07-18,Communication,Yes
100297,Foundations of Excellence,2025-07-19,Technical,Yes
100297,Data Privacy & GDPR,2025-07-25,Compliance,No
100297,Excel Advanced,2025-07-27,Technical,No
100297,Conflict Resolution,2025-07-30,Leadership,No
100297,Talent Acquisition,2025-07-31,Management,No
100297,Project Management Fundamentals,2025-08-05,Technical,Yes
100298,Data-Driven Decision Making,2020-06-29,Technical,Yes
100298,Executive Presence,2020-11-16,Leadership,Yes
100298,Advanced Communication,2020-12-31,Communication,Yes
100298,Excel Advanced,2021-02-06,Technical,No
100298,Strategic Thinking,2021-04-05,Leadership,Yes
100298,Cross-functional Collaboration,2021-06-05,Communication,Yes
100298,People Management Basics,2021-06-23,Management,Yes
100298,Project Management Fundamentals,2021-08-10,Technical,Yes
100298,Leadership Essentials,2021-09-06,Leadership,Yes
100298,Communication Skills 101,2021-09-10,Communication,Yes
100299,Compliance Basics,2024-07-15,Compliance,Yes
100299,Power BI Fundamentals,2024-08-14,Technical,No
100299,Leadership Essentials,2024-08-19,Leadership,Yes
100299,Advanced Communication,2024-11-19,Communication,Yes
100299,Communication Skills 101,2024-12-05,Communication,Yes
100299,People Management Basics,2025-01-18,Management,Yes
100299,Project Management Fundamentals,2025-03-29,Technical,Yes
100299,Strategic Thinking,2025-07-29,Leadership,Yes
100299,Organizational Leadership,2025-08-28,Management,Yes
100299,Anti-Harassment Training,2025-08-29,Compliance,No
100299,Cross-functional Collaboration,2025-10-18,Communication,Yes
100299,Presentation Skills,2025-12-13,Communication,No
100299,Talent Acquisition,2026-01-27,Management,No
100299,Data-Driven Decision Making,2026-05-27,Technical,Yes
100300,Communication Skills 101,2018-12-02,Communication,Yes
100300,SQL Essentials,2019-07-09,Technical,No
100300,Foundations of Excellence,2019-12-10,Technical,Yes
100300,Advanced Communication,2020-08-12,Communication,Yes
100300,Project Management Fundamentals,2021-01-15,Technical,Yes
100300,Data-Driven Decision Making,2022-05-09,Technical,Yes
100300,Anti-Harassment Training,2023-09-26,Compliance,No
100300,Compliance Basics,2025-11-27,Compliance,Yes
100301,Communication Skills 101,2025-06-15,Communication,Yes
100301,Data-Driven Decision Making,2025-06-22,Technical,Yes
100301,Executive Presence,2025-07-04,Leadership,Yes
100301,Business Strategy,2025-08-13,Management,Yes
100301,Negotiation Tactics,2025-08-21,Communication,No
100301,Strategic Thinking,2025-08-27,Leadership,Yes
100301,Advanced Communication,2025-09-04,Communication,Yes
100301,Cross-functional Collaboration,2025-09-20,Communication,Yes
100301,Organizational Leadership,2025-09-22,Management,Yes
100301,Foundations of Excellence,2025-09-25,Technical,Yes
100301,Coaching Skills,2025-10-07,Leadership,No
100301,Executive Leadership Program,2025-11-15,Leadership,Yes
100301,Project Management Fundamentals,2026-03-03,Technical,Yes
100301,People Management Basics,2026-05-03,Management,Yes
100301,Compliance Basics,2026-05-31,Compliance,Yes
100301,Leadership Essentials,2026-06-02,Leadership,Yes
100302,Foundations of Excellence,2019-03-15,Technical,Yes
100302,Advanced Communication,2019-07-30,Communication,Yes
100302,Performance Management,2020-08-30,Management,No
100302,Project Management Fundamentals,2020-09-30,Technical,Yes
100302,Communication Skills 101,2020-11-21,Communication,Yes
100302,Anti-Harassment Training,2021-05-11,Compliance,No
100302,SQL Essentials,2021-10-12,Technical,No
100302,Data-Driven Decision Making,2022-01-23,Technical,Yes
100302,Compliance Basics,2025-05-02,Compliance,Yes
100302,Negotiation Tactics,2025-08-02,Communication,No
100303,Organizational Leadership,2023-02-11,Management,Yes
100303,Strategic Thinking,2023-02-25,Leadership,Yes
100303,Foundations of Excellence,2023-06-26,Technical,Yes
100303,Compliance Basics,2024-04-07,Compliance,Yes
100303,Cross-functional Collaboration,2024-05-01,Communication,Yes
100303,Leadership Essentials,2024-10-26,Leadership,Yes
100303,Negotiation Tactics,2025-03-01,Communication,No
100303,Project Management Fundamentals,2025-03-17,Technical,Yes
100303,Data-Driven Decision Making,2025-05-01,Technical,Yes
100303,Communication Skills 101,2025-05-10,Communication,Yes
100303,Workplace Safety,2025-08-23,Compliance,No
100304,Compliance Basics,2021-08-05,Compliance,Yes
100304,Leadership Essentials,2021-10-04,Leadership,Yes
100304,Advanced Communication,2023-04-05,Communication,Yes
100304,Strategic Thinking,2023-07-21,Leadership,Yes
100304,Data-Driven Decision Making,2024-12-12,Technical,Yes
100304,Cross-functional Collaboration,2024-12-18,Communication,Yes
100304,Performance Management,2025-04-02,Management,No
100304,Communication Skills 101,2025-09-29,Communication,Yes
100305,Cross-functional Collaboration,2016-11-26,Communication,Yes
100305,Negotiation Tactics,2016-12-12,Communication,No
100305,Strategic Thinking,2017-10-23,Leadership,Yes
100305,Compliance Basics,2017-12-12,Compliance,Yes
100305,Executive Presence,2018-07-17,Leadership,Yes
100305,Project Management Fundamentals,2018-09-11,Technical,Yes
100305,Business Strategy,2018-10-01,Management,Yes
100305,Communication Skills 101,2019-04-25,Communication,Yes
100305,Data-Driven Decision Making,2020-04-21,Technical,Yes
100305,Organizational Leadership,2021-06-17,Management,Yes
100305,Change Management,2021-10-05,Leadership,No
100305,Leadership Essentials,2022-07-02,Leadership,Yes
100305,People Management Basics,2022-09-22,Management,Yes
100305,Foundations of Excellence,2023-11-07,Technical,Yes
100306,Anti-Harassment Training,2023-08-31,Compliance,No
100306,Foundations of Excellence,2023-11-13,Technical,Yes
100306,Cross-functional Collaboration,2024-03-16,Communication,Yes
100306,SQL Essentials,2024-10-06,Technical,No
100306,Communication Skills 101,2024-10-22,Communication,Yes
100306,Project Management Fundamentals,2024-12-22,Technical,Yes
100306,Change Management,2025-12-07,Leadership,No
100306,Compliance Basics,2026-03-29,Compliance,Yes
100306,Python for Data Analysis,2026-04-15,Technical,No
100306,Data-Driven Decision Making,2026-04-16,Technical,Yes
100306,Advanced Communication,2026-04-18,Communication,Yes
100307,Conflict Resolution,2019-08-22,Leadership,No
100307,Business Writing,2020-01-23,Communication,No
100307,Compliance Basics,2021-05-22,Compliance,Yes
100307,Foundations of Excellence,2021-12-22,Technical,Yes
100307,Data-Driven Decision Making,2021-12-25,Technical,Yes
100307,Performance Management,2023-11-11,Management,No
100307,SQL Essentials,2025-07-28,Technical,No
100307,Change Management,2026-03-19,Leadership,No
100308,Budget Planning,2019-08-24,Management,No
100308,People Management Basics,2020-03-22,Management,Yes
100308,Project Management Fundamentals,2020-06-05,Technical,Yes
100308,Data-Driven Decision Making,2021-03-15,Technical,Yes
100308,Foundations of Excellence,2021-05-20,Technical,Yes
100308,Communication Skills 101,2021-08-14,Communication,Yes
100308,Compliance Basics,2022-07-18,Compliance,Yes
100308,Advanced Communication,2022-10-10,Communication,Yes
100308,Strategic Thinking,2022-12-02,Leadership,Yes
100309,People Management Basics,2021-12-23,Management,Yes
100309,Compliance Basics,2022-01-18,Compliance,Yes
100309,Leadership Essentials,2023-01-21,Leadership,Yes
100309,Advanced Communication,2023-05-09,Communication,Yes
100309,Cross-functional Collaboration,2024-01-07,Communication,Yes
100309,Data-Driven Decision Making,2024-02-06,Technical,Yes
100309,Cloud Computing Basics,2024-04-21,Technical,No
100309,Communication Skills 101,2025-09-24,Communication,Yes
100309,Talent Acquisition,2025-10-11,Management,No
100309,Project Management Fundamentals,2026-01-29,Technical,Yes
100309,Foundations of Excellence,2026-04-16,Technical,Yes
100310,Project Management Fundamentals,2022-01-20,Technical,Yes
100310,Compliance Basics,2022-03-13,Compliance,Yes
100310,Coaching Skills,2022-03-28,Leadership,No
100310,Foundations of Excellence,2022-08-07,Technical,Yes
100310,Advanced Communication,2023-02-19,Communication,Yes
100310,Excel Advanced,2023-03-20,Technical,No
100310,Python for Data Analysis,2024-01-04,Technical,No
100310,Communication Skills 101,2025-12-20,Communication,Yes
100311,Project Management Fundamentals,2020-08-10,Technical,Yes
100311,Foundations of Excellence,2022-07-20,Technical,Yes
100311,Communication Skills 101,2022-12-26,Communication,Yes
100311,Anti-Harassment Training,2023-04-24,Compliance,No
100311,Data-Driven Decision Making,2023-06-17,Technical,Yes
100311,Talent Acquisition,2024-10-09,Management,No
100311,Advanced Communication,2025-01-20,Communication,Yes
100312,People Management Basics,2026-04-25,Management,Yes
100312,Budget Planning,2026-05-16,Management,No
100312,Data-Driven Decision Making,2026-05-18,Technical,Yes
100312,Foundations of Excellence,2026-05-19,Technical,Yes
100312,Executive Presence,2026-05-19,Leadership,Yes
100312,Project Management Fundamentals,2026-05-21,Technical,Yes
100312,Communication Skills 101,2026-05-25,Communication,Yes
100312,Compliance Basics,2026-05-26,Compliance,Yes
100312,Strategic Thinking,2026-05-28,Leadership,Yes
100312,Cross-functional Collaboration,2026-06-09,Communication,Yes
100313,Presentation Skills,2024-05-13,Communication,No
100313,Advanced Communication,2024-05-23,Communication,Yes
100313,Foundations of Excellence,2024-06-06,Technical,Yes
100313,Communication Skills 101,2024-06-17,Communication,Yes
100313,Project Management Fundamentals,2024-09-16,Technical,Yes
100313,Strategic Thinking,2024-09-19,Leadership,Yes
100313,Compliance Basics,2024-10-24,Compliance,Yes
100313,Data-Driven Decision Making,2024-10-29,Technical,Yes
100314,Communication Skills 101,2023-03-15,Communication,Yes
100314,Change Management,2023-04-21,Leadership,No
100314,Negotiation Tactics,2023-04-22,Communication,No
100314,Strategic Thinking,2023-07-08,Leadership,Yes
100314,Advanced Communication,2024-04-24,Communication,Yes
100314,Data-Driven Decision Making,2024-09-28,Technical,Yes
100314,Presentation Skills,2025-02-14,Communication,No
100314,Compliance Basics,2025-04-17,Compliance,Yes
100314,Foundations of Excellence,2025-07-06,Technical,Yes
100314,Project Management Fundamentals,2025-12-25,Technical,Yes
100314,Cloud Computing Basics,2025-12-26,Technical,No
100314,Excel Advanced,2026-04-09,Technical,No
100315,Advanced Communication,2018-05-27,Communication,Yes
100315,Organizational Leadership,2018-10-31,Management,Yes
100315,Conflict Resolution,2019-06-22,Leadership,No
100315,Business Strategy,2019-10-10,Management,Yes
100315,Cross-functional Collaboration,2019-12-04,Communication,Yes
100315,Data-Driven Decision Making,2020-01-28,Technical,Yes
100315,Executive Leadership Program,2020-04-29,Leadership,Yes
100315,Strategic Thinking,2020-06-24,Leadership,Yes
100315,Negotiation Tactics,2020-12-14,Communication,No
100315,Leadership Essentials,2021-02-09,Leadership,Yes
100315,Foundations of Excellence,2021-03-16,Technical,Yes
100315,Communication Skills 101,2021-06-08,Communication,Yes
100315,Project Management Fundamentals,2021-09-02,Technical,Yes
100315,People Management Basics,2022-04-02,Management,Yes
100315,Change Management,2024-07-15,Leadership,No
100315,Compliance Basics,2025-07-19,Compliance,Yes
100315,Workplace Safety,2025-09-29,Compliance,No
100316,Cross-functional Collaboration,2025-11-03,Communication,Yes
100316,Coaching Skills,2025-11-27,Leadership,No
100316,Strategic Thinking,2025-12-02,Leadership,Yes
100316,Data-Driven Decision Making,2025-12-08,Technical,Yes
100316,People Management Basics,2025-12-31,Management,Yes
100316,Leadership Essentials,2026-01-09,Leadership,Yes
100316,Business Strategy,2026-02-09,Management,Yes
100316,Foundations of Excellence,2026-03-07,Technical,Yes
100316,Advanced Communication,2026-03-17,Communication,Yes
100316,Negotiation Tactics,2026-04-02,Communication,No
100316,Executive Presence,2026-04-05,Leadership,Yes
100316,Business Writing,2026-04-11,Communication,No
100316,Organizational Leadership,2026-05-10,Management,Yes
100316,Communication Skills 101,2026-05-14,Communication,Yes
100316,Compliance Basics,2026-06-11,Compliance,Yes
100317,Strategic Thinking,2024-09-28,Leadership,Yes
100317,Compliance Basics,2024-10-23,Compliance,Yes
100317,Cross-functional Collaboration,2024-11-27,Communication,Yes
100317,Project Management Fundamentals,2025-02-07,Technical,Yes
100317,Change Management,2025-02-28,Leadership,No
100317,Data-Driven Decision Making,2025-05-17,Technical,Yes
100317,Foundations of Excellence,2025-06-15,Technical,Yes
100317,Communication Skills 101,2025-09-03,Communication,Yes
100318,Foundations of Excellence,2017-06-03,Technical,Yes
100318,Project Management Fundamentals,2017-10-06,Technical,Yes
100318,Conflict Resolution,2017-12-22,Leadership,No
100318,Communication Skills 101,2019-06-29,Communication,Yes
100318,Compliance Basics,2020-08-01,Compliance,Yes
100319,Foundations of Excellence,2023-03-05,Technical,Yes
100319,Advanced Communication,2023-03-27,Communication,Yes
100319,Cross-functional Collaboration,2023-05-21,Communication,Yes
100319,Compliance Basics,2023-10-19,Compliance,Yes
100319,Power BI Fundamentals,2024-12-17,Technical,No
100319,Cloud Computing Basics,2025-01-04,Technical,No
100319,Project Management Fundamentals,2025-09-05,Technical,Yes
100319,Performance Management,2025-09-18,Management,No
100319,Communication Skills 101,2026-03-10,Communication,Yes
100319,Data-Driven Decision Making,2026-05-05,Technical,Yes
100320,Data-Driven Decision Making,2023-08-06,Technical,Yes
100320,Communication Skills 101,2023-10-03,Communication,Yes
100320,Project Management Fundamentals,2023-10-23,Technical,Yes
100320,Advanced Communication,2024-12-28,Communication,Yes
100320,Anti-Harassment Training,2025-01-12,Compliance,No
100320,Compliance Basics,2025-04-08,Compliance,Yes
100320,Foundations of Excellence,2025-07-08,Technical,Yes
100320,Cross-functional Collaboration,2025-07-15,Communication,Yes
100321,Cross-functional Collaboration,2020-11-19,Communication,Yes
100321,Conflict Resolution,2022-10-10,Leadership,No
100321,Leadership Essentials,2022-11-12,Leadership,Yes
100321,Anti-Harassment Training,2023-02-19,Compliance,No
100321,Project Management Fundamentals,2023-04-21,Technical,Yes
100321,Advanced Communication,2023-07-20,Communication,Yes
100321,Strategic Thinking,2023-08-04,Leadership,Yes
100321,Executive Presence,2023-12-08,Leadership,Yes
100321,Organizational Leadership,2024-03-09,Management,Yes
100321,Communication Skills 101,2024-03-20,Communication,Yes
100321,Foundations of Excellence,2024-08-16,Technical,Yes
100321,Compliance Basics,2024-11-23,Compliance,Yes
100321,Budget Planning,2025-01-01,Management,No
100321,People Management Basics,2025-05-24,Management,Yes
100321,Data-Driven Decision Making,2025-10-04,Technical,Yes
100322,Business Strategy,2017-04-25,Management,Yes
100322,Negotiation Tactics,2017-04-29,Communication,No
100322,Change Management,2017-05-15,Leadership,No
100322,Data-Driven Decision Making,2017-09-11,Technical,Yes
100322,People Management Basics,2017-10-06,Management,Yes
100322,Cross-functional Collaboration,2017-12-09,Communication,Yes
100322,Executive Presence,2017-12-17,Leadership,Yes
100322,Communication Skills 101,2018-03-09,Communication,Yes
100322,Project Management Fundamentals,2018-05-17,Technical,Yes
100322,Leadership Essentials,2018-08-13,Leadership,Yes
100322,Foundations of Excellence,2018-09-20,Technical,Yes
100322,Compliance Basics,2018-10-02,Compliance,Yes
100322,Organizational Leadership,2019-01-21,Management,Yes
100323,Project Management Fundamentals,2021-10-11,Technical,Yes
100323,Data-Driven Decision Making,2021-10-19,Technical,Yes
100323,Cross-functional Collaboration,2022-03-20,Communication,Yes
100323,Strategic Thinking,2022-03-23,Leadership,Yes
100323,Advanced Communication,2022-10-26,Communication,Yes
100323,Leadership Essentials,2025-07-07,Leadership,Yes
100323,Communication Skills 101,2025-09-04,Communication,Yes
100323,Negotiation Tactics,2026-02-04,Communication,No
100324,Presentation Skills,2018-01-13,Communication,No
100324,Negotiation Tactics,2018-05-30,Communication,No
100324,Strategic Thinking,2018-11-05,Leadership,Yes
100324,Project Management Fundamentals,2019-03-09,Technical,Yes
100324,Conflict Resolution,2019-04-21,Leadership,No
100324,Foundations of Excellence,2020-01-05,Technical,Yes
100324,Leadership Essentials,2020-04-22,Leadership,Yes
100324,Change Management,2021-01-16,Leadership,No
100324,Communication Skills 101,2022-05-24,Communication,Yes
100324,Data-Driven Decision Making,2023-05-19,Technical,Yes
100324,Advanced Communication,2024-07-27,Communication,Yes
100324,Cross-functional Collaboration,2025-05-20,Communication,Yes
100324,Compliance Basics,2026-04-25,Compliance,Yes
100325,Presentation Skills,2020-03-17,Communication,No
100325,Cloud Computing Basics,2021-03-31,Technical,No
100325,Coaching Skills,2022-06-22,Leadership,No
100325,Foundations of Excellence,2022-09-04,Technical,Yes
100325,Performance Management,2023-03-13,Management,No
100325,Data Privacy & GDPR,2025-12-17,Compliance,No
100325,Communication Skills 101,2026-05-05,Communication,Yes
100326,Change Management,2019-01-14,Leadership,No
100326,Data-Driven Decision Making,2019-01-29,Technical,Yes
100326,Foundations of Excellence,2019-02-02,Technical,Yes
100326,SQL Essentials,2019-02-02,Technical,No
100326,Communication Skills 101,2019-02-05,Communication,Yes
100326,Compliance Basics,2019-02-06,Compliance,Yes
100326,Project Management Fundamentals,2019-02-08,Technical,Yes
100327,Compliance Basics,2016-12-30,Compliance,Yes
100327,Talent Acquisition,2017-01-16,Management,No
100327,Communication Skills 101,2018-01-26,Communication,Yes
100327,Foundations of Excellence,2019-01-07,Technical,Yes
100327,Data Privacy & GDPR,2020-03-11,Compliance,No
100327,Project Management Fundamentals,2022-12-05,Technical,Yes
100328,Conflict Resolution,2025-07-26,Leadership,No
100328,Compliance Basics,2025-10-08,Compliance,Yes
100328,Foundations of Excellence,2025-12-28,Technical,Yes
100328,Project Management Fundamentals,2026-02-08,Technical,Yes
100328,Anti-Harassment Training,2026-02-09,Compliance,No
100328,Performance Management,2026-02-19,Management,No
100329,Communication Skills 101,2025-07-17,Communication,Yes
100329,Python for Data Analysis,2025-07-19,Technical,No
100329,Foundations of Excellence,2025-07-22,Technical,Yes
100329,Cross-functional Collaboration,2025-07-31,Communication,Yes
100329,Anti-Harassment Training,2025-08-08,Compliance,No
100329,Compliance Basics,2025-08-12,Compliance,Yes
100329,Data-Driven Decision Making,2025-08-26,Technical,Yes
100329,Advanced Communication,2025-09-07,Communication,Yes
100330,Python for Data Analysis,2020-09-02,Technical,No
100330,Foundations of Excellence,2021-04-11,Technical,Yes
100330,SQL Essentials,2023-01-11,Technical,No
100330,Budget Planning,2023-03-19,Management,No
100330,Compliance Basics,2023-04-21,Compliance,Yes
100330,Communication Skills 101,2023-11-24,Communication,Yes
100330,Data-Driven Decision Making,2025-04-15,Technical,Yes
100330,Cross-functional Collaboration,2025-07-15,Communication,Yes
100330,Project Management Fundamentals,2026-01-28,Technical,Yes
100331,Organizational Leadership,2018-08-29,Management,Yes
100331,Cross-functional Collaboration,2018-10-28,Communication,Yes
100331,People Management Basics,2018-11-16,Management,Yes
100331,Executive Leadership Program,2019-09-22,Leadership,Yes
100331,Workplace Safety,2019-09-29,Compliance,No
100331,Leadership Essentials,2019-12-19,Leadership,Yes
100331,Advanced Communication,2020-02-01,Communication,Yes
100331,Foundations of Excellence,2021-12-28,Technical,Yes
100331,Communication Skills 101,2022-01-05,Communication,Yes
100331,Data-Driven Decision Making,2022-07-07,Technical,Yes
100331,Project Management Fundamentals,2023-07-08,Technical,Yes
100331,Strategic Thinking,2023-07-15,Leadership,Yes
100331,Compliance Basics,2024-12-31,Compliance,Yes
100331,Business Strategy,2025-10-08,Management,Yes
100332,People Management Basics,2018-04-26,Management,Yes
100332,Cloud Computing Basics,2018-09-28,Technical,No
100332,Leadership Essentials,2018-11-18,Leadership,Yes
100332,SQL Essentials,2019-01-28,Technical,No
100332,Strategic Thinking,2021-01-15,Leadership,Yes
100332,Data-Driven Decision Making,2021-02-03,Technical,Yes
100332,Compliance Basics,2021-03-23,Compliance,Yes
100332,Executive Presence,2021-03-29,Leadership,Yes
100332,Excel Advanced,2022-12-13,Technical,No
100332,Python for Data Analysis,2023-08-28,Technical,No
100332,Communication Skills 101,2025-04-27,Communication,Yes
100332,Foundations of Excellence,2025-07-12,Technical,Yes
100332,Project Management Fundamentals,2025-07-30,Technical,Yes
100332,Change Management,2025-11-02,Leadership,No
100333,Cross-functional Collaboration,2022-03-08,Communication,Yes
100333,Leadership Essentials,2022-06-22,Leadership,Yes
100333,Communication Skills 101,2022-07-05,Communication,Yes
100333,Presentation Skills,2023-03-18,Communication,No
100333,Project Management Fundamentals,2023-09-10,Technical,Yes
100333,Coaching Skills,2023-10-06,Leadership,No
100333,Advanced Communication,2024-02-16,Communication,Yes
100333,Compliance Basics,2024-04-13,Compliance,Yes
100333,Strategic Thinking,2025-02-05,Leadership,Yes
100333,Foundations of Excellence,2025-04-30,Technical,Yes
100334,Compliance Basics,2020-10-17,Compliance,Yes
100334,People Management Basics,2020-11-02,Management,Yes
100334,Project Management Fundamentals,2021-08-15,Technical,Yes
100334,Strategic Thinking,2022-04-17,Leadership,Yes
100334,Data-Driven Decision Making,2023-07-13,Technical,Yes
100334,Foundations of Excellence,2023-08-20,Technical,Yes
100334,Cross-functional Collaboration,2023-09-15,Communication,Yes
100334,Communication Skills 101,2024-09-03,Communication,Yes
100334,Conflict Resolution,2025-09-21,Leadership,No
100335,Coaching Skills,2021-09-04,Leadership,No
100335,Strategic Thinking,2021-12-21,Leadership,Yes
100335,Communication Skills 101,2022-01-24,Communication,Yes
100335,Executive Leadership Program,2022-05-30,Leadership,Yes
100335,Executive Presence,2023-01-13,Leadership,Yes
100335,Foundations of Excellence,2023-06-15,Technical,Yes
100335,Project Management Fundamentals,2024-08-06,Technical,Yes
100335,Advanced Communication,2024-08-15,Communication,Yes
100335,Compliance Basics,2024-09-12,Compliance,Yes
100335,Leadership Essentials,2024-09-22,Leadership,Yes
100335,Data-Driven Decision Making,2025-08-18,Technical,Yes
100335,Organizational Leadership,2026-03-12,Management,Yes
100336,People Management Basics,2026-01-28,Management,Yes
100336,Compliance Basics,2026-02-05,Compliance,Yes
100336,Cross-functional Collaboration,2026-02-14,Communication,Yes
100336,Data-Driven Decision Making,2026-02-20,Technical,Yes
100336,Foundations of Excellence,2026-02-23,Technical,Yes
100336,Project Management Fundamentals,2026-03-05,Technical,Yes
100336,Communication Skills 101,2026-03-25,Communication,Yes
100336,Leadership Essentials,2026-04-03,Leadership,Yes
100336,Cloud Computing Basics,2026-04-24,Technical,No
100336,Executive Presence,2026-05-12,Leadership,Yes
100336,Advanced Communication,2026-05-26,Communication,Yes
100337,Workplace Safety,2026-02-05,Compliance,No
100337,Foundations of Excellence,2026-02-08,Technical,Yes
100337,SQL Essentials,2026-02-18,Technical,No
100337,Conflict Resolution,2026-03-19,Leadership,No
100337,Compliance Basics,2026-03-26,Compliance,Yes
100337,Excel Advanced,2026-04-14,Technical,No
100337,Project Management Fundamentals,2026-04-23,Technical,Yes
100337,Coaching Skills,2026-04-30,Leadership,No
100337,Communication Skills 101,2026-05-03,Communication,Yes
100338,Communication Skills 101,2025-05-18,Communication,Yes
100338,Business Writing,2025-10-11,Communication,No
100338,Foundations of Excellence,2025-10-13,Technical,Yes
100338,Strategic Thinking,2025-11-06,Leadership,Yes
100338,Budget Planning,2025-11-08,Management,No
100338,Data-Driven Decision Making,2025-11-26,Technical,Yes
100338,Anti-Harassment Training,2025-12-01,Compliance,No
100338,Data Privacy & GDPR,2026-02-19,Compliance,No
100338,Compliance Basics,2026-04-11,Compliance,Yes
100338,Excel Advanced,2026-05-07,Technical,No
100339,SQL Essentials,2025-10-19,Technical,No
100339,Communication Skills 101,2025-11-17,Communication,Yes
100339,Cross-functional Collaboration,2025-11-25,Communication,Yes
100339,Business Writing,2026-01-10,Communication,No
100339,Compliance Basics,2026-01-12,Compliance,Yes
100339,Workplace Safety,2026-02-08,Compliance,No
100339,Data-Driven Decision Making,2026-03-01,Technical,Yes
100339,Foundations of Excellence,2026-03-09,Technical,Yes
100339,Project Management Fundamentals,2026-04-02,Technical,Yes
100339,Advanced Communication,2026-04-02,Communication,Yes
100339,Talent Acquisition,2026-06-02,Management,No
100339,Coaching Skills,2026-06-13,Leadership,No
100340,Compliance Basics,2022-10-06,Compliance,Yes
100340,Conflict Resolution,2022-12-14,Leadership,No
100340,Strategic Thinking,2023-09-23,Leadership,Yes
100340,Project Management Fundamentals,2025-03-04,Technical,Yes
100340,Excel Advanced,2025-04-16,Technical,No
100340,Performance Management,2025-11-10,Management,No
100340,Advanced Communication,2026-01-12,Communication,Yes
100340,Data-Driven Decision Making,2026-01-23,Technical,Yes
100340,Foundations of Excellence,2026-01-24,Technical,Yes
100341,Project Management Fundamentals,2022-01-10,Technical,Yes
100341,Executive Leadership Program,2022-02-15,Leadership,Yes
100341,Advanced Communication,2022-03-15,Communication,Yes
100341,People Management Basics,2022-10-25,Management,Yes
100341,Compliance Basics,2023-04-08,Compliance,Yes
100341,Executive Presence,2023-10-06,Leadership,Yes
100341,Strategic Thinking,2024-03-11,Leadership,Yes
100341,Business Strategy,2024-03-12,Management,Yes
100341,Communication Skills 101,2024-06-07,Communication,Yes
100341,Organizational Leadership,2024-07-29,Management,Yes
100341,Leadership Essentials,2024-10-24,Leadership,Yes
100341,Data-Driven Decision Making,2025-06-25,Technical,Yes
100341,Workplace Safety,2025-07-25,Compliance,No
100341,Foundations of Excellence,2025-11-27,Technical,Yes
100341,Cross-functional Collaboration,2026-01-19,Communication,Yes
100342,Cross-functional Collaboration,2024-12-23,Communication,Yes
100342,Project Management Fundamentals,2025-01-12,Technical,Yes
100342,Advanced Communication,2025-02-15,Communication,Yes
100342,Anti-Harassment Training,2025-06-02,Compliance,No
100342,Compliance Basics,2025-08-02,Compliance,Yes
100342,Communication Skills 101,2025-08-19,Communication,Yes
100342,Data-Driven Decision Making,2025-10-03,Technical,Yes
100342,Workplace Safety,2025-11-04,Compliance,No
100342,Foundations of Excellence,2026-02-21,Technical,Yes
100343,Foundations of Excellence,2023-06-20,Technical,Yes
100343,Change Management,2023-08-10,Leadership,No
100343,Compliance Basics,2025-06-12,Compliance,Yes
100343,Communication Skills 101,2026-03-20,Communication,Yes
100343,Project Management Fundamentals,2026-03-25,Technical,Yes
100344,Communication Skills 101,2021-10-19,Communication,Yes
100344,Excel Advanced,2024-01-09,Technical,No
100344,Compliance Basics,2024-08-22,Compliance,Yes
100344,Data-Driven Decision Making,2025-01-10,Technical,Yes
100344,Project Management Fundamentals,2025-03-12,Technical,Yes
100344,Foundations of Excellence,2025-12-13,Technical,Yes
100344,Advanced Communication,2026-05-18,Communication,Yes
100345,Communication Skills 101,2021-07-06,Communication,Yes
100345,Advanced Communication,2021-10-10,Communication,Yes
100345,Strategic Thinking,2022-01-07,Leadership,Yes
100345,Foundations of Excellence,2023-01-11,Technical,Yes
100345,Data-Driven Decision Making,2023-08-02,Technical,Yes
100345,Cross-functional Collaboration,2023-10-01,Communication,Yes
100345,Python for Data Analysis,2024-04-11,Technical,No
100345,Project Management Fundamentals,2026-03-11,Technical,Yes
100346,Foundations of Excellence,2019-03-18,Technical,Yes
100346,Project Management Fundamentals,2019-04-09,Technical,Yes
100346,Executive Leadership Program,2019-09-18,Leadership,Yes
100346,Leadership Essentials,2020-10-05,Leadership,Yes
100346,Coaching Skills,2020-10-07,Leadership,No
100346,Strategic Thinking,2021-02-28,Leadership,Yes
100346,Negotiation Tactics,2021-03-14,Communication,No
100346,People Management Basics,2021-04-01,Management,Yes
100346,Cross-functional Collaboration,2021-08-07,Communication,Yes
100346,Organizational Leadership,2021-09-08,Management,Yes
100346,Compliance Basics,2021-10-16,Compliance,Yes
100346,Communication Skills 101,2023-03-31,Communication,Yes
100346,Executive Presence,2023-12-25,Leadership,Yes
100346,Business Strategy,2024-01-18,Management,Yes
100346,Data-Driven Decision Making,2024-08-07,Technical,Yes
100346,Advanced Communication,2024-08-08,Communication,Yes
100347,Project Management Fundamentals,2021-04-26,Technical,Yes
100347,Data-Driven Decision Making,2022-07-13,Technical,Yes
100347,Compliance Basics,2022-09-15,Compliance,Yes
100347,Advanced Communication,2024-03-06,Communication,Yes
100347,Foundations of Excellence,2025-01-07,Technical,Yes
100347,Performance Management,2025-04-19,Management,No
100347,Business Writing,2025-10-24,Communication,No
100348,Workplace Safety,2017-01-28,Compliance,No
100348,Budget Planning,2017-02-03,Management,No
100348,Communication Skills 101,2017-02-19,Communication,Yes
100348,Compliance Basics,2017-03-16,Compliance,Yes
100348,Foundations of Excellence,2017-03-26,Technical,Yes
100348,Advanced Communication,2017-04-28,Communication,Yes
100348,Cross-functional Collaboration,2017-05-11,Communication,Yes
100348,Data-Driven Decision Making,2017-06-13,Technical,Yes
100348,Data Privacy & GDPR,2017-06-26,Compliance,No
100348,Negotiation Tactics,2017-06-27,Communication,No
100349,Leadership Essentials,2020-09-18,Leadership,Yes
100349,Business Strategy,2020-10-29,Management,Yes
100349,Foundations of Excellence,2022-05-20,Technical,Yes
100349,Negotiation Tactics,2022-06-22,Communication,No
100349,Compliance Basics,2023-05-15,Compliance,Yes
100349,Conflict Resolution,2023-11-01,Leadership,No
100349,Project Management Fundamentals,2024-05-23,Technical,Yes
100349,Data-Driven Decision Making,2024-10-21,Technical,Yes
100349,Executive Leadership Program,2025-07-25,Leadership,Yes
100349,Communication Skills 101,2026-01-03,Communication,Yes
100349,Executive Presence,2026-01-31,Leadership,Yes
100349,Business Writing,2026-03-21,Communication,No
100350,Communication Skills 101,2024-07-11,Communication,Yes
100350,Data-Driven Decision Making,2024-09-11,Technical,Yes
100350,Strategic Thinking,2024-11-06,Leadership,Yes
100350,Project Management Fundamentals,2024-11-26,Technical,Yes
100350,Talent Acquisition,2025-04-22,Management,No
100350,Presentation Skills,2025-05-30,Communication,No
100350,Foundations of Excellence,2025-07-14,Technical,Yes
100350,Compliance Basics,2025-08-03,Compliance,Yes
100350,Data Privacy & GDPR,2026-04-16,Compliance,No
100350,Performance Management,2026-05-02,Management,No
100350,Power BI Fundamentals,2026-06-05,Technical,No
100351,Budget Planning,2016-08-06,Management,No
100351,Foundations of Excellence,2016-08-07,Technical,Yes
100351,Data-Driven Decision Making,2017-07-16,Technical,Yes
100351,SQL Essentials,2022-10-29,Technical,No
100351,Project Management Fundamentals,2023-04-25,Technical,Yes
100351,Communication Skills 101,2023-11-10,Communication,Yes
100351,Compliance Basics,2024-07-22,Compliance,Yes
100351,Advanced Communication,2026-05-09,Communication,Yes
100352,People Management Basics,2021-07-25,Management,Yes
100352,Foundations of Excellence,2021-08-12,Technical,Yes
100352,Cloud Computing Basics,2022-08-19,Technical,No
100352,Workplace Safety,2024-03-19,Compliance,No
100352,Cross-functional Collaboration,2024-10-11,Communication,Yes
100352,Strategic Thinking,2025-06-09,Leadership,Yes
100352,Advanced Communication,2025-08-03,Communication,Yes
100352,Leadership Essentials,2025-08-05,Leadership,Yes
100352,Compliance Basics,2025-10-09,Compliance,Yes
100352,Negotiation Tactics,2025-11-06,Communication,No
100352,Excel Advanced,2025-12-02,Technical,No
100352,Organizational Leadership,2025-12-14,Management,Yes
100352,Executive Presence,2026-06-15,Leadership,Yes
100353,Data-Driven Decision Making,2019-06-25,Technical,Yes
100353,Cross-functional Collaboration,2019-07-12,Communication,Yes
100353,Organizational Leadership,2019-07-17,Management,Yes
100353,Cloud Computing Basics,2019-08-03,Technical,No
100353,Power BI Fundamentals,2020-02-08,Technical,No
100353,Compliance Basics,2020-04-06,Compliance,Yes
100353,Communication Skills 101,2020-05-31,Communication,Yes
100353,Coaching Skills,2020-06-09,Leadership,No
100353,Talent Acquisition,2020-07-23,Management,No
100353,Project Management Fundamentals,2020-09-23,Technical,Yes
100353,Conflict Resolution,2020-11-17,Leadership,No
100353,Foundations of Excellence,2020-11-29,Technical,Yes
100353,Advanced Communication,2021-04-20,Communication,Yes
100353,People Management Basics,2021-05-16,Management,Yes
100353,Leadership Essentials,2021-07-16,Leadership,Yes
100353,Executive Presence,2021-08-25,Leadership,Yes
100354,Cross-functional Collaboration,2017-05-21,Communication,Yes
100354,Strategic Thinking,2017-06-15,Leadership,Yes
100354,Business Writing,2017-06-27,Communication,No
100354,Compliance Basics,2017-06-29,Compliance,Yes
100354,Change Management,2017-09-06,Leadership,No
100354,Python for Data Analysis,2017-10-11,Technical,No
100354,Project Management Fundamentals,2017-12-27,Technical,Yes
100354,Data-Driven Decision Making,2018-01-12,Technical,Yes
100354,Communication Skills 101,2018-02-09,Communication,Yes
100354,Advanced Communication,2018-03-13,Communication,Yes
100355,Compliance Basics,2018-10-12,Compliance,Yes
100355,Advanced Communication,2020-05-16,Communication,Yes
100355,Excel Advanced,2020-08-22,Technical,No
100355,Business Strategy,2021-03-10,Management,Yes
100355,Executive Leadership Program,2021-03-20,Leadership,Yes
100355,Organizational Leadership,2021-08-07,Management,Yes
100355,Project Management Fundamentals,2021-11-01,Technical,Yes
100355,Communication Skills 101,2021-11-10,Communication,Yes
100355,Data-Driven Decision Making,2022-11-22,Technical,Yes
100355,Leadership Essentials,2022-11-26,Leadership,Yes
100355,Foundations of Excellence,2023-05-02,Technical,Yes
100355,Cross-functional Collaboration,2023-05-13,Communication,Yes
100355,Strategic Thinking,2024-06-23,Leadership,Yes
100355,Cloud Computing Basics,2025-11-16,Technical,No
100356,Foundations of Excellence,2024-07-16,Technical,Yes
100356,Python for Data Analysis,2024-09-26,Technical,No
100356,Communication Skills 101,2024-10-15,Communication,Yes
100356,Compliance Basics,2025-01-06,Compliance,Yes
100356,Data-Driven Decision Making,2025-02-18,Technical,Yes
100356,Strategic Thinking,2025-03-15,Leadership,Yes
100356,Cloud Computing Basics,2025-03-29,Technical,No
100356,Leadership Essentials,2025-05-04,Leadership,Yes
100356,Cross-functional Collaboration,2025-05-06,Communication,Yes
100356,Conflict Resolution,2025-05-06,Leadership,No
100356,Workplace Safety,2025-06-26,Compliance,No
100356,People Management Basics,2025-07-12,Management,Yes
100356,Executive Presence,2025-11-23,Leadership,Yes
100356,Organizational Leadership,2026-01-11,Management,Yes
100356,Change Management,2026-05-06,Leadership,No
100357,Advanced Communication,2016-10-05,Communication,Yes
100357,Workplace Safety,2017-07-02,Compliance,No
100357,Cross-functional Collaboration,2017-12-10,Communication,Yes
100357,Organizational Leadership,2018-03-07,Management,Yes
100357,People Management Basics,2018-10-30,Management,Yes
100357,Data-Driven Decision Making,2018-11-22,Technical,Yes
100357,Business Strategy,2019-08-10,Management,Yes
100357,Talent Acquisition,2019-12-30,Management,No
100357,Communication Skills 101,2020-06-10,Communication,Yes
100357,Conflict Resolution,2020-07-19,Leadership,No
100357,Leadership Essentials,2022-11-13,Leadership,Yes
100357,Foundations of Excellence,2023-12-23,Technical,Yes
100357,Strategic Thinking,2023-12-24,Leadership,Yes
100357,Executive Leadership Program,2024-02-26,Leadership,Yes
100357,Project Management Fundamentals,2024-04-16,Technical,Yes
100357,Compliance Basics,2025-05-20,Compliance,Yes
100357,Executive Presence,2026-01-05,Leadership,Yes
100358,Budget Planning,2019-12-25,Management,No
100358,Executive Presence,2021-06-22,Leadership,Yes
100358,Advanced Communication,2021-09-14,Communication,Yes
100358,Project Management Fundamentals,2021-11-10,Technical,Yes
100358,Compliance Basics,2022-08-22,Compliance,Yes
100358,Data-Driven Decision Making,2023-05-30,Technical,Yes
100358,Leadership Essentials,2023-08-21,Leadership,Yes
100358,Organizational Leadership,2023-09-18,Management,Yes
100358,Power BI Fundamentals,2024-03-22,Technical,No
100358,Workplace Safety,2024-04-24,Compliance,No
100358,People Management Basics,2025-06-16,Management,Yes
100358,Foundations of Excellence,2025-06-26,Technical,Yes
100358,Data Privacy & GDPR,2025-09-22,Compliance,No
100358,Strategic Thinking,2025-11-18,Leadership,Yes
100358,Communication Skills 101,2025-12-27,Communication,Yes
100358,Presentation Skills,2026-06-12,Communication,No
100359,Foundations of Excellence,2018-12-20,Technical,Yes
100359,Strategic Thinking,2019-03-21,Leadership,Yes
100359,Advanced Communication,2019-04-06,Communication,Yes
100359,Business Writing,2020-07-26,Communication,No
100359,Budget Planning,2021-01-29,Management,No
100359,Project Management Fundamentals,2021-06-09,Technical,Yes
100359,Data-Driven Decision Making,2021-11-29,Technical,Yes
100359,Compliance Basics,2022-07-15,Compliance,Yes
100359,Power BI Fundamentals,2023-07-28,Technical,No
100359,Communication Skills 101,2023-10-23,Communication,Yes
100360,Foundations of Excellence,2025-10-11,Technical,Yes
100360,Budget Planning,2025-10-12,Management,No
100360,Coaching Skills,2025-10-17,Leadership,No
100360,Talent Acquisition,2025-10-19,Management,No
100360,Data-Driven Decision Making,2025-11-02,Technical,Yes
100360,Power BI Fundamentals,2025-11-02,Technical,No
100360,Workplace Safety,2025-11-07,Compliance,No
100360,Communication Skills 101,2025-11-14,Communication,Yes
100360,Project Management Fundamentals,2025-11-14,Technical,Yes
100361,Cross-functional Collaboration,2020-02-23,Communication,Yes
100361,Anti-Harassment Training,2020-03-16,Compliance,No
100361,Foundations of Excellence,2020-03-19,Technical,Yes
100361,People Management Basics,2021-02-11,Management,Yes
100361,Workplace Safety,2021-06-30,Compliance,No
100361,Project Management Fundamentals,2023-02-28,Technical,Yes
100361,Compliance Basics,2023-03-08,Compliance,Yes
100361,Organizational Leadership,2023-09-29,Management,Yes
100361,Advanced Communication,2023-11-24,Communication,Yes
100361,Communication Skills 101,2024-10-08,Communication,Yes
100361,Data-Driven Decision Making,2026-03-07,Technical,Yes
100362,Data Privacy & GDPR,2022-11-06,Compliance,No
100362,Compliance Basics,2022-11-22,Compliance,Yes
100362,Power BI Fundamentals,2023-03-24,Technical,No
100362,Organizational Leadership,2023-10-08,Management,Yes
100362,Project Management Fundamentals,2023-11-11,Technical,Yes
100362,Communication Skills 101,2024-05-30,Communication,Yes
100362,Foundations of Excellence,2024-11-26,Technical,Yes
100362,Advanced Communication,2025-04-15,Communication,Yes
100362,People Management Basics,2025-06-06,Management,Yes
100362,SQL Essentials,2025-07-18,Technical,No
100362,Strategic Thinking,2025-11-15,Leadership,Yes
100362,Data-Driven Decision Making,2025-12-15,Technical,Yes
100362,Cross-functional Collaboration,2026-02-27,Communication,Yes
100362,Executive Presence,2026-05-08,Leadership,Yes
100362,Leadership Essentials,2026-06-12,Leadership,Yes
100363,Foundations of Excellence,2026-05-26,Technical,Yes
100363,Change Management,2026-05-30,Leadership,No
100363,Compliance Basics,2026-06-07,Compliance,Yes
100363,Communication Skills 101,2026-06-11,Communication,Yes
100363,Presentation Skills,2026-06-13,Communication,No
100363,Negotiation Tactics,2026-06-14,Communication,No
100363,Performance Management,2026-06-14,Management,No
100364,Communication Skills 101,2024-12-18,Communication,Yes
100364,Foundations of Excellence,2025-05-06,Technical,Yes
100364,People Management Basics,2025-05-27,Management,Yes
100364,Cross-functional Collaboration,2025-06-20,Communication,Yes
100364,Compliance Basics,2025-11-10,Compliance,Yes
100364,Project Management Fundamentals,2025-12-03,Technical,Yes
100364,Advanced Communication,2025-12-21,Communication,Yes
100364,Conflict Resolution,2026-02-25,Leadership,No
100364,Strategic Thinking,2026-04-19,Leadership,Yes
100364,Data-Driven Decision Making,2026-05-07,Technical,Yes
100365,Workplace Safety,2018-07-17,Compliance,No
100365,Talent Acquisition,2018-12-14,Management,No
100365,Project Management Fundamentals,2019-01-30,Technical,Yes
100365,Compliance Basics,2019-02-17,Compliance,Yes
100365,Anti-Harassment Training,2024-03-04,Compliance,No
100365,Coaching Skills,2024-04-11,Leadership,No
100365,Foundations of Excellence,2025-07-21,Technical,Yes
100365,Negotiation Tactics,2025-08-13,Communication,No
100366,Business Writing,2025-04-24,Communication,No
100366,Change Management,2025-05-20,Leadership,No
100366,Python for Data Analysis,2025-05-31,Technical,No
100366,SQL Essentials,2025-08-05,Technical,No
100366,Project Management Fundamentals,2025-12-11,Technical,Yes
100366,Presentation Skills,2026-02-08,Communication,No
100366,Compliance Basics,2026-02-18,Compliance,Yes
100367,Python for Data Analysis,2023-03-25,Technical,No
100367,Data-Driven Decision Making,2023-10-08,Technical,Yes
100367,Compliance Basics,2023-10-30,Compliance,Yes
100367,Budget Planning,2023-11-03,Management,No
100367,Communication Skills 101,2024-03-24,Communication,Yes
100367,Project Management Fundamentals,2024-08-31,Technical,Yes
100367,Cross-functional Collaboration,2024-10-07,Communication,Yes
100367,Business Writing,2025-06-27,Communication,No
100367,Foundations of Excellence,2025-08-08,Technical,Yes
100367,Advanced Communication,2025-11-02,Communication,Yes
100368,Data-Driven Decision Making,2019-09-13,Technical,Yes
100368,Project Management Fundamentals,2020-07-21,Technical,Yes
100368,Strategic Thinking,2020-10-19,Leadership,Yes
100368,Communication Skills 101,2021-01-10,Communication,Yes
100368,Executive Presence,2021-02-18,Leadership,Yes
100368,Change Management,2021-04-02,Leadership,No
100368,Foundations of Excellence,2022-03-14,Technical,Yes
100368,Cross-functional Collaboration,2022-06-29,Communication,Yes
100368,Performance Management,2022-10-12,Management,No
100368,Leadership Essentials,2023-02-08,Leadership,Yes
100368,Compliance Basics,2024-06-01,Compliance,Yes
100368,People Management Basics,2024-11-14,Management,Yes
100368,Workplace Safety,2026-02-18,Compliance,No
100369,SQL Essentials,2024-12-08,Technical,No
100369,Data-Driven Decision Making,2024-12-31,Technical,Yes
100369,Project Management Fundamentals,2025-02-26,Technical,Yes
100369,Compliance Basics,2025-06-25,Compliance,Yes
100369,Foundations of Excellence,2025-09-23,Technical,Yes
100369,Strategic Thinking,2025-10-04,Leadership,Yes
100369,Communication Skills 101,2025-10-08,Communication,Yes
100369,Cross-functional Collaboration,2026-02-28,Communication,Yes
100369,Advanced Communication,2026-05-21,Communication,Yes
100370,Communication Skills 101,2020-09-22,Communication,Yes
100370,Compliance Basics,2021-12-04,Compliance,Yes
100370,Foundations of Excellence,2023-03-08,Technical,Yes
100370,Data-Driven Decision Making,2023-09-23,Technical,Yes
100370,Project Management Fundamentals,2025-07-28,Technical,Yes
100370,Advanced Communication,2025-09-20,Communication,Yes
100370,Workplace Safety,2026-04-14,Compliance,No
100371,Coaching Skills,2025-03-10,Leadership,No
100371,Communication Skills 101,2025-05-01,Communication,Yes
100371,Foundations of Excellence,2025-05-05,Technical,Yes
100371,Conflict Resolution,2025-06-27,Leadership,No
100371,Compliance Basics,2025-12-23,Compliance,Yes
100371,Python for Data Analysis,2026-03-21,Technical,No
100372,People Management Basics,2019-11-01,Management,Yes
100372,Performance Management,2019-12-22,Management,No
100372,Executive Leadership Program,2020-01-06,Leadership,Yes
100372,Communication Skills 101,2020-09-15,Communication,Yes
100372,Foundations of Excellence,2020-10-07,Technical,Yes
100372,Budget Planning,2020-11-07,Management,No
100372,Strategic Thinking,2021-02-04,Leadership,Yes
100372,Organizational Leadership,2021-08-29,Management,Yes
100372,Cross-functional Collaboration,2021-09-01,Communication,Yes
100372,Workplace Safety,2021-12-07,Compliance,No
100372,Advanced Communication,2022-04-10,Communication,Yes
100372,Coaching Skills,2022-04-17,Leadership,No
100372,Data Privacy & GDPR,2023-03-05,Compliance,No
100372,Business Strategy,2023-03-18,Management,Yes
100372,Project Management Fundamentals,2023-08-31,Technical,Yes
100372,Leadership Essentials,2024-08-15,Leadership,Yes
100372,Compliance Basics,2024-09-13,Compliance,Yes
100373,Organizational Leadership,2024-03-25,Management,Yes
100373,Cloud Computing Basics,2024-04-26,Technical,No
100373,Strategic Thinking,2024-06-11,Leadership,Yes
100373,Python for Data Analysis,2024-06-16,Technical,No
100373,Business Strategy,2024-08-05,Management,Yes
100373,Performance Management,2024-09-30,Management,No
100373,People Management Basics,2024-11-01,Management,Yes
100373,Executive Presence,2024-12-26,Leadership,Yes
100373,Leadership Essentials,2025-02-05,Leadership,Yes
100373,Foundations of Excellence,2025-03-02,Technical,Yes
100373,Advanced Communication,2025-07-13,Communication,Yes
100373,Data-Driven Decision Making,2025-07-14,Technical,Yes
100373,Talent Acquisition,2025-08-12,Management,No
100373,Project Management Fundamentals,2025-08-28,Technical,Yes
100373,Communication Skills 101,2025-09-27,Communication,Yes
100373,Cross-functional Collaboration,2026-04-10,Communication,Yes
100374,Foundations of Excellence,2018-07-09,Technical,Yes
100374,People Management Basics,2018-07-11,Management,Yes
100374,Compliance Basics,2019-06-19,Compliance,Yes
100374,Strategic Thinking,2019-07-19,Leadership,Yes
100374,Coaching Skills,2019-10-07,Leadership,No
100374,Project Management Fundamentals,2019-11-26,Technical,Yes
100374,Negotiation Tactics,2021-05-03,Communication,No
100374,Cross-functional Collaboration,2021-10-23,Communication,Yes
100374,Advanced Communication,2024-01-01,Communication,Yes
100374,Change Management,2024-01-27,Leadership,No
100374,Data-Driven Decision Making,2024-04-02,Technical,Yes
100374,Communication Skills 101,2025-07-11,Communication,Yes
100375,Budget Planning,2018-11-26,Management,No
100375,Leadership Essentials,2018-12-07,Leadership,Yes
100375,Compliance Basics,2019-03-07,Compliance,Yes
100375,Executive Leadership Program,2019-03-27,Leadership,Yes
100375,Foundations of Excellence,2019-04-10,Technical,Yes
100375,Workplace Safety,2019-06-28,Compliance,No
100375,People Management Basics,2019-08-05,Management,Yes
100375,Project Management Fundamentals,2019-11-06,Technical,Yes
100375,Advanced Communication,2019-11-13,Communication,Yes
100375,Organizational Leadership,2019-12-12,Management,Yes
100375,Business Strategy,2020-10-20,Management,Yes
100375,SQL Essentials,2020-12-19,Technical,No
100375,Strategic Thinking,2021-04-02,Leadership,Yes
100375,Cross-functional Collaboration,2021-08-08,Communication,Yes
100375,Executive Presence,2021-12-05,Leadership,Yes
100375,Data-Driven Decision Making,2022-05-05,Technical,Yes
100375,Power BI Fundamentals,2022-10-15,Technical,No
100375,Communication Skills 101,2022-12-16,Communication,Yes
100376,SQL Essentials,2026-05-27,Technical,No
100376,Project Management Fundamentals,2026-05-29,Technical,Yes
100376,Foundations of Excellence,2026-06-01,Technical,Yes
100376,Data-Driven Decision Making,2026-06-03,Technical,Yes
100376,Compliance Basics,2026-06-11,Compliance,Yes
100376,Communication Skills 101,2026-06-12,Communication,Yes
100376,Power BI Fundamentals,2026-06-13,Technical,No
100376,Python for Data Analysis,2026-06-17,Technical,No
100377,Compliance Basics,2025-02-10,Compliance,Yes
100377,Data-Driven Decision Making,2025-03-20,Technical,Yes
100377,Negotiation Tactics,2025-03-22,Communication,No
100377,Talent Acquisition,2025-03-24,Management,No
100377,Advanced Communication,2025-06-08,Communication,Yes
100377,SQL Essentials,2025-09-09,Technical,No
100377,Cross-functional Collaboration,2025-12-02,Communication,Yes
100377,Excel Advanced,2025-12-17,Technical,No
100377,Foundations of Excellence,2025-12-24,Technical,Yes
100377,Anti-Harassment Training,2026-03-09,Compliance,No
100378,Strategic Thinking,2023-10-04,Leadership,Yes
100378,Data-Driven Decision Making,2024-01-01,Technical,Yes
100378,Cross-functional Collaboration,2024-01-07,Communication,Yes
100378,Foundations of Excellence,2024-02-09,Technical,Yes
100378,Leadership Essentials,2024-06-11,Leadership,Yes
100378,Communication Skills 101,2025-02-16,Communication,Yes
100378,Project Management Fundamentals,2025-05-09,Technical,Yes
100378,Advanced Communication,2025-10-14,Communication,Yes
100378,Compliance Basics,2025-12-29,Compliance,Yes
100378,Anti-Harassment Training,2026-03-27,Compliance,No
100379,Strategic Thinking,2016-11-22,Leadership,Yes
100379,Data-Driven Decision Making,2017-02-21,Technical,Yes
100379,Foundations of Excellence,2017-11-11,Technical,Yes
100379,People Management Basics,2018-05-04,Management,Yes
100379,Power BI Fundamentals,2020-12-13,Technical,No
100379,Cross-functional Collaboration,2021-07-11,Communication,Yes
100379,Cloud Computing Basics,2021-09-12,Technical,No
100379,Leadership Essentials,2021-09-14,Leadership,Yes
100379,Communication Skills 101,2021-11-03,Communication,Yes
100379,Project Management Fundamentals,2024-01-31,Technical,Yes
100379,Advanced Communication,2024-04-19,Communication,Yes
100379,Compliance Basics,2025-01-04,Compliance,Yes
100379,Organizational Leadership,2026-04-05,Management,Yes
100380,Python for Data Analysis,2026-03-13,Technical,No
100380,Presentation Skills,2026-03-17,Communication,No
100380,Budget Planning,2026-03-27,Management,No
100380,Data-Driven Decision Making,2026-04-03,Technical,Yes
100380,Data Privacy & GDPR,2026-04-17,Compliance,No
100380,Foundations of Excellence,2026-04-20,Technical,Yes
100380,Compliance Basics,2026-04-29,Compliance,Yes
100380,Performance Management,2026-05-02,Management,No
100380,Communication Skills 101,2026-05-08,Communication,Yes
100380,Advanced Communication,2026-05-13,Communication,Yes
100381,Communication Skills 101,2025-04-29,Communication,Yes
100381,Power BI Fundamentals,2025-06-04,Technical,No
100381,Data-Driven Decision Making,2025-07-01,Technical,Yes
100381,Advanced Communication,2025-07-21,Communication,Yes
100381,Foundations of Excellence,2025-09-06,Technical,Yes
100381,Compliance Basics,2025-11-10,Compliance,Yes
100381,Cross-functional Collaboration,2026-01-15,Communication,Yes
100381,Budget Planning,2026-01-18,Management,No
100381,Project Management Fundamentals,2026-01-20,Technical,Yes
100381,Python for Data Analysis,2026-02-04,Technical,No
100381,Strategic Thinking,2026-05-17,Leadership,Yes
100382,Cross-functional Collaboration,2020-02-28,Communication,Yes
100382,Data-Driven Decision Making,2020-08-07,Technical,Yes
100382,Foundations of Excellence,2020-11-10,Technical,Yes
100382,Presentation Skills,2021-01-28,Communication,No
100382,Compliance Basics,2021-03-09,Compliance,Yes
100382,Communication Skills 101,2022-03-25,Communication,Yes
100382,Project Management Fundamentals,2024-05-15,Technical,Yes
100382,Advanced Communication,2026-03-27,Communication,Yes
100383,Project Management Fundamentals,2021-10-29,Technical,Yes
100383,Power BI Fundamentals,2021-11-09,Technical,No
100383,Advanced Communication,2023-06-01,Communication,Yes
100383,Data-Driven Decision Making,2024-01-26,Technical,Yes
100383,People Management Basics,2024-06-04,Management,Yes
100383,Leadership Essentials,2024-06-22,Leadership,Yes
100383,Strategic Thinking,2024-12-21,Leadership,Yes
100383,Coaching Skills,2025-01-11,Leadership,No
100383,Communication Skills 101,2025-04-14,Communication,Yes
100383,Executive Leadership Program,2025-05-01,Leadership,Yes
100383,Cross-functional Collaboration,2025-06-09,Communication,Yes
100383,Executive Presence,2025-09-19,Leadership,Yes
100383,Business Strategy,2025-11-03,Management,Yes
100384,Data-Driven Decision Making,2018-01-30,Technical,Yes
100384,Coaching Skills,2020-07-02,Leadership,No
100384,Foundations of Excellence,2020-09-13,Technical,Yes
100384,Project Management Fundamentals,2021-01-31,Technical,Yes
100384,Advanced Communication,2023-06-30,Communication,Yes
100384,Business Writing,2026-03-05,Communication,No
100385,Foundations of Excellence,2020-12-09,Technical,Yes
100385,Leadership Essentials,2020-12-20,Leadership,Yes
100385,Cross-functional Collaboration,2021-01-15,Communication,Yes
100385,Workplace Safety,2021-08-17,Compliance,No
100385,Anti-Harassment Training,2021-08-18,Compliance,No
100385,Data-Driven Decision Making,2021-09-10,Technical,Yes
100385,Executive Presence,2022-04-26,Leadership,Yes
100385,Strategic Thinking,2023-01-05,Leadership,Yes
100385,Advanced Communication,2023-04-05,Communication,Yes
100385,Compliance Basics,2024-02-18,Compliance,Yes
100385,Project Management Fundamentals,2025-05-03,Technical,Yes
100385,People Management Basics,2025-05-07,Management,Yes
100385,Communication Skills 101,2025-06-05,Communication,Yes
100385,Business Writing,2025-11-22,Communication,No
100386,Strategic Thinking,2026-03-16,Leadership,Yes
100386,Python for Data Analysis,2026-04-02,Technical,No
100386,Advanced Communication,2026-04-04,Communication,Yes
100386,Data-Driven Decision Making,2026-04-10,Technical,Yes
100386,Compliance Basics,2026-04-16,Compliance,Yes
100386,Leadership Essentials,2026-04-28,Leadership,Yes
100386,Foundations of Excellence,2026-04-29,Technical,Yes
100386,Cross-functional Collaboration,2026-05-12,Communication,Yes
100386,Anti-Harassment Training,2026-05-14,Compliance,No
100386,Presentation Skills,2026-05-17,Communication,No
100386,Workplace Safety,2026-05-26,Compliance,No
100386,Project Management Fundamentals,2026-06-05,Technical,Yes
100386,Communication Skills 101,2026-06-11,Communication,Yes
100387,Cross-functional Collaboration,2021-10-11,Communication,Yes
100387,Project Management Fundamentals,2022-07-15,Technical,Yes
100387,Executive Leadership Program,2022-08-11,Leadership,Yes
100387,People Management Basics,2022-09-21,Management,Yes
100387,Workplace Safety,2023-01-29,Compliance,No
100387,Leadership Essentials,2023-04-23,Leadership,Yes
100387,Executive Presence,2023-05-18,Leadership,Yes
100387,Advanced Communication,2023-07-11,Communication,Yes
100387,Strategic Thinking,2023-08-13,Leadership,Yes
100387,Data-Driven Decision Making,2024-03-23,Technical,Yes
100387,Business Strategy,2024-04-05,Management,Yes
100387,Compliance Basics,2025-01-16,Compliance,Yes
100387,Foundations of Excellence,2025-03-24,Technical,Yes
100387,Communication Skills 101,2026-04-09,Communication,Yes
100388,Python for Data Analysis,2022-11-24,Technical,No
100388,Data-Driven Decision Making,2023-04-09,Technical,Yes
100388,Communication Skills 101,2023-07-10,Communication,Yes
100388,Data Privacy & GDPR,2023-09-04,Compliance,No
100388,Project Management Fundamentals,2024-06-08,Technical,Yes
100388,Foundations of Excellence,2024-12-26,Technical,Yes
100388,SQL Essentials,2025-07-17,Technical,No
100388,Change Management,2026-06-14,Leadership,No
100389,Compliance Basics,2020-02-24,Compliance,Yes
100389,Foundations of Excellence,2020-03-24,Technical,Yes
100389,Strategic Thinking,2020-04-25,Leadership,Yes
100389,Communication Skills 101,2020-05-18,Communication,Yes
100389,People Management Basics,2020-08-04,Management,Yes
100389,Cross-functional Collaboration,2021-07-20,Communication,Yes
100389,Data-Driven Decision Making,2022-01-12,Technical,Yes
100389,Advanced Communication,2022-04-19,Communication,Yes
100389,Excel Advanced,2023-11-02,Technical,No
100389,Power BI Fundamentals,2025-02-21,Technical,No
100389,Project Management Fundamentals,2026-05-23,Technical,Yes
100390,Business Strategy,2022-01-02,Management,Yes
100390,Organizational Leadership,2022-01-12,Management,Yes
100390,Communication Skills 101,2022-03-17,Communication,Yes
100390,Executive Presence,2022-03-31,Leadership,Yes
100390,Leadership Essentials,2022-08-04,Leadership,Yes
100390,Data Privacy & GDPR,2022-09-29,Compliance,No
100390,Advanced Communication,2023-01-14,Communication,Yes
100390,Strategic Thinking,2023-01-22,Leadership,Yes
100390,Power BI Fundamentals,2023-03-17,Technical,No
100390,Executive Leadership Program,2023-07-16,Leadership,Yes
100390,Compliance Basics,2024-07-15,Compliance,Yes
100390,Data-Driven Decision Making,2024-08-01,Technical,Yes
100390,People Management Basics,2025-06-16,Management,Yes
100390,Project Management Fundamentals,2026-02-07,Technical,Yes
100390,Cross-functional Collaboration,2026-04-08,Communication,Yes
100391,Data-Driven Decision Making,2025-01-07,Technical,Yes
100391,Strategic Thinking,2025-01-08,Leadership,Yes
100391,Budget Planning,2025-02-16,Management,No
100391,SQL Essentials,2025-03-01,Technical,No
100391,Leadership Essentials,2025-04-05,Leadership,Yes
100391,Advanced Communication,2025-04-17,Communication,Yes
100391,Foundations of Excellence,2025-07-19,Technical,Yes
100391,Executive Leadership Program,2025-11-02,Leadership,Yes
100391,Business Strategy,2026-01-01,Management,Yes
100391,Organizational Leadership,2026-01-06,Management,Yes
100391,People Management Basics,2026-02-07,Management,Yes
100391,Executive Presence,2026-03-05,Leadership,Yes
100391,Compliance Basics,2026-03-29,Compliance,Yes
100391,Communication Skills 101,2026-05-05,Communication,Yes
100391,Cross-functional Collaboration,2026-05-09,Communication,Yes
100392,Foundations of Excellence,2024-01-10,Technical,Yes
100392,Communication Skills 101,2024-01-16,Communication,Yes
100392,Talent Acquisition,2024-02-02,Management,No
100392,Project Management Fundamentals,2024-04-20,Technical,Yes
100392,Conflict Resolution,2024-07-10,Leadership,No
100392,Excel Advanced,2024-10-03,Technical,No
100392,Budget Planning,2024-12-14,Management,No
100392,Data-Driven Decision Making,2025-07-09,Technical,Yes
100392,Compliance Basics,2026-03-24,Compliance,Yes
100393,Compliance Basics,2025-09-01,Compliance,Yes
100393,Data-Driven Decision Making,2025-10-02,Technical,Yes
100393,Performance Management,2025-10-30,Management,No
100393,Negotiation Tactics,2025-11-30,Communication,No
100393,Conflict Resolution,2025-12-28,Leadership,No
100393,Talent Acquisition,2026-04-23,Management,No
100393,Advanced Communication,2026-05-05,Communication,Yes
100393,Foundations of Excellence,2026-06-01,Technical,Yes
100394,Strategic Thinking,2019-12-29,Leadership,Yes
100394,Organizational Leadership,2020-12-03,Management,Yes
100394,Power BI Fundamentals,2021-05-13,Technical,No
100394,Talent Acquisition,2021-06-03,Management,No
100394,Data-Driven Decision Making,2021-08-03,Technical,Yes
100394,Communication Skills 101,2022-01-03,Communication,Yes
100394,Cross-functional Collaboration,2022-06-16,Communication,Yes
100394,Advanced Communication,2022-07-24,Communication,Yes
100394,Project Management Fundamentals,2023-01-13,Technical,Yes
100394,Python for Data Analysis,2023-07-09,Technical,No
100394,Foundations of Excellence,2023-10-05,Technical,Yes
100394,Leadership Essentials,2025-08-13,Leadership,Yes
100395,Business Writing,2023-06-08,Communication,No
100395,Communication Skills 101,2023-09-16,Communication,Yes
100395,Leadership Essentials,2023-11-05,Leadership,Yes
100395,Project Management Fundamentals,2024-05-28,Technical,Yes
100395,Data Privacy & GDPR,2024-08-10,Compliance,No
100395,Strategic Thinking,2024-12-04,Leadership,Yes
100395,Advanced Communication,2025-03-19,Communication,Yes
100395,Compliance Basics,2025-09-05,Compliance,Yes
100395,Cloud Computing Basics,2025-12-11,Technical,No
100395,Data-Driven Decision Making,2026-01-07,Technical,Yes
100395,Cross-functional Collaboration,2026-03-30,Communication,Yes
100396,Project Management Fundamentals,2018-04-21,Technical,Yes
100396,Advanced Communication,2020-07-30,Communication,Yes
100396,Cross-functional Collaboration,2021-05-09,Communication,Yes
100396,Foundations of Excellence,2022-03-25,Technical,Yes
100396,Leadership Essentials,2022-06-25,Leadership,Yes
100396,Compliance Basics,2024-11-15,Compliance,Yes
100396,Workplace Safety,2025-07-13,Compliance,No
100396,Communication Skills 101,2025-10-04,Communication,Yes
100396,Data-Driven Decision Making,2025-10-21,Technical,Yes
100397,Communication Skills 101,2018-12-23,Communication,Yes
100397,Compliance Basics,2020-07-24,Compliance,Yes
100397,Project Management Fundamentals,2021-10-12,Technical,Yes
100397,Cloud Computing Basics,2022-01-03,Technical,No
100397,Advanced Communication,2022-11-21,Communication,Yes
100397,Conflict Resolution,2023-06-27,Leadership,No
100397,Foundations of Excellence,2024-09-02,Technical,Yes
100397,Talent Acquisition,2024-12-02,Management,No
100397,Data-Driven Decision Making,2026-04-01,Technical,Yes
100398,Foundations of Excellence,2021-08-28,Technical,Yes
100398,Communication Skills 101,2022-02-09,Communication,Yes
100398,Anti-Harassment Training,2022-07-01,Compliance,No
100398,Compliance Basics,2022-07-07,Compliance,Yes
100398,Coaching Skills,2022-07-09,Leadership,No
100398,Advanced Communication,2022-08-01,Communication,Yes
100398,Data Privacy & GDPR,2024-10-28,Compliance,No
100398,Performance Management,2024-11-09,Management,No
100398,Project Management Fundamentals,2025-01-10,Technical,Yes
100398,Data-Driven Decision Making,2025-03-16,Technical,Yes
100398,Python for Data Analysis,2025-04-26,Technical,No
100399,Compliance Basics,2019-05-11,Compliance,Yes
100399,Communication Skills 101,2019-12-07,Communication,Yes
100399,Project Management Fundamentals,2020-04-20,Technical,Yes
100399,Advanced Communication,2020-09-01,Communication,Yes
100399,Cloud Computing Basics,2021-02-19,Technical,No
100399,Cross-functional Collaboration,2021-09-07,Communication,Yes
100399,Organizational Leadership,2021-11-01,Management,Yes
100399,SQL Essentials,2022-02-01,Technical,No
100399,Foundations of Excellence,2022-04-07,Technical,Yes
100399,Executive Presence,2022-08-15,Leadership,Yes
100399,Business Strategy,2022-10-01,Management,Yes
100399,People Management Basics,2023-10-31,Management,Yes
100399,Python for Data Analysis,2025-06-28,Technical,No
100399,Data-Driven Decision Making,2025-12-09,Technical,Yes
100399,Leadership Essentials,2026-06-06,Leadership,Yes
100400,Advanced Communication,2025-10-16,Communication,Yes
100400,Cross-functional Collaboration,2025-10-31,Communication,Yes
100400,Project Management Fundamentals,2025-11-02,Technical,Yes
100400,Python for Data Analysis,2025-12-06,Technical,No
100400,Communication Skills 101,2025-12-30,Communication,Yes
100400,Foundations of Excellence,2026-03-28,Technical,Yes
100400,Strategic Thinking,2026-04-24,Leadership,Yes
100400,Compliance Basics,2026-05-07,Compliance,Yes
100401,Project Management Fundamentals,2020-08-19,Technical,Yes
100401,Executive Presence,2020-09-19,Leadership,Yes
100401,Organizational Leadership,2021-08-02,Management,Yes
100401,SQL Essentials,2022-03-25,Technical,No
100401,People Management Basics,2022-03-27,Management,Yes
100401,Foundations of Excellence,2022-04-09,Technical,Yes
100401,Compliance Basics,2023-03-04,Compliance,Yes
100401,Communication Skills 101,2023-07-06,Communication,Yes
100401,Cross-functional Collaboration,2023-12-27,Communication,Yes
100401,Workplace Safety,2024-10-04,Compliance,No
100401,Power BI Fundamentals,2024-10-22,Technical,No
100401,Leadership Essentials,2025-07-11,Leadership,Yes
100401,Data-Driven Decision Making,2025-09-21,Technical,Yes
100401,Cloud Computing Basics,2025-12-01,Technical,No
100402,Foundations of Excellence,2018-11-07,Technical,Yes
100402,Negotiation Tactics,2021-08-05,Communication,No
100402,Project Management Fundamentals,2022-01-16,Technical,Yes
100402,Data Privacy & GDPR,2022-03-14,Compliance,No
100402,Compliance Basics,2025-10-28,Compliance,Yes
100403,Compliance Basics,2019-01-28,Compliance,Yes
100403,Foundations of Excellence,2019-12-31,Technical,Yes
100403,Project Management Fundamentals,2022-08-30,Technical,Yes
100403,Anti-Harassment Training,2023-07-18,Compliance,No
100404,Advanced Communication,2017-12-12,Communication,Yes
100404,Cross-functional Collaboration,2017-12-27,Communication,Yes
100404,Performance Management,2018-05-14,Management,No
100404,Strategic Thinking,2018-08-07,Leadership,Yes
100404,Power BI Fundamentals,2018-09-09,Technical,No
100404,Foundations of Excellence,2018-10-15,Technical,Yes
100404,Leadership Essentials,2018-10-21,Leadership,Yes
100404,Budget Planning,2018-12-21,Management,No
100404,Compliance Basics,2018-12-25,Compliance,Yes
100404,SQL Essentials,2019-01-21,Technical,No
100404,Cloud Computing Basics,2019-08-13,Technical,No
100404,Business Strategy,2019-08-16,Management,Yes
100404,Data-Driven Decision Making,2019-09-06,Technical,Yes
100404,People Management Basics,2019-09-13,Management,Yes
100404,Organizational Leadership,2019-10-10,Management,Yes
100404,Communication Skills 101,2019-11-14,Communication,Yes
100405,Leadership Essentials,2020-01-13,Leadership,Yes
100405,Cross-functional Collaboration,2020-03-22,Communication,Yes
100405,Advanced Communication,2021-11-03,Communication,Yes
100405,Foundations of Excellence,2022-08-25,Technical,Yes
100405,Data-Driven Decision Making,2022-11-07,Technical,Yes
100405,Coaching Skills,2022-12-25,Leadership,No
100405,Compliance Basics,2023-10-18,Compliance,Yes
100405,Strategic Thinking,2024-04-24,Leadership,Yes
100405,Project Management Fundamentals,2025-03-02,Technical,Yes
100405,Executive Leadership Program,2025-06-18,Leadership,Yes
100405,People Management Basics,2025-08-14,Management,Yes
100405,Communication Skills 101,2026-02-08,Communication,Yes
100405,Organizational Leadership,2026-06-13,Management,Yes
100406,Foundations of Excellence,2021-10-25,Technical,Yes
100406,Advanced Communication,2022-01-12,Communication,Yes
100406,Change Management,2022-11-18,Leadership,No
100406,SQL Essentials,2024-02-17,Technical,No
100406,Cross-functional Collaboration,2024-07-23,Communication,Yes
100406,Data-Driven Decision Making,2025-05-24,Technical,Yes
100406,Negotiation Tactics,2025-07-18,Communication,No
100406,Compliance Basics,2025-11-05,Compliance,Yes
100406,Power BI Fundamentals,2025-12-12,Technical,No
100406,Project Management Fundamentals,2026-01-28,Technical,Yes
100407,Strategic Thinking,2019-01-21,Leadership,Yes
100407,Foundations of Excellence,2020-10-16,Technical,Yes
100407,Data-Driven Decision Making,2021-09-21,Technical,Yes
100407,Compliance Basics,2021-11-24,Compliance,Yes
100407,Performance Management,2022-08-02,Management,No
100407,Cross-functional Collaboration,2024-03-18,Communication,Yes
100407,Communication Skills 101,2024-09-12,Communication,Yes
100407,People Management Basics,2025-02-25,Management,Yes
100407,Excel Advanced,2025-04-29,Technical,No
100407,Project Management Fundamentals,2025-11-16,Technical,Yes
100408,Advanced Communication,2019-10-29,Communication,Yes
100408,Foundations of Excellence,2022-06-30,Technical,Yes
100408,Strategic Thinking,2022-11-28,Leadership,Yes
100408,People Management Basics,2023-11-06,Management,Yes
100408,Power BI Fundamentals,2024-03-02,Technical,No
100408,Compliance Basics,2024-03-08,Compliance,Yes
100408,Data-Driven Decision Making,2024-07-19,Technical,Yes
100408,Cross-functional Collaboration,2025-03-27,Communication,Yes
100408,Communication Skills 101,2025-12-04,Communication,Yes
100408,Leadership Essentials,2026-05-21,Leadership,Yes
100409,Advanced Communication,2025-11-05,Communication,Yes
100409,Leadership Essentials,2025-11-21,Leadership,Yes
100409,Organizational Leadership,2025-11-25,Management,Yes
100409,Executive Leadership Program,2025-12-08,Leadership,Yes
100409,Cross-functional Collaboration,2025-12-18,Communication,Yes
100409,Project Management Fundamentals,2026-01-14,Technical,Yes
100409,Data-Driven Decision Making,2026-02-23,Technical,Yes
100409,Executive Presence,2026-04-05,Leadership,Yes
100409,People Management Basics,2026-04-06,Management,Yes
100409,Business Strategy,2026-04-13,Management,Yes
100409,Strategic Thinking,2026-04-16,Leadership,Yes
100409,Conflict Resolution,2026-04-22,Leadership,No
100409,Communication Skills 101,2026-04-26,Communication,Yes
100409,Compliance Basics,2026-05-07,Compliance,Yes
100409,Foundations of Excellence,2026-05-24,Technical,Yes
100410,Compliance Basics,2023-02-26,Compliance,Yes
100410,Power BI Fundamentals,2023-03-05,Technical,No
100410,Strategic Thinking,2023-09-23,Leadership,Yes
100410,People Management Basics,2023-10-08,Management,Yes
100410,Communication Skills 101,2024-04-10,Communication,Yes
100410,Advanced Communication,2025-01-26,Communication,Yes
100410,Data-Driven Decision Making,2025-03-17,Technical,Yes
100410,Cross-functional Collaboration,2025-07-07,Communication,Yes
100410,Project Management Fundamentals,2025-09-28,Technical,Yes
100411,Coaching Skills,2020-12-21,Leadership,No
100411,Project Management Fundamentals,2021-04-04,Technical,Yes
100411,Talent Acquisition,2021-06-20,Management,No
100411,SQL Essentials,2022-07-05,Technical,No
100411,Compliance Basics,2025-07-09,Compliance,Yes
100412,Organizational Leadership,2026-03-03,Management,Yes
100412,Project Management Fundamentals,2026-03-12,Technical,Yes
100412,Strategic Thinking,2026-03-13,Leadership,Yes
100412,Communication Skills 101,2026-03-14,Communication,Yes
100412,People Management Basics,2026-03-18,Management,Yes
100412,Talent Acquisition,2026-04-01,Management,No
100412,Advanced Communication,2026-04-18,Communication,Yes
100412,Compliance Basics,2026-05-15,Compliance,Yes
100412,Data-Driven Decision Making,2026-05-19,Technical,Yes
100412,Executive Presence,2026-05-26,Leadership,Yes
100413,Strategic Thinking,2025-12-02,Leadership,Yes
100413,Power BI Fundamentals,2025-12-10,Technical,No
100413,Cross-functional Collaboration,2025-12-11,Communication,Yes
100413,Data-Driven Decision Making,2025-12-21,Technical,Yes
100413,Organizational Leadership,2025-12-27,Management,Yes
100413,Anti-Harassment Training,2025-12-28,Compliance,No
100413,Executive Leadership Program,2026-01-28,Leadership,Yes
100413,Change Management,2026-02-25,Leadership,No
100413,Data Privacy & GDPR,2026-04-03,Compliance,No
100413,Foundations of Excellence,2026-04-06,Technical,Yes
100413,Executive Presence,2026-05-24,Leadership,Yes
100413,Budget Planning,2026-05-28,Management,No
100413,Leadership Essentials,2026-05-29,Leadership,Yes
100413,Business Strategy,2026-05-31,Management,Yes
100414,Cloud Computing Basics,2023-08-19,Technical,No
100414,Communication Skills 101,2023-08-29,Communication,Yes
100414,SQL Essentials,2023-12-19,Technical,No
100414,Project Management Fundamentals,2024-07-13,Technical,Yes
100414,Conflict Resolution,2024-07-29,Leadership,No
100414,Excel Advanced,2024-10-21,Technical,No
100414,Business Writing,2026-05-12,Communication,No
100415,Executive Presence,2024-08-04,Leadership,Yes
100415,Foundations of Excellence,2024-08-15,Technical,Yes
100415,Project Management Fundamentals,2024-10-06,Technical,Yes
100415,Strategic Thinking,2024-12-27,Leadership,Yes
100415,Compliance Basics,2025-01-17,Compliance,Yes
100415,Change Management,2025-02-17,Leadership,No
100415,People Management Basics,2025-03-17,Management,Yes
100415,Communication Skills 101,2025-06-04,Communication,Yes
100415,Cross-functional Collaboration,2025-10-12,Communication,Yes
100415,Advanced Communication,2026-01-06,Communication,Yes
100415,Leadership Essentials,2026-01-12,Leadership,Yes
100415,Negotiation Tactics,2026-03-29,Communication,No
100415,Business Writing,2026-05-17,Communication,No
100416,Compliance Basics,2023-07-02,Compliance,Yes
100416,Foundations of Excellence,2023-08-21,Technical,Yes
100416,Communication Skills 101,2023-11-24,Communication,Yes
100416,Conflict Resolution,2023-12-22,Leadership,No
100416,Performance Management,2024-01-27,Management,No
100416,Strategic Thinking,2024-04-02,Leadership,Yes
100416,Data-Driven Decision Making,2024-04-16,Technical,Yes
100416,Change Management,2025-01-17,Leadership,No
100416,Advanced Communication,2025-02-10,Communication,Yes
100416,Project Management Fundamentals,2025-04-03,Technical,Yes
100416,Cross-functional Collaboration,2025-09-12,Communication,Yes
100416,Talent Acquisition,2026-03-04,Management,No
100416,People Management Basics,2026-05-16,Management,Yes
100417,Leadership Essentials,2018-06-17,Leadership,Yes
100417,Foundations of Excellence,2018-09-29,Technical,Yes
100417,Executive Presence,2019-06-15,Leadership,Yes
100417,Business Strategy,2020-01-28,Management,Yes
100417,Compliance Basics,2020-05-20,Compliance,Yes
100417,Advanced Communication,2021-03-25,Communication,Yes
100417,Organizational Leadership,2021-05-07,Management,Yes
100417,Data-Driven Decision Making,2021-08-10,Technical,Yes
100417,Executive Leadership Program,2022-12-23,Leadership,Yes
100417,Conflict Resolution,2024-05-02,Leadership,No
100417,Communication Skills 101,2025-06-11,Communication,Yes
100417,Strategic Thinking,2025-08-19,Leadership,Yes
100417,Project Management Fundamentals,2026-04-09,Technical,Yes
100418,Cloud Computing Basics,2024-06-09,Technical,No
100418,Workplace Safety,2024-07-15,Compliance,No
100418,Communication Skills 101,2024-10-28,Communication,Yes
100418,Presentation Skills,2025-07-17,Communication,No
100418,Compliance Basics,2025-09-29,Compliance,Yes
100418,Data Privacy & GDPR,2025-10-11,Compliance,No
100418,Foundations of Excellence,2026-02-26,Technical,Yes
100419,Strategic Thinking,2017-07-01,Leadership,Yes
100419,Talent Acquisition,2017-08-26,Management,No
100419,Cross-functional Collaboration,2017-12-12,Communication,Yes
100419,Communication Skills 101,2018-08-17,Communication,Yes
100419,People Management Basics,2018-12-11,Management,Yes
100419,Anti-Harassment Training,2019-04-02,Compliance,No
100419,Python for Data Analysis,2019-09-20,Technical,No
100419,Project Management Fundamentals,2019-09-27,Technical,Yes
100419,Foundations of Excellence,2022-11-02,Technical,Yes
100419,SQL Essentials,2022-12-21,Technical,No
100419,Data-Driven Decision Making,2024-08-08,Technical,Yes
100419,Compliance Basics,2024-10-11,Compliance,Yes
100419,Presentation Skills,2026-06-04,Communication,No
100420,Business Strategy,2026-04-05,Management,Yes
100420,Communication Skills 101,2026-04-06,Communication,Yes
100420,Strategic Thinking,2026-04-14,Leadership,Yes
100420,Project Management Fundamentals,2026-04-15,Technical,Yes
100420,Cross-functional Collaboration,2026-04-16,Communication,Yes
100420,Compliance Basics,2026-04-17,Compliance,Yes
100420,Talent Acquisition,2026-04-17,Management,No
100420,Executive Leadership Program,2026-04-19,Leadership,Yes
100420,Advanced Communication,2026-04-22,Communication,Yes
100420,Cloud Computing Basics,2026-04-26,Technical,No
100420,Leadership Essentials,2026-05-02,Leadership,Yes
100420,Business Writing,2026-05-02,Communication,No
100420,Executive Presence,2026-05-09,Leadership,Yes
100420,People Management Basics,2026-05-15,Management,Yes
100420,Anti-Harassment Training,2026-05-18,Compliance,No
100420,Organizational Leadership,2026-05-20,Management,Yes
100421,Project Management Fundamentals,2019-10-09,Technical,Yes
100421,Presentation Skills,2019-12-16,Communication,No
100421,Cloud Computing Basics,2020-08-12,Technical,No
100421,Communication Skills 101,2020-08-19,Communication,Yes
100421,Change Management,2021-08-05,Leadership,No
100421,Advanced Communication,2023-05-07,Communication,Yes
100421,Budget Planning,2024-08-19,Management,No
100421,Foundations of Excellence,2025-07-26,Technical,Yes
100421,Data Privacy & GDPR,2026-03-08,Compliance,No
100422,Project Management Fundamentals,2022-06-13,Technical,Yes
100422,Communication Skills 101,2024-01-09,Communication,Yes
100422,Advanced Communication,2024-07-18,Communication,Yes
100422,Talent Acquisition,2024-12-07,Management,No
100422,Foundations of Excellence,2024-12-28,Technical,Yes
100422,Data-Driven Decision Making,2025-03-12,Technical,Yes
100422,Performance Management,2025-09-17,Management,No
100422,Business Writing,2026-03-02,Communication,No
100423,Data-Driven Decision Making,2020-02-16,Technical,Yes
100423,Conflict Resolution,2020-09-03,Leadership,No
100423,Compliance Basics,2022-05-27,Compliance,Yes
100423,Cross-functional Collaboration,2023-04-24,Communication,Yes
100423,Foundations of Excellence,2023-10-09,Technical,Yes
100423,Business Writing,2023-10-31,Communication,No
100423,Communication Skills 101,2024-02-16,Communication,Yes
100423,Data Privacy & GDPR,2024-12-11,Compliance,No
100423,Coaching Skills,2026-02-10,Leadership,No
100424,Executive Leadership Program,2022-02-11,Leadership,Yes
100424,People Management Basics,2022-02-22,Management,Yes
100424,Business Strategy,2022-06-14,Management,Yes
100424,Strategic Thinking,2023-06-23,Leadership,Yes
100424,Executive Presence,2023-08-30,Leadership,Yes
100424,Compliance Basics,2023-11-11,Compliance,Yes
100424,Project Management Fundamentals,2023-12-08,Technical,Yes
100424,Communication Skills 101,2024-08-02,Communication,Yes
100424,Data-Driven Decision Making,2025-05-20,Technical,Yes
100424,Advanced Communication,2025-07-06,Communication,Yes
100424,Presentation Skills,2025-07-18,Communication,No
100424,Foundations of Excellence,2025-08-16,Technical,Yes
100424,Organizational Leadership,2025-10-06,Management,Yes
100424,Change Management,2026-01-06,Leadership,No
100424,Cross-functional Collaboration,2026-01-10,Communication,Yes
100424,SQL Essentials,2026-02-21,Technical,No
100425,Power BI Fundamentals,2021-10-04,Technical,No
100425,Project Management Fundamentals,2024-02-06,Technical,Yes
100425,Leadership Essentials,2024-03-05,Leadership,Yes
100425,Data-Driven Decision Making,2024-06-03,Technical,Yes
100425,People Management Basics,2024-07-07,Management,Yes
100425,Executive Presence,2024-10-07,Leadership,Yes
100425,Strategic Thinking,2024-12-18,Leadership,Yes
100425,Cross-functional Collaboration,2025-03-08,Communication,Yes
100425,Compliance Basics,2025-07-21,Compliance,Yes
100425,Foundations of Excellence,2025-08-21,Technical,Yes
100425,Advanced Communication,2025-10-10,Communication,Yes
100425,Coaching Skills,2026-06-13,Leadership,No
100426,Project Management Fundamentals,2020-04-22,Technical,Yes
100426,Cloud Computing Basics,2020-05-21,Technical,No
100426,Foundations of Excellence,2020-09-10,Technical,Yes
100426,Advanced Communication,2023-09-23,Communication,Yes
100426,Compliance Basics,2024-01-13,Compliance,Yes
100426,Negotiation Tactics,2025-04-21,Communication,No
100426,Communication Skills 101,2026-01-24,Communication,Yes
100427,Compliance Basics,2025-02-09,Compliance,Yes
100427,Python for Data Analysis,2025-05-14,Technical,No
100427,Excel Advanced,2025-05-28,Technical,No
100427,Communication Skills 101,2025-08-05,Communication,Yes
100427,Data Privacy & GDPR,2025-10-20,Compliance,No
100427,Advanced Communication,2026-02-11,Communication,Yes
100427,Data-Driven Decision Making,2026-03-09,Technical,Yes
100427,Cross-functional Collaboration,2026-03-17,Communication,Yes
100427,Power BI Fundamentals,2026-04-03,Technical,No
100427,Project Management Fundamentals,2026-04-29,Technical,Yes
100427,Coaching Skills,2026-05-21,Leadership,No
100427,Foundations of Excellence,2026-06-02,Technical,Yes
100428,Communication Skills 101,2020-04-18,Communication,Yes
100428,Advanced Communication,2021-01-14,Communication,Yes
100428,Budget Planning,2021-06-26,Management,No
100428,Data-Driven Decision Making,2021-07-23,Technical,Yes
100428,Strategic Thinking,2022-02-23,Leadership,Yes
100428,Organizational Leadership,2023-04-04,Management,Yes
100428,Executive Presence,2023-10-12,Leadership,Yes
100428,Python for Data Analysis,2023-10-30,Technical,No
100428,Compliance Basics,2024-02-05,Compliance,Yes
100428,Project Management Fundamentals,2025-07-29,Technical,Yes
100428,Foundations of Excellence,2025-11-20,Technical,Yes
100428,Leadership Essentials,2026-01-11,Leadership,Yes
100428,People Management Basics,2026-03-03,Management,Yes
100428,Cross-functional Collaboration,2026-05-28,Communication,Yes
100429,Compliance Basics,2022-08-06,Compliance,Yes
100429,Communication Skills 101,2022-10-03,Communication,Yes
100429,Foundations of Excellence,2022-12-30,Technical,Yes
100429,Strategic Thinking,2023-01-04,Leadership,Yes
100429,Negotiation Tactics,2023-07-10,Communication,No
100429,Data-Driven Decision Making,2023-11-17,Technical,Yes
100429,Performance Management,2024-01-13,Management,No
100429,Python for Data Analysis,2025-02-16,Technical,No
100429,Workplace Safety,2026-01-11,Compliance,No
100429,Advanced Communication,2026-03-08,Communication,Yes
100429,Project Management Fundamentals,2026-05-20,Technical,Yes
100430,Advanced Communication,2024-09-11,Communication,Yes
100430,Coaching Skills,2025-01-16,Leadership,No
100430,Project Management Fundamentals,2025-02-28,Technical,Yes
100430,Communication Skills 101,2025-06-22,Communication,Yes
100430,Compliance Basics,2025-06-24,Compliance,Yes
100430,Foundations of Excellence,2026-01-14,Technical,Yes
100430,Cross-functional Collaboration,2026-01-25,Communication,Yes
100431,Negotiation Tactics,2016-10-30,Communication,No
100431,Communication Skills 101,2016-12-10,Communication,Yes
100431,Project Management Fundamentals,2017-08-07,Technical,Yes
100431,Presentation Skills,2017-09-07,Communication,No
100431,SQL Essentials,2017-11-05,Technical,No
100431,Talent Acquisition,2017-11-21,Management,No
100431,Cloud Computing Basics,2017-12-20,Technical,No
100431,Foundations of Excellence,2018-03-10,Technical,Yes
100431,Compliance Basics,2018-03-11,Compliance,Yes
100431,Data-Driven Decision Making,2018-03-15,Technical,Yes
100432,Cloud Computing Basics,2018-05-05,Technical,No
100432,Data-Driven Decision Making,2022-12-30,Technical,Yes
100432,Conflict Resolution,2023-08-02,Leadership,No
100432,Advanced Communication,2024-09-23,Communication,Yes
100432,Foundations of Excellence,2025-12-05,Technical,Yes
100433,Project Management Fundamentals,2020-08-27,Technical,Yes
100433,Performance Management,2022-10-17,Management,No
100433,Foundations of Excellence,2023-10-14,Technical,Yes
100434,Project Management Fundamentals,2025-09-06,Technical,Yes
100434,Advanced Communication,2025-11-01,Communication,Yes
100434,Power BI Fundamentals,2025-12-09,Technical,No
100434,Communication Skills 101,2026-01-08,Communication,Yes
100434,Negotiation Tactics,2026-03-06,Communication,No
100434,Compliance Basics,2026-03-09,Compliance,Yes
100434,Foundations of Excellence,2026-03-22,Technical,Yes
100434,Budget Planning,2026-03-26,Management,No
100435,Strategic Thinking,2020-06-23,Leadership,Yes
100435,Communication Skills 101,2021-04-25,Communication,Yes
100435,Project Management Fundamentals,2021-05-16,Technical,Yes
100435,Change Management,2022-02-02,Leadership,No
100435,Python for Data Analysis,2022-02-17,Technical,No
100435,Data Privacy & GDPR,2022-09-07,Compliance,No
100435,Data-Driven Decision Making,2023-03-03,Technical,Yes
100435,SQL Essentials,2023-09-11,Technical,No
100435,Workplace Safety,2024-05-07,Compliance,No
100435,Cross-functional Collaboration,2024-07-05,Communication,Yes
100435,Foundations of Excellence,2025-10-21,Technical,Yes
100436,Compliance Basics,2016-09-09,Compliance,Yes
100436,Communication Skills 101,2017-04-01,Communication,Yes
100436,Foundations of Excellence,2018-08-11,Technical,Yes
100436,Leadership Essentials,2018-08-12,Leadership,Yes
100436,Organizational Leadership,2020-03-07,Management,Yes
100436,People Management Basics,2020-04-19,Management,Yes
100436,Strategic Thinking,2020-06-04,Leadership,Yes
100436,Presentation Skills,2020-08-06,Communication,No
100436,Project Management Fundamentals,2021-04-30,Technical,Yes
100436,Cross-functional Collaboration,2021-10-16,Communication,Yes
100436,Executive Leadership Program,2022-05-13,Leadership,Yes
100436,Executive Presence,2025-06-07,Leadership,Yes
100436,Advanced Communication,2025-09-07,Communication,Yes
100436,Cloud Computing Basics,2025-12-23,Technical,No
100437,Cross-functional Collaboration,2021-06-23,Communication,Yes
100437,Data-Driven Decision Making,2021-11-06,Technical,Yes
100437,Power BI Fundamentals,2023-01-05,Technical,No
100437,Advanced Communication,2023-02-27,Communication,Yes
100437,Strategic Thinking,2023-06-29,Leadership,Yes
100437,Leadership Essentials,2023-08-06,Leadership,Yes
100437,Conflict Resolution,2023-11-20,Leadership,No
100437,Presentation Skills,2024-01-18,Communication,No
100437,Compliance Basics,2024-05-12,Compliance,Yes
100437,Foundations of Excellence,2025-01-01,Technical,Yes
100437,Communication Skills 101,2025-03-14,Communication,Yes
100437,Performance Management,2025-09-09,Management,No
100437,Project Management Fundamentals,2026-03-28,Technical,Yes
100438,Communication Skills 101,2023-05-10,Communication,Yes
100438,Advanced Communication,2023-05-12,Communication,Yes
100438,Cross-functional Collaboration,2023-11-25,Communication,Yes
100438,Project Management Fundamentals,2023-12-17,Technical,Yes
100438,Compliance Basics,2024-02-21,Compliance,Yes
100438,Strategic Thinking,2024-11-08,Leadership,Yes
100438,People Management Basics,2025-01-08,Management,Yes
100438,Cloud Computing Basics,2025-02-10,Technical,No
100439,Advanced Communication,2025-07-30,Communication,Yes
100439,Data Privacy & GDPR,2025-08-06,Compliance,No
100439,Python for Data Analysis,2025-10-13,Technical,No
100439,Compliance Basics,2025-10-25,Compliance,Yes
100439,SQL Essentials,2025-12-07,Technical,No
100439,Foundations of Excellence,2025-12-18,Technical,Yes
100439,Talent Acquisition,2026-01-31,Management,No
100439,Workplace Safety,2026-05-16,Compliance,No
100440,Strategic Thinking,2023-04-05,Leadership,Yes
100440,Project Management Fundamentals,2023-10-07,Technical,Yes
100440,Cross-functional Collaboration,2023-12-09,Communication,Yes
100440,Data-Driven Decision Making,2023-12-16,Technical,Yes
100440,Foundations of Excellence,2024-02-12,Technical,Yes
100440,Advanced Communication,2025-02-21,Communication,Yes
100440,People Management Basics,2025-08-25,Management,Yes
100440,Compliance Basics,2026-01-18,Compliance,Yes
100440,Talent Acquisition,2026-05-26,Management,No
100440,Communication Skills 101,2026-06-11,Communication,Yes
100441,Business Writing,2025-01-25,Communication,No
100441,Executive Presence,2025-02-10,Leadership,Yes
100441,Foundations of Excellence,2025-03-12,Technical,Yes
100441,Executive Leadership Program,2025-06-04,Leadership,Yes
100441,Cross-functional Collaboration,2025-08-04,Communication,Yes
100441,Presentation Skills,2025-08-06,Communication,No
100441,Power BI Fundamentals,2025-09-25,Technical,No
100441,Data-Driven Decision Making,2025-09-27,Technical,Yes
100441,Advanced Communication,2025-10-11,Communication,Yes
100441,Strategic Thinking,2025-10-13,Leadership,Yes
100441,Business Strategy,2025-10-24,Management,Yes
100441,Cloud Computing Basics,2025-11-14,Technical,No
100441,Leadership Essentials,2025-11-22,Leadership,Yes
100441,Project Management Fundamentals,2025-11-27,Technical,Yes
100441,Organizational Leadership,2025-12-06,Management,Yes
100441,People Management Basics,2026-01-12,Management,Yes
100441,Communication Skills 101,2026-04-25,Communication,Yes
100441,Compliance Basics,2026-05-20,Compliance,Yes
100442,Compliance Basics,2020-03-16,Compliance,Yes
100442,Cross-functional Collaboration,2020-11-08,Communication,Yes
100442,Foundations of Excellence,2021-01-24,Technical,Yes
100442,Business Strategy,2022-03-22,Management,Yes
100442,Leadership Essentials,2022-04-01,Leadership,Yes
100442,Communication Skills 101,2022-10-25,Communication,Yes
100442,Data-Driven Decision Making,2022-12-04,Technical,Yes
100442,People Management Basics,2023-04-12,Management,Yes
100442,Excel Advanced,2024-01-24,Technical,No
100442,Business Writing,2024-02-05,Communication,No
100442,Project Management Fundamentals,2024-05-05,Technical,Yes
100442,Strategic Thinking,2025-07-07,Leadership,Yes
100442,Advanced Communication,2026-03-04,Communication,Yes
100442,Executive Leadership Program,2026-03-16,Leadership,Yes
100443,Communication Skills 101,2021-09-22,Communication,Yes
100443,Business Writing,2021-11-13,Communication,No
100443,Anti-Harassment Training,2023-03-20,Compliance,No
100443,Negotiation Tactics,2024-08-25,Communication,No
100443,Data Privacy & GDPR,2024-12-25,Compliance,No
100443,Project Management Fundamentals,2025-01-10,Technical,Yes
100443,Foundations of Excellence,2025-05-13,Technical,Yes
100443,Budget Planning,2025-09-14,Management,No
100443,Compliance Basics,2026-03-19,Compliance,Yes
100444,Excel Advanced,2022-10-10,Technical,No
100444,Budget Planning,2022-11-14,Management,No
100444,Presentation Skills,2024-07-19,Communication,No
100444,Change Management,2025-01-16,Leadership,No
100444,Project Management Fundamentals,2025-01-22,Technical,Yes
100444,Foundations of Excellence,2026-05-16,Technical,Yes
100444,Compliance Basics,2026-06-17,Compliance,Yes
100445,Coaching Skills,2024-09-20,Leadership,No
100445,Strategic Thinking,2024-09-21,Leadership,Yes
100445,SQL Essentials,2024-10-09,Technical,No
100445,Data-Driven Decision Making,2024-10-31,Technical,Yes
100445,Communication Skills 101,2025-04-06,Communication,Yes
100445,Advanced Communication,2025-04-11,Communication,Yes
100445,Anti-Harassment Training,2025-05-04,Compliance,No
100445,Foundations of Excellence,2025-06-20,Technical,Yes
100445,Compliance Basics,2025-07-09,Compliance,Yes
100445,Project Management Fundamentals,2025-07-25,Technical,Yes
100446,People Management Basics,2024-10-19,Management,Yes
100446,Communication Skills 101,2024-11-12,Communication,Yes
100446,Strategic Thinking,2025-02-23,Leadership,Yes
100446,Leadership Essentials,2025-03-14,Leadership,Yes
100446,Coaching Skills,2025-05-16,Leadership,No
100446,Foundations of Excellence,2025-05-30,Technical,Yes
100446,Executive Presence,2025-07-05,Leadership,Yes
100446,Project Management Fundamentals,2025-08-01,Technical,Yes
100446,Cross-functional Collaboration,2025-10-18,Communication,Yes
100446,Advanced Communication,2025-12-14,Communication,Yes
100446,Presentation Skills,2026-01-10,Communication,No
100446,Compliance Basics,2026-03-14,Compliance,Yes
100447,Foundations of Excellence,2024-03-25,Technical,Yes
100447,Communication Skills 101,2024-05-04,Communication,Yes
100447,Workplace Safety,2025-01-12,Compliance,No
100447,Project Management Fundamentals,2025-04-27,Technical,Yes
100447,Compliance Basics,2025-05-10,Compliance,Yes
100447,Budget Planning,2025-07-21,Management,No
100448,Cloud Computing Basics,2019-01-01,Technical,No
100448,Data Privacy & GDPR,2019-03-30,Compliance,No
100448,Foundations of Excellence,2020-11-19,Technical,Yes
100448,Strategic Thinking,2020-11-29,Leadership,Yes
100448,Data-Driven Decision Making,2022-04-02,Technical,Yes
100448,Compliance Basics,2022-05-18,Compliance,Yes
100448,Coaching Skills,2022-08-18,Leadership,No
100448,Communication Skills 101,2022-08-20,Communication,Yes
100448,Project Management Fundamentals,2022-12-27,Technical,Yes
100448,Advanced Communication,2023-05-14,Communication,Yes
100448,People Management Basics,2023-06-14,Management,Yes
100448,Cross-functional Collaboration,2024-05-21,Communication,Yes
100448,Power BI Fundamentals,2024-06-30,Technical,No
100449,Foundations of Excellence,2024-02-21,Technical,Yes
100449,Cross-functional Collaboration,2024-04-01,Communication,Yes
100449,Data-Driven Decision Making,2024-04-29,Technical,Yes
100449,Communication Skills 101,2024-06-23,Communication,Yes
100449,Compliance Basics,2024-10-30,Compliance,Yes
100449,Workplace Safety,2025-05-11,Compliance,No
100449,Project Management Fundamentals,2025-11-25,Technical,Yes
100449,Advanced Communication,2025-12-02,Communication,Yes
100450,Leadership Essentials,2020-07-18,Leadership,Yes
100450,Compliance Basics,2020-09-15,Compliance,Yes
100450,Project Management Fundamentals,2020-12-23,Technical,Yes
100450,Organizational Leadership,2021-04-02,Management,Yes
100450,Data-Driven Decision Making,2022-12-26,Technical,Yes
100450,Executive Presence,2023-02-25,Leadership,Yes
100450,Foundations of Excellence,2023-05-09,Technical,Yes
100450,Cross-functional Collaboration,2023-05-18,Communication,Yes
100450,Strategic Thinking,2023-09-26,Leadership,Yes
100450,Executive Leadership Program,2024-12-10,Leadership,Yes
100450,Business Strategy,2024-12-19,Management,Yes
100450,People Management Basics,2025-01-17,Management,Yes
100450,Business Writing,2025-03-12,Communication,No
100450,Communication Skills 101,2025-08-10,Communication,Yes
100451,Foundations of Excellence,2018-04-28,Technical,Yes
100451,People Management Basics,2019-03-24,Management,Yes
100451,Communication Skills 101,2019-07-03,Communication,Yes
100451,Advanced Communication,2020-01-01,Communication,Yes
100451,Leadership Essentials,2020-05-02,Leadership,Yes
100451,Strategic Thinking,2020-08-06,Leadership,Yes
100451,Workplace Safety,2022-09-08,Compliance,No
100451,Data-Driven Decision Making,2023-01-18,Technical,Yes
100451,Budget Planning,2024-02-05,Management,No
100451,Presentation Skills,2024-02-27,Communication,No
100451,Cross-functional Collaboration,2024-11-26,Communication,Yes
100451,Project Management Fundamentals,2025-08-01,Technical,Yes
100451,Anti-Harassment Training,2025-11-29,Compliance,No
100451,Compliance Basics,2025-12-02,Compliance,Yes
100452,Talent Acquisition,2020-07-13,Management,No
100452,Data Privacy & GDPR,2022-12-31,Compliance,No
100452,Workplace Safety,2023-08-30,Compliance,No
100452,Communication Skills 101,2024-07-26,Communication,Yes
100452,Compliance Basics,2025-04-25,Compliance,Yes
100452,Foundations of Excellence,2025-06-15,Technical,Yes
100453,Power BI Fundamentals,2022-07-05,Technical,No
100453,Cross-functional Collaboration,2022-08-24,Communication,Yes
100453,Talent Acquisition,2023-03-19,Management,No
100453,Business Writing,2023-05-02,Communication,No
100453,Communication Skills 101,2023-09-07,Communication,Yes
100453,Strategic Thinking,2023-09-22,Leadership,Yes
100453,People Management Basics,2023-11-20,Management,Yes
100453,Compliance Basics,2023-12-23,Compliance,Yes
100453,Python for Data Analysis,2024-11-18,Technical,No
100453,Data-Driven Decision Making,2025-04-11,Technical,Yes
100453,Project Management Fundamentals,2025-04-17,Technical,Yes
100453,Advanced Communication,2025-05-12,Communication,Yes
100453,Foundations of Excellence,2025-10-30,Technical,Yes
100453,Coaching Skills,2025-12-29,Leadership,No
100454,Leadership Essentials,2017-02-28,Leadership,Yes
100454,Presentation Skills,2017-06-18,Communication,No
100454,Advanced Communication,2020-01-08,Communication,Yes
100454,Project Management Fundamentals,2020-01-22,Technical,Yes
100454,Organizational Leadership,2020-04-10,Management,Yes
100454,Business Writing,2020-09-20,Communication,No
100454,Compliance Basics,2022-02-25,Compliance,Yes
100454,People Management Basics,2022-09-08,Management,Yes
100454,Data-Driven Decision Making,2023-01-16,Technical,Yes
100454,Cross-functional Collaboration,2023-05-17,Communication,Yes
100454,Executive Presence,2023-08-04,Leadership,Yes
100454,Business Strategy,2024-10-08,Management,Yes
100454,Strategic Thinking,2024-12-14,Leadership,Yes
100454,Foundations of Excellence,2025-05-25,Technical,Yes
100455,Organizational Leadership,2021-12-17,Management,Yes
100455,Advanced Communication,2022-02-13,Communication,Yes
100455,Power BI Fundamentals,2022-02-23,Technical,No
100455,Data-Driven Decision Making,2022-03-20,Technical,Yes
100455,People Management Basics,2023-04-03,Management,Yes
100455,Cross-functional Collaboration,2023-10-19,Communication,Yes
100455,Compliance Basics,2024-03-11,Compliance,Yes
100455,Coaching Skills,2024-04-04,Leadership,No
100455,Communication Skills 101,2024-04-26,Communication,Yes
100455,Leadership Essentials,2024-08-01,Leadership,Yes
100455,Foundations of Excellence,2024-10-15,Technical,Yes
100455,Project Management Fundamentals,2025-04-04,Technical,Yes
100455,Executive Presence,2025-11-26,Leadership,Yes
100455,Strategic Thinking,2026-03-31,Leadership,Yes
100456,Foundations of Excellence,2018-06-24,Technical,Yes
100456,Negotiation Tactics,2018-12-26,Communication,No
100456,Strategic Thinking,2019-08-28,Leadership,Yes
100456,Advanced Communication,2021-01-31,Communication,Yes
100456,Power BI Fundamentals,2021-06-07,Technical,No
100456,Data-Driven Decision Making,2022-01-07,Technical,Yes
100456,Project Management Fundamentals,2022-03-17,Technical,Yes
100456,Compliance Basics,2022-05-31,Compliance,Yes
100456,Cloud Computing Basics,2024-12-02,Technical,No
100457,Executive Presence,2019-06-10,Leadership,Yes
100457,Presentation Skills,2019-08-24,Communication,No
100457,Data Privacy & GDPR,2019-10-21,Compliance,No
100457,Conflict Resolution,2019-12-02,Leadership,No
100457,Leadership Essentials,2020-06-23,Leadership,Yes
100457,Cross-functional Collaboration,2020-10-09,Communication,Yes
100457,Foundations of Excellence,2021-02-25,Technical,Yes
100457,Organizational Leadership,2022-01-08,Management,Yes
100457,Talent Acquisition,2022-03-03,Management,No
100457,Project Management Fundamentals,2024-01-23,Technical,Yes
100457,Data-Driven Decision Making,2024-08-24,Technical,Yes
100457,Compliance Basics,2024-11-24,Compliance,Yes
100457,Strategic Thinking,2025-03-17,Leadership,Yes
100457,Advanced Communication,2025-05-23,Communication,Yes
100457,Communication Skills 101,2025-08-25,Communication,Yes
100458,SQL Essentials,2017-02-09,Technical,No
100458,Compliance Basics,2017-09-19,Compliance,Yes
100458,Data-Driven Decision Making,2019-09-01,Technical,Yes
100458,Business Writing,2020-01-25,Communication,No
100458,Negotiation Tactics,2021-02-22,Communication,No
100458,Project Management Fundamentals,2021-08-29,Technical,Yes
100458,Advanced Communication,2023-06-28,Communication,Yes
100458,Foundations of Excellence,2025-08-15,Technical,Yes
100458,Communication Skills 101,2026-03-08,Communication,Yes
100459,Budget Planning,2021-02-07,Management,No
100459,Compliance Basics,2021-05-29,Compliance,Yes
100459,Organizational Leadership,2021-06-12,Management,Yes
100459,SQL Essentials,2021-12-28,Technical,No
100459,Advanced Communication,2022-06-12,Communication,Yes
100459,Strategic Thinking,2022-09-22,Leadership,Yes
100459,Cross-functional Collaboration,2022-09-26,Communication,Yes
100459,Change Management,2022-11-04,Leadership,No
100459,Performance Management,2022-12-11,Management,No
100459,Project Management Fundamentals,2022-12-19,Technical,Yes
100459,Leadership Essentials,2023-01-07,Leadership,Yes
100459,People Management Basics,2023-10-18,Management,Yes
100459,Data-Driven Decision Making,2024-03-08,Technical,Yes
100459,Foundations of Excellence,2024-10-26,Technical,Yes
100459,Business Writing,2025-06-21,Communication,No
100459,Communication Skills 101,2026-02-05,Communication,Yes
100460,Negotiation Tactics,2017-11-24,Communication,No
100460,Compliance Basics,2017-12-11,Compliance,Yes
100460,Communication Skills 101,2020-11-12,Communication,Yes
100460,Conflict Resolution,2020-12-08,Leadership,No
100460,Talent Acquisition,2022-04-24,Management,No
100460,Power BI Fundamentals,2022-06-14,Technical,No
100460,Project Management Fundamentals,2023-01-04,Technical,Yes
100460,Change Management,2023-02-07,Leadership,No
100460,Foundations of Excellence,2024-08-21,Technical,Yes
100461,Anti-Harassment Training,2024-08-07,Compliance,No
100461,Compliance Basics,2024-11-29,Compliance,Yes
100461,Project Management Fundamentals,2024-12-17,Technical,Yes
100461,Python for Data Analysis,2025-02-07,Technical,No
100461,Data-Driven Decision Making,2025-04-24,Technical,Yes
100461,Advanced Communication,2025-07-17,Communication,Yes
100461,Foundations of Excellence,2026-03-08,Technical,Yes
100461,Communication Skills 101,2026-05-31,Communication,Yes
100462,Data-Driven Decision Making,2022-09-29,Technical,Yes
100462,Advanced Communication,2022-10-21,Communication,Yes
100462,Leadership Essentials,2023-01-20,Leadership,Yes
100462,People Management Basics,2023-09-24,Management,Yes
100462,Business Writing,2023-12-19,Communication,No
100462,Cross-functional Collaboration,2024-04-17,Communication,Yes
100462,Communication Skills 101,2025-04-05,Communication,Yes
100462,Foundations of Excellence,2025-07-13,Technical,Yes
100462,Compliance Basics,2026-03-31,Compliance,Yes
100463,Advanced Communication,2023-12-02,Communication,Yes
100463,People Management Basics,2024-04-21,Management,Yes
100463,Leadership Essentials,2024-05-31,Leadership,Yes
100463,Project Management Fundamentals,2025-03-17,Technical,Yes
100463,Communication Skills 101,2025-04-09,Communication,Yes
100463,Organizational Leadership,2025-05-03,Management,Yes
100463,Excel Advanced,2025-05-24,Technical,No
100463,Data-Driven Decision Making,2025-09-11,Technical,Yes
100463,Compliance Basics,2025-09-28,Compliance,Yes
100463,Executive Presence,2025-12-10,Leadership,Yes
100463,Strategic Thinking,2026-02-03,Leadership,Yes
100463,Cross-functional Collaboration,2026-05-15,Communication,Yes
100463,Foundations of Excellence,2026-06-10,Technical,Yes
100464,Leadership Essentials,2021-11-11,Leadership,Yes
100464,Compliance Basics,2021-12-15,Compliance,Yes
100464,Cross-functional Collaboration,2021-12-15,Communication,Yes
100464,Cloud Computing Basics,2022-04-18,Technical,No
100464,Data-Driven Decision Making,2022-08-01,Technical,Yes
100464,Power BI Fundamentals,2022-09-07,Technical,No
100464,Presentation Skills,2022-09-19,Communication,No
100464,Communication Skills 101,2023-06-16,Communication,Yes
100464,Advanced Communication,2023-11-30,Communication,Yes
100464,Organizational Leadership,2024-03-20,Management,Yes
100464,Executive Presence,2024-08-13,Leadership,Yes
100464,Project Management Fundamentals,2024-12-25,Technical,Yes
100464,People Management Basics,2025-06-03,Management,Yes
100464,Strategic Thinking,2025-08-05,Leadership,Yes
100465,Advanced Communication,2024-01-23,Communication,Yes
100465,Project Management Fundamentals,2024-02-11,Technical,Yes
100465,Organizational Leadership,2024-04-17,Management,Yes
100465,Performance Management,2024-09-23,Management,No
100465,Cross-functional Collaboration,2024-10-09,Communication,Yes
100465,Excel Advanced,2025-02-06,Technical,No
100465,Foundations of Excellence,2025-02-09,Technical,Yes
100465,Communication Skills 101,2025-03-13,Communication,Yes
100465,Compliance Basics,2025-04-19,Compliance,Yes
100465,Leadership Essentials,2025-04-23,Leadership,Yes
100465,Executive Presence,2025-06-03,Leadership,Yes
100465,Strategic Thinking,2025-06-21,Leadership,Yes
100465,People Management Basics,2025-11-14,Management,Yes
100465,Budget Planning,2025-11-21,Management,No
100465,Data-Driven Decision Making,2026-04-28,Technical,Yes
100466,Compliance Basics,2025-08-06,Compliance,Yes
100466,Cloud Computing Basics,2025-08-28,Technical,No
100466,Performance Management,2025-09-08,Management,No
100466,Power BI Fundamentals,2025-09-22,Technical,No
100466,Project Management Fundamentals,2026-01-06,Technical,Yes
100466,Communication Skills 101,2026-02-09,Communication,Yes
100466,Budget Planning,2026-02-17,Management,No
100466,Excel Advanced,2026-03-21,Technical,No
100466,Foundations of Excellence,2026-05-27,Technical,Yes
100467,Budget Planning,2023-07-05,Management,No
100467,Advanced Communication,2023-07-26,Communication,Yes
100467,Foundations of Excellence,2023-11-03,Technical,Yes
100467,Project Management Fundamentals,2024-08-31,Technical,Yes
100467,Data-Driven Decision Making,2024-10-24,Technical,Yes
100467,Compliance Basics,2024-11-06,Compliance,Yes
100467,Communication Skills 101,2025-05-04,Communication,Yes
100467,Cross-functional Collaboration,2025-06-05,Communication,Yes
100467,Strategic Thinking,2025-07-10,Leadership,Yes
100467,Leadership Essentials,2026-05-10,Leadership,Yes
100467,People Management Basics,2026-05-11,Management,Yes
100468,Python for Data Analysis,2024-04-16,Technical,No
100468,Foundations of Excellence,2024-04-22,Technical,Yes
100468,Performance Management,2024-07-28,Management,No
100468,Compliance Basics,2024-08-05,Compliance,Yes
100468,Communication Skills 101,2024-11-30,Communication,Yes
100468,Workplace Safety,2025-04-18,Compliance,No
100468,Advanced Communication,2025-04-26,Communication,Yes
100468,People Management Basics,2025-07-27,Management,Yes
100468,Strategic Thinking,2025-10-27,Leadership,Yes
100468,Project Management Fundamentals,2025-11-03,Technical,Yes
100468,Cross-functional Collaboration,2025-12-19,Communication,Yes
100468,Leadership Essentials,2026-01-16,Leadership,Yes
100469,Strategic Thinking,2020-01-07,Leadership,Yes
100469,Budget Planning,2021-08-30,Management,No
100469,Communication Skills 101,2022-05-29,Communication,Yes
100469,Conflict Resolution,2022-08-03,Leadership,No
100469,Cross-functional Collaboration,2023-02-15,Communication,Yes
100469,Data-Driven Decision Making,2023-09-18,Technical,Yes
100469,Business Writing,2024-01-09,Communication,No
100469,Advanced Communication,2024-01-19,Communication,Yes
100469,SQL Essentials,2024-05-10,Technical,No
100469,Project Management Fundamentals,2024-09-18,Technical,Yes
100469,Compliance Basics,2024-11-15,Compliance,Yes
100469,Power BI Fundamentals,2025-12-29,Technical,No
100469,Foundations of Excellence,2026-05-11,Technical,Yes
100470,Foundations of Excellence,2020-07-10,Technical,Yes
100470,Business Strategy,2020-07-11,Management,Yes
100470,Advanced Communication,2020-07-25,Communication,Yes
100470,Budget Planning,2021-01-01,Management,No
100470,Organizational Leadership,2021-11-05,Management,Yes
100470,Executive Leadership Program,2022-02-24,Leadership,Yes
100470,Communication Skills 101,2023-05-21,Communication,Yes
100470,Executive Presence,2023-11-21,Leadership,Yes
100470,Power BI Fundamentals,2023-11-23,Technical,No
100470,Data-Driven Decision Making,2023-12-07,Technical,Yes
100470,Talent Acquisition,2024-05-09,Management,No
100470,Negotiation Tactics,2024-06-17,Communication,No
100470,People Management Basics,2024-07-19,Management,Yes
100470,Compliance Basics,2024-07-27,Compliance,Yes
100470,Project Management Fundamentals,2024-08-17,Technical,Yes
100470,Leadership Essentials,2024-11-22,Leadership,Yes
100470,Strategic Thinking,2025-03-18,Leadership,Yes
100470,SQL Essentials,2025-07-12,Technical,No
100471,Foundations of Excellence,2026-01-24,Technical,Yes
100471,Cloud Computing Basics,2026-01-26,Technical,No
100471,Compliance Basics,2026-02-21,Compliance,Yes
100471,Data-Driven Decision Making,2026-03-02,Technical,Yes
100471,Communication Skills 101,2026-03-25,Communication,Yes
100471,Advanced Communication,2026-04-09,Communication,Yes
100471,Project Management Fundamentals,2026-05-09,Technical,Yes
100472,Cross-functional Collaboration,2022-02-03,Communication,Yes
100472,Project Management Fundamentals,2022-09-19,Technical,Yes
100472,Coaching Skills,2024-03-30,Leadership,No
100472,Presentation Skills,2025-06-05,Communication,No
100472,Data-Driven Decision Making,2025-08-17,Technical,Yes
100472,Advanced Communication,2025-09-04,Communication,Yes
100473,Compliance Basics,2018-02-16,Compliance,Yes
100473,Project Management Fundamentals,2019-04-14,Technical,Yes
100473,Foundations of Excellence,2021-02-15,Technical,Yes
100473,Business Writing,2021-02-28,Communication,No
100473,Performance Management,2021-04-11,Management,No
100473,Conflict Resolution,2022-05-01,Leadership,No
100473,Change Management,2023-02-25,Leadership,No
100473,Presentation Skills,2024-09-23,Communication,No
100474,People Management Basics,2022-04-30,Management,Yes
100474,Negotiation Tactics,2022-05-11,Communication,No
100474,Performance Management,2023-09-07,Management,No
100474,Business Writing,2023-12-13,Communication,No
100474,Strategic Thinking,2024-02-10,Leadership,Yes
100474,Communication Skills 101,2024-03-13,Communication,Yes
100474,Foundations of Excellence,2024-09-18,Technical,Yes
100474,Advanced Communication,2025-01-07,Communication,Yes
100474,Project Management Fundamentals,2025-04-12,Technical,Yes
100474,Power BI Fundamentals,2025-07-03,Technical,No
100474,Data-Driven Decision Making,2025-08-11,Technical,Yes
100474,Cross-functional Collaboration,2026-04-28,Communication,Yes
100474,Compliance Basics,2026-06-04,Compliance,Yes
100475,Project Management Fundamentals,2018-04-23,Technical,Yes
100475,Cloud Computing Basics,2019-01-23,Technical,No
100475,Communication Skills 101,2021-05-20,Communication,Yes
100475,Data-Driven Decision Making,2022-03-05,Technical,Yes
100475,Python for Data Analysis,2022-05-13,Technical,No
100475,Cross-functional Collaboration,2022-05-26,Communication,Yes
100475,SQL Essentials,2022-08-10,Technical,No
100475,Compliance Basics,2023-04-01,Compliance,Yes
100475,Foundations of Excellence,2024-05-16,Technical,Yes
100476,Project Management Fundamentals,2025-04-11,Technical,Yes
100476,Compliance Basics,2025-05-11,Compliance,Yes
100476,Foundations of Excellence,2025-07-23,Technical,Yes
100476,Power BI Fundamentals,2025-08-10,Technical,No
100476,Data-Driven Decision Making,2025-08-11,Technical,Yes
100476,Talent Acquisition,2025-09-18,Management,No
100476,Advanced Communication,2025-10-29,Communication,Yes
100476,Cross-functional Collaboration,2026-01-27,Communication,Yes
100476,Conflict Resolution,2026-03-23,Leadership,No
100476,Negotiation Tactics,2026-03-30,Communication,No
100476,Communication Skills 101,2026-04-10,Communication,Yes
100476,Anti-Harassment Training,2026-05-13,Compliance,No
100476,Strategic Thinking,2026-06-13,Leadership,Yes
100477,Cross-functional Collaboration,2020-02-18,Communication,Yes
100477,People Management Basics,2020-02-19,Management,Yes
100477,Communication Skills 101,2020-10-06,Communication,Yes
100477,Data-Driven Decision Making,2020-12-17,Technical,Yes
100477,SQL Essentials,2021-10-23,Technical,No
100477,Foundations of Excellence,2022-06-01,Technical,Yes
100477,Strategic Thinking,2022-08-26,Leadership,Yes
100477,Organizational Leadership,2022-12-05,Management,Yes
100477,Compliance Basics,2023-04-26,Compliance,Yes
100477,Leadership Essentials,2024-04-02,Leadership,Yes
100477,Advanced Communication,2024-12-28,Communication,Yes
100478,Compliance Basics,2020-11-05,Compliance,Yes
100478,Foundations of Excellence,2021-01-11,Technical,Yes
100478,Communication Skills 101,2021-06-30,Communication,Yes
100478,Presentation Skills,2022-01-19,Communication,No
100479,Compliance Basics,2019-11-13,Compliance,Yes
100479,Data-Driven Decision Making,2020-06-08,Technical,Yes
100479,Communication Skills 101,2020-08-26,Communication,Yes
100479,Advanced Communication,2022-09-28,Communication,Yes
100479,Talent Acquisition,2024-10-19,Management,No
100479,Foundations of Excellence,2025-04-08,Technical,Yes
100480,SQL Essentials,2020-11-30,Technical,No
100480,Compliance Basics,2021-01-11,Compliance,Yes
100480,Excel Advanced,2021-05-07,Technical,No
100480,Data-Driven Decision Making,2021-12-09,Technical,Yes
100480,Foundations of Excellence,2022-06-26,Technical,Yes
100480,Advanced Communication,2022-07-08,Communication,Yes
100480,Communication Skills 101,2022-08-08,Communication,Yes
100480,Strategic Thinking,2022-08-31,Leadership,Yes
100481,Strategic Thinking,2019-03-13,Leadership,Yes
100481,Talent Acquisition,2019-06-20,Management,No
100481,Advanced Communication,2019-06-25,Communication,Yes
100481,Foundations of Excellence,2019-07-19,Technical,Yes
100481,Power BI Fundamentals,2020-04-28,Technical,No
100481,Organizational Leadership,2021-05-26,Management,Yes
100481,Cross-functional Collaboration,2024-02-29,Communication,Yes
100481,Project Management Fundamentals,2024-04-04,Technical,Yes
100481,People Management Basics,2024-04-26,Management,Yes
100481,Leadership Essentials,2024-05-15,Leadership,Yes
100481,Data-Driven Decision Making,2024-07-26,Technical,Yes
100481,Compliance Basics,2025-10-22,Compliance,Yes
100481,Communication Skills 101,2025-11-18,Communication,Yes
100482,Cloud Computing Basics,2020-12-22,Technical,No
100482,Data-Driven Decision Making,2021-10-29,Technical,Yes
100482,Performance Management,2021-11-21,Management,No
100482,Project Management Fundamentals,2022-09-01,Technical,Yes
100482,Advanced Communication,2024-10-23,Communication,Yes
100482,Python for Data Analysis,2025-09-28,Technical,No
100482,Foundations of Excellence,2025-10-06,Technical,Yes
100482,Communication Skills 101,2026-04-13,Communication,Yes
100483,Budget Planning,2020-07-10,Management,No
100483,Anti-Harassment Training,2020-08-06,Compliance,No
100483,Strategic Thinking,2021-01-29,Leadership,Yes
100483,Data-Driven Decision Making,2021-06-04,Technical,Yes
100483,Communication Skills 101,2021-12-29,Communication,Yes
100483,Presentation Skills,2021-12-29,Communication,No
100483,Foundations of Excellence,2022-01-08,Technical,Yes
100483,Advanced Communication,2023-03-24,Communication,Yes
100483,People Management Basics,2023-11-21,Management,Yes
100483,Compliance Basics,2025-10-09,Compliance,Yes
100483,Project Management Fundamentals,2026-03-20,Technical,Yes
100483,Cross-functional Collaboration,2026-06-14,Communication,Yes
100484,Executive Presence,2017-02-27,Leadership,Yes
100484,Organizational Leadership,2017-07-17,Management,Yes
100484,Data-Driven Decision Making,2018-04-15,Technical,Yes
100484,SQL Essentials,2018-05-11,Technical,No
100484,Project Management Fundamentals,2018-11-25,Technical,Yes
100484,Compliance Basics,2018-12-15,Compliance,Yes
100484,Leadership Essentials,2019-12-30,Leadership,Yes
100484,Excel Advanced,2020-08-24,Technical,No
100484,Advanced Communication,2021-02-24,Communication,Yes
100484,People Management Basics,2023-03-18,Management,Yes
100484,Business Strategy,2024-02-06,Management,Yes
100484,Anti-Harassment Training,2024-07-14,Compliance,No
100484,Communication Skills 101,2025-01-27,Communication,Yes
100485,Strategic Thinking,2017-09-24,Leadership,Yes
100485,Cross-functional Collaboration,2018-02-20,Communication,Yes
100485,Compliance Basics,2018-04-05,Compliance,Yes
100485,Leadership Essentials,2018-09-10,Leadership,Yes
100485,Project Management Fundamentals,2019-07-07,Technical,Yes
100485,Presentation Skills,2019-10-26,Communication,No
100485,Executive Leadership Program,2020-02-19,Leadership,Yes
100485,Workplace Safety,2021-02-21,Compliance,No
100485,People Management Basics,2021-03-16,Management,Yes
100485,Advanced Communication,2022-02-21,Communication,Yes
100485,Talent Acquisition,2022-07-08,Management,No
100485,Business Strategy,2023-03-18,Management,Yes
100485,Executive Presence,2023-11-06,Leadership,Yes
100485,Data-Driven Decision Making,2025-05-07,Technical,Yes
100485,Foundations of Excellence,2025-06-13,Technical,Yes
100486,Communication Skills 101,2024-05-04,Communication,Yes
100486,Project Management Fundamentals,2024-11-08,Technical,Yes
100486,Cross-functional Collaboration,2025-04-20,Communication,Yes
100486,Power BI Fundamentals,2025-05-07,Technical,No
100486,Advanced Communication,2025-05-13,Communication,Yes
100486,Foundations of Excellence,2025-05-28,Technical,Yes
100486,Anti-Harassment Training,2025-08-29,Compliance,No
100486,Data-Driven Decision Making,2025-12-17,Technical,Yes
100486,Strategic Thinking,2026-04-01,Leadership,Yes
100486,SQL Essentials,2026-04-07,Technical,No
100487,Talent Acquisition,2025-12-17,Management,No
100487,Compliance Basics,2026-03-28,Compliance,Yes
100487,Workplace Safety,2026-04-17,Compliance,No
100487,Coaching Skills,2026-04-22,Leadership,No
100487,Project Management Fundamentals,2026-05-09,Technical,Yes
100487,Foundations of Excellence,2026-05-21,Technical,Yes
100487,Communication Skills 101,2026-05-24,Communication,Yes
100488,Foundations of Excellence,2018-01-14,Technical,Yes
100488,Cross-functional Collaboration,2020-08-18,Communication,Yes
100488,Project Management Fundamentals,2020-10-17,Technical,Yes
100488,Power BI Fundamentals,2020-11-01,Technical,No
100488,Advanced Communication,2024-03-05,Communication,Yes
100488,Compliance Basics,2024-05-06,Compliance,Yes
100488,Communication Skills 101,2025-02-15,Communication,Yes
100488,Data-Driven Decision Making,2025-08-12,Technical,Yes
100488,Business Writing,2026-06-15,Communication,No
100489,Advanced Communication,2020-07-04,Communication,Yes
100489,Conflict Resolution,2021-11-02,Leadership,No
100489,Project Management Fundamentals,2023-01-30,Technical,Yes
100489,Data-Driven Decision Making,2023-02-05,Technical,Yes
100489,Anti-Harassment Training,2023-02-05,Compliance,No
100489,Communication Skills 101,2024-01-06,Communication,Yes
100489,Foundations of Excellence,2024-02-21,Technical,Yes
100489,Cross-functional Collaboration,2025-07-07,Communication,Yes
100490,Communication Skills 101,2018-11-21,Communication,Yes
100490,Compliance Basics,2020-07-04,Compliance,Yes
100490,Coaching Skills,2020-08-16,Leadership,No
100490,Data Privacy & GDPR,2020-11-05,Compliance,No
100490,Data-Driven Decision Making,2023-12-09,Technical,Yes
100490,Project Management Fundamentals,2024-05-19,Technical,Yes
100490,Python for Data Analysis,2024-07-17,Technical,No
100490,Negotiation Tactics,2024-12-17,Communication,No
100490,Foundations of Excellence,2026-01-23,Technical,Yes
100491,Data-Driven Decision Making,2017-02-03,Technical,Yes
100491,Negotiation Tactics,2017-06-15,Communication,No
100491,Coaching Skills,2017-10-29,Leadership,No
100491,Cross-functional Collaboration,2018-10-06,Communication,Yes
100491,Communication Skills 101,2018-10-23,Communication,Yes
100491,Project Management Fundamentals,2019-05-13,Technical,Yes
100491,Python for Data Analysis,2019-05-31,Technical,No
100491,People Management Basics,2019-07-04,Management,Yes
100491,Executive Presence,2019-11-06,Leadership,Yes
100491,Budget Planning,2022-01-03,Management,No
100491,Compliance Basics,2022-02-26,Compliance,Yes
100491,Business Strategy,2023-01-25,Management,Yes
100491,Foundations of Excellence,2023-08-14,Technical,Yes
100491,Leadership Essentials,2024-07-12,Leadership,Yes
100491,SQL Essentials,2024-12-22,Technical,No
100491,Organizational Leadership,2024-12-31,Management,Yes
100491,Strategic Thinking,2025-01-24,Leadership,Yes
100492,Presentation Skills,2024-04-02,Communication,No
100492,Budget Planning,2024-04-25,Management,No
100492,Compliance Basics,2024-06-14,Compliance,Yes
100492,Strategic Thinking,2024-10-19,Leadership,Yes
100492,Cross-functional Collaboration,2024-11-01,Communication,Yes
100492,Organizational Leadership,2024-11-04,Management,Yes
100492,Excel Advanced,2024-11-21,Technical,No
100492,Advanced Communication,2024-12-03,Communication,Yes
100492,Project Management Fundamentals,2024-12-13,Technical,Yes
100492,Change Management,2024-12-27,Leadership,No
100492,Executive Leadership Program,2025-01-05,Leadership,Yes
100492,Business Strategy,2025-05-08,Management,Yes
100492,Leadership Essentials,2025-05-11,Leadership,Yes
100492,Executive Presence,2025-11-15,Leadership,Yes
100492,Communication Skills 101,2026-03-21,Communication,Yes
100492,Negotiation Tactics,2026-04-11,Communication,No
100493,Foundations of Excellence,2017-05-12,Technical,Yes
100493,Budget Planning,2018-08-20,Management,No
100493,Change Management,2018-11-05,Leadership,No
100493,Conflict Resolution,2020-06-11,Leadership,No
100493,Compliance Basics,2020-09-06,Compliance,Yes
100493,Anti-Harassment Training,2021-01-19,Compliance,No
100493,Cloud Computing Basics,2026-01-16,Technical,No
100494,Compliance Basics,2017-05-31,Compliance,Yes
100494,Coaching Skills,2018-03-22,Leadership,No
100494,Conflict Resolution,2018-06-02,Leadership,No
100494,Data-Driven Decision Making,2019-09-01,Technical,Yes
100494,Anti-Harassment Training,2020-04-26,Compliance,No
100494,Communication Skills 101,2020-06-25,Communication,Yes
100494,Project Management Fundamentals,2021-08-31,Technical,Yes
100494,Foundations of Excellence,2026-06-09,Technical,Yes
100495,Workplace Safety,2020-06-05,Compliance,No
100495,Change Management,2021-05-01,Leadership,No
100495,Data Privacy & GDPR,2021-05-06,Compliance,No
100495,Strategic Thinking,2022-02-10,Leadership,Yes
100495,Project Management Fundamentals,2022-11-11,Technical,Yes
100495,Cross-functional Collaboration,2023-05-21,Communication,Yes
100495,Communication Skills 101,2023-08-02,Communication,Yes
100495,Advanced Communication,2023-08-11,Communication,Yes
100495,Organizational Leadership,2023-10-08,Management,Yes
100495,Negotiation Tactics,2023-12-29,Communication,No
100495,Data-Driven Decision Making,2025-01-22,Technical,Yes
100495,Coaching Skills,2025-03-08,Leadership,No
100495,Compliance Basics,2025-03-11,Compliance,Yes
100495,Leadership Essentials,2025-03-21,Leadership,Yes
100495,People Management Basics,2025-04-01,Management,Yes
100496,Coaching Skills,2023-11-22,Leadership,No
100496,Anti-Harassment Training,2024-05-02,Compliance,No
100496,Negotiation Tactics,2024-08-21,Communication,No
100496,Data-Driven Decision Making,2024-08-25,Technical,Yes
100496,Advanced Communication,2024-10-16,Communication,Yes
100496,Project Management Fundamentals,2025-03-28,Technical,Yes
100496,Foundations of Excellence,2025-10-28,Technical,Yes
100496,Strategic Thinking,2026-05-13,Leadership,Yes
100496,People Management Basics,2026-06-06,Management,Yes
100496,Compliance Basics,2026-06-07,Compliance,Yes
100497,People Management Basics,2023-04-13,Management,Yes
100497,Compliance Basics,2023-08-18,Compliance,Yes
100497,Leadership Essentials,2023-12-23,Leadership,Yes
100497,Foundations of Excellence,2024-04-09,Technical,Yes
100497,Executive Presence,2024-04-10,Leadership,Yes
100497,Project Management Fundamentals,2024-05-20,Technical,Yes
100497,Talent Acquisition,2024-06-21,Management,No
100497,Data-Driven Decision Making,2024-08-06,Technical,Yes
100497,Strategic Thinking,2024-09-14,Leadership,Yes
100497,Cross-functional Collaboration,2025-01-09,Communication,Yes
100497,Advanced Communication,2025-02-11,Communication,Yes
100497,Communication Skills 101,2025-05-15,Communication,Yes
100498,Coaching Skills,2018-11-08,Leadership,No
100498,Business Writing,2019-07-09,Communication,No
100498,Project Management Fundamentals,2019-09-26,Technical,Yes
100498,Foundations of Excellence,2019-12-03,Technical,Yes
100498,Advanced Communication,2020-02-09,Communication,Yes
100498,Communication Skills 101,2020-04-12,Communication,Yes
100498,Strategic Thinking,2021-07-12,Leadership,Yes
100498,Data Privacy & GDPR,2022-02-22,Compliance,No
100498,Presentation Skills,2022-03-05,Communication,No
100498,People Management Basics,2022-08-08,Management,Yes
100498,Performance Management,2022-10-05,Management,No
100498,Data-Driven Decision Making,2024-08-23,Technical,Yes
100498,Cross-functional Collaboration,2026-05-09,Communication,Yes
100498,Compliance Basics,2026-05-12,Compliance,Yes
100499,Compliance Basics,2020-06-10,Compliance,Yes
100499,Leadership Essentials,2020-10-23,Leadership,Yes
100499,Conflict Resolution,2021-01-07,Leadership,No
100499,People Management Basics,2021-03-19,Management,Yes
100499,Strategic Thinking,2021-06-27,Leadership,Yes
100499,Organizational Leadership,2022-01-30,Management,Yes
100499,Communication Skills 101,2022-06-13,Communication,Yes
100499,Project Management Fundamentals,2022-07-03,Technical,Yes
100499,Advanced Communication,2022-08-21,Communication,Yes
100499,Talent Acquisition,2023-01-20,Management,No
100499,Coaching Skills,2023-06-04,Leadership,No
100499,Foundations of Excellence,2023-07-29,Technical,Yes
100499,Cross-functional Collaboration,2023-09-13,Communication,Yes
100500,Strategic Thinking,2018-05-02,Leadership,Yes
100500,Leadership Essentials,2018-05-06,Leadership,Yes
100500,Budget Planning,2018-09-04,Management,No
100500,Cross-functional Collaboration,2019-11-23,Communication,Yes
100500,Communication Skills 101,2020-07-13,Communication,Yes
100500,Power BI Fundamentals,2020-07-15,Technical,No
100500,Data-Driven Decision Making,2020-12-11,Technical,Yes
100500,People Management Basics,2021-02-23,Management,Yes
100500,Compliance Basics,2021-03-02,Compliance,Yes
100500,Advanced Communication,2021-04-06,Communication,Yes
100500,Business Strategy,2021-04-06,Management,Yes
100500,Project Management Fundamentals,2021-05-01,Technical,Yes
100500,Workplace Safety,2021-07-21,Compliance,No
100500,Organizational Leadership,2021-10-18,Management,Yes
100500,Data Privacy & GDPR,2022-02-24,Compliance,No
100500,Executive Leadership Program,2024-01-09,Leadership,Yes
100501,Compliance Basics,2022-12-26,Compliance,Yes
100501,Cross-functional Collaboration,2022-12-26,Communication,Yes
100501,SQL Essentials,2022-12-27,Technical,No
100501,Talent Acquisition,2023-05-12,Management,No
100501,Foundations of Excellence,2023-09-27,Technical,Yes
100501,Business Writing,2023-12-29,Communication,No
100501,Executive Presence,2023-12-31,Leadership,Yes
100501,Communication Skills 101,2025-06-16,Communication,Yes
100501,People Management Basics,2026-01-11,Management,Yes
100501,Organizational Leadership,2026-04-11,Management,Yes
100501,Strategic Thinking,2026-05-22,Leadership,Yes
100502,Talent Acquisition,2018-07-22,Management,No
100502,Communication Skills 101,2019-03-29,Communication,Yes
100502,Compliance Basics,2019-05-09,Compliance,Yes
100502,Foundations of Excellence,2019-12-05,Technical,Yes
100502,Advanced Communication,2020-05-16,Communication,Yes
100502,Presentation Skills,2021-02-21,Communication,No
100502,Strategic Thinking,2021-07-04,Leadership,Yes
100502,Data-Driven Decision Making,2022-06-17,Technical,Yes
100502,Project Management Fundamentals,2022-11-10,Technical,Yes
100502,Coaching Skills,2023-03-16,Leadership,No
100502,SQL Essentials,2023-10-31,Technical,No
100503,Organizational Leadership,2018-07-04,Management,Yes
100503,Foundations of Excellence,2018-08-03,Technical,Yes
100503,Executive Presence,2018-09-05,Leadership,Yes
100503,Cross-functional Collaboration,2019-06-30,Communication,Yes
100503,Advanced Communication,2020-01-14,Communication,Yes
100503,Communication Skills 101,2020-04-01,Communication,Yes
100503,Budget Planning,2022-10-03,Management,No
100503,Strategic Thinking,2022-11-07,Leadership,Yes
100503,Project Management Fundamentals,2024-01-27,Technical,Yes
100503,Change Management,2024-02-26,Leadership,No
100503,Compliance Basics,2024-09-06,Compliance,Yes
100503,Workplace Safety,2025-02-03,Compliance,No
100503,Coaching Skills,2025-04-22,Leadership,No
100503,People Management Basics,2025-05-11,Management,Yes
100504,Compliance Basics,2017-11-09,Compliance,Yes
100504,Excel Advanced,2019-08-25,Technical,No
100504,Project Management Fundamentals,2019-10-14,Technical,Yes
100504,Presentation Skills,2019-10-16,Communication,No
100504,Foundations of Excellence,2021-11-04,Technical,Yes
100504,Advanced Communication,2022-01-04,Communication,Yes
100504,Data-Driven Decision Making,2022-08-19,Technical,Yes
100504,Change Management,2022-08-31,Leadership,No
100504,Negotiation Tactics,2024-05-26,Communication,No
100504,Communication Skills 101,2024-06-08,Communication,Yes
100505,Leadership Essentials,2019-07-30,Leadership,Yes
100505,Advanced Communication,2020-04-21,Communication,Yes
100505,Python for Data Analysis,2020-06-13,Technical,No
100505,Strategic Thinking,2022-06-08,Leadership,Yes
100505,Compliance Basics,2023-03-26,Compliance,Yes
100505,Communication Skills 101,2023-04-08,Communication,Yes
100505,People Management Basics,2023-07-19,Management,Yes
100505,Cross-functional Collaboration,2024-07-09,Communication,Yes
100505,Organizational Leadership,2025-02-11,Management,Yes
100505,Foundations of Excellence,2025-06-13,Technical,Yes
100505,Project Management Fundamentals,2025-11-12,Technical,Yes
100505,Power BI Fundamentals,2026-01-04,Technical,No
100506,Data-Driven Decision Making,2025-12-30,Technical,Yes
100506,Leadership Essentials,2026-02-06,Leadership,Yes
100506,Cross-functional Collaboration,2026-02-07,Communication,Yes
100506,Communication Skills 101,2026-02-09,Communication,Yes
100506,Talent Acquisition,2026-02-10,Management,No
100506,Conflict Resolution,2026-02-22,Leadership,No
100506,Strategic Thinking,2026-03-18,Leadership,Yes
100506,Cloud Computing Basics,2026-04-26,Technical,No
100506,Negotiation Tactics,2026-05-02,Communication,No
100506,Foundations of Excellence,2026-05-05,Technical,Yes
100506,Compliance Basics,2026-05-06,Compliance,Yes
100506,Performance Management,2026-05-19,Management,No
100506,Advanced Communication,2026-05-22,Communication,Yes
100506,Project Management Fundamentals,2026-06-11,Technical,Yes
100507,Power BI Fundamentals,2020-05-22,Technical,No
100507,Foundations of Excellence,2021-03-20,Technical,Yes
100507,Data-Driven Decision Making,2021-10-11,Technical,Yes
100507,Advanced Communication,2022-04-28,Communication,Yes
100507,Compliance Basics,2024-02-26,Compliance,Yes
100507,Project Management Fundamentals,2026-02-16,Technical,Yes
100508,Coaching Skills,2025-08-30,Leadership,No
100508,Excel Advanced,2025-09-23,Technical,No
100508,Project Management Fundamentals,2025-09-29,Technical,Yes
100508,Advanced Communication,2025-11-10,Communication,Yes
100508,Power BI Fundamentals,2025-12-08,Technical,No
100508,Compliance Basics,2025-12-15,Compliance,Yes
100508,Presentation Skills,2026-01-17,Communication,No
100508,Communication Skills 101,2026-03-11,Communication,Yes
100508,Data-Driven Decision Making,2026-05-03,Technical,Yes
100508,Foundations of Excellence,2026-05-15,Technical,Yes
100508,SQL Essentials,2026-05-19,Technical,No
100509,Performance Management,2023-01-10,Management,No
100509,Organizational Leadership,2023-05-28,Management,Yes
100509,Project Management Fundamentals,2023-10-29,Technical,Yes
100509,Strategic Thinking,2024-10-04,Leadership,Yes
100509,Foundations of Excellence,2024-10-13,Technical,Yes
100509,Data-Driven Decision Making,2025-02-01,Technical,Yes
100509,Cross-functional Collaboration,2025-02-16,Communication,Yes
100509,Leadership Essentials,2025-02-22,Leadership,Yes
100509,Compliance Basics,2025-07-16,Compliance,Yes
100509,Workplace Safety,2025-08-20,Compliance,No
100509,Executive Presence,2025-09-30,Leadership,Yes
100509,Excel Advanced,2025-11-21,Technical,No
100509,Communication Skills 101,2026-01-19,Communication,Yes
100510,Project Management Fundamentals,2021-09-28,Technical,Yes
100510,Communication Skills 101,2021-11-05,Communication,Yes
100510,Talent Acquisition,2022-01-14,Management,No
100510,Executive Presence,2022-07-26,Leadership,Yes
100510,Leadership Essentials,2022-09-04,Leadership,Yes
100510,Python for Data Analysis,2023-03-04,Technical,No
100510,Cross-functional Collaboration,2023-05-22,Communication,Yes
100510,Strategic Thinking,2023-08-05,Leadership,Yes
100510,Advanced Communication,2023-09-12,Communication,Yes
100510,Foundations of Excellence,2024-06-28,Technical,Yes
100510,Compliance Basics,2024-08-12,Compliance,Yes
100510,Organizational Leadership,2024-12-19,Management,Yes
100510,Executive Leadership Program,2025-02-07,Leadership,Yes
100510,Conflict Resolution,2025-07-19,Leadership,No
100510,Data Privacy & GDPR,2025-11-22,Compliance,No
100510,Data-Driven Decision Making,2026-01-21,Technical,Yes
100510,Workplace Safety,2026-03-22,Compliance,No
100511,Strategic Thinking,2024-09-19,Leadership,Yes
100511,Compliance Basics,2024-12-21,Compliance,Yes
100511,Business Writing,2025-01-07,Communication,No
100511,Talent Acquisition,2025-01-16,Management,No
100511,Python for Data Analysis,2025-04-17,Technical,No
100511,Communication Skills 101,2025-07-25,Communication,Yes
100511,Project Management Fundamentals,2025-09-25,Technical,Yes
100511,SQL Essentials,2025-11-26,Technical,No
100511,Data-Driven Decision Making,2025-12-06,Technical,Yes
100511,Presentation Skills,2026-02-05,Communication,No
100511,Advanced Communication,2026-03-11,Communication,Yes
100511,Foundations of Excellence,2026-03-28,Technical,Yes
100511,People Management Basics,2026-05-11,Management,Yes
100512,Python for Data Analysis,2025-11-19,Technical,No
100512,Foundations of Excellence,2025-11-25,Technical,Yes
100512,People Management Basics,2025-11-27,Management,Yes
100512,Advanced Communication,2025-12-11,Communication,Yes
100512,Compliance Basics,2025-12-23,Compliance,Yes
100512,Budget Planning,2025-12-27,Management,No
100512,Business Strategy,2025-12-28,Management,Yes
100512,Conflict Resolution,2025-12-29,Leadership,No
100512,SQL Essentials,2026-01-04,Technical,No
100512,Cross-functional Collaboration,2026-01-18,Communication,Yes
100512,Project Management Fundamentals,2026-02-17,Technical,Yes
100512,Strategic Thinking,2026-02-25,Leadership,Yes
100512,Executive Presence,2026-03-06,Leadership,Yes
100513,Strategic Thinking,2026-03-04,Leadership,Yes
100513,Compliance Basics,2026-03-10,Compliance,Yes
100513,Executive Presence,2026-03-28,Leadership,Yes
100513,Business Strategy,2026-04-06,Management,Yes
100513,Cross-functional Collaboration,2026-04-11,Communication,Yes
100513,Project Management Fundamentals,2026-04-13,Technical,Yes
100513,People Management Basics,2026-04-15,Management,Yes
100513,Foundations of Excellence,2026-05-01,Technical,Yes
100513,Communication Skills 101,2026-05-18,Communication,Yes
100513,Leadership Essentials,2026-05-22,Leadership,Yes
100513,Budget Planning,2026-05-22,Management,No
100513,Executive Leadership Program,2026-05-23,Leadership,Yes
100513,Business Writing,2026-05-25,Communication,No
100513,Data-Driven Decision Making,2026-05-28,Technical,Yes
100513,Advanced Communication,2026-05-31,Communication,Yes
100514,Foundations of Excellence,2024-06-17,Technical,Yes
100514,Communication Skills 101,2024-07-11,Communication,Yes
100514,Project Management Fundamentals,2024-08-26,Technical,Yes
100514,Budget Planning,2024-09-18,Management,No
100514,Cross-functional Collaboration,2024-09-24,Communication,Yes
100514,Compliance Basics,2024-12-16,Compliance,Yes
100514,Presentation Skills,2024-12-21,Communication,No
100514,Organizational Leadership,2025-02-17,Management,Yes
100514,Advanced Communication,2025-06-11,Communication,Yes
100514,Leadership Essentials,2025-09-06,Leadership,Yes
100514,Executive Presence,2025-09-11,Leadership,Yes
100514,Strategic Thinking,2025-10-12,Leadership,Yes
100514,Data-Driven Decision Making,2025-12-03,Technical,Yes
100514,Excel Advanced,2025-12-18,Technical,No
100514,Executive Leadership Program,2026-04-26,Leadership,Yes
100515,People Management Basics,2022-11-13,Management,Yes
100515,Project Management Fundamentals,2023-03-18,Technical,Yes
100515,Cross-functional Collaboration,2024-02-24,Communication,Yes
100515,Advanced Communication,2024-05-23,Communication,Yes
100515,Foundations of Excellence,2024-09-14,Technical,Yes
100515,Data-Driven Decision Making,2025-01-15,Technical,Yes
100515,Business Writing,2025-01-17,Communication,No
100515,Compliance Basics,2025-07-30,Compliance,Yes
100515,Strategic Thinking,2025-12-07,Leadership,Yes
100515,Leadership Essentials,2025-12-11,Leadership,Yes
100515,Communication Skills 101,2025-12-24,Communication,Yes
100516,Cloud Computing Basics,2020-05-20,Technical,No
100516,Compliance Basics,2020-06-04,Compliance,Yes
100516,Workplace Safety,2021-03-31,Compliance,No
100516,Organizational Leadership,2021-04-18,Management,Yes
100516,Project Management Fundamentals,2021-11-15,Technical,Yes
100516,Leadership Essentials,2022-01-15,Leadership,Yes
100516,Communication Skills 101,2022-04-06,Communication,Yes
100516,Executive Leadership Program,2022-04-16,Leadership,Yes
100516,Foundations of Excellence,2022-05-02,Technical,Yes
100516,Strategic Thinking,2023-09-08,Leadership,Yes
100516,Cross-functional Collaboration,2023-09-13,Communication,Yes
100516,Advanced Communication,2023-11-19,Communication,Yes
100516,Excel Advanced,2024-01-07,Technical,No
100516,Data-Driven Decision Making,2024-06-30,Technical,Yes
100516,Executive Presence,2024-10-09,Leadership,Yes
100516,Presentation Skills,2024-12-25,Communication,No
100516,Python for Data Analysis,2025-08-10,Technical,No
100516,People Management Basics,2026-02-10,Management,Yes
100517,Strategic Thinking,2018-01-08,Leadership,Yes
100517,Compliance Basics,2019-03-21,Compliance,Yes
100517,Workplace Safety,2020-06-13,Compliance,No
100517,Advanced Communication,2020-06-19,Communication,Yes
100517,Foundations of Excellence,2021-04-19,Technical,Yes
100517,Project Management Fundamentals,2024-01-12,Technical,Yes
100517,Data-Driven Decision Making,2024-08-14,Technical,Yes
100517,Communication Skills 101,2024-10-07,Communication,Yes
100518,Workplace Safety,2021-01-10,Compliance,No
100518,Advanced Communication,2021-03-18,Communication,Yes
100518,Foundations of Excellence,2022-01-08,Technical,Yes
100518,Leadership Essentials,2022-03-09,Leadership,Yes
100518,Strategic Thinking,2022-03-13,Leadership,Yes
100518,Communication Skills 101,2022-05-04,Communication,Yes
100518,Negotiation Tactics,2022-05-19,Communication,No
100518,Compliance Basics,2023-02-08,Compliance,Yes
100518,Business Strategy,2023-03-18,Management,Yes
100518,Executive Presence,2023-09-16,Leadership,Yes
100518,People Management Basics,2024-01-15,Management,Yes
100518,Organizational Leadership,2024-05-08,Management,Yes
100518,Data-Driven Decision Making,2025-01-15,Technical,Yes
100518,Project Management Fundamentals,2025-09-25,Technical,Yes
100518,Data Privacy & GDPR,2026-01-03,Compliance,No
100519,Foundations of Excellence,2022-07-04,Technical,Yes
100519,Python for Data Analysis,2022-08-28,Technical,No
100519,Performance Management,2022-09-15,Management,No
100519,Negotiation Tactics,2022-09-18,Communication,No
100519,Communication Skills 101,2023-08-28,Communication,Yes
100519,Compliance Basics,2025-05-21,Compliance,Yes
100519,Data Privacy & GDPR,2025-06-02,Compliance,No
100520,Organizational Leadership,2025-02-09,Management,Yes
100520,Compliance Basics,2025-03-11,Compliance,Yes
100520,Business Strategy,2025-04-06,Management,Yes
100520,Executive Presence,2025-05-11,Leadership,Yes
100520,Project Management Fundamentals,2025-05-27,Technical,Yes
100520,Cross-functional Collaboration,2025-05-31,Communication,Yes
100520,People Management Basics,2025-11-04,Management,Yes
100520,Executive Leadership Program,2025-11-07,Leadership,Yes
100520,Leadership Essentials,2025-12-27,Leadership,Yes
100520,Data-Driven Decision Making,2026-01-03,Technical,Yes
100520,Communication Skills 101,2026-02-05,Communication,Yes
100520,Foundations of Excellence,2026-02-24,Technical,Yes
100520,Power BI Fundamentals,2026-03-07,Technical,No
100520,Advanced Communication,2026-04-04,Communication,Yes
100520,Budget Planning,2026-05-05,Management,No
100521,Data-Driven Decision Making,2025-12-07,Technical,Yes
100521,Conflict Resolution,2025-12-20,Leadership,No
100521,Advanced Communication,2026-01-02,Communication,Yes
100521,Foundations of Excellence,2026-01-16,Technical,Yes
100521,Project Management Fundamentals,2026-02-09,Technical,Yes
100521,Communication Skills 101,2026-02-17,Communication,Yes
100521,Strategic Thinking,2026-03-02,Leadership,Yes
100521,Compliance Basics,2026-03-22,Compliance,Yes
100521,Cross-functional Collaboration,2026-04-26,Communication,Yes
100522,Budget Planning,2023-05-13,Management,No
100522,Data Privacy & GDPR,2023-08-16,Compliance,No
100522,Cross-functional Collaboration,2024-05-23,Communication,Yes
100522,Advanced Communication,2025-01-07,Communication,Yes
100522,Communication Skills 101,2025-02-17,Communication,Yes
100522,Compliance Basics,2025-07-06,Compliance,Yes
100522,Project Management Fundamentals,2025-09-15,Technical,Yes
100522,Strategic Thinking,2025-10-22,Leadership,Yes
100522,People Management Basics,2026-04-19,Management,Yes
100522,Foundations of Excellence,2026-05-29,Technical,Yes
100523,Compliance Basics,2023-08-29,Compliance,Yes
100523,Coaching Skills,2023-11-11,Leadership,No
100523,Project Management Fundamentals,2024-10-09,Technical,Yes
100523,Foundations of Excellence,2024-10-13,Technical,Yes
100523,Business Writing,2025-03-07,Communication,No
100523,Conflict Resolution,2025-05-08,Leadership,No
100524,Conflict Resolution,2021-02-19,Leadership,No
100524,Compliance Basics,2021-07-17,Compliance,Yes
100524,Foundations of Excellence,2022-05-27,Technical,Yes
100524,Negotiation Tactics,2022-07-14,Communication,No
100524,Data-Driven Decision Making,2022-09-04,Technical,Yes
100524,Performance Management,2022-10-15,Management,No
100524,Strategic Thinking,2023-04-06,Leadership,Yes
100524,Cross-functional Collaboration,2023-10-23,Communication,Yes
100524,People Management Basics,2024-01-03,Management,Yes
100524,Budget Planning,2024-04-15,Management,No
100524,Project Management Fundamentals,2024-07-23,Technical,Yes
100524,Communication Skills 101,2026-01-26,Communication,Yes
100524,Talent Acquisition,2026-02-17,Management,No
100525,Data-Driven Decision Making,2020-10-21,Technical,Yes
100525,Project Management Fundamentals,2020-10-31,Technical,Yes
100525,Organizational Leadership,2020-12-20,Management,Yes
100525,Strategic Thinking,2021-04-27,Leadership,Yes
100525,Leadership Essentials,2021-09-06,Leadership,Yes
100525,Compliance Basics,2022-11-09,Compliance,Yes
100525,Communication Skills 101,2023-02-22,Communication,Yes
100525,Executive Presence,2023-09-27,Leadership,Yes
100525,Power BI Fundamentals,2023-09-29,Technical,No
100525,People Management Basics,2023-10-04,Management,Yes
100525,Business Strategy,2023-11-05,Management,Yes
100525,Executive Leadership Program,2024-01-28,Leadership,Yes
100525,Foundations of Excellence,2024-07-19,Technical,Yes
100525,Advanced Communication,2025-12-12,Communication,Yes
100525,Coaching Skills,2026-03-20,Leadership,No
100525,Python for Data Analysis,2026-06-16,Technical,No
100526,Anti-Harassment Training,2020-12-25,Compliance,No
100526,Leadership Essentials,2021-05-21,Leadership,Yes
100526,Executive Presence,2021-09-14,Leadership,Yes
100526,Strategic Thinking,2021-10-12,Leadership,Yes
100526,Organizational Leadership,2022-07-05,Management,Yes
100526,Communication Skills 101,2022-11-21,Communication,Yes
100526,Advanced Communication,2023-04-18,Communication,Yes
100526,Cross-functional Collaboration,2023-07-24,Communication,Yes
100526,Coaching Skills,2024-08-09,Leadership,No
100526,Data-Driven Decision Making,2024-10-12,Technical,Yes
100526,Compliance Basics,2024-10-31,Compliance,Yes
100526,SQL Essentials,2024-11-30,Technical,No
100526,Project Management Fundamentals,2025-03-09,Technical,Yes
100526,Foundations of Excellence,2025-07-01,Technical,Yes
100526,People Management Basics,2026-04-19,Management,Yes
100527,Power BI Fundamentals,2021-03-22,Technical,No
100527,Data-Driven Decision Making,2021-06-30,Technical,Yes
100527,Project Management Fundamentals,2022-10-15,Technical,Yes
100527,Compliance Basics,2023-09-11,Compliance,Yes
100527,Excel Advanced,2025-02-09,Technical,No
100527,Foundations of Excellence,2025-02-14,Technical,Yes
100527,Conflict Resolution,2026-02-08,Leadership,No
100527,Workplace Safety,2026-02-10,Compliance,No
100527,Presentation Skills,2026-06-08,Communication,No
100527,Advanced Communication,2026-06-17,Communication,Yes
100528,Budget Planning,2024-02-27,Management,No
100528,Advanced Communication,2024-08-14,Communication,Yes
100528,Foundations of Excellence,2024-12-23,Technical,Yes
100528,Coaching Skills,2025-01-31,Leadership,No
100528,Project Management Fundamentals,2025-03-17,Technical,Yes
100528,Compliance Basics,2025-08-29,Compliance,Yes
100528,Cross-functional Collaboration,2025-11-04,Communication,Yes
100528,Data-Driven Decision Making,2026-02-28,Technical,Yes
100528,Communication Skills 101,2026-03-24,Communication,Yes
100528,Performance Management,2026-05-08,Management,No
100529,Performance Management,2023-12-09,Management,No
100529,Compliance Basics,2024-04-19,Compliance,Yes
100529,Foundations of Excellence,2024-08-06,Technical,Yes
100529,Cross-functional Collaboration,2024-08-31,Communication,Yes
100529,Coaching Skills,2025-03-31,Leadership,No
100529,Project Management Fundamentals,2026-02-09,Technical,Yes
100529,Communication Skills 101,2026-04-17,Communication,Yes
100529,Strategic Thinking,2026-05-07,Leadership,Yes
100530,Talent Acquisition,2018-06-23,Management,No
100530,Communication Skills 101,2018-07-17,Communication,Yes
100530,Project Management Fundamentals,2018-11-05,Technical,Yes
100530,Compliance Basics,2018-12-30,Compliance,Yes
100530,Workplace Safety,2022-02-17,Compliance,No
100530,Foundations of Excellence,2023-01-03,Technical,Yes
100531,Change Management,2024-11-11,Leadership,No
100531,Foundations of Excellence,2025-01-28,Technical,Yes
100531,Business Writing,2025-03-07,Communication,No
100531,Communication Skills 101,2025-07-20,Communication,Yes
100531,Advanced Communication,2025-09-04,Communication,Yes
100531,Project Management Fundamentals,2025-09-07,Technical,Yes
100531,Compliance Basics,2025-09-19,Compliance,Yes
100531,Workplace Safety,2025-10-09,Compliance,No
100531,Budget Planning,2025-11-23,Management,No
100532,Communication Skills 101,2017-03-08,Communication,Yes
100532,Advanced Communication,2019-02-06,Communication,Yes
100532,Project Management Fundamentals,2020-02-02,Technical,Yes
100532,Business Writing,2020-04-06,Communication,No
100532,Excel Advanced,2021-12-11,Technical,No
100532,Performance Management,2023-10-03,Management,No
100532,Python for Data Analysis,2024-07-24,Technical,No
100532,Cross-functional Collaboration,2024-11-19,Communication,Yes
100532,Foundations of Excellence,2024-12-16,Technical,Yes
100532,Data-Driven Decision Making,2026-04-21,Technical,Yes
100533,Project Management Fundamentals,2017-12-28,Technical,Yes
100533,Power BI Fundamentals,2018-12-03,Technical,No
100533,Advanced Communication,2019-01-27,Communication,Yes
100533,Compliance Basics,2019-07-04,Compliance,Yes
100533,Cross-functional Collaboration,2020-04-21,Communication,Yes
100533,Strategic Thinking,2021-02-01,Leadership,Yes
100533,Negotiation Tactics,2021-04-18,Communication,No
100533,People Management Basics,2021-10-25,Management,Yes
100533,Executive Presence,2022-11-02,Leadership,Yes
100533,Coaching Skills,2022-11-20,Leadership,No
100533,Communication Skills 101,2025-08-19,Communication,Yes
100533,Foundations of Excellence,2026-01-29,Technical,Yes
100534,Leadership Essentials,2023-03-11,Leadership,Yes
100534,Business Strategy,2023-09-08,Management,Yes
100534,Project Management Fundamentals,2023-10-06,Technical,Yes
100534,Data-Driven Decision Making,2023-11-09,Technical,Yes
100534,Communication Skills 101,2023-12-10,Communication,Yes
100534,Organizational Leadership,2023-12-18,Management,Yes
100534,Foundations of Excellence,2024-01-07,Technical,Yes
100534,Budget Planning,2024-04-14,Management,No
100534,Compliance Basics,2024-05-10,Compliance,Yes
100534,Advanced Communication,2024-09-17,Communication,Yes
100534,Cross-functional Collaboration,2025-02-28,Communication,Yes
100534,People Management Basics,2025-10-28,Management,Yes
100534,Executive Presence,2025-12-29,Leadership,Yes
100534,Business Writing,2026-05-02,Communication,No
100535,Change Management,2019-05-22,Leadership,No
100535,Data-Driven Decision Making,2020-09-23,Technical,Yes
100535,Cross-functional Collaboration,2021-08-20,Communication,Yes
100535,Compliance Basics,2022-10-02,Compliance,Yes
100535,Communication Skills 101,2024-05-06,Communication,Yes
100535,People Management Basics,2024-06-24,Management,Yes
100535,Leadership Essentials,2024-10-18,Leadership,Yes
100535,Project Management Fundamentals,2025-06-17,Technical,Yes
100535,Anti-Harassment Training,2025-08-10,Compliance,No
100535,Foundations of Excellence,2025-11-14,Technical,Yes
100535,Organizational Leadership,2026-02-07,Management,Yes
100536,Data-Driven Decision Making,2024-03-21,Technical,Yes
100536,Advanced Communication,2024-07-31,Communication,Yes
100536,Budget Planning,2025-01-12,Management,No
100536,Data Privacy & GDPR,2025-02-21,Compliance,No
100536,Anti-Harassment Training,2025-06-19,Compliance,No
100536,Compliance Basics,2025-06-25,Compliance,Yes
100536,Cloud Computing Basics,2025-10-03,Technical,No
100536,Project Management Fundamentals,2025-10-07,Technical,Yes
100536,Foundations of Excellence,2026-03-08,Technical,Yes
100536,Communication Skills 101,2026-04-04,Communication,Yes
100536,Python for Data Analysis,2026-05-26,Technical,No
100537,Conflict Resolution,2025-03-17,Leadership,No
100537,Foundations of Excellence,2025-05-01,Technical,Yes
100537,Compliance Basics,2025-05-29,Compliance,Yes
100537,Project Management Fundamentals,2025-07-09,Technical,Yes
100537,Negotiation Tactics,2025-08-19,Communication,No
100537,Data-Driven Decision Making,2025-10-06,Technical,Yes
100537,Communication Skills 101,2025-10-11,Communication,Yes
100537,Excel Advanced,2026-03-31,Technical,No
100537,Advanced Communication,2026-05-06,Communication,Yes
100537,Business Writing,2026-05-10,Communication,No
100538,Compliance Basics,2023-06-05,Compliance,Yes
100538,Power BI Fundamentals,2023-06-15,Technical,No
100538,Communication Skills 101,2023-08-14,Communication,Yes
100538,Change Management,2023-11-15,Leadership,No
100538,Project Management Fundamentals,2024-01-10,Technical,Yes
100538,Foundations of Excellence,2025-04-17,Technical,Yes
100539,Foundations of Excellence,2024-11-10,Technical,Yes
100539,Advanced Communication,2024-11-22,Communication,Yes
100539,Budget Planning,2025-01-21,Management,No
100539,People Management Basics,2025-01-24,Management,Yes
100539,Leadership Essentials,2025-03-12,Leadership,Yes
100539,Talent Acquisition,2025-03-15,Management,No
100539,Compliance Basics,2025-11-04,Compliance,Yes
100539,Cross-functional Collaboration,2026-01-20,Communication,Yes
100539,Presentation Skills,2026-02-03,Communication,No
100539,Project Management Fundamentals,2026-03-15,Technical,Yes
100539,Strategic Thinking,2026-03-26,Leadership,Yes
100539,Executive Presence,2026-05-18,Leadership,Yes
100540,Data Privacy & GDPR,2022-05-08,Compliance,No
100540,Negotiation Tactics,2022-10-15,Communication,No
100540,Advanced Communication,2023-02-13,Communication,Yes
100540,Compliance Basics,2023-03-25,Compliance,Yes
100540,Communication Skills 101,2024-06-13,Communication,Yes
100540,Foundations of Excellence,2024-09-29,Technical,Yes
100540,Data-Driven Decision Making,2024-11-26,Technical,Yes
100540,Performance Management,2025-09-08,Management,No
100541,Data Privacy & GDPR,2018-06-15,Compliance,No
100541,Foundations of Excellence,2020-05-01,Technical,Yes
100541,Project Management Fundamentals,2020-11-21,Technical,Yes
100541,Change Management,2021-02-10,Leadership,No
100541,Communication Skills 101,2022-12-04,Communication,Yes
100541,Advanced Communication,2023-09-30,Communication,Yes
100541,Presentation Skills,2023-11-02,Communication,No
100541,Coaching Skills,2024-11-04,Leadership,No
100541,Compliance Basics,2025-12-14,Compliance,Yes
100541,SQL Essentials,2026-01-07,Technical,No
100542,Talent Acquisition,2017-08-26,Management,No
100542,Advanced Communication,2018-01-02,Communication,Yes
100542,Communication Skills 101,2018-10-08,Communication,Yes
100542,Organizational Leadership,2019-12-27,Management,Yes
100542,Leadership Essentials,2021-06-17,Leadership,Yes
100542,Strategic Thinking,2022-06-25,Leadership,Yes
100542,Executive Leadership Program,2023-03-13,Leadership,Yes
100542,Foundations of Excellence,2023-07-05,Technical,Yes
100542,Cross-functional Collaboration,2024-08-25,Communication,Yes
100542,Project Management Fundamentals,2025-03-04,Technical,Yes
100542,Executive Presence,2025-09-19,Leadership,Yes
100542,Compliance Basics,2025-12-21,Compliance,Yes
100543,Leadership Essentials,2021-04-22,Leadership,Yes
100543,Project Management Fundamentals,2021-07-04,Technical,Yes
100543,Advanced Communication,2022-09-04,Communication,Yes
100543,Cloud Computing Basics,2023-05-11,Technical,No
100543,Foundations of Excellence,2023-08-15,Technical,Yes
100543,Negotiation Tactics,2023-12-14,Communication,No
100543,People Management Basics,2024-08-12,Management,Yes
100543,SQL Essentials,2024-10-24,Technical,No
100543,Business Writing,2025-03-28,Communication,No
100543,Strategic Thinking,2025-07-08,Leadership,Yes
100543,Data Privacy & GDPR,2025-08-30,Compliance,No
100543,Communication Skills 101,2025-10-21,Communication,Yes
100543,Data-Driven Decision Making,2026-03-09,Technical,Yes
100544,Negotiation Tactics,2024-10-06,Communication,No
100544,Data-Driven Decision Making,2024-12-14,Technical,Yes
100544,People Management Basics,2025-03-01,Management,Yes
100544,Advanced Communication,2025-12-24,Communication,Yes
100544,Communication Skills 101,2026-02-19,Communication,Yes
100544,Project Management Fundamentals,2026-02-22,Technical,Yes
100544,Business Writing,2026-05-07,Communication,No
100544,Compliance Basics,2026-05-12,Compliance,Yes
100544,Foundations of Excellence,2026-05-24,Technical,Yes
100545,Advanced Communication,2018-11-20,Communication,Yes
100545,People Management Basics,2019-07-31,Management,Yes
100545,Negotiation Tactics,2019-10-20,Communication,No
100545,Compliance Basics,2020-09-20,Compliance,Yes
100545,Foundations of Excellence,2020-10-03,Technical,Yes
100545,Data-Driven Decision Making,2021-09-02,Technical,Yes
100545,Communication Skills 101,2023-11-08,Communication,Yes
100545,Leadership Essentials,2024-02-05,Leadership,Yes
100545,Cross-functional Collaboration,2025-08-05,Communication,Yes
100545,Business Writing,2025-10-31,Communication,No
100545,Project Management Fundamentals,2025-11-09,Technical,Yes
100546,Foundations of Excellence,2016-12-20,Technical,Yes
100546,Cloud Computing Basics,2017-11-20,Technical,No
100546,Compliance Basics,2018-05-21,Compliance,Yes
100546,Strategic Thinking,2018-09-06,Leadership,Yes
100546,Data Privacy & GDPR,2019-03-18,Compliance,No
100546,Project Management Fundamentals,2019-11-26,Technical,Yes
100546,Cross-functional Collaboration,2019-12-05,Communication,Yes
100546,Advanced Communication,2022-03-06,Communication,Yes
100546,Data-Driven Decision Making,2022-03-10,Technical,Yes
100546,Workplace Safety,2022-10-30,Compliance,No
100546,Excel Advanced,2024-06-13,Technical,No
100547,Advanced Communication,2017-02-05,Communication,Yes
100547,Communication Skills 101,2017-12-05,Communication,Yes
100547,Power BI Fundamentals,2018-10-09,Technical,No
100547,Compliance Basics,2019-02-26,Compliance,Yes
100547,Foundations of Excellence,2019-06-14,Technical,Yes
100547,SQL Essentials,2019-08-16,Technical,No
100547,Project Management Fundamentals,2020-05-25,Technical,Yes
100547,Performance Management,2020-10-23,Management,No
100547,Strategic Thinking,2023-11-20,Leadership,Yes
100547,Cross-functional Collaboration,2024-02-05,Communication,Yes
100547,Change Management,2024-06-14,Leadership,No
100547,Data-Driven Decision Making,2025-06-28,Technical,Yes
100547,Leadership Essentials,2026-05-22,Leadership,Yes
100548,Workplace Safety,2018-10-01,Compliance,No
100548,Anti-Harassment Training,2019-01-25,Compliance,No
100548,Foundations of Excellence,2019-11-06,Technical,Yes
100548,Communication Skills 101,2021-05-29,Communication,Yes
100548,Advanced Communication,2022-09-27,Communication,Yes
100548,Talent Acquisition,2022-12-13,Management,No
100548,Python for Data Analysis,2023-02-16,Technical,No
100548,Data-Driven Decision Making,2023-05-03,Technical,Yes
100548,Compliance Basics,2023-09-28,Compliance,Yes
100548,Project Management Fundamentals,2023-10-26,Technical,Yes
100549,Foundations of Excellence,2018-11-02,Technical,Yes
100549,Communication Skills 101,2019-08-10,Communication,Yes
100549,Compliance Basics,2021-05-04,Compliance,Yes
100549,Project Management Fundamentals,2021-12-12,Technical,Yes
100549,Advanced Communication,2023-09-20,Communication,Yes
100549,Data-Driven Decision Making,2024-05-11,Technical,Yes
100549,Excel Advanced,2025-05-15,Technical,No
100549,Strategic Thinking,2026-02-07,Leadership,Yes
100550,Talent Acquisition,2017-12-30,Management,No
100550,Advanced Communication,2018-01-03,Communication,Yes
100550,People Management Basics,2018-01-21,Management,Yes
100550,Data-Driven Decision Making,2018-05-07,Technical,Yes
100550,Business Strategy,2019-11-29,Management,Yes
100550,Leadership Essentials,2020-02-15,Leadership,Yes
100550,Data Privacy & GDPR,2023-06-24,Compliance,No
100550,Project Management Fundamentals,2023-08-30,Technical,Yes
100550,Communication Skills 101,2023-12-10,Communication,Yes
100550,Foundations of Excellence,2023-12-27,Technical,Yes
100550,Compliance Basics,2024-06-13,Compliance,Yes
100550,Strategic Thinking,2024-10-14,Leadership,Yes
100550,Cross-functional Collaboration,2025-07-31,Communication,Yes
100550,Organizational Leadership,2025-10-27,Management,Yes
100550,Executive Leadership Program,2025-11-30,Leadership,Yes
100550,Executive Presence,2026-01-01,Leadership,Yes
100551,Performance Management,2017-04-02,Management,No
100551,Change Management,2019-02-11,Leadership,No
100551,Cross-functional Collaboration,2019-08-23,Communication,Yes
100551,Strategic Thinking,2020-05-28,Leadership,Yes
100551,Compliance Basics,2021-09-06,Compliance,Yes
100551,Foundations of Excellence,2022-02-02,Technical,Yes
100551,Project Management Fundamentals,2022-02-08,Technical,Yes
100551,Advanced Communication,2024-07-01,Communication,Yes
100551,Conflict Resolution,2024-07-24,Leadership,No
100551,Cloud Computing Basics,2024-08-25,Technical,No
100551,Data-Driven Decision Making,2025-01-15,Technical,Yes
100551,Communication Skills 101,2025-09-08,Communication,Yes
100551,Talent Acquisition,2026-03-02,Management,No
100552,Compliance Basics,2024-02-13,Compliance,Yes
100552,People Management Basics,2024-04-27,Management,Yes
100552,Advanced Communication,2024-07-07,Communication,Yes
100552,Talent Acquisition,2024-07-25,Management,No
100552,Communication Skills 101,2024-09-16,Communication,Yes
100552,Cross-functional Collaboration,2024-10-28,Communication,Yes
100552,Project Management Fundamentals,2025-03-07,Technical,Yes
100552,Foundations of Excellence,2025-04-26,Technical,Yes
100552,Strategic Thinking,2025-09-09,Leadership,Yes
100552,Workplace Safety,2025-12-13,Compliance,No
100552,Presentation Skills,2026-06-11,Communication,No
100553,Coaching Skills,2022-04-16,Leadership,No
100553,Foundations of Excellence,2022-06-09,Technical,Yes
100553,Project Management Fundamentals,2023-12-10,Technical,Yes
100553,Budget Planning,2024-01-22,Management,No
100553,Compliance Basics,2024-12-28,Compliance,Yes
100553,Data-Driven Decision Making,2026-02-11,Technical,Yes
100554,Data-Driven Decision Making,2025-03-12,Technical,Yes
100554,Strategic Thinking,2025-05-30,Leadership,Yes
100554,Foundations of Excellence,2025-07-04,Technical,Yes
100554,Cross-functional Collaboration,2025-08-29,Communication,Yes
100554,Project Management Fundamentals,2025-12-09,Technical,Yes
100554,Workplace Safety,2026-03-05,Compliance,No
100554,Communication Skills 101,2026-03-18,Communication,Yes
100554,Advanced Communication,2026-03-24,Communication,Yes
100554,Compliance Basics,2026-05-01,Compliance,Yes
100554,People Management Basics,2026-05-28,Management,Yes
100554,Leadership Essentials,2026-06-07,Leadership,Yes
100555,Foundations of Excellence,2025-01-30,Technical,Yes
100555,Communication Skills 101,2025-02-20,Communication,Yes
100555,Data-Driven Decision Making,2025-04-18,Technical,Yes
100555,Compliance Basics,2025-06-01,Compliance,Yes
100555,Strategic Thinking,2025-09-06,Leadership,Yes
100555,Project Management Fundamentals,2025-09-08,Technical,Yes
100555,Business Writing,2025-12-03,Communication,No
100555,Advanced Communication,2025-12-10,Communication,Yes
100555,Python for Data Analysis,2025-12-27,Technical,No
100555,Coaching Skills,2026-02-15,Leadership,No
100555,Cloud Computing Basics,2026-02-23,Technical,No
100556,People Management Basics,2017-03-11,Management,Yes
100556,Anti-Harassment Training,2017-04-01,Compliance,No
100556,Cross-functional Collaboration,2017-05-09,Communication,Yes
100556,Executive Presence,2019-04-15,Leadership,Yes
100556,Communication Skills 101,2022-01-07,Communication,Yes
100556,Compliance Basics,2022-08-16,Compliance,Yes
100556,Foundations of Excellence,2024-03-30,Technical,Yes
100556,Data-Driven Decision Making,2024-04-23,Technical,Yes
100556,Leadership Essentials,2025-04-29,Leadership,Yes
100556,Organizational Leadership,2025-07-18,Management,Yes
100557,Talent Acquisition,2019-12-27,Management,No
100557,Compliance Basics,2020-12-22,Compliance,Yes
100557,Cross-functional Collaboration,2021-04-08,Communication,Yes
100557,Project Management Fundamentals,2021-09-25,Technical,Yes
100557,People Management Basics,2021-10-30,Management,Yes
100557,Data-Driven Decision Making,2023-10-17,Technical,Yes
100557,Foundations of Excellence,2024-10-14,Technical,Yes
100557,Communication Skills 101,2025-02-08,Communication,Yes
100557,Advanced Communication,2025-02-27,Communication,Yes
100557,Leadership Essentials,2025-12-02,Leadership,Yes
100558,Data Privacy & GDPR,2024-10-15,Compliance,No
100558,People Management Basics,2024-12-12,Management,Yes
100558,Executive Presence,2025-01-22,Leadership,Yes
100558,Foundations of Excellence,2025-02-01,Technical,Yes
100558,Change Management,2025-03-26,Leadership,No
100558,Advanced Communication,2025-04-04,Communication,Yes
100558,Anti-Harassment Training,2025-04-15,Compliance,No
100558,Excel Advanced,2025-05-04,Technical,No
100558,Project Management Fundamentals,2025-06-09,Technical,Yes
100558,Communication Skills 101,2025-10-30,Communication,Yes
100558,Cross-functional Collaboration,2025-12-22,Communication,Yes
100558,Strategic Thinking,2026-01-13,Leadership,Yes
100558,Compliance Basics,2026-03-14,Compliance,Yes
100558,Leadership Essentials,2026-04-04,Leadership,Yes
100558,Data-Driven Decision Making,2026-05-27,Technical,Yes
100558,Negotiation Tactics,2026-06-13,Communication,No
100559,Data-Driven Decision Making,2018-03-31,Technical,Yes
100559,Strategic Thinking,2019-04-05,Leadership,Yes
100559,Presentation Skills,2020-12-05,Communication,No
100559,Communication Skills 101,2021-11-13,Communication,Yes
100559,Advanced Communication,2022-04-25,Communication,Yes
100559,Compliance Basics,2023-02-06,Compliance,Yes
100559,Foundations of Excellence,2026-04-23,Technical,Yes
100559,Project Management Fundamentals,2026-05-19,Technical,Yes
100560,Data Privacy & GDPR,2021-01-03,Compliance,No
100560,Compliance Basics,2021-04-05,Compliance,Yes
100560,Project Management Fundamentals,2021-10-02,Technical,Yes
100560,SQL Essentials,2022-08-09,Technical,No
100560,Advanced Communication,2023-02-18,Communication,Yes
100560,Foundations of Excellence,2023-08-10,Technical,Yes
100560,Data-Driven Decision Making,2024-10-06,Technical,Yes
100560,Performance Management,2025-12-10,Management,No
100560,Communication Skills 101,2026-01-31,Communication,Yes
100560,Coaching Skills,2026-03-28,Leadership,No
100561,Compliance Basics,2023-06-02,Compliance,Yes
100561,Advanced Communication,2023-11-08,Communication,Yes
100561,Communication Skills 101,2024-10-09,Communication,Yes
100561,Project Management Fundamentals,2024-12-03,Technical,Yes
100561,Change Management,2025-02-08,Leadership,No
100561,Performance Management,2025-04-19,Management,No
100561,Foundations of Excellence,2026-05-24,Technical,Yes
100561,Data Privacy & GDPR,2026-06-07,Compliance,No
100562,SQL Essentials,2019-12-15,Technical,No
100562,Foundations of Excellence,2021-05-19,Technical,Yes
100562,Budget Planning,2022-09-07,Management,No
100562,Compliance Basics,2024-08-09,Compliance,Yes
100562,Communication Skills 101,2024-08-31,Communication,Yes
100562,Python for Data Analysis,2024-10-17,Technical,No
100562,Change Management,2025-05-23,Leadership,No
100562,Project Management Fundamentals,2025-05-27,Technical,Yes
100563,Business Strategy,2019-06-06,Management,Yes
100563,People Management Basics,2020-02-23,Management,Yes
100563,Data-Driven Decision Making,2020-03-21,Technical,Yes
100563,Project Management Fundamentals,2020-07-21,Technical,Yes
100563,Leadership Essentials,2021-01-12,Leadership,Yes
100563,Workplace Safety,2021-04-20,Compliance,No
100563,Advanced Communication,2021-09-05,Communication,Yes
100563,Communication Skills 101,2023-04-01,Communication,Yes
100563,SQL Essentials,2023-07-09,Technical,No
100563,Strategic Thinking,2023-12-11,Leadership,Yes
100563,Foundations of Excellence,2024-01-28,Technical,Yes
100563,Cross-functional Collaboration,2024-05-29,Communication,Yes
100563,Compliance Basics,2024-07-31,Compliance,Yes
100563,Executive Leadership Program,2024-08-20,Leadership,Yes
100563,Organizational Leadership,2026-02-07,Management,Yes
100564,Conflict Resolution,2021-12-06,Leadership,No
100564,Project Management Fundamentals,2022-06-19,Technical,Yes
100564,Leadership Essentials,2022-09-09,Leadership,Yes
100564,Executive Presence,2023-06-28,Leadership,Yes
100564,Compliance Basics,2023-10-07,Compliance,Yes
100564,Data-Driven Decision Making,2023-12-08,Technical,Yes
100564,Foundations of Excellence,2024-04-03,Technical,Yes
100564,Communication Skills 101,2024-09-04,Communication,Yes
100564,Change Management,2024-11-17,Leadership,No
100564,Advanced Communication,2025-03-14,Communication,Yes
100564,Data Privacy & GDPR,2025-11-06,Compliance,No
100564,People Management Basics,2025-11-19,Management,Yes
100564,Anti-Harassment Training,2025-12-05,Compliance,No
100564,Strategic Thinking,2026-01-20,Leadership,Yes
100564,Cross-functional Collaboration,2026-03-21,Communication,Yes
100565,Budget Planning,2020-06-10,Management,No
100565,Compliance Basics,2021-03-23,Compliance,Yes
100565,Communication Skills 101,2021-05-03,Communication,Yes
100565,Cloud Computing Basics,2025-01-17,Technical,No
100565,SQL Essentials,2025-03-17,Technical,No
100565,Coaching Skills,2025-04-26,Leadership,No
100565,Presentation Skills,2025-08-11,Communication,No
100566,Project Management Fundamentals,2018-11-11,Technical,Yes
100566,Compliance Basics,2023-06-12,Compliance,Yes
100566,Foundations of Excellence,2024-03-31,Technical,Yes
100566,Coaching Skills,2026-03-24,Leadership,No
100567,Data-Driven Decision Making,2017-06-01,Technical,Yes
100567,Communication Skills 101,2018-06-18,Communication,Yes
100567,Project Management Fundamentals,2018-11-24,Technical,Yes
100567,Power BI Fundamentals,2019-10-12,Technical,No
100567,Compliance Basics,2019-12-02,Compliance,Yes
100567,Presentation Skills,2020-09-04,Communication,No
100567,Change Management,2022-10-18,Leadership,No
100567,Talent Acquisition,2023-06-10,Management,No
100568,Talent Acquisition,2024-06-04,Management,No
100568,Communication Skills 101,2024-07-26,Communication,Yes
100568,Leadership Essentials,2024-10-19,Leadership,Yes
100568,Data-Driven Decision Making,2024-12-18,Technical,Yes
100568,Strategic Thinking,2025-01-06,Leadership,Yes
100568,Executive Presence,2025-01-27,Leadership,Yes
100568,Anti-Harassment Training,2025-04-12,Compliance,No
100568,Compliance Basics,2025-05-29,Compliance,Yes
100568,Cross-functional Collaboration,2025-06-05,Communication,Yes
100568,SQL Essentials,2025-07-27,Technical,No
100568,Executive Leadership Program,2025-08-04,Leadership,Yes
100568,People Management Basics,2025-11-17,Management,Yes
100568,Business Strategy,2026-06-16,Management,Yes
100569,Communication Skills 101,2017-01-18,Communication,Yes
100569,Compliance Basics,2018-06-23,Compliance,Yes
100569,Strategic Thinking,2019-01-03,Leadership,Yes
100569,Foundations of Excellence,2019-04-08,Technical,Yes
100569,Presentation Skills,2019-10-03,Communication,No
100569,Data-Driven Decision Making,2019-12-15,Technical,Yes
100569,Project Management Fundamentals,2021-04-12,Technical,Yes
100569,Leadership Essentials,2022-11-27,Leadership,Yes
100569,Cross-functional Collaboration,2024-11-16,Communication,Yes
100569,Anti-Harassment Training,2025-12-22,Compliance,No
100569,Advanced Communication,2025-12-25,Communication,Yes
100569,People Management Basics,2026-02-22,Management,Yes
100569,Data Privacy & GDPR,2026-03-02,Compliance,No
100570,Coaching Skills,2021-10-21,Leadership,No
100570,Power BI Fundamentals,2022-05-02,Technical,No
100570,Workplace Safety,2022-07-12,Compliance,No
100570,Advanced Communication,2024-06-14,Communication,Yes
100570,Project Management Fundamentals,2025-03-12,Technical,Yes
100570,Business Writing,2025-07-09,Communication,No
100570,Communication Skills 101,2025-09-09,Communication,Yes
100570,Foundations of Excellence,2025-10-01,Technical,Yes
100570,Compliance Basics,2025-10-23,Compliance,Yes
100571,Communication Skills 101,2024-01-17,Communication,Yes
100571,Cloud Computing Basics,2024-01-23,Technical,No
100571,Compliance Basics,2024-08-23,Compliance,Yes
100571,Cross-functional Collaboration,2024-08-23,Communication,Yes
100571,Project Management Fundamentals,2024-11-03,Technical,Yes
100571,Foundations of Excellence,2025-10-22,Technical,Yes
100571,Data-Driven Decision Making,2026-01-06,Technical,Yes
100571,Advanced Communication,2026-03-25,Communication,Yes
100572,Foundations of Excellence,2019-07-25,Technical,Yes
100572,Strategic Thinking,2020-06-30,Leadership,Yes
100572,Cross-functional Collaboration,2021-09-30,Communication,Yes
100572,Project Management Fundamentals,2022-03-23,Technical,Yes
100572,Advanced Communication,2022-04-04,Communication,Yes
100572,Leadership Essentials,2022-07-15,Leadership,Yes
100572,SQL Essentials,2024-02-04,Technical,No
100572,Data-Driven Decision Making,2024-06-01,Technical,Yes
100572,Communication Skills 101,2024-07-10,Communication,Yes
100572,Compliance Basics,2025-10-03,Compliance,Yes
100572,Business Writing,2026-02-02,Communication,No
100573,Business Writing,2025-12-25,Communication,No
100573,Coaching Skills,2025-12-29,Leadership,No
100573,Negotiation Tactics,2026-01-01,Communication,No
100573,Foundations of Excellence,2026-01-14,Technical,Yes
100573,Strategic Thinking,2026-01-21,Leadership,Yes
100573,Compliance Basics,2026-03-22,Compliance,Yes
100573,Data-Driven Decision Making,2026-03-22,Technical,Yes
100573,Anti-Harassment Training,2026-03-24,Compliance,No
100573,Communication Skills 101,2026-03-29,Communication,Yes
100573,Budget Planning,2026-04-05,Management,No
100573,Project Management Fundamentals,2026-05-02,Technical,Yes
100573,Cross-functional Collaboration,2026-05-07,Communication,Yes
100573,People Management Basics,2026-06-13,Management,Yes
100573,Advanced Communication,2026-06-14,Communication,Yes
100574,Communication Skills 101,2021-03-10,Communication,Yes
100574,Foundations of Excellence,2022-01-08,Technical,Yes
100574,Cloud Computing Basics,2022-07-05,Technical,No
100574,Negotiation Tactics,2024-06-21,Communication,No
100574,Workplace Safety,2024-11-06,Compliance,No
100574,Compliance Basics,2026-01-04,Compliance,Yes
100575,Communication Skills 101,2023-11-22,Communication,Yes
100575,Cloud Computing Basics,2023-12-25,Technical,No
100575,Cross-functional Collaboration,2024-04-03,Communication,Yes
100575,Data-Driven Decision Making,2024-04-05,Technical,Yes
100575,Foundations of Excellence,2024-05-14,Technical,Yes
100575,Python for Data Analysis,2024-10-17,Technical,No
100575,Compliance Basics,2025-01-16,Compliance,Yes
100575,Workplace Safety,2025-03-06,Compliance,No
100575,Project Management Fundamentals,2025-04-05,Technical,Yes
100575,Advanced Communication,2025-07-06,Communication,Yes
100575,Talent Acquisition,2025-11-04,Management,No
100575,Strategic Thinking,2026-01-28,Leadership,Yes
100576,Change Management,2019-07-28,Leadership,No
100576,Executive Presence,2020-01-09,Leadership,Yes
100576,Project Management Fundamentals,2020-06-27,Technical,Yes
100576,Compliance Basics,2020-08-25,Compliance,Yes
100576,Communication Skills 101,2021-08-13,Communication,Yes
100576,Anti-Harassment Training,2022-03-12,Compliance,No
100576,Presentation Skills,2022-11-07,Communication,No
100576,Data-Driven Decision Making,2023-07-28,Technical,Yes
100576,Strategic Thinking,2023-08-19,Leadership,Yes
100576,Business Writing,2024-05-06,Communication,No
100576,Organizational Leadership,2024-06-21,Management,Yes
100576,Power BI Fundamentals,2025-05-02,Technical,No
100576,Leadership Essentials,2025-06-24,Leadership,Yes
100576,Foundations of Excellence,2026-04-06,Technical,Yes
100576,Cross-functional Collaboration,2026-05-10,Communication,Yes
100577,Cross-functional Collaboration,2019-06-22,Communication,Yes
100577,Compliance Basics,2020-02-14,Compliance,Yes
100577,Budget Planning,2021-04-06,Management,No
100577,Foundations of Excellence,2021-09-21,Technical,Yes
100577,Project Management Fundamentals,2021-11-05,Technical,Yes
100577,Advanced Communication,2021-11-15,Communication,Yes
100577,Strategic Thinking,2025-01-09,Leadership,Yes
100577,Change Management,2025-03-07,Leadership,No
100577,Workplace Safety,2025-07-21,Compliance,No
100578,Data-Driven Decision Making,2016-11-13,Technical,Yes
100578,Strategic Thinking,2017-06-19,Leadership,Yes
100578,People Management Basics,2017-07-19,Management,Yes
100578,Compliance Basics,2018-06-09,Compliance,Yes
100578,Advanced Communication,2018-08-31,Communication,Yes
100578,Communication Skills 101,2019-03-29,Communication,Yes
100578,Project Management Fundamentals,2019-09-16,Technical,Yes
100578,Foundations of Excellence,2020-02-14,Technical,Yes
100578,Talent Acquisition,2020-08-08,Management,No
100578,Cross-functional Collaboration,2022-12-30,Communication,Yes
100578,Leadership Essentials,2023-03-07,Leadership,Yes
100579,Data-Driven Decision Making,2023-12-06,Technical,Yes
100579,Conflict Resolution,2024-01-27,Leadership,No
100579,Executive Presence,2024-02-23,Leadership,Yes
100579,Leadership Essentials,2024-03-21,Leadership,Yes
100579,People Management Basics,2024-06-22,Management,Yes
100579,Cross-functional Collaboration,2024-08-18,Communication,Yes
100579,Project Management Fundamentals,2024-09-11,Technical,Yes
100579,Compliance Basics,2024-10-15,Compliance,Yes
100579,Communication Skills 101,2025-01-28,Communication,Yes
100579,Foundations of Excellence,2025-02-14,Technical,Yes
100579,Advanced Communication,2025-04-07,Communication,Yes
100580,People Management Basics,2025-09-23,Management,Yes
100580,Business Strategy,2025-10-17,Management,Yes
100580,Executive Presence,2025-10-18,Leadership,Yes
100580,Advanced Communication,2025-10-23,Communication,Yes
100580,Organizational Leadership,2025-11-10,Management,Yes
100580,Coaching Skills,2025-11-12,Leadership,No
100580,Project Management Fundamentals,2025-11-18,Technical,Yes
100580,Executive Leadership Program,2025-12-02,Leadership,Yes
100580,Leadership Essentials,2025-12-06,Leadership,Yes
100580,Data-Driven Decision Making,2025-12-28,Technical,Yes
100580,Communication Skills 101,2026-01-06,Communication,Yes
100580,Compliance Basics,2026-01-31,Compliance,Yes
100580,Talent Acquisition,2026-03-12,Management,No
100580,Negotiation Tactics,2026-03-14,Communication,No
100580,Data Privacy & GDPR,2026-05-25,Compliance,No
100580,Cross-functional Collaboration,2026-05-27,Communication,Yes
100580,Excel Advanced,2026-06-02,Technical,No
100581,Compliance Basics,2022-12-08,Compliance,Yes
100581,Excel Advanced,2023-04-03,Technical,No
100581,Presentation Skills,2023-05-16,Communication,No
100581,SQL Essentials,2023-05-30,Technical,No
100581,Anti-Harassment Training,2023-07-03,Compliance,No
100581,Foundations of Excellence,2023-08-26,Technical,Yes
100581,Communication Skills 101,2024-03-05,Communication,Yes
100581,Advanced Communication,2024-04-19,Communication,Yes
100581,Cloud Computing Basics,2026-02-24,Technical,No
100581,Data-Driven Decision Making,2026-06-10,Technical,Yes
100582,Data Privacy & GDPR,2019-04-19,Compliance,No
100582,Project Management Fundamentals,2019-07-24,Technical,Yes
100582,Compliance Basics,2020-02-02,Compliance,Yes
100582,Business Writing,2020-02-02,Communication,No
100582,Advanced Communication,2020-12-17,Communication,Yes
100582,Communication Skills 101,2022-04-05,Communication,Yes
100582,Presentation Skills,2023-11-17,Communication,No
100582,Cross-functional Collaboration,2025-04-04,Communication,Yes
100582,SQL Essentials,2025-04-07,Technical,No
100582,Strategic Thinking,2025-06-05,Leadership,Yes
100582,Data-Driven Decision Making,2026-01-13,Technical,Yes
100582,Talent Acquisition,2026-04-16,Management,No
100583,Presentation Skills,2022-02-27,Communication,No
100583,Data Privacy & GDPR,2022-02-28,Compliance,No
100583,Strategic Thinking,2022-05-02,Leadership,Yes
100583,Budget Planning,2022-09-04,Management,No
100583,Compliance Basics,2022-09-18,Compliance,Yes
100583,People Management Basics,2023-01-07,Management,Yes
100583,Communication Skills 101,2023-01-11,Communication,Yes
100583,Executive Presence,2023-05-17,Leadership,Yes
100583,Coaching Skills,2023-05-28,Leadership,No
100583,Data-Driven Decision Making,2023-07-06,Technical,Yes
100583,Foundations of Excellence,2023-08-08,Technical,Yes
100583,Advanced Communication,2023-09-23,Communication,Yes
100583,Organizational Leadership,2023-10-18,Management,Yes
100583,Leadership Essentials,2023-11-10,Leadership,Yes
100583,Cross-functional Collaboration,2024-05-13,Communication,Yes
100583,Project Management Fundamentals,2024-06-17,Technical,Yes
100584,Strategic Thinking,2025-10-26,Leadership,Yes
100584,Project Management Fundamentals,2025-10-28,Technical,Yes
100584,Python for Data Analysis,2025-10-28,Technical,No
100584,Cross-functional Collaboration,2025-12-03,Communication,Yes
100584,Compliance Basics,2025-12-26,Compliance,Yes
100584,Coaching Skills,2025-12-28,Leadership,No
100584,Communication Skills 101,2026-01-05,Communication,Yes
100584,Data Privacy & GDPR,2026-01-05,Compliance,No
100584,Leadership Essentials,2026-01-14,Leadership,Yes
100584,Advanced Communication,2026-01-15,Communication,Yes
100584,Data-Driven Decision Making,2026-01-18,Technical,Yes
100585,Anti-Harassment Training,2020-03-06,Compliance,No
100585,Compliance Basics,2020-06-21,Compliance,Yes
100585,SQL Essentials,2020-12-01,Technical,No
100585,Advanced Communication,2021-04-23,Communication,Yes
100585,Presentation Skills,2021-10-09,Communication,No
100585,Data-Driven Decision Making,2021-11-24,Technical,Yes
100585,Communication Skills 101,2023-03-17,Communication,Yes
100585,Project Management Fundamentals,2025-06-26,Technical,Yes
100586,Communication Skills 101,2025-06-13,Communication,Yes
100586,Negotiation Tactics,2025-10-05,Communication,No
100586,Presentation Skills,2025-10-13,Communication,No
100586,Project Management Fundamentals,2025-11-15,Technical,Yes
100586,Compliance Basics,2026-01-01,Compliance,Yes
100586,Advanced Communication,2026-02-19,Communication,Yes
100586,Foundations of Excellence,2026-05-02,Technical,Yes
100587,Leadership Essentials,2025-12-27,Leadership,Yes
100587,Project Management Fundamentals,2026-01-15,Technical,Yes
100587,Communication Skills 101,2026-01-30,Communication,Yes
100587,Conflict Resolution,2026-02-09,Leadership,No
100587,Foundations of Excellence,2026-02-20,Technical,Yes
100587,Compliance Basics,2026-02-23,Compliance,Yes
100587,Organizational Leadership,2026-03-16,Management,Yes
100587,Advanced Communication,2026-03-28,Communication,Yes
100587,Executive Presence,2026-03-30,Leadership,Yes
100587,Data Privacy & GDPR,2026-05-01,Compliance,No
100587,Executive Leadership Program,2026-05-19,Leadership,Yes
100587,Strategic Thinking,2026-05-25,Leadership,Yes
100587,People Management Basics,2026-05-25,Management,Yes
100588,Data-Driven Decision Making,2018-12-29,Technical,Yes
100588,Business Writing,2019-01-18,Communication,No
100588,Workplace Safety,2019-04-27,Compliance,No
100588,Strategic Thinking,2019-12-15,Leadership,Yes
100588,Data Privacy & GDPR,2020-06-06,Compliance,No
100588,Talent Acquisition,2023-01-30,Management,No
100588,Project Management Fundamentals,2023-05-01,Technical,Yes
100588,Leadership Essentials,2024-03-27,Leadership,Yes
100588,Compliance Basics,2024-07-04,Compliance,Yes
100588,Foundations of Excellence,2024-10-04,Technical,Yes
100588,Change Management,2024-10-22,Leadership,No
100588,Communication Skills 101,2025-07-28,Communication,Yes
100588,Advanced Communication,2026-06-02,Communication,Yes
100589,Advanced Communication,2024-01-13,Communication,Yes
100589,Foundations of Excellence,2024-02-25,Technical,Yes
100589,Conflict Resolution,2024-03-06,Leadership,No
100589,Data-Driven Decision Making,2024-04-02,Technical,Yes
100589,Cloud Computing Basics,2024-08-17,Technical,No
100589,Power BI Fundamentals,2025-11-18,Technical,No
100589,Workplace Safety,2026-03-17,Compliance,No
100589,Project Management Fundamentals,2026-03-25,Technical,Yes
100590,Executive Presence,2019-07-01,Leadership,Yes
100590,Cloud Computing Basics,2019-08-08,Technical,No
100590,Data-Driven Decision Making,2019-09-15,Technical,Yes
100590,Strategic Thinking,2019-10-12,Leadership,Yes
100590,Project Management Fundamentals,2019-10-21,Technical,Yes
100590,Leadership Essentials,2019-11-03,Leadership,Yes
100590,Compliance Basics,2019-11-28,Compliance,Yes
100590,Foundations of Excellence,2019-12-04,Technical,Yes
100590,Anti-Harassment Training,2020-01-20,Compliance,No
100590,Communication Skills 101,2020-02-29,Communication,Yes
100590,Performance Management,2020-05-20,Management,No
100590,Cross-functional Collaboration,2020-06-03,Communication,Yes
100590,People Management Basics,2020-06-15,Management,Yes
100590,Power BI Fundamentals,2020-08-12,Technical,No
100590,Organizational Leadership,2020-09-02,Management,Yes
100590,Executive Leadership Program,2020-09-17,Leadership,Yes
100590,Advanced Communication,2020-09-29,Communication,Yes
100591,Compliance Basics,2021-05-25,Compliance,Yes
100591,Data-Driven Decision Making,2021-07-06,Technical,Yes
100591,Communication Skills 101,2021-12-25,Communication,Yes
100591,Advanced Communication,2023-01-31,Communication,Yes
100591,Project Management Fundamentals,2023-06-05,Technical,Yes
100591,Change Management,2023-11-14,Leadership,No
100591,Anti-Harassment Training,2024-09-25,Compliance,No
100591,Foundations of Excellence,2024-11-27,Technical,Yes
100592,Compliance Basics,2019-11-07,Compliance,Yes
100592,Foundations of Excellence,2020-01-28,Technical,Yes
100592,Communication Skills 101,2021-03-19,Communication,Yes
100592,Excel Advanced,2022-12-01,Technical,No
100592,Presentation Skills,2023-07-01,Communication,No
100592,Power BI Fundamentals,2023-10-15,Technical,No
100592,Data-Driven Decision Making,2023-12-03,Technical,Yes
100592,Workplace Safety,2024-04-14,Compliance,No
100592,Talent Acquisition,2024-09-29,Management,No
100592,Advanced Communication,2025-01-06,Communication,Yes
100592,Project Management Fundamentals,2025-11-09,Technical,Yes
100593,Compliance Basics,2020-02-01,Compliance,Yes
100593,Foundations of Excellence,2021-02-16,Technical,Yes
100593,People Management Basics,2023-02-03,Management,Yes
100593,Cross-functional Collaboration,2023-03-17,Communication,Yes
100593,Communication Skills 101,2023-04-13,Communication,Yes
100593,Project Management Fundamentals,2023-08-06,Technical,Yes
100593,Advanced Communication,2023-08-22,Communication,Yes
100593,Data-Driven Decision Making,2023-11-16,Technical,Yes
100593,Strategic Thinking,2024-07-17,Leadership,Yes
100593,Leadership Essentials,2025-04-26,Leadership,Yes
100593,Business Writing,2026-04-10,Communication,No
100594,Compliance Basics,2019-09-23,Compliance,Yes
100594,Cloud Computing Basics,2020-06-02,Technical,No
100594,Project Management Fundamentals,2021-02-10,Technical,Yes
100594,Advanced Communication,2021-06-17,Communication,Yes
100594,Change Management,2023-09-20,Leadership,No
100594,Budget Planning,2024-01-26,Management,No
100594,Talent Acquisition,2024-04-06,Management,No
100594,Communication Skills 101,2024-12-28,Communication,Yes
100594,Foundations of Excellence,2025-01-23,Technical,Yes
100595,Strategic Thinking,2021-02-11,Leadership,Yes
100595,Data-Driven Decision Making,2021-02-23,Technical,Yes
100595,Project Management Fundamentals,2021-04-16,Technical,Yes
100595,Coaching Skills,2021-06-18,Leadership,No
100595,Compliance Basics,2022-10-28,Compliance,Yes
100595,Cloud Computing Basics,2022-11-22,Technical,No
100595,Workplace Safety,2023-08-06,Compliance,No
100595,Communication Skills 101,2023-09-07,Communication,Yes
100595,Talent Acquisition,2024-02-03,Management,No
100595,Business Writing,2024-12-10,Communication,No
100595,Cross-functional Collaboration,2025-05-10,Communication,Yes
100595,Advanced Communication,2025-10-16,Communication,Yes
100595,Foundations of Excellence,2025-10-29,Technical,Yes
100596,Cross-functional Collaboration,2019-11-08,Communication,Yes
100596,Compliance Basics,2020-01-31,Compliance,Yes
100596,Data-Driven Decision Making,2020-04-23,Technical,Yes
100596,Negotiation Tactics,2020-12-16,Communication,No
100596,Anti-Harassment Training,2021-05-04,Compliance,No
100596,Power BI Fundamentals,2023-12-23,Technical,No
100596,Project Management Fundamentals,2023-12-27,Technical,Yes
100596,Data Privacy & GDPR,2024-02-11,Compliance,No
100596,Advanced Communication,2025-08-13,Communication,Yes
100596,Performance Management,2025-08-22,Management,No
100596,Communication Skills 101,2025-12-06,Communication,Yes
100597,Cross-functional Collaboration,2021-09-10,Communication,Yes
100597,Project Management Fundamentals,2022-02-26,Technical,Yes
100597,Foundations of Excellence,2022-04-01,Technical,Yes
100597,Python for Data Analysis,2022-06-18,Technical,No
100597,Change Management,2023-03-17,Leadership,No
100597,Advanced Communication,2023-09-05,Communication,Yes
100597,Data Privacy & GDPR,2023-10-03,Compliance,No
100597,Cloud Computing Basics,2024-02-20,Technical,No
100597,Compliance Basics,2024-04-24,Compliance,Yes
100597,SQL Essentials,2024-09-09,Technical,No
100597,Data-Driven Decision Making,2026-03-24,Technical,Yes
100598,Project Management Fundamentals,2017-08-15,Technical,Yes
100598,Compliance Basics,2019-03-30,Compliance,Yes
100598,Communication Skills 101,2019-07-12,Communication,Yes
100598,Data-Driven Decision Making,2020-10-06,Technical,Yes
100598,People Management Basics,2020-10-25,Management,Yes
100598,Coaching Skills,2021-11-20,Leadership,No
100598,Organizational Leadership,2022-02-04,Management,Yes
100598,Strategic Thinking,2023-03-25,Leadership,Yes
100598,Leadership Essentials,2024-12-08,Leadership,Yes
100598,Foundations of Excellence,2025-10-05,Technical,Yes
100598,Cross-functional Collaboration,2026-05-11,Communication,Yes
100599,Negotiation Tactics,2021-04-15,Communication,No
100599,Power BI Fundamentals,2021-10-25,Technical,No
100599,Project Management Fundamentals,2021-12-19,Technical,Yes
100599,Foundations of Excellence,2023-04-22,Technical,Yes
100599,Talent Acquisition,2023-06-16,Management,No
100599,Data-Driven Decision Making,2023-09-29,Technical,Yes
100599,Budget Planning,2023-10-28,Management,No
100599,Excel Advanced,2023-12-27,Technical,No
100599,Communication Skills 101,2024-04-19,Communication,Yes
100600,Performance Management,2024-08-27,Management,No
100600,Data-Driven Decision Making,2024-11-30,Technical,Yes
100600,Advanced Communication,2024-12-12,Communication,Yes
100600,Strategic Thinking,2025-02-01,Leadership,Yes
100600,Cross-functional Collaboration,2025-02-25,Communication,Yes
100600,Power BI Fundamentals,2025-03-05,Technical,No
100600,Compliance Basics,2025-03-30,Compliance,Yes
100600,Business Writing,2025-06-20,Communication,No
100600,SQL Essentials,2025-07-20,Technical,No
100600,Organizational Leadership,2025-10-16,Management,Yes
100600,Coaching Skills,2025-11-06,Leadership,No
100600,Project Management Fundamentals,2025-12-01,Technical,Yes
100600,Executive Presence,2025-12-24,Leadership,Yes
100600,Leadership Essentials,2026-02-26,Leadership,Yes
100600,People Management Basics,2026-03-14,Management,Yes
100601,Workplace Safety,2021-03-21,Compliance,No
100601,Compliance Basics,2021-05-08,Compliance,Yes
100601,Strategic Thinking,2022-03-16,Leadership,Yes
100601,Advanced Communication,2022-04-11,Communication,Yes
100601,Project Management Fundamentals,2024-07-12,Technical,Yes
100601,Data-Driven Decision Making,2024-09-26,Technical,Yes
100601,Communication Skills 101,2025-07-29,Communication,Yes
100601,Excel Advanced,2025-10-15,Technical,No
100601,Foundations of Excellence,2025-10-29,Technical,Yes
100601,Python for Data Analysis,2025-12-21,Technical,No
100602,Cloud Computing Basics,2022-08-31,Technical,No
100602,Data-Driven Decision Making,2022-10-28,Technical,Yes
100602,Compliance Basics,2024-02-25,Compliance,Yes
100602,Workplace Safety,2024-05-02,Compliance,No
100602,Project Management Fundamentals,2024-09-07,Technical,Yes
100602,Excel Advanced,2024-10-15,Technical,No
100602,Power BI Fundamentals,2025-07-29,Technical,No
100602,Advanced Communication,2026-01-03,Communication,Yes
100602,Foundations of Excellence,2026-02-07,Technical,Yes
100603,Strategic Thinking,2023-05-24,Leadership,Yes
100603,Power BI Fundamentals,2023-08-23,Technical,No
100603,Cloud Computing Basics,2023-09-02,Technical,No
100603,Advanced Communication,2023-10-16,Communication,Yes
100603,Data-Driven Decision Making,2025-02-08,Technical,Yes
100603,Compliance Basics,2025-04-27,Compliance,Yes
100603,Project Management Fundamentals,2025-09-15,Technical,Yes
100604,Leadership Essentials,2022-09-02,Leadership,Yes
100604,Executive Presence,2023-03-29,Leadership,Yes
100604,Advanced Communication,2023-05-18,Communication,Yes
100604,SQL Essentials,2023-06-10,Technical,No
100604,Data-Driven Decision Making,2023-07-11,Technical,Yes
100604,Strategic Thinking,2023-12-24,Leadership,Yes
100604,Workplace Safety,2023-12-25,Compliance,No
100604,Organizational Leadership,2024-01-24,Management,Yes
100604,Project Management Fundamentals,2024-03-04,Technical,Yes
100604,People Management Basics,2024-03-21,Management,Yes
100604,Data Privacy & GDPR,2024-08-18,Compliance,No
100604,Executive Leadership Program,2024-08-21,Leadership,Yes
100604,Compliance Basics,2024-09-02,Compliance,Yes
100604,Cross-functional Collaboration,2024-09-27,Communication,Yes
100604,Foundations of Excellence,2024-11-19,Technical,Yes
100604,Performance Management,2025-04-17,Management,No
100604,Communication Skills 101,2025-09-24,Communication,Yes
100604,Business Strategy,2025-12-06,Management,Yes
100604,Conflict Resolution,2026-06-02,Leadership,No
100605,Strategic Thinking,2019-05-08,Leadership,Yes
100605,People Management Basics,2019-05-11,Management,Yes
100605,Leadership Essentials,2019-09-02,Leadership,Yes
100605,Foundations of Excellence,2021-08-04,Technical,Yes
100605,Advanced Communication,2021-10-01,Communication,Yes
100605,Performance Management,2023-06-28,Management,No
100605,Conflict Resolution,2024-04-29,Leadership,No
100605,Organizational Leadership,2024-06-07,Management,Yes
100605,Communication Skills 101,2024-11-27,Communication,Yes
100605,Cross-functional Collaboration,2025-01-24,Communication,Yes
100605,Compliance Basics,2025-02-27,Compliance,Yes
100605,Data-Driven Decision Making,2025-08-22,Technical,Yes
100605,Project Management Fundamentals,2025-09-05,Technical,Yes
100606,Cloud Computing Basics,2025-04-20,Technical,No
100606,Project Management Fundamentals,2025-07-30,Technical,Yes
100606,Data-Driven Decision Making,2025-08-15,Technical,Yes
100606,Foundations of Excellence,2025-08-24,Technical,Yes
100606,People Management Basics,2025-09-27,Management,Yes
100606,Strategic Thinking,2025-11-18,Leadership,Yes
100606,Leadership Essentials,2025-12-17,Leadership,Yes
100606,Cross-functional Collaboration,2026-03-18,Communication,Yes
100606,Compliance Basics,2026-04-01,Compliance,Yes
100606,Communication Skills 101,2026-05-04,Communication,Yes
100606,Advanced Communication,2026-05-12,Communication,Yes
100607,Strategic Thinking,2019-08-06,Leadership,Yes
100607,Compliance Basics,2019-08-25,Compliance,Yes
100607,Project Management Fundamentals,2020-04-26,Technical,Yes
100607,Cloud Computing Basics,2020-07-13,Technical,No
100607,People Management Basics,2021-01-12,Management,Yes
100607,Foundations of Excellence,2021-11-15,Technical,Yes
100607,Cross-functional Collaboration,2021-12-31,Communication,Yes
100607,Communication Skills 101,2023-04-05,Communication,Yes
100607,Leadership Essentials,2023-12-29,Leadership,Yes
100607,Data-Driven Decision Making,2025-11-06,Technical,Yes
100608,Strategic Thinking,2022-04-14,Leadership,Yes
100608,Communication Skills 101,2022-06-19,Communication,Yes
100608,Data-Driven Decision Making,2022-07-13,Technical,Yes
100608,Project Management Fundamentals,2023-01-05,Technical,Yes
100608,Budget Planning,2023-07-21,Management,No
100608,Advanced Communication,2024-02-10,Communication,Yes
100608,Foundations of Excellence,2024-07-23,Technical,Yes
100608,Cross-functional Collaboration,2025-05-22,Communication,Yes
100608,Compliance Basics,2025-12-17,Compliance,Yes
100609,Advanced Communication,2024-03-30,Communication,Yes
100609,People Management Basics,2024-05-22,Management,Yes
100609,Data-Driven Decision Making,2024-08-29,Technical,Yes
100609,Strategic Thinking,2024-09-10,Leadership,Yes
100609,Compliance Basics,2024-10-19,Compliance,Yes
100609,Python for Data Analysis,2024-11-07,Technical,No
100609,Cross-functional Collaboration,2024-12-04,Communication,Yes
100609,Communication Skills 101,2025-06-25,Communication,Yes
100609,Executive Presence,2025-10-21,Leadership,Yes
100609,Project Management Fundamentals,2025-12-02,Technical,Yes
100609,Foundations of Excellence,2026-02-28,Technical,Yes
100609,Leadership Essentials,2026-03-25,Leadership,Yes
100609,Presentation Skills,2026-04-20,Communication,No
100609,Organizational Leadership,2026-04-21,Management,Yes
100610,Leadership Essentials,2025-07-13,Leadership,Yes
100610,Data-Driven Decision Making,2025-07-16,Technical,Yes
100610,Project Management Fundamentals,2025-08-17,Technical,Yes
100610,Foundations of Excellence,2025-10-11,Technical,Yes
100610,Cross-functional Collaboration,2025-10-23,Communication,Yes
100610,Advanced Communication,2025-12-10,Communication,Yes
100610,Organizational Leadership,2025-12-12,Management,Yes
100610,Strategic Thinking,2026-01-06,Leadership,Yes
100610,Compliance Basics,2026-01-25,Compliance,Yes
100610,Executive Presence,2026-02-03,Leadership,Yes
100610,Communication Skills 101,2026-03-02,Communication,Yes
100610,Excel Advanced,2026-04-28,Technical,No
100610,People Management Basics,2026-05-31,Management,Yes
100611,Foundations of Excellence,2019-07-24,Technical,Yes
100611,Project Management Fundamentals,2019-09-01,Technical,Yes
100611,Data Privacy & GDPR,2021-05-09,Compliance,No
100611,Compliance Basics,2024-11-15,Compliance,Yes
100611,Data-Driven Decision Making,2024-11-19,Technical,Yes
100612,Talent Acquisition,2020-02-09,Management,No
100612,Advanced Communication,2021-05-21,Communication,Yes
100612,Change Management,2022-02-27,Leadership,No
100612,Foundations of Excellence,2022-06-15,Technical,Yes
100612,Cross-functional Collaboration,2023-01-27,Communication,Yes
100612,Data-Driven Decision Making,2024-09-27,Technical,Yes
100612,Strategic Thinking,2025-07-20,Leadership,Yes
100612,Compliance Basics,2025-10-15,Compliance,Yes
100612,Communication Skills 101,2026-02-11,Communication,Yes
100613,Advanced Communication,2024-02-12,Communication,Yes
100613,Compliance Basics,2024-03-12,Compliance,Yes
100613,Project Management Fundamentals,2024-06-08,Technical,Yes
100613,Communication Skills 101,2024-06-21,Communication,Yes
100613,Coaching Skills,2024-10-06,Leadership,No
100613,Talent Acquisition,2024-10-16,Management,No
100613,Foundations of Excellence,2024-11-18,Technical,Yes
100613,Performance Management,2024-12-26,Management,No
100613,Cross-functional Collaboration,2025-03-05,Communication,Yes
100613,Business Writing,2025-03-14,Communication,No
100613,Power BI Fundamentals,2026-03-22,Technical,No
100614,Performance Management,2018-05-27,Management,No
100614,Leadership Essentials,2019-09-30,Leadership,Yes
100614,Change Management,2021-03-30,Leadership,No
100614,Presentation Skills,2021-09-02,Communication,No
100614,Project Management Fundamentals,2022-06-29,Technical,Yes
100614,Cross-functional Collaboration,2022-12-20,Communication,Yes
100614,Advanced Communication,2024-12-07,Communication,Yes
100614,Strategic Thinking,2024-12-31,Leadership,Yes
100614,Compliance Basics,2025-01-16,Compliance,Yes
100614,Foundations of Excellence,2025-02-04,Technical,Yes
100614,Data-Driven Decision Making,2026-04-07,Technical,Yes
100615,Compliance Basics,2022-08-15,Compliance,Yes
100615,Foundations of Excellence,2022-09-04,Technical,Yes
100615,Advanced Communication,2023-04-27,Communication,Yes
100615,Cross-functional Collaboration,2023-11-13,Communication,Yes
100615,Project Management Fundamentals,2024-10-06,Technical,Yes
100615,Performance Management,2025-02-08,Management,No
100615,Communication Skills 101,2025-06-20,Communication,Yes
100615,Anti-Harassment Training,2025-10-08,Compliance,No
100615,Conflict Resolution,2025-12-24,Leadership,No
100616,SQL Essentials,2019-05-13,Technical,No
100616,Data Privacy & GDPR,2020-12-27,Compliance,No
100616,Foundations of Excellence,2021-04-27,Technical,Yes
100616,Coaching Skills,2021-06-23,Leadership,No
100616,Leadership Essentials,2021-06-24,Leadership,Yes
100616,Project Management Fundamentals,2021-07-05,Technical,Yes
100616,Strategic Thinking,2021-11-22,Leadership,Yes
100616,Talent Acquisition,2022-03-25,Management,No
100616,Data-Driven Decision Making,2022-09-18,Technical,Yes
100616,Advanced Communication,2023-02-19,Communication,Yes
100616,Workplace Safety,2023-03-10,Compliance,No
100616,Compliance Basics,2025-02-20,Compliance,Yes
100616,Cross-functional Collaboration,2025-02-24,Communication,Yes
100617,Compliance Basics,2018-12-20,Compliance,Yes
100617,Power BI Fundamentals,2019-04-26,Technical,No
100617,Project Management Fundamentals,2019-05-24,Technical,Yes
100617,Communication Skills 101,2020-04-15,Communication,Yes
100617,Performance Management,2022-06-06,Management,No
100617,Foundations of Excellence,2023-11-27,Technical,Yes
100618,People Management Basics,2026-03-25,Management,Yes
100618,Communication Skills 101,2026-03-27,Communication,Yes
100618,Conflict Resolution,2026-04-09,Leadership,No
100618,Compliance Basics,2026-04-12,Compliance,Yes
100618,Data Privacy & GDPR,2026-04-14,Compliance,No
100618,Data-Driven Decision Making,2026-04-28,Technical,Yes
100618,Project Management Fundamentals,2026-05-03,Technical,Yes
100618,Strategic Thinking,2026-05-12,Leadership,Yes
100618,Foundations of Excellence,2026-05-21,Technical,Yes
100618,Cross-functional Collaboration,2026-06-17,Communication,Yes
100619,Strategic Thinking,2025-08-26,Leadership,Yes
100619,People Management Basics,2025-09-16,Management,Yes
100619,Foundations of Excellence,2025-09-27,Technical,Yes
100619,Compliance Basics,2025-10-01,Compliance,Yes
100619,Power BI Fundamentals,2025-10-07,Technical,No
100619,Project Management Fundamentals,2025-10-24,Technical,Yes
100619,Anti-Harassment Training,2025-11-10,Compliance,No
100619,Leadership Essentials,2025-11-13,Leadership,Yes
100619,Executive Leadership Program,2025-12-13,Leadership,Yes
100619,Executive Presence,2025-12-19,Leadership,Yes
100619,Coaching Skills,2025-12-28,Leadership,No
100619,Data-Driven Decision Making,2026-01-05,Technical,Yes
100619,Organizational Leadership,2026-01-20,Management,Yes
100619,Cloud Computing Basics,2026-01-22,Technical,No
100619,Business Strategy,2026-01-25,Management,Yes
100619,Advanced Communication,2026-02-05,Communication,Yes
100620,Python for Data Analysis,2019-04-04,Technical,No
100620,Compliance Basics,2019-08-01,Compliance,Yes
100620,Coaching Skills,2022-02-26,Leadership,No
100620,Budget Planning,2022-04-19,Management,No
100620,Advanced Communication,2023-03-29,Communication,Yes
100620,Anti-Harassment Training,2025-11-21,Compliance,No
100620,Data-Driven Decision Making,2026-03-07,Technical,Yes
100620,Project Management Fundamentals,2026-05-17,Technical,Yes
100621,Advanced Communication,2021-11-26,Communication,Yes
100621,Data Privacy & GDPR,2022-03-13,Compliance,No
100621,Executive Presence,2022-03-26,Leadership,Yes
100621,Communication Skills 101,2022-05-09,Communication,Yes
100621,Budget Planning,2022-08-04,Management,No
100621,Foundations of Excellence,2022-08-23,Technical,Yes
100621,People Management Basics,2023-02-20,Management,Yes
100621,Project Management Fundamentals,2023-08-23,Technical,Yes
100621,Leadership Essentials,2023-09-17,Leadership,Yes
100621,Organizational Leadership,2023-11-24,Management,Yes
100621,Compliance Basics,2024-09-13,Compliance,Yes
100621,Cloud Computing Basics,2025-04-10,Technical,No
100621,Strategic Thinking,2025-08-12,Leadership,Yes
100621,Cross-functional Collaboration,2025-10-26,Communication,Yes
100622,Business Writing,2021-04-08,Communication,No
100622,Talent Acquisition,2022-02-09,Management,No
100622,Python for Data Analysis,2024-06-08,Technical,No
100622,Project Management Fundamentals,2024-08-07,Technical,Yes
100622,Foundations of Excellence,2025-04-16,Technical,Yes
100622,Communication Skills 101,2025-04-28,Communication,Yes
100622,Data Privacy & GDPR,2025-10-22,Compliance,No
100623,Advanced Communication,2022-10-07,Communication,Yes
100623,Compliance Basics,2022-11-09,Compliance,Yes
100623,Communication Skills 101,2023-02-21,Communication,Yes
100623,Python for Data Analysis,2023-03-23,Technical,No
100623,Conflict Resolution,2023-07-21,Leadership,No
100623,Talent Acquisition,2023-10-08,Management,No
100623,Data-Driven Decision Making,2025-08-07,Technical,Yes
100623,Strategic Thinking,2025-10-18,Leadership,Yes
100623,Project Management Fundamentals,2026-06-04,Technical,Yes
100624,Project Management Fundamentals,2021-01-09,Technical,Yes
100624,Anti-Harassment Training,2021-01-24,Compliance,No
100624,Advanced Communication,2021-12-09,Communication,Yes
100624,Foundations of Excellence,2021-12-28,Technical,Yes
100624,SQL Essentials,2022-01-22,Technical,No
100624,Conflict Resolution,2022-03-17,Leadership,No
100624,Strategic Thinking,2022-04-11,Leadership,Yes
100624,Data-Driven Decision Making,2022-06-01,Technical,Yes
100624,Cross-functional Collaboration,2022-09-02,Communication,Yes
100624,Compliance Basics,2023-05-28,Compliance,Yes
100624,Talent Acquisition,2024-06-11,Management,No
100624,Communication Skills 101,2024-07-11,Communication,Yes
100624,Workplace Safety,2026-04-07,Compliance,No
100625,Python for Data Analysis,2021-01-13,Technical,No
100625,Compliance Basics,2023-07-04,Compliance,Yes
100625,Foundations of Excellence,2026-04-30,Technical,Yes
100626,Foundations of Excellence,2020-10-01,Technical,Yes
100626,Data-Driven Decision Making,2020-10-03,Technical,Yes
100626,Communication Skills 101,2020-11-17,Communication,Yes
100626,Cross-functional Collaboration,2020-12-19,Communication,Yes
100626,Project Management Fundamentals,2020-12-31,Technical,Yes
100626,Advanced Communication,2021-01-24,Communication,Yes
100626,Organizational Leadership,2021-02-12,Management,Yes
100626,Leadership Essentials,2021-02-27,Leadership,Yes
100626,Business Strategy,2021-04-18,Management,Yes
100626,Strategic Thinking,2021-04-27,Leadership,Yes
100626,Executive Leadership Program,2021-06-14,Leadership,Yes
100626,People Management Basics,2021-06-18,Management,Yes
100626,Negotiation Tactics,2021-06-20,Communication,No
100626,Compliance Basics,2021-07-06,Compliance,Yes
100626,Data Privacy & GDPR,2021-07-28,Compliance,No
100626,Executive Presence,2021-11-13,Leadership,Yes
100627,SQL Essentials,2018-12-30,Technical,No
100627,Data-Driven Decision Making,2020-11-15,Technical,Yes
100627,Strategic Thinking,2021-07-10,Leadership,Yes
100627,Foundations of Excellence,2022-07-19,Technical,Yes
100627,Negotiation Tactics,2023-01-27,Communication,No
100627,Project Management Fundamentals,2024-08-13,Technical,Yes
100627,Budget Planning,2024-11-04,Management,No
100627,Anti-Harassment Training,2025-01-03,Compliance,No
100627,Advanced Communication,2025-03-27,Communication,Yes
100627,Compliance Basics,2025-05-21,Compliance,Yes
100628,Workplace Safety,2022-10-22,Compliance,No
100628,Compliance Basics,2022-11-20,Compliance,Yes
100628,Project Management Fundamentals,2023-02-12,Technical,Yes
100628,Advanced Communication,2023-10-21,Communication,Yes
100628,Foundations of Excellence,2023-11-14,Technical,Yes
100628,Data-Driven Decision Making,2024-04-24,Technical,Yes
100628,Presentation Skills,2024-07-23,Communication,No
100628,Communication Skills 101,2026-02-21,Communication,Yes
100629,Workplace Safety,2025-08-01,Compliance,No
100629,Leadership Essentials,2025-08-08,Leadership,Yes
100629,Business Strategy,2025-10-04,Management,Yes
100629,Executive Presence,2025-11-04,Leadership,Yes
100629,People Management Basics,2025-11-11,Management,Yes
100629,Advanced Communication,2025-11-20,Communication,Yes
100629,Data-Driven Decision Making,2025-11-27,Technical,Yes
100629,Compliance Basics,2025-11-29,Compliance,Yes
100629,Strategic Thinking,2025-12-17,Leadership,Yes
100629,Project Management Fundamentals,2026-01-20,Technical,Yes
100629,Executive Leadership Program,2026-02-08,Leadership,Yes
100629,Communication Skills 101,2026-03-09,Communication,Yes
100629,Cross-functional Collaboration,2026-04-14,Communication,Yes
100629,Foundations of Excellence,2026-06-03,Technical,Yes
100630,Communication Skills 101,2017-10-21,Communication,Yes
100630,Coaching Skills,2017-11-21,Leadership,No
100630,Cross-functional Collaboration,2017-11-22,Communication,Yes
100630,Project Management Fundamentals,2018-02-26,Technical,Yes
100630,Foundations of Excellence,2018-08-12,Technical,Yes
100630,Leadership Essentials,2019-04-08,Leadership,Yes
100630,Business Writing,2019-08-08,Communication,No
100630,Compliance Basics,2019-08-11,Compliance,Yes
100630,Data-Driven Decision Making,2019-08-22,Technical,Yes
100630,Strategic Thinking,2019-09-30,Leadership,Yes
100631,Anti-Harassment Training,2025-03-29,Compliance,No
100631,Compliance Basics,2025-04-21,Compliance,Yes
100631,Power BI Fundamentals,2025-06-14,Technical,No
100631,Communication Skills 101,2025-10-17,Communication,Yes
100632,Foundations of Excellence,2018-03-14,Technical,Yes
100632,Communication Skills 101,2021-12-31,Communication,Yes
100632,Coaching Skills,2022-04-15,Leadership,No
100632,Data Privacy & GDPR,2023-01-06,Compliance,No
100632,Compliance Basics,2023-01-10,Compliance,Yes
100632,Advanced Communication,2023-08-14,Communication,Yes
100632,Change Management,2023-09-12,Leadership,No
100632,Project Management Fundamentals,2024-01-31,Technical,Yes
100632,Business Writing,2024-02-07,Communication,No
100632,Cloud Computing Basics,2024-07-14,Technical,No
100633,Anti-Harassment Training,2022-05-21,Compliance,No
100633,Foundations of Excellence,2022-06-28,Technical,Yes
100633,Excel Advanced,2022-09-21,Technical,No
100633,Advanced Communication,2023-03-05,Communication,Yes
100633,Talent Acquisition,2023-04-07,Management,No
100633,Coaching Skills,2023-06-24,Leadership,No
100633,Compliance Basics,2023-12-11,Compliance,Yes
100633,Data-Driven Decision Making,2025-02-24,Technical,Yes
100633,Cross-functional Collaboration,2025-07-02,Communication,Yes
100633,SQL Essentials,2026-02-19,Technical,No
100634,Compliance Basics,2023-09-25,Compliance,Yes
100634,Strategic Thinking,2023-11-03,Leadership,Yes
100634,Project Management Fundamentals,2024-11-12,Technical,Yes
100634,Advanced Communication,2025-01-15,Communication,Yes
100634,Foundations of Excellence,2025-02-19,Technical,Yes
100634,Presentation Skills,2025-08-18,Communication,No
100634,Data-Driven Decision Making,2026-04-11,Technical,Yes
100635,Communication Skills 101,2019-08-02,Communication,Yes
100635,Foundations of Excellence,2019-09-14,Technical,Yes
100635,Data-Driven Decision Making,2019-10-03,Technical,Yes
100635,Cross-functional Collaboration,2020-05-14,Communication,Yes
100635,Cloud Computing Basics,2021-05-21,Technical,No
100635,Excel Advanced,2022-02-16,Technical,No
100635,Project Management Fundamentals,2022-12-26,Technical,Yes
100635,Conflict Resolution,2024-01-24,Leadership,No
100635,Compliance Basics,2025-02-20,Compliance,Yes
100635,Change Management,2026-03-31,Leadership,No
100636,People Management Basics,2025-01-09,Management,Yes
100636,Cross-functional Collaboration,2025-01-11,Communication,Yes
100636,Data-Driven Decision Making,2025-05-08,Technical,Yes
100636,Communication Skills 101,2025-09-30,Communication,Yes
100636,Project Management Fundamentals,2025-11-26,Technical,Yes
100636,Foundations of Excellence,2025-12-01,Technical,Yes
100636,Strategic Thinking,2025-12-23,Leadership,Yes
100636,Leadership Essentials,2026-04-14,Leadership,Yes
100636,Performance Management,2026-05-29,Management,No
100636,Executive Presence,2026-06-04,Leadership,Yes
100637,Communication Skills 101,2019-03-18,Communication,Yes
100637,Foundations of Excellence,2020-04-09,Technical,Yes
100637,Compliance Basics,2021-11-11,Compliance,Yes
100637,Project Management Fundamentals,2022-08-08,Technical,Yes
100637,Performance Management,2022-12-20,Management,No
100637,Coaching Skills,2023-06-03,Leadership,No
100638,Compliance Basics,2022-03-18,Compliance,Yes
100638,Leadership Essentials,2022-04-16,Leadership,Yes
100638,Organizational Leadership,2022-04-20,Management,Yes
100638,Talent Acquisition,2022-06-15,Management,No
100638,Foundations of Excellence,2023-08-02,Technical,Yes
100638,Communication Skills 101,2024-01-21,Communication,Yes
100638,Executive Presence,2024-04-25,Leadership,Yes
100638,Advanced Communication,2024-12-24,Communication,Yes
100638,Project Management Fundamentals,2025-09-01,Technical,Yes
100638,Cross-functional Collaboration,2025-09-08,Communication,Yes
100638,Executive Leadership Program,2025-10-28,Leadership,Yes
100638,People Management Basics,2025-11-01,Management,Yes
100639,Negotiation Tactics,2016-11-24,Communication,No
100639,Leadership Essentials,2017-09-17,Leadership,Yes
100639,Project Management Fundamentals,2017-12-10,Technical,Yes
100639,Foundations of Excellence,2018-02-18,Technical,Yes
100639,Performance Management,2019-08-13,Management,No
100639,Power BI Fundamentals,2019-10-25,Technical,No
100639,People Management Basics,2020-03-03,Management,Yes
100639,Advanced Communication,2021-03-12,Communication,Yes
100639,Compliance Basics,2022-07-15,Compliance,Yes
100639,Data-Driven Decision Making,2022-12-31,Technical,Yes
100639,Cross-functional Collaboration,2024-04-01,Communication,Yes
100639,Communication Skills 101,2024-12-05,Communication,Yes
100639,Strategic Thinking,2025-01-01,Leadership,Yes
100639,Python for Data Analysis,2025-04-11,Technical,No
100639,Change Management,2026-06-06,Leadership,No
100640,Communication Skills 101,2018-11-18,Communication,Yes
100640,Foundations of Excellence,2022-08-23,Technical,Yes
100640,Presentation Skills,2023-08-20,Communication,No
100640,Compliance Basics,2023-10-28,Compliance,Yes
100640,Excel Advanced,2024-10-03,Technical,No
100640,Python for Data Analysis,2025-01-11,Technical,No
100641,Communication Skills 101,2022-06-28,Communication,Yes
100641,Coaching Skills,2023-02-16,Leadership,No
100641,Compliance Basics,2023-03-05,Compliance,Yes
100641,Organizational Leadership,2024-01-01,Management,Yes
100641,Conflict Resolution,2024-01-01,Leadership,No
100641,People Management Basics,2024-03-27,Management,Yes
100641,Foundations of Excellence,2024-08-22,Technical,Yes
100641,Project Management Fundamentals,2024-10-22,Technical,Yes
100641,Advanced Communication,2025-01-11,Communication,Yes
100641,Leadership Essentials,2025-01-24,Leadership,Yes
100641,Strategic Thinking,2025-02-08,Leadership,Yes
100641,Cross-functional Collaboration,2025-04-12,Communication,Yes
100642,Performance Management,2025-04-06,Management,No
100642,Strategic Thinking,2025-04-28,Leadership,Yes
100642,Cross-functional Collaboration,2025-06-18,Communication,Yes
100642,Project Management Fundamentals,2025-06-23,Technical,Yes
100642,Python for Data Analysis,2025-08-04,Technical,No
100642,Foundations of Excellence,2025-08-07,Technical,Yes
100642,Compliance Basics,2025-09-07,Compliance,Yes
100642,Advanced Communication,2025-09-07,Communication,Yes
100642,Data-Driven Decision Making,2025-09-12,Technical,Yes
100642,Data Privacy & GDPR,2025-11-02,Compliance,No
100642,Cloud Computing Basics,2026-01-21,Technical,No
100643,Communication Skills 101,2021-03-24,Communication,Yes
100643,Strategic Thinking,2021-12-31,Leadership,Yes
100643,Business Writing,2022-02-05,Communication,No
100643,Python for Data Analysis,2022-05-26,Technical,No
100643,Project Management Fundamentals,2023-03-18,Technical,Yes
100643,Leadership Essentials,2023-05-14,Leadership,Yes
100643,Power BI Fundamentals,2023-06-10,Technical,No
100643,Foundations of Excellence,2023-12-03,Technical,Yes
100643,Talent Acquisition,2024-02-15,Management,No
100643,Data-Driven Decision Making,2024-06-15,Technical,Yes
100643,Cross-functional Collaboration,2024-09-29,Communication,Yes
100643,Advanced Communication,2025-09-20,Communication,Yes
100643,Compliance Basics,2025-10-15,Compliance,Yes
100644,Negotiation Tactics,2022-10-12,Communication,No
100644,Foundations of Excellence,2023-08-06,Technical,Yes
100644,Talent Acquisition,2023-12-25,Management,No
100644,Communication Skills 101,2025-07-06,Communication,Yes
100645,Cloud Computing Basics,2017-12-31,Technical,No
100645,Workplace Safety,2018-05-31,Compliance,No
100645,Compliance Basics,2018-11-06,Compliance,Yes
100645,Communication Skills 101,2020-02-07,Communication,Yes
100645,Project Management Fundamentals,2020-07-20,Technical,Yes
100645,Foundations of Excellence,2020-09-03,Technical,Yes
100645,Anti-Harassment Training,2021-09-30,Compliance,No
100645,Change Management,2025-05-23,Leadership,No
100646,Foundations of Excellence,2019-01-05,Technical,Yes
100646,Cross-functional Collaboration,2019-06-23,Communication,Yes
100646,Executive Presence,2019-09-09,Leadership,Yes
100646,Compliance Basics,2020-03-13,Compliance,Yes
100646,Strategic Thinking,2020-10-15,Leadership,Yes
100646,Communication Skills 101,2021-06-13,Communication,Yes
100646,Business Writing,2021-08-07,Communication,No
100646,People Management Basics,2021-08-12,Management,Yes
100646,Project Management Fundamentals,2022-10-02,Technical,Yes
100646,Advanced Communication,2023-05-22,Communication,Yes
100646,Data-Driven Decision Making,2023-10-11,Technical,Yes
100646,Talent Acquisition,2023-11-27,Management,No
100646,Budget Planning,2024-08-21,Management,No
100646,Leadership Essentials,2024-12-22,Leadership,Yes
100646,Data Privacy & GDPR,2026-04-01,Compliance,No
100647,Excel Advanced,2019-06-14,Technical,No
100647,Advanced Communication,2019-08-24,Communication,Yes
100647,Change Management,2020-10-18,Leadership,No
100647,Budget Planning,2021-06-06,Management,No
100647,Workplace Safety,2021-12-30,Compliance,No
100647,Data-Driven Decision Making,2023-04-06,Technical,Yes
100647,Project Management Fundamentals,2023-08-21,Technical,Yes
100647,Anti-Harassment Training,2024-02-25,Compliance,No
100647,Compliance Basics,2026-03-08,Compliance,Yes
100647,Communication Skills 101,2026-04-02,Communication,Yes
100648,Advanced Communication,2023-09-09,Communication,Yes
100648,Leadership Essentials,2023-10-04,Leadership,Yes
100648,Excel Advanced,2024-06-15,Technical,No
100648,Cross-functional Collaboration,2024-10-04,Communication,Yes
100648,Executive Presence,2024-11-12,Leadership,Yes
100648,Data-Driven Decision Making,2024-12-04,Technical,Yes
100648,Compliance Basics,2025-02-25,Compliance,Yes
100648,Cloud Computing Basics,2025-05-09,Technical,No
100648,Communication Skills 101,2025-06-30,Communication,Yes
100648,Executive Leadership Program,2025-07-23,Leadership,Yes
100648,Foundations of Excellence,2025-09-27,Technical,Yes
100648,Strategic Thinking,2025-09-30,Leadership,Yes
100648,Project Management Fundamentals,2025-10-04,Technical,Yes
100648,Organizational Leadership,2025-10-26,Management,Yes
100648,People Management Basics,2026-01-31,Management,Yes
100649,Workplace Safety,2017-12-06,Compliance,No
100649,Excel Advanced,2018-12-14,Technical,No
100649,Strategic Thinking,2020-09-04,Leadership,Yes
100649,Data-Driven Decision Making,2021-07-25,Technical,Yes
100649,Compliance Basics,2022-02-23,Compliance,Yes
100649,Communication Skills 101,2023-09-01,Communication,Yes
100649,Advanced Communication,2024-01-28,Communication,Yes
100649,Budget Planning,2024-04-17,Management,No
100649,Business Writing,2024-07-02,Communication,No
100649,Coaching Skills,2025-05-11,Leadership,No
100649,Foundations of Excellence,2025-12-29,Technical,Yes
100650,Strategic Thinking,2025-07-15,Leadership,Yes
100650,Communication Skills 101,2026-01-25,Communication,Yes
100650,Project Management Fundamentals,2026-01-27,Technical,Yes
100650,Negotiation Tactics,2026-02-04,Communication,No
100650,Advanced Communication,2026-02-08,Communication,Yes
100650,Compliance Basics,2026-03-05,Compliance,Yes
100650,Foundations of Excellence,2026-03-16,Technical,Yes
100650,Presentation Skills,2026-03-16,Communication,No
100650,Data-Driven Decision Making,2026-05-17,Technical,Yes
100650,Cross-functional Collaboration,2026-05-29,Communication,Yes
100651,Workplace Safety,2021-04-25,Compliance,No
100651,Foundations of Excellence,2021-10-10,Technical,Yes
100651,Cross-functional Collaboration,2022-02-13,Communication,Yes
100651,Data-Driven Decision Making,2022-05-28,Technical,Yes
100651,People Management Basics,2022-10-25,Management,Yes
100651,Coaching Skills,2022-12-18,Leadership,No
100651,Anti-Harassment Training,2023-02-16,Compliance,No
100651,Project Management Fundamentals,2023-04-14,Technical,Yes
100651,Compliance Basics,2023-10-02,Compliance,Yes
100651,Strategic Thinking,2024-02-05,Leadership,Yes
100651,Advanced Communication,2024-09-30,Communication,Yes
100651,Organizational Leadership,2024-12-21,Management,Yes
100651,Communication Skills 101,2025-07-22,Communication,Yes
100651,Leadership Essentials,2026-04-28,Leadership,Yes
100652,Project Management Fundamentals,2020-11-09,Technical,Yes
100652,Compliance Basics,2021-05-05,Compliance,Yes
100652,SQL Essentials,2021-12-19,Technical,No
100652,Foundations of Excellence,2022-03-20,Technical,Yes
100652,Communication Skills 101,2022-04-14,Communication,Yes
100652,Python for Data Analysis,2024-12-17,Technical,No
100652,Workplace Safety,2025-04-11,Compliance,No
100653,Business Writing,2021-07-31,Communication,No
100653,Budget Planning,2023-11-13,Management,No
100653,Foundations of Excellence,2024-04-20,Technical,Yes
100653,Compliance Basics,2024-08-25,Compliance,Yes
100653,Talent Acquisition,2025-08-30,Management,No
100653,Communication Skills 101,2025-12-11,Communication,Yes
100653,Workplace Safety,2026-03-03,Compliance,No
100653,Project Management Fundamentals,2026-04-21,Technical,Yes
100654,Business Writing,2025-12-06,Communication,No
100654,Data-Driven Decision Making,2025-12-15,Technical,Yes
100654,Strategic Thinking,2026-02-07,Leadership,Yes
100654,Excel Advanced,2026-02-12,Technical,No
100654,Foundations of Excellence,2026-02-18,Technical,Yes
100654,Project Management Fundamentals,2026-03-26,Technical,Yes
100654,Compliance Basics,2026-04-06,Compliance,Yes
100654,Advanced Communication,2026-04-15,Communication,Yes
100654,Communication Skills 101,2026-06-03,Communication,Yes
100655,Compliance Basics,2018-09-14,Compliance,Yes
100655,Project Management Fundamentals,2023-12-01,Technical,Yes
100655,Communication Skills 101,2024-08-30,Communication,Yes
100655,Negotiation Tactics,2025-05-15,Communication,No
100656,Performance Management,2019-11-19,Management,No
100656,Communication Skills 101,2020-04-02,Communication,Yes
100656,Cross-functional Collaboration,2020-05-09,Communication,Yes
100656,Compliance Basics,2020-07-05,Compliance,Yes
100656,SQL Essentials,2021-08-17,Technical,No
100656,Data-Driven Decision Making,2022-01-07,Technical,Yes
100656,Project Management Fundamentals,2022-10-26,Technical,Yes
100656,Advanced Communication,2024-11-15,Communication,Yes
100656,Foundations of Excellence,2026-04-18,Technical,Yes
100657,Project Management Fundamentals,2022-09-12,Technical,Yes
100657,Compliance Basics,2022-09-22,Compliance,Yes
100657,Cross-functional Collaboration,2022-09-25,Communication,Yes
100657,Data-Driven Decision Making,2023-06-19,Technical,Yes
100657,Organizational Leadership,2023-10-10,Management,Yes
100657,Advanced Communication,2024-01-23,Communication,Yes
100657,Negotiation Tactics,2024-01-30,Communication,No
100657,Foundations of Excellence,2024-03-29,Technical,Yes
100657,Business Writing,2024-04-26,Communication,No
100657,Strategic Thinking,2024-06-29,Leadership,Yes
100657,Leadership Essentials,2024-09-24,Leadership,Yes
100657,Talent Acquisition,2024-09-30,Management,No
100657,Communication Skills 101,2024-10-11,Communication,Yes
100657,Executive Presence,2024-12-12,Leadership,Yes
100657,Budget Planning,2025-01-20,Management,No
100658,Communication Skills 101,2025-04-20,Communication,Yes
100658,Conflict Resolution,2025-05-23,Leadership,No
100658,Executive Leadership Program,2025-05-24,Leadership,Yes
100658,Foundations of Excellence,2025-07-14,Technical,Yes
100658,Power BI Fundamentals,2025-08-09,Technical,No
100658,Talent Acquisition,2025-09-26,Management,No
100658,Project Management Fundamentals,2025-12-23,Technical,Yes
100658,Advanced Communication,2026-01-01,Communication,Yes
100658,Cross-functional Collaboration,2026-01-20,Communication,Yes
100658,Business Strategy,2026-01-20,Management,Yes
100658,Compliance Basics,2026-02-20,Compliance,Yes
100658,People Management Basics,2026-03-04,Management,Yes
100658,Leadership Essentials,2026-04-10,Leadership,Yes
100658,Strategic Thinking,2026-04-21,Leadership,Yes
100658,Change Management,2026-05-09,Leadership,No
100658,Executive Presence,2026-05-25,Leadership,Yes
100658,Organizational Leadership,2026-05-26,Management,Yes
100659,Data-Driven Decision Making,2020-05-12,Technical,Yes
100659,Foundations of Excellence,2020-06-08,Technical,Yes
100659,Compliance Basics,2020-10-29,Compliance,Yes
100659,SQL Essentials,2021-04-21,Technical,No
100659,Advanced Communication,2022-01-26,Communication,Yes
100659,Project Management Fundamentals,2022-02-19,Technical,Yes
100659,Cloud Computing Basics,2022-06-10,Technical,No
100659,Business Writing,2023-04-13,Communication,No
100659,Excel Advanced,2024-07-24,Technical,No
100659,Communication Skills 101,2025-03-29,Communication,Yes
100660,Python for Data Analysis,2020-06-18,Technical,No
100660,Compliance Basics,2021-10-29,Compliance,Yes
100660,Foundations of Excellence,2022-02-15,Technical,Yes
100660,Communication Skills 101,2022-05-29,Communication,Yes
100660,Conflict Resolution,2022-12-30,Leadership,No
100660,Presentation Skills,2024-02-09,Communication,No
100660,Advanced Communication,2024-03-09,Communication,Yes
100660,Negotiation Tactics,2025-04-27,Communication,No
100660,Project Management Fundamentals,2025-08-14,Technical,Yes
100661,Negotiation Tactics,2022-06-25,Communication,No
100661,Foundations of Excellence,2023-08-24,Technical,Yes
100661,Project Management Fundamentals,2024-05-23,Technical,Yes
100661,Advanced Communication,2024-05-31,Communication,Yes
100661,Compliance Basics,2024-06-29,Compliance,Yes
100661,Communication Skills 101,2025-06-24,Communication,Yes
100661,Data-Driven Decision Making,2025-10-27,Technical,Yes
100662,Business Writing,2025-07-08,Communication,No
100662,Compliance Basics,2025-07-11,Compliance,Yes
100662,Data-Driven Decision Making,2025-10-10,Technical,Yes
100662,Communication Skills 101,2025-11-27,Communication,Yes
100662,Project Management Fundamentals,2025-12-09,Technical,Yes
100662,Foundations of Excellence,2026-04-15,Technical,Yes
100662,Change Management,2026-04-30,Leadership,No
100662,Advanced Communication,2026-05-22,Communication,Yes
100662,SQL Essentials,2026-05-27,Technical,No
100663,Anti-Harassment Training,2023-04-27,Compliance,No
100663,Project Management Fundamentals,2024-03-03,Technical,Yes
100663,Communication Skills 101,2024-03-04,Communication,Yes
100663,Change Management,2025-07-24,Leadership,No
100663,Foundations of Excellence,2026-02-15,Technical,Yes
100664,People Management Basics,2024-04-18,Management,Yes
100664,Workplace Safety,2024-08-10,Compliance,No
100664,Leadership Essentials,2024-09-08,Leadership,Yes
100664,Cross-functional Collaboration,2024-10-03,Communication,Yes
100664,Presentation Skills,2024-11-12,Communication,No
100664,Data-Driven Decision Making,2024-11-23,Technical,Yes
100664,Project Management Fundamentals,2024-12-11,Technical,Yes
100664,Python for Data Analysis,2025-02-14,Technical,No
100664,Organizational Leadership,2025-06-13,Management,Yes
100664,Executive Presence,2025-06-18,Leadership,Yes
100664,Communication Skills 101,2025-09-13,Communication,Yes
100664,Strategic Thinking,2025-12-10,Leadership,Yes
100664,Cloud Computing Basics,2026-01-05,Technical,No
100664,Foundations of Excellence,2026-01-15,Technical,Yes
100664,Compliance Basics,2026-03-29,Compliance,Yes
100664,Business Strategy,2026-05-05,Management,Yes
100665,Cross-functional Collaboration,2019-08-07,Communication,Yes
100665,Compliance Basics,2020-01-25,Compliance,Yes
100665,Workplace Safety,2020-11-11,Compliance,No
100665,Strategic Thinking,2021-04-03,Leadership,Yes
100665,Leadership Essentials,2021-06-13,Leadership,Yes
100665,Data-Driven Decision Making,2021-12-20,Technical,Yes
100665,SQL Essentials,2022-09-12,Technical,No
100665,Foundations of Excellence,2023-02-16,Technical,Yes
100665,Project Management Fundamentals,2023-04-04,Technical,Yes
100665,People Management Basics,2024-02-06,Management,Yes
100665,Communication Skills 101,2024-02-15,Communication,Yes
100665,Advanced Communication,2024-10-27,Communication,Yes
100666,Project Management Fundamentals,2022-05-26,Technical,Yes
100666,Executive Presence,2022-09-21,Leadership,Yes
100666,Data-Driven Decision Making,2023-05-14,Technical,Yes
100666,People Management Basics,2023-05-24,Management,Yes
100666,Communication Skills 101,2023-07-29,Communication,Yes
100666,Executive Leadership Program,2023-08-11,Leadership,Yes
100666,Talent Acquisition,2023-11-15,Management,No
100666,Leadership Essentials,2023-12-27,Leadership,Yes
100666,Organizational Leadership,2024-02-19,Management,Yes
100666,Python for Data Analysis,2024-04-18,Technical,No
100666,Compliance Basics,2024-05-30,Compliance,Yes
100666,Strategic Thinking,2025-01-03,Leadership,Yes
100666,Advanced Communication,2025-06-01,Communication,Yes
100666,Business Writing,2025-11-28,Communication,No
100666,Cross-functional Collaboration,2026-02-02,Communication,Yes
100666,Business Strategy,2026-03-12,Management,Yes
100667,Data-Driven Decision Making,2024-04-20,Technical,Yes
100667,Cloud Computing Basics,2024-05-23,Technical,No
100667,Communication Skills 101,2024-08-10,Communication,Yes
100667,Talent Acquisition,2025-01-04,Management,No
100667,Presentation Skills,2025-03-26,Communication,No
100667,Project Management Fundamentals,2025-06-26,Technical,Yes
100667,Foundations of Excellence,2025-08-27,Technical,Yes
100667,Compliance Basics,2026-04-05,Compliance,Yes
100668,Foundations of Excellence,2019-10-22,Technical,Yes
100668,Budget Planning,2021-06-25,Management,No
100668,Power BI Fundamentals,2022-05-25,Technical,No
100668,Excel Advanced,2022-06-18,Technical,No
100668,Project Management Fundamentals,2023-01-08,Technical,Yes
100668,Data-Driven Decision Making,2023-01-25,Technical,Yes
100668,Compliance Basics,2024-11-13,Compliance,Yes
100668,Talent Acquisition,2025-05-12,Management,No
100668,Business Writing,2025-11-25,Communication,No
100669,Python for Data Analysis,2024-06-24,Technical,No
100669,Organizational Leadership,2024-08-03,Management,Yes
100669,Project Management Fundamentals,2024-09-10,Technical,Yes
100669,Business Strategy,2024-09-16,Management,Yes
100669,Advanced Communication,2024-09-18,Communication,Yes
100669,Communication Skills 101,2024-12-25,Communication,Yes
100669,Foundations of Excellence,2025-01-02,Technical,Yes
100669,Executive Presence,2025-01-13,Leadership,Yes
100669,Presentation Skills,2025-04-12,Communication,No
100669,Cross-functional Collaboration,2025-06-16,Communication,Yes
100669,Excel Advanced,2025-06-23,Technical,No
100669,Strategic Thinking,2025-07-10,Leadership,Yes
100669,People Management Basics,2025-09-07,Management,Yes
100669,Leadership Essentials,2025-10-28,Leadership,Yes
100669,Compliance Basics,2026-01-06,Compliance,Yes
100669,Change Management,2026-01-14,Leadership,No
100669,Executive Leadership Program,2026-01-19,Leadership,Yes
100669,Data-Driven Decision Making,2026-02-17,Technical,Yes
100670,Compliance Basics,2018-08-24,Compliance,Yes
100670,Foundations of Excellence,2018-09-04,Technical,Yes
100670,Project Management Fundamentals,2019-03-20,Technical,Yes
100670,Leadership Essentials,2020-06-24,Leadership,Yes
100670,Cross-functional Collaboration,2022-05-08,Communication,Yes
100670,Cloud Computing Basics,2022-06-25,Technical,No
100670,Business Writing,2022-08-28,Communication,No
100670,People Management Basics,2023-04-29,Management,Yes
100670,Strategic Thinking,2023-08-23,Leadership,Yes
100670,Communication Skills 101,2024-10-09,Communication,Yes
100670,SQL Essentials,2025-03-19,Technical,No
100670,Power BI Fundamentals,2025-08-18,Technical,No
100670,Talent Acquisition,2025-11-23,Management,No
100670,Data-Driven Decision Making,2025-12-30,Technical,Yes
100671,Project Management Fundamentals,2023-08-14,Technical,Yes
100671,Foundations of Excellence,2023-09-03,Technical,Yes
100671,Compliance Basics,2024-03-18,Compliance,Yes
100671,Data-Driven Decision Making,2024-06-09,Technical,Yes
100671,Communication Skills 101,2024-08-31,Communication,Yes
100671,Change Management,2025-09-11,Leadership,No
100671,Cross-functional Collaboration,2025-10-01,Communication,Yes
100672,SQL Essentials,2018-01-06,Technical,No
100672,Advanced Communication,2018-05-14,Communication,Yes
100672,Communication Skills 101,2018-09-04,Communication,Yes
100672,Project Management Fundamentals,2020-05-18,Technical,Yes
100672,Budget Planning,2022-03-13,Management,No
100672,Foundations of Excellence,2023-01-06,Technical,Yes
100672,Performance Management,2023-09-10,Management,No
100672,Compliance Basics,2023-12-19,Compliance,Yes
100672,Python for Data Analysis,2024-03-22,Technical,No
100672,Data Privacy & GDPR,2024-08-25,Compliance,No
100673,Compliance Basics,2023-04-21,Compliance,Yes
100673,Strategic Thinking,2023-04-28,Leadership,Yes
100673,Project Management Fundamentals,2023-05-17,Technical,Yes
100673,Foundations of Excellence,2024-01-20,Technical,Yes
100673,Workplace Safety,2025-07-17,Compliance,No
100673,Advanced Communication,2025-11-27,Communication,Yes
100673,Leadership Essentials,2026-01-10,Leadership,Yes
100673,People Management Basics,2026-01-23,Management,Yes
100673,Cross-functional Collaboration,2026-03-15,Communication,Yes
100673,Communication Skills 101,2026-06-07,Communication,Yes
100674,Cloud Computing Basics,2022-01-03,Technical,No
100674,Foundations of Excellence,2022-04-10,Technical,Yes
100674,Advanced Communication,2023-05-08,Communication,Yes
100674,Data-Driven Decision Making,2023-07-09,Technical,Yes
100674,Strategic Thinking,2023-12-05,Leadership,Yes
100674,Data Privacy & GDPR,2024-03-03,Compliance,No
100674,Cross-functional Collaboration,2024-11-05,Communication,Yes
100674,Leadership Essentials,2025-09-02,Leadership,Yes
100674,Compliance Basics,2025-10-04,Compliance,Yes
100675,People Management Basics,2021-11-24,Management,Yes
100675,Communication Skills 101,2022-05-19,Communication,Yes
100675,Advanced Communication,2022-12-23,Communication,Yes
100675,Excel Advanced,2023-08-15,Technical,No
100675,Leadership Essentials,2023-09-26,Leadership,Yes
100675,Data-Driven Decision Making,2024-03-21,Technical,Yes
100675,Strategic Thinking,2024-08-31,Leadership,Yes
100675,Compliance Basics,2025-05-03,Compliance,Yes
100675,Coaching Skills,2026-04-13,Leadership,No
100675,Business Writing,2026-04-23,Communication,No
100675,Foundations of Excellence,2026-05-04,Technical,Yes
100675,Cross-functional Collaboration,2026-05-24,Communication,Yes
100676,Communication Skills 101,2018-04-02,Communication,Yes
100676,Project Management Fundamentals,2018-07-02,Technical,Yes
100676,Foundations of Excellence,2019-03-14,Technical,Yes
100676,Data-Driven Decision Making,2022-04-02,Technical,Yes
100676,Coaching Skills,2022-05-30,Leadership,No
100676,Performance Management,2023-06-02,Management,No
100676,Advanced Communication,2023-11-29,Communication,Yes
100676,Data Privacy & GDPR,2024-08-21,Compliance,No
100676,Conflict Resolution,2025-06-10,Leadership,No
100677,Project Management Fundamentals,2026-06-15,Technical,Yes
100677,Talent Acquisition,2026-06-15,Management,No
100677,Compliance Basics,2026-06-16,Compliance,Yes
100677,Communication Skills 101,2026-06-16,Communication,Yes
100677,Strategic Thinking,2026-06-16,Leadership,Yes
100677,Cross-functional Collaboration,2026-06-16,Communication,Yes
100677,Foundations of Excellence,2026-06-17,Technical,Yes
100677,Data-Driven Decision Making,2026-06-17,Technical,Yes
100677,Leadership Essentials,2026-06-17,Leadership,Yes
100677,People Management Basics,2026-06-17,Management,Yes
100677,Organizational Leadership,2026-06-17,Management,Yes
100678,Presentation Skills,2021-10-17,Communication,No
100678,Compliance Basics,2022-11-03,Compliance,Yes
100678,Negotiation Tactics,2023-05-08,Communication,No
100678,Data-Driven Decision Making,2024-05-01,Technical,Yes
100678,Project Management Fundamentals,2024-05-12,Technical,Yes
100678,Anti-Harassment Training,2025-06-23,Compliance,No
100678,Talent Acquisition,2025-09-04,Management,No
100678,Advanced Communication,2025-09-08,Communication,Yes
100678,Coaching Skills,2026-03-31,Leadership,No
100679,Strategic Thinking,2025-01-11,Leadership,Yes
100679,Coaching Skills,2025-01-24,Leadership,No
100679,Compliance Basics,2025-06-23,Compliance,Yes
100679,Performance Management,2025-07-25,Management,No
100679,Project Management Fundamentals,2025-08-04,Technical,Yes
100679,Advanced Communication,2025-09-16,Communication,Yes
100679,Communication Skills 101,2025-11-14,Communication,Yes
100679,Foundations of Excellence,2026-03-21,Technical,Yes
100679,Data-Driven Decision Making,2026-03-23,Technical,Yes
100679,Cross-functional Collaboration,2026-05-28,Communication,Yes
100680,Compliance Basics,2023-11-13,Compliance,Yes
100680,Presentation Skills,2024-01-19,Communication,No
100680,Power BI Fundamentals,2024-04-07,Technical,No
100680,Talent Acquisition,2024-06-25,Management,No
100680,Advanced Communication,2024-07-11,Communication,Yes
100680,Organizational Leadership,2024-08-03,Management,Yes
100680,Cross-functional Collaboration,2024-11-07,Communication,Yes
100680,Data-Driven Decision Making,2025-01-08,Technical,Yes
100680,Communication Skills 101,2025-05-19,Communication,Yes
100680,Foundations of Excellence,2025-06-08,Technical,Yes
100680,Coaching Skills,2025-06-25,Leadership,No
100680,Leadership Essentials,2025-07-30,Leadership,Yes
100680,People Management Basics,2025-10-08,Management,Yes
100680,Project Management Fundamentals,2025-10-28,Technical,Yes
100680,Executive Presence,2025-11-11,Leadership,Yes
100680,Strategic Thinking,2026-06-06,Leadership,Yes
100681,Advanced Communication,2022-08-08,Communication,Yes
100681,Compliance Basics,2022-08-19,Compliance,Yes
100681,Communication Skills 101,2022-11-09,Communication,Yes
100681,Cloud Computing Basics,2022-12-15,Technical,No
100681,Performance Management,2023-04-11,Management,No
100681,Data-Driven Decision Making,2023-04-21,Technical,Yes
100681,Anti-Harassment Training,2023-07-04,Compliance,No
100681,Project Management Fundamentals,2024-03-05,Technical,Yes
100681,Cross-functional Collaboration,2024-04-20,Communication,Yes
100681,Strategic Thinking,2024-08-30,Leadership,Yes
100681,Conflict Resolution,2025-10-27,Leadership,No
100681,Foundations of Excellence,2026-04-06,Technical,Yes
100682,Project Management Fundamentals,2022-08-26,Technical,Yes
100682,Change Management,2023-07-23,Leadership,No
100682,Performance Management,2023-09-18,Management,No
100682,Python for Data Analysis,2023-11-04,Technical,No
100682,Foundations of Excellence,2023-11-26,Technical,Yes
100682,Data Privacy & GDPR,2025-06-09,Compliance,No
100682,Workplace Safety,2025-11-09,Compliance,No
100682,Compliance Basics,2026-04-04,Compliance,Yes
100683,Compliance Basics,2024-01-13,Compliance,Yes
100683,Project Management Fundamentals,2024-04-03,Technical,Yes
100683,Foundations of Excellence,2024-07-01,Technical,Yes
100683,Data-Driven Decision Making,2024-08-17,Technical,Yes
100683,Budget Planning,2025-04-17,Management,No
100683,Communication Skills 101,2025-06-20,Communication,Yes
100683,Advanced Communication,2026-03-20,Communication,Yes
100684,Workplace Safety,2021-03-10,Compliance,No
100684,Leadership Essentials,2021-05-01,Leadership,Yes
100684,Strategic Thinking,2021-06-15,Leadership,Yes
100684,Organizational Leadership,2022-03-26,Management,Yes
100684,Performance Management,2023-09-05,Management,No
100684,Executive Presence,2023-09-20,Leadership,Yes
100684,Advanced Communication,2023-10-24,Communication,Yes
100684,Executive Leadership Program,2024-02-03,Leadership,Yes
100684,Foundations of Excellence,2024-02-09,Technical,Yes
100684,People Management Basics,2024-04-09,Management,Yes
100684,Communication Skills 101,2024-08-10,Communication,Yes
100684,Business Strategy,2024-11-11,Management,Yes
100684,Cross-functional Collaboration,2024-11-26,Communication,Yes
100684,Data-Driven Decision Making,2024-12-08,Technical,Yes
100684,Presentation Skills,2025-08-13,Communication,No
100684,Compliance Basics,2025-09-24,Compliance,Yes
100684,Project Management Fundamentals,2026-03-31,Technical,Yes
100685,Organizational Leadership,2023-05-12,Management,Yes
100685,Communication Skills 101,2023-09-23,Communication,Yes
100685,Leadership Essentials,2023-12-04,Leadership,Yes
100685,Project Management Fundamentals,2024-04-25,Technical,Yes
100685,Foundations of Excellence,2024-06-24,Technical,Yes
100685,Strategic Thinking,2024-07-22,Leadership,Yes
100685,Advanced Communication,2024-08-12,Communication,Yes
100685,Compliance Basics,2024-09-28,Compliance,Yes
100685,People Management Basics,2025-03-12,Management,Yes
100685,Data Privacy & GDPR,2025-07-29,Compliance,No
100685,Cross-functional Collaboration,2025-08-22,Communication,Yes
100685,Data-Driven Decision Making,2025-10-04,Technical,Yes
100685,Executive Presence,2026-01-04,Leadership,Yes
100685,Python for Data Analysis,2026-04-11,Technical,No
100686,Business Writing,2025-04-30,Communication,No
100686,Communication Skills 101,2025-05-13,Communication,Yes
100686,Cross-functional Collaboration,2025-07-06,Communication,Yes
100686,Data-Driven Decision Making,2025-07-20,Technical,Yes
100686,People Management Basics,2025-07-22,Management,Yes
100686,Strategic Thinking,2025-09-01,Leadership,Yes
100686,Compliance Basics,2025-09-21,Compliance,Yes
100686,Foundations of Excellence,2025-11-26,Technical,Yes
100686,Change Management,2026-01-17,Leadership,No
100686,Leadership Essentials,2026-06-11,Leadership,Yes
100687,Data-Driven Decision Making,2023-05-04,Technical,Yes
100687,Project Management Fundamentals,2023-12-13,Technical,Yes
100687,Power BI Fundamentals,2025-04-17,Technical,No
100687,Workplace Safety,2025-07-12,Compliance,No
100687,Foundations of Excellence,2025-12-04,Technical,Yes
100687,Compliance Basics,2025-12-09,Compliance,Yes
100688,Foundations of Excellence,2022-08-06,Technical,Yes
100688,Workplace Safety,2022-08-14,Compliance,No
100688,Data-Driven Decision Making,2023-12-14,Technical,Yes
100688,Talent Acquisition,2024-01-21,Management,No
100688,Cross-functional Collaboration,2025-01-04,Communication,Yes
100688,Compliance Basics,2025-05-23,Compliance,Yes
100688,Strategic Thinking,2025-08-07,Leadership,Yes
100688,Negotiation Tactics,2026-01-29,Communication,No
100688,Communication Skills 101,2026-05-18,Communication,Yes
100688,Advanced Communication,2026-05-27,Communication,Yes
100689,Advanced Communication,2021-06-28,Communication,Yes
100689,Project Management Fundamentals,2021-08-07,Technical,Yes
100689,Cloud Computing Basics,2022-01-07,Technical,No
100689,Communication Skills 101,2022-11-08,Communication,Yes
100689,Compliance Basics,2023-10-19,Compliance,Yes
100689,Foundations of Excellence,2024-12-12,Technical,Yes
100690,Conflict Resolution,2017-09-20,Leadership,No
100690,Project Management Fundamentals,2018-02-04,Technical,Yes
100690,Cross-functional Collaboration,2018-11-24,Communication,Yes
100690,Communication Skills 101,2022-01-18,Communication,Yes
100690,Strategic Thinking,2022-10-05,Leadership,Yes
100690,Compliance Basics,2023-05-26,Compliance,Yes
100690,Data-Driven Decision Making,2023-09-07,Technical,Yes
100690,People Management Basics,2023-11-27,Management,Yes
100690,Advanced Communication,2024-05-09,Communication,Yes
100690,Foundations of Excellence,2025-02-26,Technical,Yes
100690,Leadership Essentials,2026-05-14,Leadership,Yes
100690,Organizational Leadership,2026-05-15,Management,Yes
100691,Project Management Fundamentals,2020-02-02,Technical,Yes
100691,Foundations of Excellence,2020-11-06,Technical,Yes
100691,Cross-functional Collaboration,2023-08-13,Communication,Yes
100691,Change Management,2023-10-02,Leadership,No
100691,Advanced Communication,2024-05-05,Communication,Yes
100691,Compliance Basics,2024-12-07,Compliance,Yes
100691,Communication Skills 101,2025-07-16,Communication,Yes
100691,Data-Driven Decision Making,2025-07-26,Technical,Yes
100692,Performance Management,2016-11-09,Management,No
100692,Foundations of Excellence,2017-12-28,Technical,Yes
100692,Strategic Thinking,2019-01-27,Leadership,Yes
100692,Project Management Fundamentals,2019-07-11,Technical,Yes
100692,Compliance Basics,2019-08-22,Compliance,Yes
100692,Data-Driven Decision Making,2019-10-29,Technical,Yes
100692,Coaching Skills,2020-02-10,Leadership,No
100692,Anti-Harassment Training,2020-04-15,Compliance,No
100692,Advanced Communication,2020-06-28,Communication,Yes
100692,Excel Advanced,2022-05-11,Technical,No
100692,Communication Skills 101,2022-12-24,Communication,Yes
100692,Change Management,2023-02-19,Leadership,No
100692,Cross-functional Collaboration,2023-07-01,Communication,Yes
100693,Advanced Communication,2022-09-10,Communication,Yes
100693,Budget Planning,2022-10-16,Management,No
100693,Power BI Fundamentals,2022-12-16,Technical,No
100693,Data-Driven Decision Making,2023-03-22,Technical,Yes
100693,Performance Management,2023-10-21,Management,No
100693,Foundations of Excellence,2024-03-23,Technical,Yes
100693,Project Management Fundamentals,2024-05-15,Technical,Yes
100693,Cross-functional Collaboration,2024-08-17,Communication,Yes
100693,Excel Advanced,2024-11-26,Technical,No
100693,Communication Skills 101,2024-11-27,Communication,Yes
100693,Compliance Basics,2025-02-23,Compliance,Yes
100693,Strategic Thinking,2025-03-24,Leadership,Yes
100693,Anti-Harassment Training,2025-05-24,Compliance,No
100694,Cross-functional Collaboration,2026-04-11,Communication,Yes
100694,Communication Skills 101,2026-04-16,Communication,Yes
100694,Strategic Thinking,2026-04-20,Leadership,Yes
100694,People Management Basics,2026-04-24,Management,Yes
100694,Advanced Communication,2026-05-10,Communication,Yes
100694,Compliance Basics,2026-05-16,Compliance,Yes
100694,Foundations of Excellence,2026-05-16,Technical,Yes
100694,Excel Advanced,2026-05-25,Technical,No
100694,Data-Driven Decision Making,2026-06-08,Technical,Yes
100695,Talent Acquisition,2019-12-13,Management,No
100695,Compliance Basics,2020-06-07,Compliance,Yes
100695,Advanced Communication,2021-06-16,Communication,Yes
100695,Negotiation Tactics,2022-02-02,Communication,No
100695,Data-Driven Decision Making,2022-04-12,Technical,Yes
100695,Business Writing,2022-06-18,Communication,No
100695,SQL Essentials,2023-06-28,Technical,No
100695,Excel Advanced,2023-07-14,Technical,No
100695,Cross-functional Collaboration,2024-06-09,Communication,Yes
100695,Project Management Fundamentals,2024-11-10,Technical,Yes
100695,Foundations of Excellence,2025-07-10,Technical,Yes
100695,Communication Skills 101,2026-04-30,Communication,Yes
100696,Data-Driven Decision Making,2026-05-28,Technical,Yes
100696,Leadership Essentials,2026-05-28,Leadership,Yes
100696,Compliance Basics,2026-05-29,Compliance,Yes
100696,Cross-functional Collaboration,2026-05-31,Communication,Yes
100696,Organizational Leadership,2026-05-31,Management,Yes
100696,Project Management Fundamentals,2026-06-02,Technical,Yes
100696,Communication Skills 101,2026-06-06,Communication,Yes
100696,People Management Basics,2026-06-10,Management,Yes
100696,Excel Advanced,2026-06-12,Technical,No
100696,Foundations of Excellence,2026-06-13,Technical,Yes
100696,Strategic Thinking,2026-06-14,Leadership,Yes
100697,Compliance Basics,2019-12-09,Compliance,Yes
100697,Communication Skills 101,2020-01-07,Communication,Yes
100697,Advanced Communication,2022-01-29,Communication,Yes
100697,Data-Driven Decision Making,2023-01-23,Technical,Yes
100697,Talent Acquisition,2023-05-26,Management,No
100697,Cross-functional Collaboration,2023-12-03,Communication,Yes
100697,Foundations of Excellence,2024-02-15,Technical,Yes
100697,Workplace Safety,2025-12-24,Compliance,No
100698,Executive Presence,2017-10-19,Leadership,Yes
100698,Communication Skills 101,2017-11-23,Communication,Yes
100698,Project Management Fundamentals,2019-04-21,Technical,Yes
100698,Data-Driven Decision Making,2019-07-18,Technical,Yes
100698,Cross-functional Collaboration,2019-07-29,Communication,Yes
100698,Business Strategy,2019-08-27,Management,Yes
100698,Leadership Essentials,2020-04-04,Leadership,Yes
100698,Budget Planning,2020-10-11,Management,No
100698,Advanced Communication,2023-07-26,Communication,Yes
100698,Foundations of Excellence,2024-01-17,Technical,Yes
100698,Organizational Leadership,2025-02-13,Management,Yes
100698,People Management Basics,2025-06-20,Management,Yes
100698,Strategic Thinking,2026-06-12,Leadership,Yes
100699,Project Management Fundamentals,2025-08-17,Technical,Yes
100699,Coaching Skills,2025-09-07,Leadership,No
100699,Data-Driven Decision Making,2025-09-22,Technical,Yes
100699,Excel Advanced,2025-11-13,Technical,No
100699,Communication Skills 101,2025-12-08,Communication,Yes
100699,Compliance Basics,2026-02-16,Compliance,Yes
100699,Foundations of Excellence,2026-04-08,Technical,Yes
100699,Presentation Skills,2026-06-16,Communication,No
100700,Foundations of Excellence,2025-12-21,Technical,Yes
100700,Data-Driven Decision Making,2025-12-26,Technical,Yes
100700,Business Writing,2026-01-22,Communication,No
100700,Advanced Communication,2026-01-27,Communication,Yes
100700,Project Management Fundamentals,2026-02-12,Technical,Yes
100700,Compliance Basics,2026-02-20,Compliance,Yes
100700,Communication Skills 101,2026-06-02,Communication,Yes
100700,Power BI Fundamentals,2026-06-11,Technical,No
100701,Python for Data Analysis,2024-02-01,Technical,No
100701,Change Management,2024-06-19,Leadership,No
100701,Compliance Basics,2024-08-06,Compliance,Yes
100701,Negotiation Tactics,2025-01-02,Communication,No
100701,Project Management Fundamentals,2025-03-31,Technical,Yes
100701,Communication Skills 101,2026-02-10,Communication,Yes
100702,Advanced Communication,2024-01-02,Communication,Yes
100702,Data-Driven Decision Making,2024-01-11,Technical,Yes
100702,Foundations of Excellence,2024-02-09,Technical,Yes
100702,Organizational Leadership,2024-03-18,Management,Yes
100702,People Management Basics,2024-05-01,Management,Yes
100702,Executive Presence,2024-07-26,Leadership,Yes
100702,Compliance Basics,2025-04-04,Compliance,Yes
100702,Project Management Fundamentals,2025-07-01,Technical,Yes
100702,Leadership Essentials,2026-01-17,Leadership,Yes
100702,Cross-functional Collaboration,2026-01-20,Communication,Yes
100702,Talent Acquisition,2026-03-19,Management,No
100702,Strategic Thinking,2026-05-12,Leadership,Yes
100703,Power BI Fundamentals,2017-05-14,Technical,No
100703,Communication Skills 101,2018-06-17,Communication,Yes
100703,Project Management Fundamentals,2023-06-08,Technical,Yes
100703,Advanced Communication,2024-04-27,Communication,Yes
100703,Foundations of Excellence,2024-06-01,Technical,Yes
100703,Compliance Basics,2025-03-19,Compliance,Yes
100703,Performance Management,2025-12-01,Management,No
100704,Excel Advanced,2023-03-30,Technical,No
100704,Communication Skills 101,2024-09-25,Communication,Yes
100704,Compliance Basics,2024-11-13,Compliance,Yes
100704,Foundations of Excellence,2025-04-16,Technical,Yes
100704,Advanced Communication,2025-06-11,Communication,Yes
100704,Data-Driven Decision Making,2025-11-23,Technical,Yes
100705,Compliance Basics,2017-11-26,Compliance,Yes
100705,Cross-functional Collaboration,2019-04-04,Communication,Yes
100705,Advanced Communication,2019-05-24,Communication,Yes
100705,Data-Driven Decision Making,2020-06-19,Technical,Yes
100705,Data Privacy & GDPR,2020-10-12,Compliance,No
100705,Foundations of Excellence,2022-10-28,Technical,Yes
100705,Communication Skills 101,2024-02-07,Communication,Yes
100706,Advanced Communication,2018-04-04,Communication,Yes
100706,Executive Presence,2019-08-12,Leadership,Yes
100706,People Management Basics,2020-06-10,Management,Yes
100706,Communication Skills 101,2020-09-22,Communication,Yes
100706,Organizational Leadership,2021-02-05,Management,Yes
100706,Project Management Fundamentals,2021-12-05,Technical,Yes
100706,Anti-Harassment Training,2022-01-29,Compliance,No
100706,Data-Driven Decision Making,2023-12-02,Technical,Yes
100706,Leadership Essentials,2024-01-15,Leadership,Yes
100706,Workplace Safety,2024-02-21,Compliance,No
100706,Compliance Basics,2024-04-22,Compliance,Yes
100706,Cross-functional Collaboration,2025-09-15,Communication,Yes
100706,Data Privacy & GDPR,2026-02-26,Compliance,No
100707,Compliance Basics,2025-11-22,Compliance,Yes
100707,Foundations of Excellence,2026-01-07,Technical,Yes
100707,Project Management Fundamentals,2026-01-17,Technical,Yes
100707,Talent Acquisition,2026-03-14,Management,No
100707,Excel Advanced,2026-03-22,Technical,No
100707,Coaching Skills,2026-03-30,Leadership,No
100708,Communication Skills 101,2020-08-27,Communication,Yes
100708,Excel Advanced,2020-10-25,Technical,No
100708,Data-Driven Decision Making,2021-08-08,Technical,Yes
100708,Anti-Harassment Training,2023-01-02,Compliance,No
100708,Project Management Fundamentals,2023-01-22,Technical,Yes
100708,Cross-functional Collaboration,2023-09-19,Communication,Yes
100708,Power BI Fundamentals,2023-11-10,Technical,No
100708,Compliance Basics,2024-09-08,Compliance,Yes
100708,Strategic Thinking,2026-02-01,Leadership,Yes
100708,Foundations of Excellence,2026-02-12,Technical,Yes
100709,Conflict Resolution,2017-06-15,Leadership,No
100709,Foundations of Excellence,2017-12-21,Technical,Yes
100709,Advanced Communication,2018-02-08,Communication,Yes
100709,Compliance Basics,2018-03-13,Compliance,Yes
100709,Communication Skills 101,2018-09-05,Communication,Yes
100709,Project Management Fundamentals,2018-10-27,Technical,Yes
100710,Executive Presence,2024-03-17,Leadership,Yes
100710,Foundations of Excellence,2024-04-01,Technical,Yes
100710,Advanced Communication,2024-04-08,Communication,Yes
100710,Leadership Essentials,2024-04-08,Leadership,Yes
100710,Data-Driven Decision Making,2024-04-11,Technical,Yes
100710,People Management Basics,2024-04-17,Management,Yes
100710,Organizational Leadership,2024-04-20,Management,Yes
100710,Compliance Basics,2024-04-27,Compliance,Yes
100710,Negotiation Tactics,2024-05-13,Communication,No
100710,Executive Leadership Program,2024-05-22,Leadership,Yes
100710,Project Management Fundamentals,2024-05-26,Technical,Yes
100710,Cross-functional Collaboration,2024-06-12,Communication,Yes
100710,Power BI Fundamentals,2024-06-26,Technical,No
100710,Communication Skills 101,2024-06-28,Communication,Yes
100710,Strategic Thinking,2024-07-03,Leadership,Yes
100711,Excel Advanced,2022-08-20,Technical,No
100711,Project Management Fundamentals,2023-03-05,Technical,Yes
100711,Compliance Basics,2024-09-20,Compliance,Yes
100711,SQL Essentials,2025-07-26,Technical,No
100711,Budget Planning,2025-09-07,Management,No
100712,Business Writing,2021-06-30,Communication,No
100712,Communication Skills 101,2022-02-20,Communication,Yes
100712,Data-Driven Decision Making,2022-09-20,Technical,Yes
100712,Project Management Fundamentals,2023-08-09,Technical,Yes
100712,Compliance Basics,2024-01-08,Compliance,Yes
100712,Foundations of Excellence,2025-01-31,Technical,Yes
100713,Workplace Safety,2025-01-20,Compliance,No
100713,Communication Skills 101,2025-02-02,Communication,Yes
100713,Compliance Basics,2025-02-19,Compliance,Yes
100713,Strategic Thinking,2025-03-15,Leadership,Yes
100713,Foundations of Excellence,2025-06-04,Technical,Yes
100713,Project Management Fundamentals,2025-07-24,Technical,Yes
100713,Cross-functional Collaboration,2026-02-01,Communication,Yes
100713,Data-Driven Decision Making,2026-03-07,Technical,Yes
100713,Advanced Communication,2026-05-27,Communication,Yes
100714,Communication Skills 101,2019-02-14,Communication,Yes
100714,Foundations of Excellence,2021-02-21,Technical,Yes
100714,Data-Driven Decision Making,2021-08-29,Technical,Yes
100714,Project Management Fundamentals,2022-08-24,Technical,Yes
100714,Compliance Basics,2024-12-25,Compliance,Yes
100714,Advanced Communication,2025-12-18,Communication,Yes
100714,Negotiation Tactics,2026-05-11,Communication,No
100715,Change Management,2019-04-22,Leadership,No
100715,Advanced Communication,2019-04-23,Communication,Yes
100715,People Management Basics,2019-06-19,Management,Yes
100715,Power BI Fundamentals,2019-07-16,Technical,No
100715,Organizational Leadership,2020-04-05,Management,Yes
100715,Business Strategy,2020-07-21,Management,Yes
100715,Conflict Resolution,2020-10-13,Leadership,No
100715,Executive Leadership Program,2020-10-14,Leadership,Yes
100715,Negotiation Tactics,2021-02-01,Communication,No
100715,Communication Skills 101,2022-05-01,Communication,Yes
100715,Foundations of Excellence,2022-11-30,Technical,Yes
100715,Cross-functional Collaboration,2023-01-05,Communication,Yes
100715,Business Writing,2024-04-04,Communication,No
100715,Compliance Basics,2024-07-29,Compliance,Yes
100715,Data-Driven Decision Making,2024-08-29,Technical,Yes
100715,Project Management Fundamentals,2024-10-16,Technical,Yes
100715,Strategic Thinking,2025-07-19,Leadership,Yes
100715,Leadership Essentials,2025-11-01,Leadership,Yes
100715,Executive Presence,2026-04-06,Leadership,Yes
100716,Anti-Harassment Training,2021-03-28,Compliance,No
100716,Project Management Fundamentals,2021-09-21,Technical,Yes
100716,Communication Skills 101,2022-09-29,Communication,Yes
100716,Foundations of Excellence,2023-06-02,Technical,Yes
100716,Advanced Communication,2023-12-21,Communication,Yes
100716,Compliance Basics,2025-08-29,Compliance,Yes
100716,Data-Driven Decision Making,2025-10-24,Technical,Yes
100717,Advanced Communication,2022-10-23,Communication,Yes
100717,Cross-functional Collaboration,2023-01-23,Communication,Yes
100717,Leadership Essentials,2023-04-24,Leadership,Yes
100717,SQL Essentials,2023-05-29,Technical,No
100717,Foundations of Excellence,2023-10-20,Technical,Yes
100717,Data-Driven Decision Making,2023-11-10,Technical,Yes
100717,People Management Basics,2024-01-18,Management,Yes
100717,Strategic Thinking,2024-02-24,Leadership,Yes
100717,Compliance Basics,2024-06-10,Compliance,Yes
100717,Data Privacy & GDPR,2025-04-24,Compliance,No
100717,Executive Presence,2025-06-10,Leadership,Yes
100717,Communication Skills 101,2026-03-12,Communication,Yes
100718,Foundations of Excellence,2026-02-21,Technical,Yes
100718,Project Management Fundamentals,2026-02-27,Technical,Yes
100718,Performance Management,2026-04-04,Management,No
100718,Compliance Basics,2026-04-05,Compliance,Yes
100718,Communication Skills 101,2026-05-23,Communication,Yes
100719,Workplace Safety,2021-09-14,Compliance,No
100719,SQL Essentials,2022-04-13,Technical,No
100719,Anti-Harassment Training,2022-07-07,Compliance,No
100719,Power BI Fundamentals,2022-08-21,Technical,No
100719,Project Management Fundamentals,2022-09-19,Technical,Yes
100719,Communication Skills 101,2022-11-13,Communication,Yes
100719,Compliance Basics,2022-12-31,Compliance,Yes
100719,Performance Management,2024-05-11,Management,No
100719,Foundations of Excellence,2025-05-03,Technical,Yes
100720,Advanced Communication,2024-05-31,Communication,Yes
100720,Change Management,2024-06-10,Leadership,No
100720,Strategic Thinking,2024-07-07,Leadership,Yes
100720,Talent Acquisition,2024-07-15,Management,No
100720,Power BI Fundamentals,2024-08-23,Technical,No
100720,People Management Basics,2024-11-12,Management,Yes
100720,Foundations of Excellence,2024-12-16,Technical,Yes
100720,Communication Skills 101,2025-02-06,Communication,Yes
100720,Data-Driven Decision Making,2025-03-03,Technical,Yes
100720,Workplace Safety,2025-04-13,Compliance,No
100720,Organizational Leadership,2025-09-04,Management,Yes
100720,Project Management Fundamentals,2025-09-18,Technical,Yes
100721,Compliance Basics,2025-06-17,Compliance,Yes
100721,Performance Management,2025-08-11,Management,No
100721,Project Management Fundamentals,2025-08-27,Technical,Yes
100721,People Management Basics,2025-10-26,Management,Yes
100721,Foundations of Excellence,2025-11-18,Technical,Yes
100721,Data Privacy & GDPR,2025-11-22,Compliance,No
100721,Data-Driven Decision Making,2025-12-11,Technical,Yes
100721,Budget Planning,2025-12-16,Management,No
100721,Cross-functional Collaboration,2026-03-25,Communication,Yes
100721,Communication Skills 101,2026-04-29,Communication,Yes
100721,Strategic Thinking,2026-05-20,Leadership,Yes
100722,Foundations of Excellence,2024-12-27,Technical,Yes
100722,Budget Planning,2025-01-14,Management,No
100722,Strategic Thinking,2025-01-29,Leadership,Yes
100722,Change Management,2025-03-21,Leadership,No
100722,Compliance Basics,2025-05-13,Compliance,Yes
100722,Communication Skills 101,2025-05-27,Communication,Yes
100722,Project Management Fundamentals,2025-06-22,Technical,Yes
100722,Advanced Communication,2025-06-26,Communication,Yes
100722,Presentation Skills,2025-09-02,Communication,No
100722,Data-Driven Decision Making,2026-04-14,Technical,Yes
100722,Anti-Harassment Training,2026-04-24,Compliance,No
100723,Data-Driven Decision Making,2019-03-22,Technical,Yes
100723,Strategic Thinking,2019-12-23,Leadership,Yes
100723,Cross-functional Collaboration,2020-02-14,Communication,Yes
100723,Organizational Leadership,2020-02-20,Management,Yes
100723,Executive Presence,2020-04-23,Leadership,Yes
100723,Foundations of Excellence,2020-10-06,Technical,Yes
100723,People Management Basics,2021-01-18,Management,Yes
100723,Executive Leadership Program,2021-02-02,Leadership,Yes
100723,Anti-Harassment Training,2022-01-10,Compliance,No
100723,Leadership Essentials,2022-11-04,Leadership,Yes
100723,Business Strategy,2023-09-24,Management,Yes
100723,Communication Skills 101,2024-12-24,Communication,Yes
100723,Project Management Fundamentals,2025-10-27,Technical,Yes
100724,Compliance Basics,2024-06-03,Compliance,Yes
100724,Advanced Communication,2024-06-16,Communication,Yes
100724,Change Management,2024-10-10,Leadership,No
100724,Cross-functional Collaboration,2024-10-26,Communication,Yes
100724,Project Management Fundamentals,2025-01-02,Technical,Yes
100724,Data-Driven Decision Making,2025-04-11,Technical,Yes
100724,Anti-Harassment Training,2025-10-02,Compliance,No
100724,Foundations of Excellence,2025-11-03,Technical,Yes
100724,Communication Skills 101,2026-02-16,Communication,Yes
100725,People Management Basics,2022-06-23,Management,Yes
100725,Strategic Thinking,2023-01-30,Leadership,Yes
100725,Cross-functional Collaboration,2023-02-17,Communication,Yes
100725,Workplace Safety,2023-03-16,Compliance,No
100725,Communication Skills 101,2023-08-05,Communication,Yes
100725,Leadership Essentials,2024-07-27,Leadership,Yes
100725,Business Writing,2024-09-11,Communication,No
100725,Coaching Skills,2024-10-29,Leadership,No
100725,Project Management Fundamentals,2025-01-11,Technical,Yes
100725,Data-Driven Decision Making,2025-06-03,Technical,Yes
100725,Negotiation Tactics,2025-08-04,Communication,No
100725,Foundations of Excellence,2026-02-14,Technical,Yes
100725,Talent Acquisition,2026-03-13,Management,No
100725,Advanced Communication,2026-03-22,Communication,Yes
100726,Compliance Basics,2020-10-17,Compliance,Yes
100726,Communication Skills 101,2024-11-04,Communication,Yes
100726,Foundations of Excellence,2025-04-02,Technical,Yes
100726,Coaching Skills,2025-04-03,Leadership,No
100727,Performance Management,2019-01-20,Management,No
100727,Communication Skills 101,2021-01-16,Communication,Yes
100727,Foundations of Excellence,2021-08-19,Technical,Yes
100727,Data Privacy & GDPR,2023-02-05,Compliance,No
100727,Compliance Basics,2023-08-14,Compliance,Yes
100727,Project Management Fundamentals,2025-11-03,Technical,Yes
100728,Foundations of Excellence,2020-10-20,Technical,Yes
100728,Data Privacy & GDPR,2020-11-06,Compliance,No
100728,Communication Skills 101,2021-02-09,Communication,Yes
100728,Budget Planning,2021-10-18,Management,No
100728,Performance Management,2023-06-28,Management,No
100728,Compliance Basics,2024-10-08,Compliance,Yes
100728,Workplace Safety,2025-03-02,Compliance,No
100728,Python for Data Analysis,2025-08-03,Technical,No
100729,Python for Data Analysis,2023-01-22,Technical,No
100729,Foundations of Excellence,2023-03-11,Technical,Yes
100729,Strategic Thinking,2023-09-06,Leadership,Yes
100729,Communication Skills 101,2023-11-15,Communication,Yes
100729,Project Management Fundamentals,2023-12-25,Technical,Yes
100729,Conflict Resolution,2024-03-04,Leadership,No
100729,Advanced Communication,2024-12-01,Communication,Yes
100729,Data-Driven Decision Making,2025-03-08,Technical,Yes
100729,Cross-functional Collaboration,2025-05-25,Communication,Yes
100729,Compliance Basics,2026-01-11,Compliance,Yes
100730,Organizational Leadership,2017-11-15,Management,Yes
100730,Budget Planning,2018-06-11,Management,No
100730,Executive Leadership Program,2019-08-11,Leadership,Yes
100730,Business Strategy,2019-11-06,Management,Yes
100730,Talent Acquisition,2020-01-19,Management,No
100730,Performance Management,2020-10-19,Management,No
100730,Data-Driven Decision Making,2020-12-25,Technical,Yes
100730,Cloud Computing Basics,2021-02-21,Technical,No
100730,Strategic Thinking,2021-04-09,Leadership,Yes
100730,Executive Presence,2021-05-27,Leadership,Yes
100730,People Management Basics,2022-03-13,Management,Yes
100730,Cross-functional Collaboration,2022-07-07,Communication,Yes
100730,Advanced Communication,2022-11-24,Communication,Yes
100730,Compliance Basics,2023-01-27,Compliance,Yes
100730,Leadership Essentials,2024-12-08,Leadership,Yes
100730,Communication Skills 101,2025-04-04,Communication,Yes
100730,Project Management Fundamentals,2025-09-13,Technical,Yes
100731,Python for Data Analysis,2017-08-02,Technical,No
100731,Communication Skills 101,2017-11-20,Communication,Yes
100731,SQL Essentials,2018-01-08,Technical,No
100731,Performance Management,2018-04-30,Management,No
100731,Project Management Fundamentals,2022-07-21,Technical,Yes
100731,Presentation Skills,2024-05-02,Communication,No
100731,Conflict Resolution,2025-02-14,Leadership,No
100731,Foundations of Excellence,2025-03-18,Technical,Yes
100731,Compliance Basics,2026-05-13,Compliance,Yes
100732,Performance Management,2023-01-21,Management,No
100732,Foundations of Excellence,2023-03-27,Technical,Yes
100732,Data-Driven Decision Making,2023-04-21,Technical,Yes
100732,Communication Skills 101,2024-02-02,Communication,Yes
100732,Python for Data Analysis,2024-06-07,Technical,No
100732,Talent Acquisition,2024-08-23,Management,No
100732,Compliance Basics,2024-11-03,Compliance,Yes
100732,Coaching Skills,2025-07-25,Leadership,No
100732,Project Management Fundamentals,2025-10-04,Technical,Yes
100733,Cross-functional Collaboration,2020-05-25,Communication,Yes
100733,Leadership Essentials,2020-08-09,Leadership,Yes
100733,Strategic Thinking,2021-01-13,Leadership,Yes
100733,Executive Presence,2021-03-07,Leadership,Yes
100733,Data-Driven Decision Making,2021-08-07,Technical,Yes
100733,Budget Planning,2021-11-22,Management,No
100733,Project Management Fundamentals,2021-11-25,Technical,Yes
100733,Communication Skills 101,2021-11-26,Communication,Yes
100733,Cloud Computing Basics,2022-07-20,Technical,No
100733,Business Strategy,2023-01-14,Management,Yes
100733,People Management Basics,2023-01-30,Management,Yes
100733,Compliance Basics,2023-11-06,Compliance,Yes
100733,Organizational Leadership,2024-10-17,Management,Yes
100733,Excel Advanced,2025-05-11,Technical,No
100733,Foundations of Excellence,2025-12-21,Technical,Yes
100733,Advanced Communication,2026-04-13,Communication,Yes
100734,Presentation Skills,2025-01-20,Communication,No
100734,Business Strategy,2025-03-19,Management,Yes
100734,People Management Basics,2025-04-09,Management,Yes
100734,Data-Driven Decision Making,2025-05-25,Technical,Yes
100734,Executive Leadership Program,2025-07-26,Leadership,Yes
100734,Strategic Thinking,2025-11-06,Leadership,Yes
100734,Power BI Fundamentals,2025-12-18,Technical,No
100734,Excel Advanced,2026-01-27,Technical,No
100734,Advanced Communication,2026-02-20,Communication,Yes
100734,Compliance Basics,2026-03-07,Compliance,Yes
100734,Leadership Essentials,2026-03-07,Leadership,Yes
100734,Project Management Fundamentals,2026-03-17,Technical,Yes
100734,Communication Skills 101,2026-04-03,Communication,Yes
100734,Foundations of Excellence,2026-04-07,Technical,Yes
100734,Performance Management,2026-04-26,Management,No
100734,Cross-functional Collaboration,2026-05-25,Communication,Yes
100734,Organizational Leadership,2026-06-10,Management,Yes
100734,Executive Presence,2026-06-14,Leadership,Yes
100735,People Management Basics,2023-01-04,Management,Yes
100735,Strategic Thinking,2023-01-14,Leadership,Yes
100735,Project Management Fundamentals,2023-02-13,Technical,Yes
100735,Coaching Skills,2023-07-08,Leadership,No
100735,Foundations of Excellence,2024-05-29,Technical,Yes
100735,Communication Skills 101,2025-02-24,Communication,Yes
100735,Data-Driven Decision Making,2025-07-27,Technical,Yes
100735,Cloud Computing Basics,2025-10-15,Technical,No
100735,Compliance Basics,2026-02-26,Compliance,Yes
100735,Cross-functional Collaboration,2026-04-10,Communication,Yes
100736,Advanced Communication,2021-12-15,Communication,Yes
100736,Compliance Basics,2022-05-31,Compliance,Yes
100736,Cloud Computing Basics,2022-08-21,Technical,No
100736,Project Management Fundamentals,2022-09-19,Technical,Yes
100736,Data Privacy & GDPR,2023-02-21,Compliance,No
100736,SQL Essentials,2023-09-08,Technical,No
100736,Strategic Thinking,2024-02-22,Leadership,Yes
100736,Foundations of Excellence,2024-08-16,Technical,Yes
100736,Data-Driven Decision Making,2024-10-13,Technical,Yes
100736,Business Writing,2024-10-17,Communication,No
100736,Communication Skills 101,2025-05-18,Communication,Yes
100737,Executive Leadership Program,2019-11-10,Leadership,Yes
100737,Organizational Leadership,2020-05-17,Management,Yes
100737,Advanced Communication,2021-11-17,Communication,Yes
100737,Executive Presence,2021-11-21,Leadership,Yes
100737,People Management Basics,2021-11-30,Management,Yes
100737,Communication Skills 101,2022-02-23,Communication,Yes
100737,Leadership Essentials,2023-04-20,Leadership,Yes
100737,Conflict Resolution,2023-10-23,Leadership,No
100737,Cross-functional Collaboration,2023-11-18,Communication,Yes
100737,Compliance Basics,2024-04-26,Compliance,Yes
100737,Foundations of Excellence,2024-06-01,Technical,Yes
100737,Data-Driven Decision Making,2024-12-03,Technical,Yes
100737,Project Management Fundamentals,2025-05-15,Technical,Yes
100737,Business Strategy,2025-06-25,Management,Yes
100737,Strategic Thinking,2025-11-20,Leadership,Yes
100738,Foundations of Excellence,2022-05-30,Technical,Yes
100738,Strategic Thinking,2022-11-28,Leadership,Yes
100738,Communication Skills 101,2022-12-05,Communication,Yes
100738,Cross-functional Collaboration,2023-01-30,Communication,Yes
100738,Conflict Resolution,2023-07-18,Leadership,No
100738,Project Management Fundamentals,2023-09-27,Technical,Yes
100738,SQL Essentials,2024-03-31,Technical,No
100738,Power BI Fundamentals,2024-05-16,Technical,No
100738,Data-Driven Decision Making,2024-06-25,Technical,Yes
100738,Workplace Safety,2025-07-13,Compliance,No
100739,Leadership Essentials,2021-03-20,Leadership,Yes
100739,Data-Driven Decision Making,2021-05-30,Technical,Yes
100739,Cross-functional Collaboration,2021-11-09,Communication,Yes
100739,Communication Skills 101,2022-04-21,Communication,Yes
100739,Foundations of Excellence,2022-08-24,Technical,Yes
100739,Power BI Fundamentals,2023-11-11,Technical,No
100739,Strategic Thinking,2024-03-20,Leadership,Yes
100739,Organizational Leadership,2024-04-07,Management,Yes
100739,Compliance Basics,2024-11-27,Compliance,Yes
100739,People Management Basics,2025-03-03,Management,Yes
100739,Project Management Fundamentals,2025-06-17,Technical,Yes
100739,Advanced Communication,2025-11-03,Communication,Yes
100739,Executive Presence,2026-02-07,Leadership,Yes
100740,Power BI Fundamentals,2023-12-12,Technical,No
100740,Cross-functional Collaboration,2023-12-21,Communication,Yes
100740,Compliance Basics,2024-01-27,Compliance,Yes
100740,Data Privacy & GDPR,2024-02-09,Compliance,No
100740,Leadership Essentials,2024-04-14,Leadership,Yes
100740,Business Strategy,2024-08-25,Management,Yes
100740,Communication Skills 101,2024-12-24,Communication,Yes
100740,Advanced Communication,2025-02-05,Communication,Yes
100740,Business Writing,2025-03-14,Communication,No
100740,People Management Basics,2025-03-22,Management,Yes
100740,Change Management,2025-08-01,Leadership,No
100740,Organizational Leadership,2025-10-23,Management,Yes
100740,Executive Leadership Program,2025-11-14,Leadership,Yes
100740,Executive Presence,2025-11-28,Leadership,Yes
100740,Project Management Fundamentals,2025-12-10,Technical,Yes
100740,Talent Acquisition,2026-05-30,Management,No
100741,Project Management Fundamentals,2023-06-08,Technical,Yes
100741,Foundations of Excellence,2024-02-06,Technical,Yes
100741,Data-Driven Decision Making,2024-09-02,Technical,Yes
100741,Communication Skills 101,2024-12-29,Communication,Yes
100741,SQL Essentials,2025-01-02,Technical,No
100741,Compliance Basics,2025-03-10,Compliance,Yes
100741,Advanced Communication,2026-02-04,Communication,Yes
100742,Compliance Basics,2025-05-26,Compliance,Yes
100742,Strategic Thinking,2025-10-27,Leadership,Yes
100742,Advanced Communication,2025-12-22,Communication,Yes
100742,Data Privacy & GDPR,2025-12-28,Compliance,No
100742,Communication Skills 101,2026-01-12,Communication,Yes
100742,Excel Advanced,2026-01-18,Technical,No
100742,Cross-functional Collaboration,2026-01-26,Communication,Yes
100742,People Management Basics,2026-04-17,Management,Yes
100742,Conflict Resolution,2026-05-10,Leadership,No
100742,Leadership Essentials,2026-05-22,Leadership,Yes
100742,Data-Driven Decision Making,2026-06-12,Technical,Yes
100742,Project Management Fundamentals,2026-06-16,Technical,Yes
100743,Foundations of Excellence,2026-01-20,Technical,Yes
100743,Project Management Fundamentals,2026-02-11,Technical,Yes
100743,Workplace Safety,2026-02-18,Compliance,No
100743,Cross-functional Collaboration,2026-02-26,Communication,Yes
100743,Leadership Essentials,2026-03-13,Leadership,Yes
100743,Communication Skills 101,2026-03-24,Communication,Yes
100743,Data-Driven Decision Making,2026-03-27,Technical,Yes
100743,Advanced Communication,2026-03-29,Communication,Yes
100743,Python for Data Analysis,2026-04-04,Technical,No
100743,People Management Basics,2026-04-17,Management,Yes
100743,Compliance Basics,2026-04-21,Compliance,Yes
100743,Power BI Fundamentals,2026-05-06,Technical,No
100743,Strategic Thinking,2026-05-08,Leadership,Yes
100743,Executive Presence,2026-05-13,Leadership,Yes
100743,Budget Planning,2026-06-09,Management,No
100744,Compliance Basics,2019-04-19,Compliance,Yes
100744,Strategic Thinking,2021-03-18,Leadership,Yes
100744,Cross-functional Collaboration,2022-04-09,Communication,Yes
100744,Change Management,2022-04-19,Leadership,No
100744,Project Management Fundamentals,2022-09-21,Technical,Yes
100744,Communication Skills 101,2023-03-22,Communication,Yes
100744,Data Privacy & GDPR,2023-09-21,Compliance,No
100744,People Management Basics,2024-02-06,Management,Yes
100744,Data-Driven Decision Making,2024-10-21,Technical,Yes
100744,Executive Presence,2026-01-23,Leadership,Yes
100744,Advanced Communication,2026-02-02,Communication,Yes
100745,Communication Skills 101,2026-02-02,Communication,Yes
100745,Data-Driven Decision Making,2026-03-04,Technical,Yes
100745,Compliance Basics,2026-04-25,Compliance,Yes
100745,Anti-Harassment Training,2026-05-07,Compliance,No
100745,Budget Planning,2026-05-10,Management,No
100745,Cross-functional Collaboration,2026-05-16,Communication,Yes
100745,Talent Acquisition,2026-05-21,Management,No
100745,Foundations of Excellence,2026-06-06,Technical,Yes
100745,Advanced Communication,2026-06-12,Communication,Yes
100745,Performance Management,2026-06-12,Management,No
100746,Strategic Thinking,2017-10-29,Leadership,Yes
100746,Compliance Basics,2018-04-27,Compliance,Yes
100746,Foundations of Excellence,2019-04-03,Technical,Yes
100746,People Management Basics,2019-04-04,Management,Yes
100746,Business Strategy,2019-06-18,Management,Yes
100746,Project Management Fundamentals,2020-01-12,Technical,Yes
100746,SQL Essentials,2020-04-04,Technical,No
100746,Change Management,2020-11-22,Leadership,No
100746,Communication Skills 101,2023-01-30,Communication,Yes
100746,Organizational Leadership,2023-02-11,Management,Yes
100746,Conflict Resolution,2023-02-14,Leadership,No
100746,Advanced Communication,2023-11-15,Communication,Yes
100746,Executive Presence,2024-02-09,Leadership,Yes
100746,Business Writing,2024-04-18,Communication,No
100746,Leadership Essentials,2025-06-15,Leadership,Yes
100746,Data Privacy & GDPR,2025-08-01,Compliance,No
100746,Data-Driven Decision Making,2026-04-17,Technical,Yes
100746,Cross-functional Collaboration,2026-05-17,Communication,Yes
100747,Cross-functional Collaboration,2020-12-08,Communication,Yes
100747,Compliance Basics,2021-01-11,Compliance,Yes
100747,Leadership Essentials,2021-04-30,Leadership,Yes
100747,Foundations of Excellence,2021-08-25,Technical,Yes
100747,Python for Data Analysis,2022-05-22,Technical,No
100747,People Management Basics,2022-08-13,Management,Yes
100747,Executive Presence,2022-09-21,Leadership,Yes
100747,Strategic Thinking,2022-10-28,Leadership,Yes
100747,Communication Skills 101,2022-12-08,Communication,Yes
100747,Project Management Fundamentals,2022-12-11,Technical,Yes
100747,Advanced Communication,2023-01-11,Communication,Yes
100748,Compliance Basics,2022-01-23,Compliance,Yes
100748,Leadership Essentials,2022-02-13,Leadership,Yes
100748,Foundations of Excellence,2023-11-02,Technical,Yes
100748,Excel Advanced,2024-03-19,Technical,No
100748,Project Management Fundamentals,2024-08-29,Technical,Yes
100748,Data-Driven Decision Making,2025-06-02,Technical,Yes
100748,Workplace Safety,2026-01-24,Compliance,No
100748,Advanced Communication,2026-06-11,Communication,Yes
100749,Excel Advanced,2024-10-12,Technical,No
100749,Compliance Basics,2025-01-24,Compliance,Yes
100749,Data-Driven Decision Making,2025-05-13,Technical,Yes
100749,Strategic Thinking,2025-06-06,Leadership,Yes
100749,Conflict Resolution,2025-06-22,Leadership,No
100749,Communication Skills 101,2025-09-10,Communication,Yes
100749,Foundations of Excellence,2025-11-11,Technical,Yes
100749,Project Management Fundamentals,2025-11-14,Technical,Yes
100749,Presentation Skills,2025-11-24,Communication,No
100749,Advanced Communication,2026-02-16,Communication,Yes
100750,Strategic Thinking,2018-08-01,Leadership,Yes
100750,Foundations of Excellence,2021-09-24,Technical,Yes
100750,Data-Driven Decision Making,2021-11-15,Technical,Yes
100750,Cross-functional Collaboration,2022-08-09,Communication,Yes
100750,Communication Skills 101,2022-09-18,Communication,Yes
100750,Advanced Communication,2022-09-23,Communication,Yes
100750,Cloud Computing Basics,2023-11-26,Technical,No
100750,Leadership Essentials,2024-04-10,Leadership,Yes
100750,Compliance Basics,2024-04-11,Compliance,Yes
100750,People Management Basics,2024-07-28,Management,Yes
100751,Foundations of Excellence,2018-09-24,Technical,Yes
100751,People Management Basics,2018-12-13,Management,Yes
100751,Python for Data Analysis,2020-01-03,Technical,No
100751,Executive Leadership Program,2020-09-08,Leadership,Yes
100751,Compliance Basics,2020-12-18,Compliance,Yes
100751,Business Writing,2021-07-21,Communication,No
100751,Data-Driven Decision Making,2021-09-10,Technical,Yes
100751,Power BI Fundamentals,2021-10-19,Technical,No
100751,Cross-functional Collaboration,2022-02-03,Communication,Yes
100751,Change Management,2023-03-16,Leadership,No
100751,Communication Skills 101,2023-07-14,Communication,Yes
100751,Organizational Leadership,2024-03-18,Management,Yes
100751,Strategic Thinking,2026-01-30,Leadership,Yes
100751,Leadership Essentials,2026-06-12,Leadership,Yes
100752,Compliance Basics,2021-01-03,Compliance,Yes
100752,Project Management Fundamentals,2021-09-23,Technical,Yes
100752,Advanced Communication,2023-03-10,Communication,Yes
100752,Foundations of Excellence,2023-10-21,Technical,Yes
100752,Data-Driven Decision Making,2023-12-28,Technical,Yes
100752,Communication Skills 101,2024-08-08,Communication,Yes
100752,Strategic Thinking,2025-02-25,Leadership,Yes
100752,Workplace Safety,2025-09-02,Compliance,No
100752,Performance Management,2025-12-25,Management,No
100753,Organizational Leadership,2019-11-02,Management,Yes
100753,Advanced Communication,2020-02-17,Communication,Yes
100753,Communication Skills 101,2021-02-28,Communication,Yes
100753,Leadership Essentials,2021-07-03,Leadership,Yes
100753,Foundations of Excellence,2021-08-02,Technical,Yes
100753,Compliance Basics,2021-09-14,Compliance,Yes
100753,People Management Basics,2022-02-03,Management,Yes
100753,Project Management Fundamentals,2022-04-07,Technical,Yes
100753,Data-Driven Decision Making,2024-05-05,Technical,Yes
100753,Budget Planning,2026-02-07,Management,No
100754,Project Management Fundamentals,2021-12-12,Technical,Yes
100754,Business Writing,2022-07-21,Communication,No
100754,Data-Driven Decision Making,2022-11-03,Technical,Yes
100754,Compliance Basics,2023-04-27,Compliance,Yes
100754,Advanced Communication,2023-07-26,Communication,Yes
100754,Strategic Thinking,2024-02-07,Leadership,Yes
100754,Power BI Fundamentals,2025-06-08,Technical,No
100754,Foundations of Excellence,2025-11-02,Technical,Yes
100754,Communication Skills 101,2026-04-21,Communication,Yes
100755,Advanced Communication,2024-11-29,Communication,Yes
100755,Cross-functional Collaboration,2024-12-11,Communication,Yes
100755,Project Management Fundamentals,2025-02-01,Technical,Yes
100755,Data-Driven Decision Making,2025-03-02,Technical,Yes
100755,Conflict Resolution,2025-03-03,Leadership,No
100755,Anti-Harassment Training,2025-08-21,Compliance,No
100755,Foundations of Excellence,2025-10-14,Technical,Yes
100755,Communication Skills 101,2026-02-26,Communication,Yes
100755,Workplace Safety,2026-02-27,Compliance,No
100755,Compliance Basics,2026-06-13,Compliance,Yes
100755,Strategic Thinking,2026-06-14,Leadership,Yes
100756,Communication Skills 101,2018-07-15,Communication,Yes
100756,Compliance Basics,2019-05-08,Compliance,Yes
100756,Foundations of Excellence,2020-07-21,Technical,Yes
100756,Cloud Computing Basics,2024-04-20,Technical,No
100756,Workplace Safety,2025-02-13,Compliance,No
100756,Power BI Fundamentals,2025-02-23,Technical,No
100757,Compliance Basics,2023-09-02,Compliance,Yes
100757,Foundations of Excellence,2023-11-24,Technical,Yes
100757,Change Management,2024-03-15,Leadership,No
100757,Project Management Fundamentals,2025-04-27,Technical,Yes
100758,Strategic Thinking,2019-04-02,Leadership,Yes
100758,Foundations of Excellence,2020-01-01,Technical,Yes
100758,Advanced Communication,2020-03-23,Communication,Yes
100758,Data-Driven Decision Making,2020-04-20,Technical,Yes
100758,Talent Acquisition,2020-06-28,Management,No
100758,Project Management Fundamentals,2020-11-22,Technical,Yes
100758,Communication Skills 101,2022-01-16,Communication,Yes
100758,Compliance Basics,2022-05-13,Compliance,Yes
100758,Conflict Resolution,2023-11-15,Leadership,No
100758,Power BI Fundamentals,2024-01-12,Technical,No
100759,Budget Planning,2024-11-12,Management,No
100759,Strategic Thinking,2025-01-04,Leadership,Yes
100759,Advanced Communication,2025-02-18,Communication,Yes
100759,Excel Advanced,2025-02-28,Technical,No
100759,Negotiation Tactics,2025-04-11,Communication,No
100759,Executive Leadership Program,2025-05-22,Leadership,Yes
100759,Executive Presence,2025-05-23,Leadership,Yes
100759,Project Management Fundamentals,2025-06-23,Technical,Yes
100759,Organizational Leadership,2025-06-27,Management,Yes
100759,Cross-functional Collaboration,2025-07-13,Communication,Yes
100759,Business Strategy,2025-09-02,Management,Yes
100759,Workplace Safety,2025-09-07,Compliance,No
100759,Data-Driven Decision Making,2025-11-06,Technical,Yes
100759,People Management Basics,2025-11-23,Management,Yes
100759,Leadership Essentials,2025-12-07,Leadership,Yes
100759,Communication Skills 101,2026-01-25,Communication,Yes
100759,Foundations of Excellence,2026-03-25,Technical,Yes
100759,Compliance Basics,2026-05-21,Compliance,Yes
100759,Cloud Computing Basics,2026-06-16,Technical,No
100760,Data-Driven Decision Making,2020-11-11,Technical,Yes
100760,Workplace Safety,2022-02-17,Compliance,No
100760,Budget Planning,2023-03-16,Management,No
100760,Foundations of Excellence,2023-09-08,Technical,Yes
100760,Cross-functional Collaboration,2023-10-26,Communication,Yes
100760,Project Management Fundamentals,2024-04-19,Technical,Yes
100760,Communication Skills 101,2024-05-06,Communication,Yes
100760,Power BI Fundamentals,2024-06-17,Technical,No
100760,Compliance Basics,2024-12-12,Compliance,Yes
100760,Advanced Communication,2025-02-27,Communication,Yes
100760,Data Privacy & GDPR,2025-06-11,Compliance,No
100760,Anti-Harassment Training,2026-03-02,Compliance,No
100761,Advanced Communication,2024-06-18,Communication,Yes
100761,Compliance Basics,2024-12-18,Compliance,Yes
100761,Cloud Computing Basics,2025-08-29,Technical,No
100761,Data-Driven Decision Making,2025-11-06,Technical,Yes
100761,Foundations of Excellence,2026-01-05,Technical,Yes
100761,Communication Skills 101,2026-01-25,Communication,Yes
100761,Project Management Fundamentals,2026-05-25,Technical,Yes
100762,Change Management,2019-04-11,Leadership,No
100762,Data-Driven Decision Making,2021-02-04,Technical,Yes
100762,Negotiation Tactics,2021-03-11,Communication,No
100762,Foundations of Excellence,2021-06-01,Technical,Yes
100762,Communication Skills 101,2021-09-16,Communication,Yes
100762,Project Management Fundamentals,2021-12-24,Technical,Yes
100762,Advanced Communication,2024-01-06,Communication,Yes
100762,Strategic Thinking,2024-03-28,Leadership,Yes
100762,Business Writing,2024-08-26,Communication,No
100762,Compliance Basics,2025-02-28,Compliance,Yes
100762,Budget Planning,2025-07-27,Management,No
100762,Talent Acquisition,2025-08-04,Management,No
100763,Data-Driven Decision Making,2020-10-11,Technical,Yes
100763,Compliance Basics,2022-06-19,Compliance,Yes
100763,Cross-functional Collaboration,2023-07-24,Communication,Yes
100763,Advanced Communication,2024-03-30,Communication,Yes
100763,Strategic Thinking,2024-06-02,Leadership,Yes
100763,Leadership Essentials,2024-10-09,Leadership,Yes
100763,Foundations of Excellence,2024-12-25,Technical,Yes
100763,Communication Skills 101,2025-01-07,Communication,Yes
100763,Negotiation Tactics,2025-01-12,Communication,No
100764,Foundations of Excellence,2022-04-19,Technical,Yes
100764,Compliance Basics,2022-10-01,Compliance,Yes
100764,SQL Essentials,2023-09-15,Technical,No
100764,Budget Planning,2024-06-26,Management,No
100764,Business Writing,2025-09-26,Communication,No
100765,Project Management Fundamentals,2022-03-13,Technical,Yes
100765,Compliance Basics,2023-02-09,Compliance,Yes
100765,Foundations of Excellence,2023-05-06,Technical,Yes
100765,Negotiation Tactics,2023-10-12,Communication,No
100765,Coaching Skills,2023-11-07,Leadership,No
100765,Communication Skills 101,2023-11-13,Communication,Yes
100765,Power BI Fundamentals,2024-01-04,Technical,No
100765,Data-Driven Decision Making,2024-05-12,Technical,Yes
100765,Advanced Communication,2024-06-25,Communication,Yes
100765,Strategic Thinking,2024-11-09,Leadership,Yes
100765,Workplace Safety,2025-01-02,Compliance,No
100765,Cross-functional Collaboration,2025-11-28,Communication,Yes
100765,Leadership Essentials,2026-04-30,Leadership,Yes
100766,Foundations of Excellence,2023-04-11,Technical,Yes
100766,Power BI Fundamentals,2024-04-25,Technical,No
100766,Project Management Fundamentals,2025-02-17,Technical,Yes
100766,Excel Advanced,2025-03-29,Technical,No
100766,Communication Skills 101,2025-06-14,Communication,Yes
100766,Budget Planning,2025-08-26,Management,No
100766,Compliance Basics,2025-09-13,Compliance,Yes
100766,Change Management,2026-01-31,Leadership,No
100766,Negotiation Tactics,2026-04-04,Communication,No
100767,Foundations of Excellence,2022-01-03,Technical,Yes
100767,Anti-Harassment Training,2022-05-30,Compliance,No
100767,Data-Driven Decision Making,2022-07-18,Technical,Yes
100767,Advanced Communication,2023-06-30,Communication,Yes
100767,Communication Skills 101,2023-07-02,Communication,Yes
100767,Project Management Fundamentals,2023-09-01,Technical,Yes
100767,Cross-functional Collaboration,2024-01-28,Communication,Yes
100767,Compliance Basics,2024-10-03,Compliance,Yes
100768,SQL Essentials,2018-01-23,Technical,No
100768,Project Management Fundamentals,2018-03-23,Technical,Yes
100768,Communication Skills 101,2018-05-17,Communication,Yes
100768,Foundations of Excellence,2018-08-02,Technical,Yes
100768,Data Privacy & GDPR,2018-08-09,Compliance,No
100768,Budget Planning,2020-11-30,Management,No
100768,Data-Driven Decision Making,2021-02-05,Technical,Yes
100768,Compliance Basics,2021-05-06,Compliance,Yes
100768,Advanced Communication,2021-09-02,Communication,Yes
100769,Data Privacy & GDPR,2020-04-11,Compliance,No
100769,Conflict Resolution,2020-06-11,Leadership,No
100769,Change Management,2020-06-28,Leadership,No
100769,Advanced Communication,2020-09-27,Communication,Yes
100769,Compliance Basics,2020-10-09,Compliance,Yes
100769,Foundations of Excellence,2020-11-30,Technical,Yes
100769,Project Management Fundamentals,2021-02-12,Technical,Yes
100770,Cross-functional Collaboration,2018-12-15,Communication,Yes
100770,Advanced Communication,2019-02-08,Communication,Yes
100770,Communication Skills 101,2019-05-15,Communication,Yes
100770,Project Management Fundamentals,2019-10-02,Technical,Yes
100770,Python for Data Analysis,2020-02-25,Technical,No
100770,Foundations of Excellence,2021-10-01,Technical,Yes
100770,Data-Driven Decision Making,2022-05-08,Technical,Yes
100770,Compliance Basics,2024-09-17,Compliance,Yes
100770,Strategic Thinking,2025-02-08,Leadership,Yes
100771,Communication Skills 101,2020-07-04,Communication,Yes
100771,Data-Driven Decision Making,2021-03-17,Technical,Yes
100771,Project Management Fundamentals,2021-06-26,Technical,Yes
100771,Strategic Thinking,2021-12-26,Leadership,Yes
100771,Talent Acquisition,2023-05-11,Management,No
100771,Presentation Skills,2023-05-28,Communication,No
100771,Conflict Resolution,2023-11-05,Leadership,No
100771,Advanced Communication,2024-04-20,Communication,Yes
100771,Foundations of Excellence,2024-08-19,Technical,Yes
100771,Budget Planning,2024-09-01,Management,No
100771,Compliance Basics,2024-10-09,Compliance,Yes
100772,Strategic Thinking,2023-09-12,Leadership,Yes
100772,Compliance Basics,2023-09-24,Compliance,Yes
100772,SQL Essentials,2023-11-14,Technical,No
100772,Performance Management,2024-01-16,Management,No
100772,Data-Driven Decision Making,2024-01-22,Technical,Yes
100772,Cloud Computing Basics,2024-02-07,Technical,No
100772,Cross-functional Collaboration,2024-04-25,Communication,Yes
100772,Communication Skills 101,2024-05-05,Communication,Yes
100772,Project Management Fundamentals,2024-06-02,Technical,Yes
100772,Python for Data Analysis,2024-06-17,Technical,No
100772,Foundations of Excellence,2024-07-01,Technical,Yes
100772,Business Writing,2024-08-12,Communication,No
100773,Data-Driven Decision Making,2016-10-02,Technical,Yes
100773,Workplace Safety,2016-10-05,Compliance,No
100773,Communication Skills 101,2017-09-05,Communication,Yes
100773,Strategic Thinking,2018-01-21,Leadership,Yes
100773,Leadership Essentials,2018-07-22,Leadership,Yes
100773,Advanced Communication,2019-05-27,Communication,Yes
100773,Compliance Basics,2019-11-15,Compliance,Yes
100773,Cross-functional Collaboration,2019-11-17,Communication,Yes
100773,Power BI Fundamentals,2020-06-30,Technical,No
100773,Data Privacy & GDPR,2021-12-21,Compliance,No
100773,Project Management Fundamentals,2022-09-17,Technical,Yes
100773,People Management Basics,2022-10-06,Management,Yes
100773,Negotiation Tactics,2025-11-12,Communication,No
100774,Organizational Leadership,2017-04-21,Management,Yes
100774,Power BI Fundamentals,2017-08-11,Technical,No
100774,Executive Presence,2018-02-09,Leadership,Yes
100774,Advanced Communication,2019-03-02,Communication,Yes
100774,People Management Basics,2019-09-26,Management,Yes
100774,Compliance Basics,2020-11-06,Compliance,Yes
100774,Foundations of Excellence,2021-08-31,Technical,Yes
100774,SQL Essentials,2021-11-30,Technical,No
100774,Cross-functional Collaboration,2022-03-12,Communication,Yes
100774,Leadership Essentials,2022-04-22,Leadership,Yes
100774,Project Management Fundamentals,2022-07-10,Technical,Yes
100774,Strategic Thinking,2023-07-30,Leadership,Yes
100774,Data-Driven Decision Making,2024-12-08,Technical,Yes
100774,Communication Skills 101,2026-05-09,Communication,Yes
100775,Foundations of Excellence,2023-08-22,Technical,Yes
100775,Excel Advanced,2023-12-02,Technical,No
100775,Compliance Basics,2024-01-22,Compliance,Yes
100775,Strategic Thinking,2024-03-14,Leadership,Yes
100775,Communication Skills 101,2025-01-13,Communication,Yes
100775,Project Management Fundamentals,2025-11-30,Technical,Yes
100775,Data-Driven Decision Making,2026-02-01,Technical,Yes
100775,Advanced Communication,2026-04-05,Communication,Yes
100776,Foundations of Excellence,2025-04-09,Technical,Yes
100776,Business Strategy,2025-05-09,Management,Yes
100776,Leadership Essentials,2025-07-12,Leadership,Yes
100776,Performance Management,2025-08-04,Management,No
100776,Compliance Basics,2025-08-28,Compliance,Yes
100776,Executive Leadership Program,2025-09-11,Leadership,Yes
100776,Strategic Thinking,2025-09-27,Leadership,Yes
100776,Talent Acquisition,2025-10-07,Management,No
100776,Communication Skills 101,2025-10-20,Communication,Yes
100776,Advanced Communication,2025-10-25,Communication,Yes
100776,Project Management Fundamentals,2025-10-29,Technical,Yes
100776,Cross-functional Collaboration,2025-11-25,Communication,Yes
100776,Cloud Computing Basics,2025-11-27,Technical,No
100776,Anti-Harassment Training,2025-12-10,Compliance,No
100776,People Management Basics,2025-12-12,Management,Yes
100776,Organizational Leadership,2026-04-07,Management,Yes
100776,Data-Driven Decision Making,2026-05-21,Technical,Yes
100776,Business Writing,2026-05-29,Communication,No
100777,Data-Driven Decision Making,2023-08-31,Technical,Yes
100777,Cross-functional Collaboration,2023-10-05,Communication,Yes
100777,People Management Basics,2023-11-21,Management,Yes
100777,Python for Data Analysis,2023-12-20,Technical,No
100777,Executive Leadership Program,2024-01-19,Leadership,Yes
100777,Data Privacy & GDPR,2024-04-28,Compliance,No
100777,Strategic Thinking,2024-06-10,Leadership,Yes
100777,Project Management Fundamentals,2024-06-12,Technical,Yes
100777,Executive Presence,2024-06-20,Leadership,Yes
100777,Compliance Basics,2025-01-13,Compliance,Yes
100777,Organizational Leadership,2025-06-29,Management,Yes
100777,Leadership Essentials,2025-09-05,Leadership,Yes
100777,Change Management,2025-09-22,Leadership,No
100777,Communication Skills 101,2025-11-03,Communication,Yes
100777,Advanced Communication,2026-04-23,Communication,Yes
100778,Foundations of Excellence,2022-09-27,Technical,Yes
100778,Business Writing,2022-12-19,Communication,No
100778,Conflict Resolution,2023-02-15,Leadership,No
100778,SQL Essentials,2024-01-18,Technical,No
100778,Project Management Fundamentals,2024-09-02,Technical,Yes
100778,Advanced Communication,2025-06-21,Communication,Yes
100778,Compliance Basics,2025-10-31,Compliance,Yes
100778,Communication Skills 101,2026-05-05,Communication,Yes
100779,Project Management Fundamentals,2026-04-05,Technical,Yes
100779,Communication Skills 101,2026-04-11,Communication,Yes
100779,Talent Acquisition,2026-04-17,Management,No
100779,Data-Driven Decision Making,2026-05-07,Technical,Yes
100779,Strategic Thinking,2026-05-16,Leadership,Yes
100779,Foundations of Excellence,2026-05-22,Technical,Yes
100779,Compliance Basics,2026-06-10,Compliance,Yes
100780,Foundations of Excellence,2025-05-27,Technical,Yes
100780,Change Management,2025-06-14,Leadership,No
100780,Project Management Fundamentals,2025-09-15,Technical,Yes
100780,Python for Data Analysis,2025-09-30,Technical,No
100780,SQL Essentials,2025-11-08,Technical,No
100780,Compliance Basics,2026-02-26,Compliance,Yes
100780,Advanced Communication,2026-04-28,Communication,Yes
100781,Communication Skills 101,2018-05-16,Communication,Yes
100781,Advanced Communication,2018-10-03,Communication,Yes
100781,Data-Driven Decision Making,2018-11-25,Technical,Yes
100781,Strategic Thinking,2019-07-25,Leadership,Yes
100781,Project Management Fundamentals,2021-06-26,Technical,Yes
100781,Negotiation Tactics,2021-09-18,Communication,No
100781,Compliance Basics,2021-12-09,Compliance,Yes
100781,Coaching Skills,2022-12-03,Leadership,No
100781,Foundations of Excellence,2023-01-14,Technical,Yes
100781,Performance Management,2023-03-01,Management,No
100781,Budget Planning,2025-04-03,Management,No
100782,Coaching Skills,2019-04-22,Leadership,No
100782,Foundations of Excellence,2019-11-16,Technical,Yes
100782,Communication Skills 101,2019-12-22,Communication,Yes
100782,Project Management Fundamentals,2020-04-13,Technical,Yes
100782,Advanced Communication,2022-06-01,Communication,Yes
100782,Compliance Basics,2023-01-22,Compliance,Yes
100782,Conflict Resolution,2024-07-06,Leadership,No
100782,Talent Acquisition,2025-01-01,Management,No
100783,Advanced Communication,2022-05-20,Communication,Yes
100783,Negotiation Tactics,2022-09-24,Communication,No
100783,Foundations of Excellence,2023-04-17,Technical,Yes
100783,Project Management Fundamentals,2023-06-26,Technical,Yes
100783,Data-Driven Decision Making,2023-08-23,Technical,Yes
100783,Change Management,2024-03-20,Leadership,No
100783,Conflict Resolution,2024-06-22,Leadership,No
100783,Cross-functional Collaboration,2024-06-30,Communication,Yes
100783,Strategic Thinking,2024-09-30,Leadership,Yes
100783,Cloud Computing Basics,2024-10-20,Technical,No
100783,Compliance Basics,2024-11-11,Compliance,Yes
100783,People Management Basics,2025-04-10,Management,Yes
100783,Python for Data Analysis,2025-07-20,Technical,No
100783,Communication Skills 101,2026-04-15,Communication,Yes
100784,Foundations of Excellence,2025-12-23,Technical,Yes
100784,Cross-functional Collaboration,2025-12-25,Communication,Yes
100784,Communication Skills 101,2026-01-02,Communication,Yes
100784,Organizational Leadership,2026-01-19,Management,Yes
100784,Executive Leadership Program,2026-02-05,Leadership,Yes
100784,Budget Planning,2026-02-26,Management,No
100784,People Management Basics,2026-02-27,Management,Yes
100784,Strategic Thinking,2026-03-22,Leadership,Yes
100784,Compliance Basics,2026-04-02,Compliance,Yes
100784,Project Management Fundamentals,2026-05-03,Technical,Yes
100784,Executive Presence,2026-05-15,Leadership,Yes
100784,Data-Driven Decision Making,2026-06-02,Technical,Yes
100784,Advanced Communication,2026-06-03,Communication,Yes
100785,Compliance Basics,2020-05-28,Compliance,Yes
100785,Data-Driven Decision Making,2020-10-11,Technical,Yes
100785,Cross-functional Collaboration,2020-11-13,Communication,Yes
100785,Power BI Fundamentals,2020-12-28,Technical,No
100785,Advanced Communication,2021-04-29,Communication,Yes
100785,Coaching Skills,2022-06-05,Leadership,No
100785,Communication Skills 101,2022-06-25,Communication,Yes
100785,Project Management Fundamentals,2023-06-07,Technical,Yes
100785,Foundations of Excellence,2024-07-26,Technical,Yes
100785,Excel Advanced,2025-08-14,Technical,No
100786,Advanced Communication,2023-01-26,Communication,Yes
100786,Data-Driven Decision Making,2023-07-07,Technical,Yes
100786,Compliance Basics,2023-09-04,Compliance,Yes
100786,Excel Advanced,2023-09-12,Technical,No
100786,Communication Skills 101,2023-12-18,Communication,Yes
100786,Foundations of Excellence,2024-01-20,Technical,Yes
100786,Project Management Fundamentals,2024-06-07,Technical,Yes
100787,Business Strategy,2022-04-01,Management,Yes
100787,Foundations of Excellence,2023-03-26,Technical,Yes
100787,Organizational Leadership,2023-08-14,Management,Yes
100787,Data-Driven Decision Making,2023-10-18,Technical,Yes
100787,People Management Basics,2024-08-28,Management,Yes
100787,Advanced Communication,2025-02-06,Communication,Yes
100787,Communication Skills 101,2025-04-04,Communication,Yes
100787,Cross-functional Collaboration,2025-04-04,Communication,Yes
100787,Strategic Thinking,2025-06-22,Leadership,Yes
100787,Executive Presence,2025-07-31,Leadership,Yes
100787,Executive Leadership Program,2025-08-24,Leadership,Yes
100787,Leadership Essentials,2025-09-15,Leadership,Yes
100787,Project Management Fundamentals,2026-01-12,Technical,Yes
100787,Conflict Resolution,2026-04-09,Leadership,No
100788,Business Writing,2018-09-14,Communication,No
100788,Coaching Skills,2019-06-29,Leadership,No
100788,Communication Skills 101,2019-11-30,Communication,Yes
100788,Negotiation Tactics,2020-11-12,Communication,No
100788,Project Management Fundamentals,2022-01-11,Technical,Yes
100788,Compliance Basics,2022-09-10,Compliance,Yes
100788,Python for Data Analysis,2024-01-17,Technical,No
100788,Foundations of Excellence,2026-04-22,Technical,Yes
100789,Compliance Basics,2018-06-12,Compliance,Yes
100789,Advanced Communication,2018-07-10,Communication,Yes
100789,Communication Skills 101,2018-07-23,Communication,Yes
100789,Strategic Thinking,2018-10-08,Leadership,Yes
100789,Data-Driven Decision Making,2019-01-06,Technical,Yes
100789,Project Management Fundamentals,2019-02-07,Technical,Yes
100789,Foundations of Excellence,2019-02-14,Technical,Yes
100789,Python for Data Analysis,2019-04-25,Technical,No
100789,Negotiation Tactics,2019-06-13,Communication,No
100789,Change Management,2020-01-02,Leadership,No
100789,Power BI Fundamentals,2020-02-20,Technical,No
100789,Cloud Computing Basics,2020-06-14,Technical,No
100790,Project Management Fundamentals,2022-01-09,Technical,Yes
100790,Data Privacy & GDPR,2022-03-20,Compliance,No
100790,People Management Basics,2022-05-07,Management,Yes
100790,Advanced Communication,2022-05-17,Communication,Yes
100790,Data-Driven Decision Making,2022-07-18,Technical,Yes
100790,Cross-functional Collaboration,2023-02-08,Communication,Yes
100790,Compliance Basics,2023-02-23,Compliance,Yes
100790,Communication Skills 101,2024-09-09,Communication,Yes
100790,Foundations of Excellence,2026-02-09,Technical,Yes
100791,SQL Essentials,2018-07-12,Technical,No
100791,Communication Skills 101,2020-04-19,Communication,Yes
100791,Foundations of Excellence,2020-08-20,Technical,Yes
100791,Compliance Basics,2020-11-03,Compliance,Yes
100791,Advanced Communication,2021-01-30,Communication,Yes
100791,Project Management Fundamentals,2022-06-27,Technical,Yes
100791,Python for Data Analysis,2022-07-25,Technical,No
100792,People Management Basics,2023-01-14,Management,Yes
100792,Negotiation Tactics,2023-05-04,Communication,No
100792,Compliance Basics,2023-11-09,Compliance,Yes
100792,Strategic Thinking,2023-12-01,Leadership,Yes
100792,Workplace Safety,2024-02-05,Compliance,No
100792,Conflict Resolution,2024-02-08,Leadership,No
100792,SQL Essentials,2024-11-10,Technical,No
100792,Coaching Skills,2025-08-15,Leadership,No
100792,Project Management Fundamentals,2025-09-28,Technical,Yes
100792,Foundations of Excellence,2025-12-07,Technical,Yes
100792,Cross-functional Collaboration,2026-03-25,Communication,Yes
100793,SQL Essentials,2023-09-20,Technical,No
100793,Compliance Basics,2024-02-23,Compliance,Yes
100793,Communication Skills 101,2024-03-11,Communication,Yes
100793,Foundations of Excellence,2024-07-03,Technical,Yes
100793,Project Management Fundamentals,2025-08-13,Technical,Yes
100793,Change Management,2025-10-10,Leadership,No
100794,Advanced Communication,2021-03-09,Communication,Yes
100794,Power BI Fundamentals,2021-09-17,Technical,No
100794,Foundations of Excellence,2021-12-13,Technical,Yes
100794,Data-Driven Decision Making,2021-12-13,Technical,Yes
100794,Project Management Fundamentals,2024-08-10,Technical,Yes
100794,Talent Acquisition,2024-11-27,Management,No
100794,Budget Planning,2025-02-10,Management,No
100794,Strategic Thinking,2025-08-16,Leadership,Yes
100794,Communication Skills 101,2025-10-30,Communication,Yes
100794,Compliance Basics,2025-11-04,Compliance,Yes
100795,Strategic Thinking,2021-08-17,Leadership,Yes
100795,Coaching Skills,2021-10-23,Leadership,No
100795,Data-Driven Decision Making,2022-03-09,Technical,Yes
100795,Data Privacy & GDPR,2023-02-07,Compliance,No
100795,Compliance Basics,2023-02-08,Compliance,Yes
100795,Project Management Fundamentals,2023-03-10,Technical,Yes
100795,Leadership Essentials,2024-01-17,Leadership,Yes
100795,Performance Management,2024-05-31,Management,No
100795,Executive Presence,2024-08-06,Leadership,Yes
100795,Advanced Communication,2024-10-28,Communication,Yes
100795,Communication Skills 101,2024-11-01,Communication,Yes
100795,Negotiation Tactics,2025-03-29,Communication,No
100795,Foundations of Excellence,2025-12-08,Technical,Yes
100795,People Management Basics,2026-01-15,Management,Yes
100796,Python for Data Analysis,2024-11-22,Technical,No
100796,Business Strategy,2025-02-13,Management,Yes
100796,Executive Presence,2025-02-17,Leadership,Yes
100796,Cross-functional Collaboration,2025-02-19,Communication,Yes
100796,Leadership Essentials,2025-03-06,Leadership,Yes
100796,Executive Leadership Program,2025-04-23,Leadership,Yes
100796,Excel Advanced,2025-04-28,Technical,No
100796,People Management Basics,2025-07-01,Management,Yes
100796,Compliance Basics,2025-07-17,Compliance,Yes
100796,Advanced Communication,2025-10-18,Communication,Yes
100796,Project Management Fundamentals,2026-02-14,Technical,Yes
100796,Data-Driven Decision Making,2026-02-14,Technical,Yes
100796,Communication Skills 101,2026-03-15,Communication,Yes
100796,Organizational Leadership,2026-05-07,Management,Yes
100796,Strategic Thinking,2026-06-10,Leadership,Yes
100797,Cross-functional Collaboration,2021-10-11,Communication,Yes
100797,Presentation Skills,2021-11-28,Communication,No
100797,Compliance Basics,2023-01-26,Compliance,Yes
100797,Communication Skills 101,2023-04-16,Communication,Yes
100797,Data-Driven Decision Making,2024-02-25,Technical,Yes
100797,Foundations of Excellence,2024-03-26,Technical,Yes
100797,Conflict Resolution,2024-03-26,Leadership,No
100797,Project Management Fundamentals,2024-06-19,Technical,Yes
100797,Business Writing,2024-10-13,Communication,No
100797,Strategic Thinking,2025-01-21,Leadership,Yes
100798,Talent Acquisition,2025-11-15,Management,No
100798,Foundations of Excellence,2025-11-18,Technical,Yes
100798,Compliance Basics,2026-01-18,Compliance,Yes
100798,Power BI Fundamentals,2026-01-31,Technical,No
100798,Workplace Safety,2026-04-17,Compliance,No
100798,Project Management Fundamentals,2026-04-23,Technical,Yes
100798,Python for Data Analysis,2026-05-05,Technical,No
100798,Data Privacy & GDPR,2026-05-16,Compliance,No
100799,Cross-functional Collaboration,2025-03-21,Communication,Yes
100799,Change Management,2025-04-07,Leadership,No
100799,Presentation Skills,2025-05-02,Communication,No
100799,People Management Basics,2025-05-21,Management,Yes
100799,Project Management Fundamentals,2025-06-25,Technical,Yes
100799,Leadership Essentials,2025-07-05,Leadership,Yes
100799,Strategic Thinking,2025-09-03,Leadership,Yes
100799,Communication Skills 101,2025-09-09,Communication,Yes
100799,Foundations of Excellence,2025-09-30,Technical,Yes
100799,Compliance Basics,2026-01-12,Compliance,Yes
100799,Advanced Communication,2026-01-12,Communication,Yes
100799,Budget Planning,2026-01-23,Management,No
100799,Data Privacy & GDPR,2026-04-02,Compliance,No
100799,Data-Driven Decision Making,2026-06-16,Technical,Yes
100800,Cross-functional Collaboration,2019-09-04,Communication,Yes
100800,Workplace Safety,2021-01-06,Compliance,No
100800,Advanced Communication,2022-04-09,Communication,Yes
100800,Conflict Resolution,2022-06-08,Leadership,No
100800,Business Writing,2023-06-30,Communication,No
100800,Leadership Essentials,2023-08-03,Leadership,Yes
100800,Strategic Thinking,2023-09-01,Leadership,Yes
100800,Project Management Fundamentals,2023-11-05,Technical,Yes
100800,Foundations of Excellence,2024-06-15,Technical,Yes
100800,Coaching Skills,2025-03-14,Leadership,No
100800,Data-Driven Decision Making,2026-02-18,Technical,Yes
100800,Cloud Computing Basics,2026-03-12,Technical,No
100800,Compliance Basics,2026-03-14,Compliance,Yes
100801,Negotiation Tactics,2019-09-17,Communication,No
100801,Compliance Basics,2020-06-22,Compliance,Yes
100801,Foundations of Excellence,2020-07-04,Technical,Yes
100801,Excel Advanced,2021-10-09,Technical,No
100801,Advanced Communication,2022-07-11,Communication,Yes
100801,Performance Management,2022-10-18,Management,No
100801,Coaching Skills,2022-12-22,Leadership,No
100801,Strategic Thinking,2024-10-23,Leadership,Yes
100801,Cross-functional Collaboration,2024-12-29,Communication,Yes
100801,Data-Driven Decision Making,2026-03-01,Technical,Yes
100802,Power BI Fundamentals,2018-01-26,Technical,No
100802,Compliance Basics,2019-07-21,Compliance,Yes
100802,Project Management Fundamentals,2019-07-21,Technical,Yes
100802,People Management Basics,2019-09-25,Management,Yes
100802,Executive Presence,2020-03-30,Leadership,Yes
100802,Organizational Leadership,2020-06-09,Management,Yes
100802,Communication Skills 101,2020-06-14,Communication,Yes
100802,Strategic Thinking,2020-06-25,Leadership,Yes
100802,SQL Essentials,2020-07-06,Technical,No
100802,Python for Data Analysis,2021-12-07,Technical,No
100802,Cross-functional Collaboration,2022-07-10,Communication,Yes
100802,Leadership Essentials,2022-12-06,Leadership,Yes
100802,Data-Driven Decision Making,2023-09-03,Technical,Yes
100802,Coaching Skills,2024-11-02,Leadership,No
100802,Advanced Communication,2025-06-21,Communication,Yes
100802,Foundations of Excellence,2025-10-05,Technical,Yes
100803,Compliance Basics,2024-06-07,Compliance,Yes
100803,Communication Skills 101,2025-03-07,Communication,Yes
100803,Change Management,2025-11-24,Leadership,No
100803,Foundations of Excellence,2026-05-12,Technical,Yes
100804,Project Management Fundamentals,2024-03-20,Technical,Yes
100804,Foundations of Excellence,2024-03-21,Technical,Yes
100804,Compliance Basics,2024-12-04,Compliance,Yes
100804,Advanced Communication,2025-01-30,Communication,Yes
100804,Communication Skills 101,2025-04-20,Communication,Yes
100804,Cloud Computing Basics,2025-04-28,Technical,No
100804,People Management Basics,2025-05-17,Management,Yes
100804,Workplace Safety,2025-11-08,Compliance,No
100804,Data-Driven Decision Making,2025-11-25,Technical,Yes
100804,Strategic Thinking,2026-01-22,Leadership,Yes
100804,Cross-functional Collaboration,2026-03-31,Communication,Yes
100804,Leadership Essentials,2026-05-12,Leadership,Yes
100805,Compliance Basics,2024-06-16,Compliance,Yes
100805,Cross-functional Collaboration,2024-10-30,Communication,Yes
100805,Advanced Communication,2025-01-26,Communication,Yes
100805,Data-Driven Decision Making,2025-04-11,Technical,Yes
100805,Project Management Fundamentals,2025-06-03,Technical,Yes
100805,Communication Skills 101,2025-08-30,Communication,Yes
100805,Strategic Thinking,2025-09-13,Leadership,Yes
100805,Foundations of Excellence,2026-05-05,Technical,Yes
100805,Power BI Fundamentals,2026-05-08,Technical,No
100806,Foundations of Excellence,2021-03-15,Technical,Yes
100806,Workplace Safety,2022-07-06,Compliance,No
100806,Leadership Essentials,2023-03-17,Leadership,Yes
100806,People Management Basics,2023-03-27,Management,Yes
100806,Cross-functional Collaboration,2023-08-12,Communication,Yes
100806,Data-Driven Decision Making,2023-12-06,Technical,Yes
100806,Compliance Basics,2025-05-21,Compliance,Yes
100806,Project Management Fundamentals,2025-05-21,Technical,Yes
100806,Communication Skills 101,2025-06-25,Communication,Yes
100806,Advanced Communication,2026-01-19,Communication,Yes
100806,Strategic Thinking,2026-01-20,Leadership,Yes
100807,Budget Planning,2022-04-13,Management,No
100807,Foundations of Excellence,2022-08-17,Technical,Yes
100807,Executive Leadership Program,2023-04-11,Leadership,Yes
100807,Business Strategy,2023-05-06,Management,Yes
100807,SQL Essentials,2023-09-26,Technical,No
100807,Communication Skills 101,2023-11-09,Communication,Yes
100807,Advanced Communication,2024-02-19,Communication,Yes
100807,Business Writing,2024-03-27,Communication,No
100807,Strategic Thinking,2024-08-01,Leadership,Yes
100807,Executive Presence,2024-09-12,Leadership,Yes
100807,Data-Driven Decision Making,2024-11-10,Technical,Yes
100807,Negotiation Tactics,2025-06-05,Communication,No
100807,People Management Basics,2025-09-14,Management,Yes
100807,Compliance Basics,2025-09-16,Compliance,Yes
100807,Project Management Fundamentals,2025-12-09,Technical,Yes
100807,Leadership Essentials,2025-12-13,Leadership,Yes
100807,Cross-functional Collaboration,2026-01-04,Communication,Yes
100807,Organizational Leadership,2026-03-11,Management,Yes
100808,Advanced Communication,2016-10-07,Communication,Yes
100808,Cloud Computing Basics,2016-10-30,Technical,No
100808,Budget Planning,2019-06-27,Management,No
100808,Project Management Fundamentals,2021-02-23,Technical,Yes
100808,Foundations of Excellence,2022-06-08,Technical,Yes
100808,Conflict Resolution,2023-02-17,Leadership,No
100808,Data-Driven Decision Making,2023-09-18,Technical,Yes
100808,Communication Skills 101,2024-01-28,Communication,Yes
100808,Anti-Harassment Training,2026-04-12,Compliance,No
100808,Compliance Basics,2026-05-12,Compliance,Yes
100809,Performance Management,2024-01-08,Management,No
100809,Change Management,2025-03-25,Leadership,No
100809,Foundations of Excellence,2025-04-02,Technical,Yes
100809,Communication Skills 101,2025-11-22,Communication,Yes
100810,Negotiation Tactics,2025-07-19,Communication,No
100810,Power BI Fundamentals,2025-08-16,Technical,No
100810,Change Management,2025-09-06,Leadership,No
100810,Compliance Basics,2026-01-08,Compliance,Yes
100810,Foundations of Excellence,2026-05-06,Technical,Yes
100810,Cloud Computing Basics,2026-05-20,Technical,No
100811,Compliance Basics,2018-03-31,Compliance,Yes
100811,Communication Skills 101,2019-04-11,Communication,Yes
100811,Foundations of Excellence,2019-09-30,Technical,Yes
100811,Cloud Computing Basics,2021-04-14,Technical,No
100811,Negotiation Tactics,2021-06-18,Communication,No
100811,Talent Acquisition,2021-07-03,Management,No
100811,Project Management Fundamentals,2026-05-04,Technical,Yes
100812,Compliance Basics,2019-08-04,Compliance,Yes
100812,Cloud Computing Basics,2019-09-05,Technical,No
100812,Communication Skills 101,2020-07-22,Communication,Yes
100812,Advanced Communication,2022-07-02,Communication,Yes
100812,Negotiation Tactics,2023-03-19,Communication,No
100812,Foundations of Excellence,2023-04-26,Technical,Yes
100812,Budget Planning,2024-04-25,Management,No
100812,Workplace Safety,2024-06-05,Compliance,No
100812,Project Management Fundamentals,2024-09-06,Technical,Yes
100813,People Management Basics,2021-07-19,Management,Yes
100813,Data-Driven Decision Making,2022-04-27,Technical,Yes
100813,Project Management Fundamentals,2022-08-03,Technical,Yes
100813,Presentation Skills,2023-03-18,Communication,No
100813,Foundations of Excellence,2024-05-24,Technical,Yes
100813,Executive Presence,2024-08-17,Leadership,Yes
100813,Advanced Communication,2024-08-26,Communication,Yes
100813,Business Strategy,2024-10-19,Management,Yes
100813,Communication Skills 101,2024-12-01,Communication,Yes
100813,Strategic Thinking,2024-12-16,Leadership,Yes
100813,Cloud Computing Basics,2025-08-09,Technical,No
100813,Compliance Basics,2026-02-13,Compliance,Yes
100813,Leadership Essentials,2026-02-20,Leadership,Yes
100814,Project Management Fundamentals,2022-04-08,Technical,Yes
100814,Advanced Communication,2022-07-15,Communication,Yes
100814,Data-Driven Decision Making,2023-01-15,Technical,Yes
100814,Cross-functional Collaboration,2023-01-29,Communication,Yes
100814,Communication Skills 101,2023-03-26,Communication,Yes
100814,People Management Basics,2024-05-14,Management,Yes
100814,Compliance Basics,2024-05-15,Compliance,Yes
100814,Foundations of Excellence,2024-07-11,Technical,Yes
100814,Strategic Thinking,2024-08-05,Leadership,Yes
100814,Leadership Essentials,2025-03-07,Leadership,Yes
100814,Organizational Leadership,2026-03-12,Management,Yes
100814,Change Management,2026-05-15,Leadership,No
100815,Communication Skills 101,2021-05-01,Communication,Yes
100815,Power BI Fundamentals,2021-09-22,Technical,No
100815,SQL Essentials,2021-12-05,Technical,No
100815,Foundations of Excellence,2021-12-17,Technical,Yes
100815,Leadership Essentials,2022-02-02,Leadership,Yes
100815,People Management Basics,2022-03-09,Management,Yes
100815,Project Management Fundamentals,2022-03-28,Technical,Yes
100815,Organizational Leadership,2022-06-17,Management,Yes
100815,Executive Presence,2022-07-23,Leadership,Yes
100815,Compliance Basics,2022-07-29,Compliance,Yes
100815,Data-Driven Decision Making,2023-05-01,Technical,Yes
100816,Change Management,2025-04-03,Leadership,No
100816,Compliance Basics,2025-08-23,Compliance,Yes
100816,Anti-Harassment Training,2025-11-26,Compliance,No
100816,Foundations of Excellence,2025-12-07,Technical,Yes
100816,Data-Driven Decision Making,2026-01-17,Technical,Yes
100816,Presentation Skills,2026-03-24,Communication,No
100816,Project Management Fundamentals,2026-04-26,Technical,Yes
100816,Communication Skills 101,2026-05-27,Communication,Yes
100817,Compliance Basics,2018-10-16,Compliance,Yes
100817,Advanced Communication,2018-12-07,Communication,Yes
100817,Communication Skills 101,2019-06-20,Communication,Yes
100817,Project Management Fundamentals,2019-12-22,Technical,Yes
100817,Foundations of Excellence,2020-06-16,Technical,Yes
100817,Python for Data Analysis,2024-05-29,Technical,No
100817,Cloud Computing Basics,2024-09-07,Technical,No
100817,Data-Driven Decision Making,2025-11-02,Technical,Yes
100817,Workplace Safety,2026-03-08,Compliance,No
100818,Anti-Harassment Training,2021-08-19,Compliance,No
100818,Foundations of Excellence,2022-06-19,Technical,Yes
100818,Cross-functional Collaboration,2022-08-08,Communication,Yes
100818,Change Management,2023-04-29,Leadership,No
100818,People Management Basics,2023-11-10,Management,Yes
100818,Data-Driven Decision Making,2023-12-01,Technical,Yes
100818,Compliance Basics,2023-12-26,Compliance,Yes
100818,Communication Skills 101,2024-05-24,Communication,Yes
100818,Negotiation Tactics,2024-08-02,Communication,No
100818,Advanced Communication,2025-07-13,Communication,Yes
100818,Leadership Essentials,2025-08-26,Leadership,Yes
100818,Project Management Fundamentals,2026-01-22,Technical,Yes
100819,Conflict Resolution,2026-04-24,Leadership,No
100819,Compliance Basics,2026-05-23,Compliance,Yes
100819,Advanced Communication,2026-05-29,Communication,Yes
100819,Data-Driven Decision Making,2026-05-30,Technical,Yes
100819,Communication Skills 101,2026-06-07,Communication,Yes
100819,Foundations of Excellence,2026-06-09,Technical,Yes
100820,Foundations of Excellence,2020-10-18,Technical,Yes
100820,Data-Driven Decision Making,2021-06-25,Technical,Yes
100820,Project Management Fundamentals,2022-07-28,Technical,Yes
100820,SQL Essentials,2022-08-01,Technical,No
100820,Performance Management,2022-11-16,Management,No
100820,Compliance Basics,2024-08-29,Compliance,Yes
100820,Workplace Safety,2024-10-10,Compliance,No
100820,Power BI Fundamentals,2025-03-22,Technical,No
100820,Coaching Skills,2025-05-21,Leadership,No
100820,Advanced Communication,2025-09-03,Communication,Yes
100820,Communication Skills 101,2025-12-27,Communication,Yes
100821,Strategic Thinking,2021-03-18,Leadership,Yes
100821,Foundations of Excellence,2021-03-25,Technical,Yes
100821,Leadership Essentials,2021-11-23,Leadership,Yes
100821,Data-Driven Decision Making,2022-01-11,Technical,Yes
100821,Organizational Leadership,2023-04-03,Management,Yes
100821,Advanced Communication,2023-08-09,Communication,Yes
100821,Compliance Basics,2024-01-06,Compliance,Yes
100821,Communication Skills 101,2024-04-04,Communication,Yes
100821,SQL Essentials,2024-08-14,Technical,No
100821,People Management Basics,2025-03-25,Management,Yes
100821,Project Management Fundamentals,2025-06-06,Technical,Yes
100821,Cross-functional Collaboration,2025-07-22,Communication,Yes
100821,Cloud Computing Basics,2026-02-13,Technical,No
100822,Strategic Thinking,2020-02-05,Leadership,Yes
100822,Leadership Essentials,2022-01-01,Leadership,Yes
100822,Organizational Leadership,2022-03-07,Management,Yes
100822,Compliance Basics,2022-06-13,Compliance,Yes
100822,Presentation Skills,2023-01-13,Communication,No
100822,Communication Skills 101,2023-07-16,Communication,Yes
100822,Foundations of Excellence,2024-06-05,Technical,Yes
100822,People Management Basics,2024-11-02,Management,Yes
100822,Executive Presence,2024-12-04,Leadership,Yes
100822,Advanced Communication,2025-03-27,Communication,Yes
100822,Executive Leadership Program,2025-07-13,Leadership,Yes
100822,Project Management Fundamentals,2026-02-21,Technical,Yes
100822,Data-Driven Decision Making,2026-03-18,Technical,Yes
100823,People Management Basics,2017-09-17,Management,Yes
100823,Project Management Fundamentals,2018-02-23,Technical,Yes
100823,Advanced Communication,2019-02-12,Communication,Yes
100823,Python for Data Analysis,2019-09-16,Technical,No
100823,Compliance Basics,2021-01-03,Compliance,Yes
100823,Leadership Essentials,2021-02-27,Leadership,Yes
100823,Communication Skills 101,2021-04-28,Communication,Yes
100823,Business Strategy,2021-07-15,Management,Yes
100823,Organizational Leadership,2023-09-03,Management,Yes
100823,Executive Presence,2024-04-13,Leadership,Yes
100823,Data-Driven Decision Making,2024-05-19,Technical,Yes
100824,Executive Presence,2019-07-30,Leadership,Yes
100824,People Management Basics,2020-04-09,Management,Yes
100824,Business Writing,2020-06-21,Communication,No
100824,Organizational Leadership,2021-02-03,Management,Yes
100824,Advanced Communication,2021-10-31,Communication,Yes
100824,Foundations of Excellence,2022-08-20,Technical,Yes
100824,Leadership Essentials,2022-08-27,Leadership,Yes
100824,Data-Driven Decision Making,2023-03-14,Technical,Yes
100824,Strategic Thinking,2023-12-03,Leadership,Yes
100824,Compliance Basics,2024-04-21,Compliance,Yes
100824,Communication Skills 101,2025-08-06,Communication,Yes
100824,Coaching Skills,2025-12-01,Leadership,No
100824,Cross-functional Collaboration,2026-01-11,Communication,Yes
100824,Project Management Fundamentals,2026-06-02,Technical,Yes
100825,Advanced Communication,2024-06-10,Communication,Yes
100825,Compliance Basics,2024-06-22,Compliance,Yes
100825,Communication Skills 101,2024-07-31,Communication,Yes
100825,Data-Driven Decision Making,2024-10-08,Technical,Yes
100825,Budget Planning,2024-10-10,Management,No
100825,Cross-functional Collaboration,2025-02-08,Communication,Yes
100825,Project Management Fundamentals,2025-02-17,Technical,Yes
100825,Business Writing,2025-04-04,Communication,No
100825,Foundations of Excellence,2025-04-23,Technical,Yes
100826,Data Privacy & GDPR,2024-01-13,Compliance,No
100826,Communication Skills 101,2024-07-14,Communication,Yes
100826,Python for Data Analysis,2024-12-03,Technical,No
100826,Foundations of Excellence,2025-05-01,Technical,Yes
100826,Compliance Basics,2025-09-17,Compliance,Yes
100827,People Management Basics,2024-02-12,Management,Yes
100827,Strategic Thinking,2024-03-28,Leadership,Yes
100827,Conflict Resolution,2024-04-11,Leadership,No
100827,Talent Acquisition,2024-05-30,Management,No
100827,Cross-functional Collaboration,2024-08-25,Communication,Yes
100827,Data-Driven Decision Making,2024-09-27,Technical,Yes
100827,Power BI Fundamentals,2024-10-08,Technical,No
100827,Organizational Leadership,2025-01-09,Management,Yes
100827,Business Strategy,2025-01-24,Management,Yes
100827,Foundations of Excellence,2025-03-04,Technical,Yes
100827,Project Management Fundamentals,2025-10-18,Technical,Yes
100827,Leadership Essentials,2025-12-12,Leadership,Yes
100827,Compliance Basics,2026-01-16,Compliance,Yes
100827,Communication Skills 101,2026-01-23,Communication,Yes
100827,Coaching Skills,2026-02-25,Leadership,No
100827,Executive Presence,2026-03-01,Leadership,Yes
100827,Executive Leadership Program,2026-04-29,Leadership,Yes
100827,Budget Planning,2026-05-16,Management,No
100828,Communication Skills 101,2019-04-20,Communication,Yes
100828,Data Privacy & GDPR,2020-01-27,Compliance,No
100828,Foundations of Excellence,2020-01-31,Technical,Yes
100828,Advanced Communication,2020-05-01,Communication,Yes
100828,Compliance Basics,2020-09-08,Compliance,Yes
100828,Strategic Thinking,2022-11-18,Leadership,Yes
100828,Project Management Fundamentals,2023-09-11,Technical,Yes
100828,People Management Basics,2023-10-08,Management,Yes
100828,Executive Presence,2024-06-11,Leadership,Yes
100828,Talent Acquisition,2024-10-04,Management,No
100828,Cross-functional Collaboration,2025-01-11,Communication,Yes
100828,Leadership Essentials,2025-11-19,Leadership,Yes
100828,Organizational Leadership,2025-12-17,Management,Yes
100828,Power BI Fundamentals,2026-01-24,Technical,No
100829,Anti-Harassment Training,2021-09-17,Compliance,No
100829,Talent Acquisition,2021-11-11,Management,No
100829,Workplace Safety,2022-02-21,Compliance,No
100829,Data-Driven Decision Making,2022-05-23,Technical,Yes
100829,Power BI Fundamentals,2023-04-05,Technical,No
100829,Project Management Fundamentals,2024-06-07,Technical,Yes
100829,Leadership Essentials,2024-07-15,Leadership,Yes
100829,Cross-functional Collaboration,2024-08-03,Communication,Yes
100829,Strategic Thinking,2025-02-06,Leadership,Yes
100829,Business Writing,2025-03-22,Communication,No
100829,Communication Skills 101,2025-12-07,Communication,Yes
100829,Foundations of Excellence,2026-02-13,Technical,Yes
100830,Project Management Fundamentals,2023-06-22,Technical,Yes
100830,Python for Data Analysis,2023-06-30,Technical,No
100830,Workplace Safety,2024-06-01,Compliance,No
100830,Business Writing,2024-06-06,Communication,No
100830,Budget Planning,2024-11-23,Management,No
100830,Compliance Basics,2025-02-14,Compliance,Yes
100830,Communication Skills 101,2025-05-24,Communication,Yes
100830,Negotiation Tactics,2025-06-29,Communication,No
100830,Foundations of Excellence,2025-09-15,Technical,Yes
100831,Cross-functional Collaboration,2017-04-14,Communication,Yes
100831,Strategic Thinking,2017-09-29,Leadership,Yes
100831,Python for Data Analysis,2017-11-24,Technical,No
100831,Project Management Fundamentals,2018-08-05,Technical,Yes
100831,Foundations of Excellence,2019-01-01,Technical,Yes
100831,Compliance Basics,2019-10-23,Compliance,Yes
100831,Advanced Communication,2023-01-01,Communication,Yes
100831,Data-Driven Decision Making,2024-06-11,Technical,Yes
100831,Communication Skills 101,2025-01-14,Communication,Yes
100832,Communication Skills 101,2020-01-14,Communication,Yes
100832,Foundations of Excellence,2020-04-11,Technical,Yes
100832,People Management Basics,2020-12-20,Management,Yes
100832,Coaching Skills,2021-09-14,Leadership,No
100832,Leadership Essentials,2021-10-12,Leadership,Yes
100832,Advanced Communication,2022-06-17,Communication,Yes
100832,Cross-functional Collaboration,2022-11-10,Communication,Yes
100832,Compliance Basics,2023-09-06,Compliance,Yes
100832,Data-Driven Decision Making,2024-10-25,Technical,Yes
100832,Strategic Thinking,2025-02-19,Leadership,Yes
100833,Data-Driven Decision Making,2023-08-18,Technical,Yes
100833,Leadership Essentials,2023-10-05,Leadership,Yes
100833,Business Writing,2025-04-17,Communication,No
100833,People Management Basics,2025-07-18,Management,Yes
100833,Anti-Harassment Training,2025-09-22,Compliance,No
100833,Project Management Fundamentals,2025-10-17,Technical,Yes
100833,Compliance Basics,2026-01-19,Compliance,Yes
100833,Strategic Thinking,2026-02-03,Leadership,Yes
100833,Cross-functional Collaboration,2026-04-05,Communication,Yes
100833,Advanced Communication,2026-06-06,Communication,Yes
100834,Advanced Communication,2021-09-20,Communication,Yes
100834,Power BI Fundamentals,2021-12-16,Technical,No
100834,Strategic Thinking,2022-08-20,Leadership,Yes
100834,Compliance Basics,2022-11-14,Compliance,Yes
100834,Excel Advanced,2023-01-21,Technical,No
100834,Cross-functional Collaboration,2023-07-03,Communication,Yes
100834,Negotiation Tactics,2023-07-20,Communication,No
100834,Business Writing,2023-11-23,Communication,No
100834,Executive Presence,2024-02-01,Leadership,Yes
100834,People Management Basics,2024-02-02,Management,Yes
100834,Business Strategy,2024-05-13,Management,Yes
100834,Organizational Leadership,2024-10-20,Management,Yes
100834,Data-Driven Decision Making,2025-07-15,Technical,Yes
100834,Foundations of Excellence,2025-12-03,Technical,Yes
100834,Project Management Fundamentals,2026-01-15,Technical,Yes
100834,Leadership Essentials,2026-04-24,Leadership,Yes
100834,Communication Skills 101,2026-04-29,Communication,Yes
100834,Budget Planning,2026-05-31,Management,No
100835,Strategic Thinking,2020-11-21,Leadership,Yes
100835,Executive Presence,2021-01-27,Leadership,Yes
100835,Compliance Basics,2021-07-13,Compliance,Yes
100835,Organizational Leadership,2021-09-10,Management,Yes
100835,Communication Skills 101,2021-09-25,Communication,Yes
100835,Foundations of Excellence,2022-01-16,Technical,Yes
100835,Talent Acquisition,2024-06-11,Management,No
100835,People Management Basics,2024-11-22,Management,Yes
100835,Data-Driven Decision Making,2025-03-08,Technical,Yes
100835,Project Management Fundamentals,2025-07-02,Technical,Yes
100835,Advanced Communication,2025-11-13,Communication,Yes
100835,Cross-functional Collaboration,2026-02-13,Communication,Yes
100836,Data-Driven Decision Making,2018-05-25,Technical,Yes
100836,Communication Skills 101,2020-09-30,Communication,Yes
100836,Project Management Fundamentals,2021-06-13,Technical,Yes
100836,Foundations of Excellence,2022-06-17,Technical,Yes
100836,Change Management,2022-10-10,Leadership,No
100836,Advanced Communication,2023-02-24,Communication,Yes
100836,Strategic Thinking,2023-08-27,Leadership,Yes
100837,Performance Management,2026-04-05,Management,No
100837,Project Management Fundamentals,2026-04-11,Technical,Yes
100837,Compliance Basics,2026-04-20,Compliance,Yes
100837,Negotiation Tactics,2026-04-27,Communication,No
100837,Business Writing,2026-05-10,Communication,No
100837,Foundations of Excellence,2026-05-20,Technical,Yes
100837,Communication Skills 101,2026-06-01,Communication,Yes
100838,Data-Driven Decision Making,2020-02-20,Technical,Yes
100838,Excel Advanced,2020-09-21,Technical,No
100838,Strategic Thinking,2021-02-05,Leadership,Yes
100838,Communication Skills 101,2021-03-17,Communication,Yes
100838,Compliance Basics,2021-08-16,Compliance,Yes
100838,Negotiation Tactics,2022-01-10,Communication,No
100838,People Management Basics,2022-03-02,Management,Yes
100838,Foundations of Excellence,2022-08-07,Technical,Yes
100838,Cross-functional Collaboration,2022-11-28,Communication,Yes
100838,Workplace Safety,2023-07-20,Compliance,No
100838,Leadership Essentials,2023-09-22,Leadership,Yes
100838,Advanced Communication,2023-09-27,Communication,Yes
100838,Project Management Fundamentals,2024-11-20,Technical,Yes
100838,Conflict Resolution,2025-06-09,Leadership,No
100838,Data Privacy & GDPR,2025-09-06,Compliance,No
100839,Data-Driven Decision Making,2020-07-04,Technical,Yes
100839,Communication Skills 101,2021-02-06,Communication,Yes
100839,Compliance Basics,2022-06-28,Compliance,Yes
100839,Strategic Thinking,2023-02-03,Leadership,Yes
100839,Change Management,2023-06-29,Leadership,No
100839,Workplace Safety,2023-07-31,Compliance,No
100839,Project Management Fundamentals,2024-03-22,Technical,Yes
100839,Advanced Communication,2026-03-15,Communication,Yes
100840,Coaching Skills,2020-11-10,Leadership,No
100840,Strategic Thinking,2021-01-14,Leadership,Yes
100840,Data-Driven Decision Making,2021-08-06,Technical,Yes
100840,Budget Planning,2022-07-07,Management,No
100840,Communication Skills 101,2023-06-02,Communication,Yes
100840,Excel Advanced,2023-08-22,Technical,No
100840,Foundations of Excellence,2023-08-26,Technical,Yes
100840,Project Management Fundamentals,2023-12-18,Technical,Yes
100840,Advanced Communication,2025-07-12,Communication,Yes
100840,Compliance Basics,2025-09-01,Compliance,Yes
100840,Cross-functional Collaboration,2026-04-14,Communication,Yes
100841,Communication Skills 101,2023-11-14,Communication,Yes
100841,Business Writing,2023-12-09,Communication,No
100841,Python for Data Analysis,2024-01-24,Technical,No
100841,Performance Management,2024-03-14,Management,No
100841,Foundations of Excellence,2024-08-16,Technical,Yes
100841,Anti-Harassment Training,2025-10-19,Compliance,No
100841,Project Management Fundamentals,2025-11-13,Technical,Yes
100841,SQL Essentials,2026-03-22,Technical,No
100842,Project Management Fundamentals,2019-03-09,Technical,Yes
100842,Foundations of Excellence,2020-05-20,Technical,Yes
100842,Communication Skills 101,2022-03-24,Communication,Yes
100842,Compliance Basics,2022-04-13,Compliance,Yes
100842,Data-Driven Decision Making,2025-05-01,Technical,Yes
100842,Business Writing,2025-09-18,Communication,No
100843,People Management Basics,2018-03-24,Management,Yes
100843,Data-Driven Decision Making,2020-02-23,Technical,Yes
100843,Data Privacy & GDPR,2020-09-13,Compliance,No
100843,Project Management Fundamentals,2021-01-05,Technical,Yes
100843,Leadership Essentials,2021-02-20,Leadership,Yes
100843,Communication Skills 101,2021-10-18,Communication,Yes
100843,Advanced Communication,2022-01-24,Communication,Yes
100843,Compliance Basics,2023-08-22,Compliance,Yes
100843,Foundations of Excellence,2023-10-31,Technical,Yes
100843,Strategic Thinking,2024-02-16,Leadership,Yes
100843,Workplace Safety,2024-03-24,Compliance,No
100843,Budget Planning,2024-05-07,Management,No
100843,Cross-functional Collaboration,2024-06-06,Communication,Yes
100843,Python for Data Analysis,2024-06-06,Technical,No
100844,Project Management Fundamentals,2019-01-04,Technical,Yes
100844,Workplace Safety,2019-10-13,Compliance,No
100844,Excel Advanced,2020-07-21,Technical,No
100844,Advanced Communication,2021-04-27,Communication,Yes
100844,Data-Driven Decision Making,2022-07-01,Technical,Yes
100844,Cross-functional Collaboration,2022-09-04,Communication,Yes
100844,Foundations of Excellence,2023-06-02,Technical,Yes
100844,Compliance Basics,2024-03-11,Compliance,Yes
100844,Communication Skills 101,2026-04-19,Communication,Yes
100845,Project Management Fundamentals,2022-03-10,Technical,Yes
100845,Negotiation Tactics,2022-07-28,Communication,No
100845,Foundations of Excellence,2022-08-27,Technical,Yes
100845,People Management Basics,2023-02-16,Management,Yes
100845,Conflict Resolution,2023-05-08,Leadership,No
100845,Leadership Essentials,2024-04-13,Leadership,Yes
100845,Data-Driven Decision Making,2024-04-22,Technical,Yes
100845,Compliance Basics,2024-05-05,Compliance,Yes
100845,Budget Planning,2024-12-07,Management,No
100845,Advanced Communication,2025-07-16,Communication,Yes
100845,Business Writing,2025-08-21,Communication,No
100845,Cross-functional Collaboration,2026-01-09,Communication,Yes
100845,Strategic Thinking,2026-03-01,Leadership,Yes
100846,Compliance Basics,2026-03-14,Compliance,Yes
100846,Cross-functional Collaboration,2026-03-17,Communication,Yes
100846,Data-Driven Decision Making,2026-03-19,Technical,Yes
100846,Foundations of Excellence,2026-04-06,Technical,Yes
100846,Conflict Resolution,2026-04-17,Leadership,No
100846,Strategic Thinking,2026-05-07,Leadership,Yes
100846,Budget Planning,2026-05-08,Management,No
100846,Executive Presence,2026-05-10,Leadership,Yes
100846,Business Strategy,2026-05-10,Management,Yes
100846,Communication Skills 101,2026-05-21,Communication,Yes
100846,Leadership Essentials,2026-05-22,Leadership,Yes
100846,Project Management Fundamentals,2026-05-23,Technical,Yes
100846,Organizational Leadership,2026-05-25,Management,Yes
100846,People Management Basics,2026-05-26,Management,Yes
100846,Advanced Communication,2026-06-09,Communication,Yes
100846,Executive Leadership Program,2026-06-13,Leadership,Yes
100847,Performance Management,2019-03-26,Management,No
100847,Presentation Skills,2019-10-30,Communication,No
100847,Communication Skills 101,2020-01-16,Communication,Yes
100847,Negotiation Tactics,2020-03-25,Communication,No
100847,Foundations of Excellence,2021-11-09,Technical,Yes
100847,Project Management Fundamentals,2024-01-22,Technical,Yes
100847,Compliance Basics,2024-02-23,Compliance,Yes
100847,Data-Driven Decision Making,2025-10-29,Technical,Yes
100848,People Management Basics,2026-03-31,Management,Yes
100848,Conflict Resolution,2026-04-04,Leadership,No
100848,Strategic Thinking,2026-04-07,Leadership,Yes
100848,Excel Advanced,2026-04-11,Technical,No
100848,Data-Driven Decision Making,2026-04-12,Technical,Yes
100848,Organizational Leadership,2026-04-13,Management,Yes
100848,Communication Skills 101,2026-04-30,Communication,Yes
100848,Business Strategy,2026-05-03,Management,Yes
100848,Foundations of Excellence,2026-05-08,Technical,Yes
100848,Executive Leadership Program,2026-05-12,Leadership,Yes
100848,Executive Presence,2026-05-17,Leadership,Yes
100848,Leadership Essentials,2026-05-20,Leadership,Yes
100848,Advanced Communication,2026-06-03,Communication,Yes
100848,Compliance Basics,2026-06-10,Compliance,Yes
100848,Data Privacy & GDPR,2026-06-13,Compliance,No
100848,Cross-functional Collaboration,2026-06-15,Communication,Yes
100849,Project Management Fundamentals,2023-09-17,Technical,Yes
100849,Leadership Essentials,2023-10-30,Leadership,Yes
100849,Advanced Communication,2024-02-05,Communication,Yes
100849,Foundations of Excellence,2024-02-08,Technical,Yes
100849,Budget Planning,2024-06-03,Management,No
100849,Cross-functional Collaboration,2024-06-14,Communication,Yes
100849,Executive Presence,2024-08-14,Leadership,Yes
100849,Communication Skills 101,2024-10-29,Communication,Yes
100849,Organizational Leadership,2024-11-26,Management,Yes
100849,Cloud Computing Basics,2025-01-04,Technical,No
100849,People Management Basics,2025-02-08,Management,Yes
100849,Strategic Thinking,2025-10-23,Leadership,Yes
100849,Compliance Basics,2025-11-25,Compliance,Yes
100849,Business Strategy,2026-02-17,Management,Yes
100849,Executive Leadership Program,2026-03-04,Leadership,Yes
100850,Compliance Basics,2017-06-03,Compliance,Yes
100850,Data-Driven Decision Making,2017-09-23,Technical,Yes
100850,Advanced Communication,2018-04-04,Communication,Yes
100850,Performance Management,2019-04-19,Management,No
100850,Cross-functional Collaboration,2021-03-22,Communication,Yes
100850,Communication Skills 101,2021-05-06,Communication,Yes
100850,Project Management Fundamentals,2021-05-18,Technical,Yes
100850,Foundations of Excellence,2025-01-03,Technical,Yes
100851,Compliance Basics,2025-03-31,Compliance,Yes
100851,Advanced Communication,2025-04-13,Communication,Yes
100851,Strategic Thinking,2025-06-11,Leadership,Yes
100851,Project Management Fundamentals,2025-11-09,Technical,Yes
100851,Communication Skills 101,2025-11-23,Communication,Yes
100851,Performance Management,2026-01-28,Management,No
100851,Foundations of Excellence,2026-02-15,Technical,Yes
100851,Data-Driven Decision Making,2026-03-12,Technical,Yes
100851,Cross-functional Collaboration,2026-05-02,Communication,Yes
100852,Compliance Basics,2019-11-21,Compliance,Yes
100852,Power BI Fundamentals,2019-11-28,Technical,No
100852,SQL Essentials,2020-03-11,Technical,No
100852,Foundations of Excellence,2020-04-11,Technical,Yes
100852,Communication Skills 101,2020-04-11,Communication,Yes
100853,Strategic Thinking,2017-11-28,Leadership,Yes
100853,Communication Skills 101,2018-01-20,Communication,Yes
100853,Cross-functional Collaboration,2018-03-26,Communication,Yes
100853,Cloud Computing Basics,2018-04-08,Technical,No
100853,Presentation Skills,2018-04-12,Communication,No
100853,Project Management Fundamentals,2018-04-15,Technical,Yes
100853,Foundations of Excellence,2018-06-01,Technical,Yes
100853,Data-Driven Decision Making,2018-07-05,Technical,Yes
100853,Compliance Basics,2018-07-13,Compliance,Yes
100853,Advanced Communication,2018-10-15,Communication,Yes
100853,Performance Management,2019-01-13,Management,No
100853,Negotiation Tactics,2019-01-22,Communication,No
100854,Python for Data Analysis,2025-05-31,Technical,No
100854,Data-Driven Decision Making,2025-06-07,Technical,Yes
100854,Compliance Basics,2025-06-22,Compliance,Yes
100854,Communication Skills 101,2025-07-03,Communication,Yes
100854,Performance Management,2026-01-16,Management,No
100854,Advanced Communication,2026-01-17,Communication,Yes
100854,Cross-functional Collaboration,2026-03-25,Communication,Yes
100854,Change Management,2026-04-05,Leadership,No
100854,Project Management Fundamentals,2026-04-24,Technical,Yes
100855,Project Management Fundamentals,2023-03-19,Technical,Yes
100855,Performance Management,2023-06-13,Management,No
100855,Compliance Basics,2023-09-30,Compliance,Yes
100855,Presentation Skills,2024-07-22,Communication,No
100855,Strategic Thinking,2024-10-13,Leadership,Yes
100855,Advanced Communication,2025-01-07,Communication,Yes
100855,Cross-functional Collaboration,2025-03-25,Communication,Yes
100855,Foundations of Excellence,2025-03-31,Technical,Yes
100855,Communication Skills 101,2025-08-01,Communication,Yes
100855,Data-Driven Decision Making,2026-06-02,Technical,Yes
100856,Business Strategy,2020-06-22,Management,Yes
100856,Negotiation Tactics,2020-09-26,Communication,No
100856,Advanced Communication,2021-01-26,Communication,Yes
100856,Cross-functional Collaboration,2021-03-18,Communication,Yes
100856,Organizational Leadership,2021-07-31,Management,Yes
100856,Strategic Thinking,2022-02-25,Leadership,Yes
100856,Executive Leadership Program,2022-12-20,Leadership,Yes
100856,Performance Management,2023-05-02,Management,No
100856,People Management Basics,2023-09-14,Management,Yes
100856,Project Management Fundamentals,2024-05-20,Technical,Yes
100856,Data-Driven Decision Making,2024-06-01,Technical,Yes
100856,Communication Skills 101,2024-06-07,Communication,Yes
100856,Compliance Basics,2024-07-31,Compliance,Yes
100857,Change Management,2017-09-05,Leadership,No
100857,Coaching Skills,2018-01-10,Leadership,No
100857,Power BI Fundamentals,2018-10-21,Technical,No
100857,Compliance Basics,2019-08-01,Compliance,Yes
100857,Project Management Fundamentals,2020-01-25,Technical,Yes
100857,Communication Skills 101,2020-06-20,Communication,Yes
100857,Cross-functional Collaboration,2020-09-11,Communication,Yes
100857,Data Privacy & GDPR,2021-05-23,Compliance,No
100857,Presentation Skills,2022-02-05,Communication,No
100857,Strategic Thinking,2022-07-08,Leadership,Yes
100857,People Management Basics,2022-10-13,Management,Yes
100857,Advanced Communication,2022-11-24,Communication,Yes
100857,Foundations of Excellence,2023-09-02,Technical,Yes
100858,Advanced Communication,2021-10-12,Communication,Yes
100858,Excel Advanced,2022-02-23,Technical,No
100858,Cross-functional Collaboration,2022-02-26,Communication,Yes
100858,SQL Essentials,2022-12-15,Technical,No
100858,Performance Management,2023-03-10,Management,No
100858,Project Management Fundamentals,2023-08-02,Technical,Yes
100858,Compliance Basics,2023-08-16,Compliance,Yes
100858,Presentation Skills,2024-08-25,Communication,No
100858,Communication Skills 101,2025-09-13,Communication,Yes
100858,Foundations of Excellence,2025-09-24,Technical,Yes
100859,Compliance Basics,2021-02-02,Compliance,Yes
100859,Project Management Fundamentals,2023-07-11,Technical,Yes
100859,Performance Management,2023-07-18,Management,No
100859,Communication Skills 101,2024-02-16,Communication,Yes
100859,Foundations of Excellence,2025-02-13,Technical,Yes
100859,Data-Driven Decision Making,2025-03-13,Technical,Yes
100859,Data Privacy & GDPR,2025-07-24,Compliance,No
100860,People Management Basics,2022-04-21,Management,Yes
100860,Power BI Fundamentals,2022-08-23,Technical,No
100860,Project Management Fundamentals,2022-08-31,Technical,Yes
100860,Foundations of Excellence,2023-07-16,Technical,Yes
100860,Strategic Thinking,2023-11-04,Leadership,Yes
100860,Communication Skills 101,2024-05-03,Communication,Yes
100860,Data-Driven Decision Making,2024-09-18,Technical,Yes
100860,Cross-functional Collaboration,2025-07-01,Communication,Yes
100860,Compliance Basics,2025-07-21,Compliance,Yes
100861,Foundations of Excellence,2017-02-05,Technical,Yes
100861,Budget Planning,2017-10-10,Management,No
100861,People Management Basics,2018-01-24,Management,Yes
100861,Data Privacy & GDPR,2019-06-05,Compliance,No
100861,Advanced Communication,2020-09-12,Communication,Yes
100861,Strategic Thinking,2020-10-23,Leadership,Yes
100861,Workplace Safety,2020-12-13,Compliance,No
100861,Project Management Fundamentals,2022-01-12,Technical,Yes
100861,Cross-functional Collaboration,2022-05-11,Communication,Yes
100861,Leadership Essentials,2022-07-20,Leadership,Yes
100861,Data-Driven Decision Making,2022-10-04,Technical,Yes
100861,Organizational Leadership,2023-10-06,Management,Yes
100861,Communication Skills 101,2024-02-18,Communication,Yes
100861,Compliance Basics,2025-07-07,Compliance,Yes
100861,Executive Presence,2025-11-14,Leadership,Yes
100862,Executive Presence,2019-12-22,Leadership,Yes
100862,Business Strategy,2020-01-31,Management,Yes
100862,Project Management Fundamentals,2020-12-29,Technical,Yes
100862,Communication Skills 101,2021-06-24,Communication,Yes
100862,Leadership Essentials,2023-07-17,Leadership,Yes
100862,Budget Planning,2024-11-01,Management,No
100862,Foundations of Excellence,2025-09-10,Technical,Yes
100862,Cross-functional Collaboration,2025-10-24,Communication,Yes
100862,Data-Driven Decision Making,2025-12-10,Technical,Yes
100862,Advanced Communication,2026-01-13,Communication,Yes
100862,Organizational Leadership,2026-02-04,Management,Yes
100862,Compliance Basics,2026-05-14,Compliance,Yes
100863,Advanced Communication,2020-09-10,Communication,Yes
100863,Foundations of Excellence,2022-08-19,Technical,Yes
100863,Negotiation Tactics,2022-08-23,Communication,No
100863,Workplace Safety,2023-01-26,Compliance,No
100863,Presentation Skills,2023-08-24,Communication,No
100863,Project Management Fundamentals,2024-03-18,Technical,Yes
100863,Coaching Skills,2024-11-15,Leadership,No
100863,Communication Skills 101,2025-04-16,Communication,Yes
100863,Compliance Basics,2026-01-09,Compliance,Yes
100864,Foundations of Excellence,2024-10-09,Technical,Yes
100864,Compliance Basics,2024-10-25,Compliance,Yes
100864,Presentation Skills,2024-11-02,Communication,No
100864,Project Management Fundamentals,2025-03-15,Technical,Yes
100864,Excel Advanced,2025-04-17,Technical,No
100864,Communication Skills 101,2025-07-22,Communication,Yes
100865,Change Management,2019-05-23,Leadership,No
100865,Compliance Basics,2020-03-05,Compliance,Yes
100865,Communication Skills 101,2020-07-05,Communication,Yes
100865,Project Management Fundamentals,2023-03-27,Technical,Yes
100865,Data-Driven Decision Making,2025-02-09,Technical,Yes
100866,Foundations of Excellence,2021-02-15,Technical,Yes
100866,Organizational Leadership,2021-08-11,Management,Yes
100866,Presentation Skills,2021-08-29,Communication,No
100866,Power BI Fundamentals,2022-03-12,Technical,No
100866,Cloud Computing Basics,2022-05-08,Technical,No
100866,Strategic Thinking,2022-10-28,Leadership,Yes
100866,Performance Management,2024-02-02,Management,No
100866,Business Strategy,2024-10-16,Management,Yes
100866,Communication Skills 101,2024-10-26,Communication,Yes
100866,Executive Presence,2025-07-02,Leadership,Yes
100866,People Management Basics,2025-08-24,Management,Yes
100866,Advanced Communication,2025-10-10,Communication,Yes
100866,Anti-Harassment Training,2025-10-29,Compliance,No
100866,Cross-functional Collaboration,2025-12-29,Communication,Yes
100866,Compliance Basics,2026-01-19,Compliance,Yes
100866,Project Management Fundamentals,2026-03-03,Technical,Yes
100866,Leadership Essentials,2026-05-06,Leadership,Yes
100867,Project Management Fundamentals,2025-04-20,Technical,Yes
100867,Compliance Basics,2025-05-09,Compliance,Yes
100867,Cross-functional Collaboration,2025-08-07,Communication,Yes
100867,Excel Advanced,2025-09-27,Technical,No
100867,Strategic Thinking,2025-11-17,Leadership,Yes
100867,Anti-Harassment Training,2026-01-27,Compliance,No
100867,Foundations of Excellence,2026-03-08,Technical,Yes
100867,Communication Skills 101,2026-04-28,Communication,Yes
100867,Data-Driven Decision Making,2026-05-12,Technical,Yes
100868,Conflict Resolution,2023-05-11,Leadership,No
100868,Data-Driven Decision Making,2023-07-06,Technical,Yes
100868,Compliance Basics,2023-07-10,Compliance,Yes
100868,Communication Skills 101,2023-09-18,Communication,Yes
100868,Foundations of Excellence,2024-04-29,Technical,Yes
100868,Project Management Fundamentals,2024-08-16,Technical,Yes
100868,Budget Planning,2024-12-23,Management,No
100868,Data Privacy & GDPR,2025-01-15,Compliance,No
100868,Leadership Essentials,2025-08-30,Leadership,Yes
100868,People Management Basics,2025-11-11,Management,Yes
100868,Strategic Thinking,2026-02-06,Leadership,Yes
100868,Advanced Communication,2026-04-17,Communication,Yes
100869,Compliance Basics,2019-09-30,Compliance,Yes
100869,Leadership Essentials,2019-10-07,Leadership,Yes
100869,Performance Management,2020-03-22,Management,No
100869,Organizational Leadership,2020-04-19,Management,Yes
100869,People Management Basics,2020-05-02,Management,Yes
100869,Foundations of Excellence,2020-08-12,Technical,Yes
100869,Conflict Resolution,2020-09-11,Leadership,No
100869,Project Management Fundamentals,2020-10-14,Technical,Yes
100869,Communication Skills 101,2020-12-30,Communication,Yes
100869,Strategic Thinking,2021-01-28,Leadership,Yes
100869,Cross-functional Collaboration,2021-04-21,Communication,Yes
100869,Executive Leadership Program,2022-02-08,Leadership,Yes
100869,Advanced Communication,2022-03-15,Communication,Yes
100869,Data-Driven Decision Making,2022-05-29,Technical,Yes
100869,Executive Presence,2022-08-21,Leadership,Yes
100869,Business Strategy,2022-09-29,Management,Yes
100870,People Management Basics,2025-10-04,Management,Yes
100870,Organizational Leadership,2025-10-07,Management,Yes
100870,Leadership Essentials,2025-12-22,Leadership,Yes
100870,SQL Essentials,2026-01-04,Technical,No
100870,Communication Skills 101,2026-01-11,Communication,Yes
100870,Foundations of Excellence,2026-01-18,Technical,Yes
100870,Compliance Basics,2026-01-31,Compliance,Yes
100870,Strategic Thinking,2026-02-04,Leadership,Yes
100870,Project Management Fundamentals,2026-02-12,Technical,Yes
100870,Cross-functional Collaboration,2026-03-13,Communication,Yes
100870,Data-Driven Decision Making,2026-03-24,Technical,Yes
100870,Presentation Skills,2026-04-27,Communication,No
100870,Advanced Communication,2026-05-27,Communication,Yes
100870,Power BI Fundamentals,2026-06-05,Technical,No
100870,Performance Management,2026-06-13,Management,No
100871,Strategic Thinking,2018-02-15,Leadership,Yes
100871,Cross-functional Collaboration,2018-10-14,Communication,Yes
100871,Foundations of Excellence,2018-10-31,Technical,Yes
100871,Project Management Fundamentals,2020-09-06,Technical,Yes
100871,Advanced Communication,2021-09-26,Communication,Yes
100871,Negotiation Tactics,2023-08-02,Communication,No
100871,Data-Driven Decision Making,2025-06-23,Technical,Yes
100871,Communication Skills 101,2025-09-13,Communication,Yes
100871,Compliance Basics,2026-06-12,Compliance,Yes
100872,Budget Planning,2024-11-22,Management,No
100872,Coaching Skills,2025-02-10,Leadership,No
100872,Python for Data Analysis,2025-03-31,Technical,No
100872,Data-Driven Decision Making,2025-04-18,Technical,Yes
100872,Compliance Basics,2025-06-03,Compliance,Yes
100872,Advanced Communication,2025-06-11,Communication,Yes
100872,Communication Skills 101,2025-06-15,Communication,Yes
100872,Strategic Thinking,2025-12-22,Leadership,Yes
100872,Business Writing,2026-01-07,Communication,No
100872,Leadership Essentials,2026-04-07,Leadership,Yes
100872,Cross-functional Collaboration,2026-04-29,Communication,Yes
100873,Compliance Basics,2022-04-02,Compliance,Yes
100873,Communication Skills 101,2022-10-14,Communication,Yes
100873,Cross-functional Collaboration,2022-12-22,Communication,Yes
100873,Talent Acquisition,2023-04-23,Management,No
100873,Strategic Thinking,2023-06-06,Leadership,Yes
100873,Coaching Skills,2023-12-07,Leadership,No
100873,Budget Planning,2024-04-17,Management,No
100873,Data-Driven Decision Making,2024-11-13,Technical,Yes
100873,Advanced Communication,2025-11-18,Communication,Yes
100873,Project Management Fundamentals,2026-05-24,Technical,Yes
100873,People Management Basics,2026-06-05,Management,Yes
100874,Cross-functional Collaboration,2017-12-29,Communication,Yes
100874,Advanced Communication,2018-08-28,Communication,Yes
100874,Foundations of Excellence,2018-11-09,Technical,Yes
100874,Data-Driven Decision Making,2020-03-30,Technical,Yes
100874,Strategic Thinking,2022-08-05,Leadership,Yes
100874,Project Management Fundamentals,2023-02-23,Technical,Yes
100874,Talent Acquisition,2024-02-06,Management,No
100874,SQL Essentials,2025-04-10,Technical,No
100874,Python for Data Analysis,2026-04-20,Technical,No
100874,Compliance Basics,2026-06-03,Compliance,Yes
100875,Advanced Communication,2018-08-19,Communication,Yes
100875,Negotiation Tactics,2018-12-09,Communication,No
100875,Organizational Leadership,2019-03-27,Management,Yes
100875,People Management Basics,2019-07-29,Management,Yes
100875,Communication Skills 101,2020-01-25,Communication,Yes
100875,Executive Presence,2020-09-28,Leadership,Yes
100875,Foundations of Excellence,2020-10-21,Technical,Yes
100875,Project Management Fundamentals,2020-11-29,Technical,Yes
100875,Compliance Basics,2021-08-02,Compliance,Yes
100875,Data-Driven Decision Making,2022-01-24,Technical,Yes
100875,Strategic Thinking,2023-03-16,Leadership,Yes
100875,Executive Leadership Program,2023-07-09,Leadership,Yes
100875,Cross-functional Collaboration,2023-12-26,Communication,Yes
100875,Talent Acquisition,2024-04-12,Management,No
100875,Leadership Essentials,2025-03-23,Leadership,Yes
100875,Business Strategy,2026-03-08,Management,Yes
100876,Foundations of Excellence,2018-05-13,Technical,Yes
100876,Project Management Fundamentals,2019-12-18,Technical,Yes
100876,Advanced Communication,2021-11-11,Communication,Yes
100876,Compliance Basics,2022-12-25,Compliance,Yes
100876,Data-Driven Decision Making,2023-06-16,Technical,Yes
100876,Cross-functional Collaboration,2023-07-21,Communication,Yes
100876,Leadership Essentials,2023-10-17,Leadership,Yes
100876,Communication Skills 101,2023-12-17,Communication,Yes
100876,Strategic Thinking,2024-02-03,Leadership,Yes
100876,Anti-Harassment Training,2024-09-17,Compliance,No
100876,Performance Management,2025-09-21,Management,No
100877,Performance Management,2021-11-04,Management,No
100877,Compliance Basics,2021-12-08,Compliance,Yes
100877,Project Management Fundamentals,2021-12-25,Technical,Yes
100877,Communication Skills 101,2024-08-23,Communication,Yes
100877,Foundations of Excellence,2025-04-13,Technical,Yes
100878,Project Management Fundamentals,2021-07-14,Technical,Yes
100878,Compliance Basics,2021-08-06,Compliance,Yes
100878,Python for Data Analysis,2021-10-16,Technical,No
100878,Strategic Thinking,2022-06-28,Leadership,Yes
100878,Data-Driven Decision Making,2024-01-25,Technical,Yes
100878,Power BI Fundamentals,2024-03-14,Technical,No
100878,Advanced Communication,2024-12-20,Communication,Yes
100878,Foundations of Excellence,2025-03-11,Technical,Yes
100878,Communication Skills 101,2025-06-29,Communication,Yes
100879,Foundations of Excellence,2025-07-29,Technical,Yes
100879,Business Writing,2025-08-07,Communication,No
100879,Project Management Fundamentals,2026-01-09,Technical,Yes
100879,Compliance Basics,2026-02-03,Compliance,Yes
100880,Negotiation Tactics,2024-04-25,Communication,No
100880,Power BI Fundamentals,2024-06-09,Technical,No
100880,Coaching Skills,2025-02-16,Leadership,No
100880,Communication Skills 101,2026-01-04,Communication,Yes
100880,Python for Data Analysis,2026-02-19,Technical,No
100880,Foundations of Excellence,2026-03-20,Technical,Yes
100880,Anti-Harassment Training,2026-05-02,Compliance,No
100880,Project Management Fundamentals,2026-05-22,Technical,Yes
100881,Excel Advanced,2023-04-25,Technical,No
100881,Executive Presence,2023-05-22,Leadership,Yes
100881,Strategic Thinking,2023-07-14,Leadership,Yes
100881,Organizational Leadership,2023-07-26,Management,Yes
100881,People Management Basics,2023-08-07,Management,Yes
100881,Compliance Basics,2024-01-29,Compliance,Yes
100881,Advanced Communication,2024-03-25,Communication,Yes
100881,Data-Driven Decision Making,2025-02-28,Technical,Yes
100881,Leadership Essentials,2025-05-08,Leadership,Yes
100881,Cross-functional Collaboration,2025-07-21,Communication,Yes
100881,Project Management Fundamentals,2025-09-01,Technical,Yes
100881,Business Strategy,2025-10-09,Management,Yes
100881,Foundations of Excellence,2026-05-08,Technical,Yes
100882,Communication Skills 101,2023-05-09,Communication,Yes
100882,Compliance Basics,2024-03-11,Compliance,Yes
100882,Data Privacy & GDPR,2025-03-03,Compliance,No
100883,Python for Data Analysis,2020-06-20,Technical,No
100883,Cloud Computing Basics,2021-02-10,Technical,No
100883,Project Management Fundamentals,2021-11-26,Technical,Yes
100883,Change Management,2022-10-02,Leadership,No
100883,Excel Advanced,2022-11-08,Technical,No
100883,Advanced Communication,2022-11-20,Communication,Yes
100883,Data-Driven Decision Making,2023-03-14,Technical,Yes
100883,Foundations of Excellence,2024-04-02,Technical,Yes
100883,Compliance Basics,2025-11-21,Compliance,Yes
100883,Anti-Harassment Training,2026-05-20,Compliance,No
100884,Data-Driven Decision Making,2023-02-05,Technical,Yes
100884,Performance Management,2024-01-06,Management,No
100884,Compliance Basics,2024-03-31,Compliance,Yes
100884,Strategic Thinking,2024-06-08,Leadership,Yes
100884,Conflict Resolution,2024-09-18,Leadership,No
100884,Cross-functional Collaboration,2025-04-02,Communication,Yes
100884,Excel Advanced,2025-07-20,Technical,No
100884,Change Management,2025-11-24,Leadership,No
100884,Communication Skills 101,2026-01-21,Communication,Yes
100884,Project Management Fundamentals,2026-02-10,Technical,Yes
100884,Advanced Communication,2026-04-27,Communication,Yes
100884,Foundations of Excellence,2026-05-03,Technical,Yes
100884,Leadership Essentials,2026-05-13,Leadership,Yes
100885,Foundations of Excellence,2024-09-11,Technical,Yes
100885,Communication Skills 101,2024-10-10,Communication,Yes
100885,Negotiation Tactics,2025-01-12,Communication,No
100885,Data-Driven Decision Making,2025-03-25,Technical,Yes
100885,Power BI Fundamentals,2025-03-26,Technical,No
100885,Strategic Thinking,2025-05-05,Leadership,Yes
100885,Excel Advanced,2025-05-25,Technical,No
100885,People Management Basics,2025-06-03,Management,Yes
100885,Leadership Essentials,2025-07-10,Leadership,Yes
100885,Compliance Basics,2025-12-10,Compliance,Yes
100885,Advanced Communication,2026-02-27,Communication,Yes
100885,SQL Essentials,2026-04-11,Technical,No
100885,Cross-functional Collaboration,2026-06-14,Communication,Yes
100886,Strategic Thinking,2017-07-27,Leadership,Yes
100886,Communication Skills 101,2018-07-22,Communication,Yes
100886,People Management Basics,2019-01-31,Management,Yes
100886,Leadership Essentials,2019-03-22,Leadership,Yes
100886,Data Privacy & GDPR,2019-07-26,Compliance,No
100886,Project Management Fundamentals,2021-03-25,Technical,Yes
100886,Advanced Communication,2021-05-10,Communication,Yes
100886,Talent Acquisition,2021-08-30,Management,No
100886,Compliance Basics,2022-06-01,Compliance,Yes
100886,Data-Driven Decision Making,2022-09-07,Technical,Yes
100886,Change Management,2025-06-10,Leadership,No
100886,Presentation Skills,2026-04-10,Communication,No
100886,Cross-functional Collaboration,2026-06-05,Communication,Yes
100886,Conflict Resolution,2026-06-15,Leadership,No
100887,Data Privacy & GDPR,2020-03-31,Compliance,No
100887,Presentation Skills,2021-02-28,Communication,No
100887,Project Management Fundamentals,2021-04-29,Technical,Yes
100887,Communication Skills 101,2022-03-10,Communication,Yes
100887,Compliance Basics,2022-07-30,Compliance,Yes
100887,Foundations of Excellence,2023-11-17,Technical,Yes
100887,Performance Management,2023-11-22,Management,No
100887,Conflict Resolution,2024-07-30,Leadership,No
100887,Data-Driven Decision Making,2025-12-13,Technical,Yes
100888,Talent Acquisition,2019-09-04,Management,No
100888,Compliance Basics,2021-09-10,Compliance,Yes
100888,Foundations of Excellence,2022-03-07,Technical,Yes
100888,Workplace Safety,2023-03-25,Compliance,No
100888,Communication Skills 101,2024-07-13,Communication,Yes
100888,Project Management Fundamentals,2024-08-08,Technical,Yes
100888,Excel Advanced,2024-11-22,Technical,No
100888,Data Privacy & GDPR,2025-03-16,Compliance,No
100888,Data-Driven Decision Making,2026-03-09,Technical,Yes
100889,Negotiation Tactics,2018-02-07,Communication,No
100889,Change Management,2018-04-14,Leadership,No
100889,People Management Basics,2018-06-15,Management,Yes
100889,Cross-functional Collaboration,2018-07-30,Communication,Yes
100889,Conflict Resolution,2018-09-26,Leadership,No
100889,Strategic Thinking,2018-10-06,Leadership,Yes
100889,Presentation Skills,2018-10-19,Communication,No
100889,Project Management Fundamentals,2018-11-01,Technical,Yes
100889,Data-Driven Decision Making,2019-01-21,Technical,Yes
100889,Foundations of Excellence,2019-01-30,Technical,Yes
100889,Advanced Communication,2019-03-24,Communication,Yes
100890,Anti-Harassment Training,2018-07-30,Compliance,No
100890,Compliance Basics,2021-06-09,Compliance,Yes
100890,Power BI Fundamentals,2021-11-15,Technical,No
100890,Foundations of Excellence,2022-12-03,Technical,Yes
100890,Project Management Fundamentals,2023-05-22,Technical,Yes
100891,Power BI Fundamentals,2022-01-26,Technical,No
100891,Compliance Basics,2022-08-01,Compliance,Yes
100891,Communication Skills 101,2023-05-11,Communication,Yes
100891,Business Writing,2023-11-21,Communication,No
100891,Project Management Fundamentals,2024-04-21,Technical,Yes
100891,Foundations of Excellence,2025-09-21,Technical,Yes
100891,Budget Planning,2025-09-29,Management,No
100891,Conflict Resolution,2025-11-15,Leadership,No
100892,Presentation Skills,2020-02-29,Communication,No
100892,Advanced Communication,2020-06-16,Communication,Yes
100892,Communication Skills 101,2024-02-24,Communication,Yes
100892,Data-Driven Decision Making,2025-03-11,Technical,Yes
100892,SQL Essentials,2025-06-21,Technical,No
100892,Project Management Fundamentals,2025-09-29,Technical,Yes
100892,Coaching Skills,2026-02-04,Leadership,No
100893,Foundations of Excellence,2022-01-03,Technical,Yes
100893,Leadership Essentials,2022-01-14,Leadership,Yes
100893,Communication Skills 101,2022-01-18,Communication,Yes
100893,Anti-Harassment Training,2022-01-24,Compliance,No
100893,Cross-functional Collaboration,2022-02-18,Communication,Yes
100893,Advanced Communication,2022-02-26,Communication,Yes
100893,Compliance Basics,2022-03-02,Compliance,Yes
100893,People Management Basics,2022-03-02,Management,Yes
100893,Data-Driven Decision Making,2022-03-08,Technical,Yes
100893,Budget Planning,2022-04-09,Management,No
100894,Advanced Communication,2023-10-11,Communication,Yes
100894,Budget Planning,2024-07-20,Management,No
100894,Compliance Basics,2024-12-19,Compliance,Yes
100894,Foundations of Excellence,2025-02-04,Technical,Yes
100894,Data-Driven Decision Making,2025-05-29,Technical,Yes
100894,Communication Skills 101,2025-11-05,Communication,Yes
100894,Cross-functional Collaboration,2026-05-20,Communication,Yes
100894,Project Management Fundamentals,2026-05-31,Technical,Yes
100895,Foundations of Excellence,2019-01-02,Technical,Yes
100895,Negotiation Tactics,2020-06-23,Communication,No
100895,Budget Planning,2020-06-28,Management,No
100895,Communication Skills 101,2021-01-27,Communication,Yes
100895,Project Management Fundamentals,2021-02-24,Technical,Yes
100895,Strategic Thinking,2021-06-09,Leadership,Yes
100895,Organizational Leadership,2022-01-28,Management,Yes
100895,Cross-functional Collaboration,2022-02-18,Communication,Yes
100895,Leadership Essentials,2022-02-28,Leadership,Yes
100895,Data-Driven Decision Making,2023-04-24,Technical,Yes
100895,Advanced Communication,2023-06-10,Communication,Yes
100895,Compliance Basics,2024-01-09,Compliance,Yes
100895,People Management Basics,2024-12-19,Management,Yes
100896,Excel Advanced,2017-12-28,Technical,No
100896,Organizational Leadership,2018-03-10,Management,Yes
100896,Foundations of Excellence,2018-06-30,Technical,Yes
100896,Executive Presence,2018-10-27,Leadership,Yes
100896,SQL Essentials,2019-09-27,Technical,No
100896,Strategic Thinking,2019-11-30,Leadership,Yes
100896,Cross-functional Collaboration,2020-01-17,Communication,Yes
100896,Data-Driven Decision Making,2020-10-25,Technical,Yes
100896,Communication Skills 101,2022-04-20,Communication,Yes
100896,Leadership Essentials,2022-07-16,Leadership,Yes
100896,Advanced Communication,2025-10-22,Communication,Yes
100896,People Management Basics,2025-11-21,Management,Yes
100896,Compliance Basics,2026-02-14,Compliance,Yes
100897,Advanced Communication,2023-05-17,Communication,Yes
100897,Business Writing,2023-12-01,Communication,No
100897,Foundations of Excellence,2023-12-17,Technical,Yes
100897,Data-Driven Decision Making,2024-05-20,Technical,Yes
100897,Power BI Fundamentals,2024-05-23,Technical,No
100897,Project Management Fundamentals,2025-02-23,Technical,Yes
100897,Data Privacy & GDPR,2025-08-31,Compliance,No
100897,Budget Planning,2025-09-26,Management,No
100897,Cross-functional Collaboration,2025-10-09,Communication,Yes
100897,Communication Skills 101,2025-11-09,Communication,Yes
100898,Communication Skills 101,2020-11-02,Communication,Yes
100898,People Management Basics,2021-06-07,Management,Yes
100898,Advanced Communication,2021-10-15,Communication,Yes
100898,Project Management Fundamentals,2021-12-07,Technical,Yes
100898,Strategic Thinking,2023-02-18,Leadership,Yes
100898,Conflict Resolution,2023-04-23,Leadership,No
100898,Compliance Basics,2023-09-05,Compliance,Yes
100898,Foundations of Excellence,2023-12-29,Technical,Yes
100898,Data-Driven Decision Making,2024-03-13,Technical,Yes
100898,Executive Presence,2024-05-30,Leadership,Yes
100898,Cross-functional Collaboration,2025-05-19,Communication,Yes
100898,Leadership Essentials,2025-07-07,Leadership,Yes
100898,Anti-Harassment Training,2026-05-14,Compliance,No
100899,Project Management Fundamentals,2019-04-17,Technical,Yes
100899,Cross-functional Collaboration,2021-12-03,Communication,Yes
100899,Strategic Thinking,2022-02-11,Leadership,Yes
100899,Compliance Basics,2022-07-31,Compliance,Yes
100899,Conflict Resolution,2023-03-03,Leadership,No
100899,Advanced Communication,2023-08-28,Communication,Yes
100899,Foundations of Excellence,2024-03-15,Technical,Yes
100899,Leadership Essentials,2024-05-14,Leadership,Yes
100899,People Management Basics,2024-08-29,Management,Yes
100899,Data-Driven Decision Making,2025-12-20,Technical,Yes
100899,Talent Acquisition,2026-01-26,Management,No
100899,Change Management,2026-02-01,Leadership,No
100899,Anti-Harassment Training,2026-02-25,Compliance,No
100899,Coaching Skills,2026-04-12,Leadership,No
100900,Executive Leadership Program,2025-04-23,Leadership,Yes
100900,Data Privacy & GDPR,2025-05-11,Compliance,No
100900,Strategic Thinking,2025-06-10,Leadership,Yes
100900,People Management Basics,2025-07-09,Management,Yes
100900,Organizational Leadership,2025-08-18,Management,Yes
100900,Executive Presence,2025-09-04,Leadership,Yes
100900,Compliance Basics,2025-09-05,Compliance,Yes
100900,Foundations of Excellence,2025-10-09,Technical,Yes
100900,Communication Skills 101,2025-11-11,Communication,Yes
100900,Data-Driven Decision Making,2026-02-17,Technical,Yes
100900,Leadership Essentials,2026-04-03,Leadership,Yes
100900,Advanced Communication,2026-04-12,Communication,Yes
100901,Communication Skills 101,2017-06-28,Communication,Yes
100901,Advanced Communication,2017-08-04,Communication,Yes
100901,Data-Driven Decision Making,2018-01-28,Technical,Yes
100901,Cross-functional Collaboration,2018-12-21,Communication,Yes
100901,Compliance Basics,2020-04-06,Compliance,Yes
100901,Project Management Fundamentals,2020-05-02,Technical,Yes
100901,Cloud Computing Basics,2021-02-08,Technical,No
100901,Strategic Thinking,2021-12-03,Leadership,Yes
100901,Foundations of Excellence,2023-01-15,Technical,Yes
100902,Leadership Essentials,2024-12-06,Leadership,Yes
100902,Organizational Leadership,2025-04-22,Management,Yes
100902,Data-Driven Decision Making,2025-07-10,Technical,Yes
100902,Strategic Thinking,2025-08-23,Leadership,Yes
100902,Communication Skills 101,2025-11-30,Communication,Yes
100902,Talent Acquisition,2026-01-18,Management,No
100902,Foundations of Excellence,2026-01-27,Technical,Yes
100902,Project Management Fundamentals,2026-01-29,Technical,Yes
100902,Budget Planning,2026-02-12,Management,No
100902,People Management Basics,2026-02-22,Management,Yes
100902,Cross-functional Collaboration,2026-04-04,Communication,Yes
100903,Compliance Basics,2026-06-01,Compliance,Yes
100903,Foundations of Excellence,2026-06-06,Technical,Yes
100903,Leadership Essentials,2026-06-06,Leadership,Yes
100903,Talent Acquisition,2026-06-07,Management,No
100903,Project Management Fundamentals,2026-06-09,Technical,Yes
100903,Cross-functional Collaboration,2026-06-09,Communication,Yes
100903,Data-Driven Decision Making,2026-06-10,Technical,Yes
100903,Communication Skills 101,2026-06-11,Communication,Yes
100903,Advanced Communication,2026-06-11,Communication,Yes
100903,Presentation Skills,2026-06-11,Communication,No
100903,People Management Basics,2026-06-14,Management,Yes
100904,Compliance Basics,2022-01-30,Compliance,Yes
100904,Data-Driven Decision Making,2022-08-15,Technical,Yes
100904,Communication Skills 101,2022-10-10,Communication,Yes
100904,Conflict Resolution,2023-03-28,Leadership,No
100904,Foundations of Excellence,2023-03-31,Technical,Yes
100904,Advanced Communication,2024-05-24,Communication,Yes
100904,Business Writing,2024-08-24,Communication,No
100904,Strategic Thinking,2025-04-28,Leadership,Yes
100904,Cross-functional Collaboration,2025-04-30,Communication,Yes
100904,Project Management Fundamentals,2026-02-09,Technical,Yes
100905,Foundations of Excellence,2026-03-24,Technical,Yes
100905,Data-Driven Decision Making,2026-03-27,Technical,Yes
100905,Compliance Basics,2026-04-13,Compliance,Yes
100905,Python for Data Analysis,2026-04-23,Technical,No
100905,Project Management Fundamentals,2026-05-25,Technical,Yes
100905,Advanced Communication,2026-06-01,Communication,Yes
100905,Negotiation Tactics,2026-06-12,Communication,No
100906,SQL Essentials,2018-11-07,Technical,No
100906,Foundations of Excellence,2019-01-20,Technical,Yes
100906,Python for Data Analysis,2019-06-18,Technical,No
100906,Cross-functional Collaboration,2019-07-12,Communication,Yes
100906,Business Writing,2020-07-06,Communication,No
100906,Data-Driven Decision Making,2020-09-26,Technical,Yes
100906,People Management Basics,2020-11-18,Management,Yes
100906,Project Management Fundamentals,2021-04-20,Technical,Yes
100906,Advanced Communication,2022-12-13,Communication,Yes
100906,Communication Skills 101,2025-10-18,Communication,Yes
100907,Data-Driven Decision Making,2025-07-15,Technical,Yes
100907,Executive Presence,2025-10-13,Leadership,Yes
100907,Negotiation Tactics,2025-10-20,Communication,No
100907,Conflict Resolution,2025-12-02,Leadership,No
100907,Foundations of Excellence,2025-12-03,Technical,Yes
100907,Project Management Fundamentals,2025-12-04,Technical,Yes
100907,Cross-functional Collaboration,2025-12-31,Communication,Yes
100907,Compliance Basics,2026-02-08,Compliance,Yes
100907,Communication Skills 101,2026-02-19,Communication,Yes
100907,People Management Basics,2026-02-27,Management,Yes
100907,Workplace Safety,2026-03-04,Compliance,No
100907,SQL Essentials,2026-03-05,Technical,No
100907,Leadership Essentials,2026-04-23,Leadership,Yes
100907,Strategic Thinking,2026-06-08,Leadership,Yes
100908,Data-Driven Decision Making,2022-07-28,Technical,Yes
100908,Advanced Communication,2022-10-15,Communication,Yes
100908,Cross-functional Collaboration,2022-11-06,Communication,Yes
100908,Strategic Thinking,2023-08-24,Leadership,Yes
100908,Anti-Harassment Training,2023-12-10,Compliance,No
100908,Foundations of Excellence,2023-12-13,Technical,Yes
100908,Leadership Essentials,2024-05-04,Leadership,Yes
100908,Compliance Basics,2024-06-09,Compliance,Yes
100908,Communication Skills 101,2024-07-27,Communication,Yes
100908,Budget Planning,2024-10-20,Management,No
100908,Project Management Fundamentals,2025-05-23,Technical,Yes
100908,Organizational Leadership,2025-07-15,Management,Yes
100908,People Management Basics,2025-07-21,Management,Yes
100909,Communication Skills 101,2019-08-29,Communication,Yes
100909,Data-Driven Decision Making,2019-11-30,Technical,Yes
100909,Project Management Fundamentals,2019-12-13,Technical,Yes
100909,Change Management,2020-07-30,Leadership,No
100909,Excel Advanced,2021-05-05,Technical,No
100909,Cross-functional Collaboration,2021-08-20,Communication,Yes
100909,Coaching Skills,2022-01-18,Leadership,No
100909,Advanced Communication,2022-06-03,Communication,Yes
100909,Compliance Basics,2022-08-28,Compliance,Yes
100909,Presentation Skills,2023-10-05,Communication,No
100909,Foundations of Excellence,2023-12-08,Technical,Yes
100909,Strategic Thinking,2025-02-28,Leadership,Yes
100909,People Management Basics,2025-05-21,Management,Yes
100910,Cross-functional Collaboration,2018-10-17,Communication,Yes
100910,Leadership Essentials,2018-11-30,Leadership,Yes
100910,Change Management,2018-12-27,Leadership,No
100910,Python for Data Analysis,2019-02-02,Technical,No
100910,Project Management Fundamentals,2019-03-23,Technical,Yes
100910,Communication Skills 101,2020-05-08,Communication,Yes
100910,Executive Presence,2020-07-07,Leadership,Yes
100910,People Management Basics,2020-08-07,Management,Yes
100910,Executive Leadership Program,2021-01-06,Leadership,Yes
100910,Advanced Communication,2022-03-27,Communication,Yes
100910,Business Strategy,2022-10-29,Management,Yes
100910,Strategic Thinking,2022-12-13,Leadership,Yes
100910,Compliance Basics,2023-02-02,Compliance,Yes
100910,Data-Driven Decision Making,2023-09-14,Technical,Yes
100910,Foundations of Excellence,2024-01-03,Technical,Yes
100910,Organizational Leadership,2024-10-06,Management,Yes
100910,Negotiation Tactics,2025-12-23,Communication,No
100911,Cross-functional Collaboration,2025-01-11,Communication,Yes
100911,Executive Presence,2025-01-16,Leadership,Yes
100911,Business Strategy,2025-02-03,Management,Yes
100911,Advanced Communication,2025-03-12,Communication,Yes
100911,Compliance Basics,2025-03-15,Compliance,Yes
100911,Strategic Thinking,2025-03-22,Leadership,Yes
100911,Leadership Essentials,2025-03-29,Leadership,Yes
100911,Project Management Fundamentals,2025-04-23,Technical,Yes
100911,Organizational Leadership,2025-05-11,Management,Yes
100911,Negotiation Tactics,2025-05-30,Communication,No
100911,Communication Skills 101,2025-06-09,Communication,Yes
100911,Executive Leadership Program,2025-06-28,Leadership,Yes
100911,Data-Driven Decision Making,2025-08-03,Technical,Yes
100911,Conflict Resolution,2025-08-10,Leadership,No
100911,Foundations of Excellence,2025-08-29,Technical,Yes
100911,Cloud Computing Basics,2025-10-14,Technical,No
100912,Project Management Fundamentals,2018-10-05,Technical,Yes
100912,Advanced Communication,2018-10-07,Communication,Yes
100912,Cloud Computing Basics,2019-03-22,Technical,No
100912,Power BI Fundamentals,2021-09-20,Technical,No
100912,Foundations of Excellence,2021-11-02,Technical,Yes
100912,Coaching Skills,2023-05-23,Leadership,No
100912,Conflict Resolution,2023-10-30,Leadership,No
100912,Strategic Thinking,2024-01-12,Leadership,Yes
100912,Data-Driven Decision Making,2025-06-27,Technical,Yes
100912,Communication Skills 101,2025-09-17,Communication,Yes
100912,Cross-functional Collaboration,2025-11-18,Communication,Yes
100913,Leadership Essentials,2023-03-04,Leadership,Yes
100913,Python for Data Analysis,2023-05-27,Technical,No
100913,Strategic Thinking,2023-07-24,Leadership,Yes
100913,Organizational Leadership,2023-07-27,Management,Yes
100913,Executive Presence,2023-07-31,Leadership,Yes
100913,Change Management,2023-09-01,Leadership,No
100913,Advanced Communication,2023-10-09,Communication,Yes
100913,Excel Advanced,2023-11-12,Technical,No
100913,Communication Skills 101,2024-08-09,Communication,Yes
100913,Cross-functional Collaboration,2024-09-18,Communication,Yes
100913,Data-Driven Decision Making,2025-06-19,Technical,Yes
100913,People Management Basics,2025-07-08,Management,Yes
100913,Foundations of Excellence,2025-07-16,Technical,Yes
100913,Budget Planning,2025-07-18,Management,No
100913,Business Strategy,2025-10-30,Management,Yes
100913,Project Management Fundamentals,2026-01-24,Technical,Yes
100913,Compliance Basics,2026-03-26,Compliance,Yes
100914,Conflict Resolution,2026-02-10,Leadership,No
100914,Data Privacy & GDPR,2026-02-14,Compliance,No
100914,Advanced Communication,2026-02-18,Communication,Yes
100914,Communication Skills 101,2026-02-19,Communication,Yes
100914,Data-Driven Decision Making,2026-02-24,Technical,Yes
100914,People Management Basics,2026-02-25,Management,Yes
100914,Negotiation Tactics,2026-03-01,Communication,No
100914,Strategic Thinking,2026-03-02,Leadership,Yes
100914,Budget Planning,2026-03-21,Management,No
100914,Compliance Basics,2026-03-23,Compliance,Yes
100914,Change Management,2026-04-01,Leadership,No
100914,Project Management Fundamentals,2026-04-02,Technical,Yes
100914,Cross-functional Collaboration,2026-04-29,Communication,Yes
100914,Leadership Essentials,2026-05-19,Leadership,Yes
100915,Compliance Basics,2025-01-04,Compliance,Yes
100915,Executive Presence,2025-02-26,Leadership,Yes
100915,Foundations of Excellence,2025-04-18,Technical,Yes
100915,Communication Skills 101,2025-05-12,Communication,Yes
100915,Data-Driven Decision Making,2025-05-12,Technical,Yes
100915,Executive Leadership Program,2025-05-31,Leadership,Yes
100915,Cross-functional Collaboration,2025-07-31,Communication,Yes
100915,Talent Acquisition,2025-07-31,Management,No
100915,SQL Essentials,2025-08-31,Technical,No
100915,Leadership Essentials,2025-10-28,Leadership,Yes
100915,Project Management Fundamentals,2025-11-23,Technical,Yes
100915,Business Strategy,2025-11-23,Management,Yes
100915,Python for Data Analysis,2026-02-17,Technical,No
100915,Advanced Communication,2026-02-27,Communication,Yes
100915,Strategic Thinking,2026-03-11,Leadership,Yes
100915,People Management Basics,2026-03-15,Management,Yes
100915,Presentation Skills,2026-03-18,Communication,No
100916,Data-Driven Decision Making,2024-12-12,Technical,Yes
100916,Foundations of Excellence,2025-03-29,Technical,Yes
100916,Project Management Fundamentals,2025-07-19,Technical,Yes
100916,Communication Skills 101,2026-05-03,Communication,Yes
100916,Change Management,2026-05-13,Leadership,No
100916,Compliance Basics,2026-06-17,Compliance,Yes
100917,Advanced Communication,2023-02-09,Communication,Yes
100917,Compliance Basics,2023-05-30,Compliance,Yes
100917,Project Management Fundamentals,2023-05-31,Technical,Yes
100917,Data-Driven Decision Making,2024-07-24,Technical,Yes
100917,Budget Planning,2024-10-21,Management,No
100917,Foundations of Excellence,2024-11-10,Technical,Yes
100917,Talent Acquisition,2025-01-18,Management,No
100917,Cross-functional Collaboration,2025-01-24,Communication,Yes
100917,Communication Skills 101,2026-03-01,Communication,Yes
100918,Foundations of Excellence,2021-06-11,Technical,Yes
100918,Compliance Basics,2021-09-01,Compliance,Yes
100918,Business Writing,2021-12-15,Communication,No
100918,Project Management Fundamentals,2022-04-18,Technical,Yes
100918,Advanced Communication,2022-09-11,Communication,Yes
100918,Cross-functional Collaboration,2022-09-24,Communication,Yes
100918,Communication Skills 101,2022-11-15,Communication,Yes
100918,Business Strategy,2023-02-28,Management,Yes
100918,Excel Advanced,2023-08-19,Technical,No
100918,Executive Presence,2024-02-06,Leadership,Yes
100918,Strategic Thinking,2024-10-10,Leadership,Yes
100918,Organizational Leadership,2024-11-04,Management,Yes
100918,Executive Leadership Program,2025-07-22,Leadership,Yes
100918,Cloud Computing Basics,2025-11-12,Technical,No
100919,Compliance Basics,2023-02-13,Compliance,Yes
100919,Project Management Fundamentals,2023-06-09,Technical,Yes
100919,Data-Driven Decision Making,2023-09-07,Technical,Yes
100919,Performance Management,2023-09-24,Management,No
100919,Cloud Computing Basics,2024-09-24,Technical,No
100919,Communication Skills 101,2024-12-11,Communication,Yes
100919,Talent Acquisition,2025-05-30,Management,No
100919,Foundations of Excellence,2026-06-16,Technical,Yes
100920,Advanced Communication,2020-07-10,Communication,Yes
100920,Executive Leadership Program,2020-11-27,Leadership,Yes
100920,Change Management,2021-04-27,Leadership,No
100920,Performance Management,2021-07-23,Management,No
100920,Compliance Basics,2021-09-14,Compliance,Yes
100920,Project Management Fundamentals,2022-04-07,Technical,Yes
100920,Data-Driven Decision Making,2023-08-19,Technical,Yes
100920,Leadership Essentials,2023-09-04,Leadership,Yes
100920,People Management Basics,2024-02-26,Management,Yes
100920,Communication Skills 101,2025-03-19,Communication,Yes
100920,Organizational Leadership,2025-06-25,Management,Yes
100920,Executive Presence,2025-11-18,Leadership,Yes
100920,Cross-functional Collaboration,2025-11-27,Communication,Yes
100920,Foundations of Excellence,2026-01-26,Technical,Yes
100921,Compliance Basics,2019-07-22,Compliance,Yes
100921,Cross-functional Collaboration,2019-08-21,Communication,Yes
100921,Advanced Communication,2019-11-18,Communication,Yes
100921,Communication Skills 101,2020-06-15,Communication,Yes
100921,Data-Driven Decision Making,2021-05-02,Technical,Yes
100921,Strategic Thinking,2021-10-31,Leadership,Yes
100921,Budget Planning,2022-12-14,Management,No
100921,Anti-Harassment Training,2023-08-30,Compliance,No
100921,Excel Advanced,2024-01-24,Technical,No
100921,Leadership Essentials,2024-11-16,Leadership,Yes
100921,Foundations of Excellence,2025-02-24,Technical,Yes
100921,Project Management Fundamentals,2026-05-07,Technical,Yes
100922,Executive Presence,2017-07-25,Leadership,Yes
100922,Data-Driven Decision Making,2017-08-03,Technical,Yes
100922,Strategic Thinking,2018-04-05,Leadership,Yes
100922,Leadership Essentials,2019-02-09,Leadership,Yes
100922,Budget Planning,2019-12-01,Management,No
100922,Cross-functional Collaboration,2020-03-10,Communication,Yes
100922,Compliance Basics,2021-06-26,Compliance,Yes
100922,Talent Acquisition,2022-06-01,Management,No
100922,Data Privacy & GDPR,2022-06-27,Compliance,No
100922,Project Management Fundamentals,2022-10-15,Technical,Yes
100922,Conflict Resolution,2022-10-25,Leadership,No
100922,Foundations of Excellence,2023-05-10,Technical,Yes
100922,Advanced Communication,2024-02-13,Communication,Yes
100922,People Management Basics,2025-07-06,Management,Yes
100922,Organizational Leadership,2026-01-08,Management,Yes
100922,Communication Skills 101,2026-01-26,Communication,Yes
100923,Project Management Fundamentals,2016-11-17,Technical,Yes
100923,Compliance Basics,2016-11-26,Compliance,Yes
100923,Communication Skills 101,2016-12-07,Communication,Yes
100923,Change Management,2018-09-04,Leadership,No
100923,Data-Driven Decision Making,2020-10-22,Technical,Yes
100923,Python for Data Analysis,2022-04-28,Technical,No
100924,Project Management Fundamentals,2024-02-24,Technical,Yes
100924,People Management Basics,2024-03-31,Management,Yes
100924,Foundations of Excellence,2024-04-01,Technical,Yes
100924,Compliance Basics,2024-06-20,Compliance,Yes
100924,Workplace Safety,2024-10-20,Compliance,No
100924,Negotiation Tactics,2024-12-07,Communication,No
100924,Performance Management,2025-02-07,Management,No
100924,Advanced Communication,2025-03-21,Communication,Yes
100924,Strategic Thinking,2025-04-13,Leadership,Yes
100924,Data-Driven Decision Making,2025-06-20,Technical,Yes
100924,Communication Skills 101,2025-09-21,Communication,Yes
100924,Change Management,2026-03-28,Leadership,No
100924,Cross-functional Collaboration,2026-06-13,Communication,Yes
100925,Power BI Fundamentals,2023-01-14,Technical,No
100925,Compliance Basics,2025-05-21,Compliance,Yes
100925,Data Privacy & GDPR,2025-05-21,Compliance,No
100925,Cloud Computing Basics,2025-07-25,Technical,No
100925,Foundations of Excellence,2026-03-05,Technical,Yes
100925,Talent Acquisition,2026-05-22,Management,No
100926,Python for Data Analysis,2017-12-19,Technical,No
100926,Compliance Basics,2019-10-17,Compliance,Yes
100926,Communication Skills 101,2020-06-03,Communication,Yes
100926,Data-Driven Decision Making,2022-12-13,Technical,Yes
100926,Advanced Communication,2023-11-26,Communication,Yes
100926,Change Management,2024-02-24,Leadership,No
100926,Negotiation Tactics,2024-05-30,Communication,No
100926,Foundations of Excellence,2024-08-20,Technical,Yes
100926,Talent Acquisition,2024-12-31,Management,No
100926,Project Management Fundamentals,2025-03-17,Technical,Yes
100927,Excel Advanced,2020-08-16,Technical,No
100927,People Management Basics,2020-11-29,Management,Yes
100927,Cross-functional Collaboration,2020-12-20,Communication,Yes
100927,Conflict Resolution,2020-12-29,Leadership,No
100927,Compliance Basics,2021-04-10,Compliance,Yes
100927,Presentation Skills,2021-09-07,Communication,No
100927,Workplace Safety,2021-10-08,Compliance,No
100927,Power BI Fundamentals,2022-12-14,Technical,No
100927,Foundations of Excellence,2023-03-23,Technical,Yes
100927,Strategic Thinking,2023-04-20,Leadership,Yes
100927,Communication Skills 101,2023-07-15,Communication,Yes
100927,Leadership Essentials,2023-08-20,Leadership,Yes
100927,Data-Driven Decision Making,2023-09-23,Technical,Yes
100927,Project Management Fundamentals,2023-10-20,Technical,Yes
100928,Advanced Communication,2021-09-16,Communication,Yes
100928,Conflict Resolution,2021-10-09,Leadership,No
100928,Project Management Fundamentals,2021-11-13,Technical,Yes
100928,Python for Data Analysis,2022-03-26,Technical,No
100928,Data-Driven Decision Making,2022-11-05,Technical,Yes
100928,Strategic Thinking,2023-09-26,Leadership,Yes
100928,Communication Skills 101,2023-10-17,Communication,Yes
100928,Data Privacy & GDPR,2024-03-03,Compliance,No
100928,Compliance Basics,2024-07-08,Compliance,Yes
100928,Change Management,2025-01-31,Leadership,No
100928,Leadership Essentials,2026-03-16,Leadership,Yes
100928,Cross-functional Collaboration,2026-06-05,Communication,Yes
100929,Business Writing,2024-06-04,Communication,No
100929,Foundations of Excellence,2024-06-27,Technical,Yes
100929,Coaching Skills,2024-07-18,Leadership,No
100929,Communication Skills 101,2024-08-29,Communication,Yes
100929,Compliance Basics,2025-02-24,Compliance,Yes
100929,Advanced Communication,2025-03-29,Communication,Yes
100929,Project Management Fundamentals,2025-07-31,Technical,Yes
100929,Anti-Harassment Training,2025-10-12,Compliance,No
100929,Excel Advanced,2026-03-16,Technical,No
100930,Strategic Thinking,2021-05-23,Leadership,Yes
100930,Foundations of Excellence,2021-08-09,Technical,Yes
100930,Project Management Fundamentals,2021-08-13,Technical,Yes
100930,Advanced Communication,2021-09-05,Communication,Yes
100930,Compliance Basics,2022-03-02,Compliance,Yes
100930,Business Writing,2022-08-05,Communication,No
100930,Data-Driven Decision Making,2022-11-20,Technical,Yes
100930,Data Privacy & GDPR,2023-07-16,Compliance,No
100930,Communication Skills 101,2023-11-18,Communication,Yes
100930,Budget Planning,2024-03-27,Management,No
100931,Cloud Computing Basics,2019-09-26,Technical,No
100931,Conflict Resolution,2020-07-21,Leadership,No
100931,Data-Driven Decision Making,2020-11-04,Technical,Yes
100931,Negotiation Tactics,2020-12-28,Communication,No
100931,Power BI Fundamentals,2022-07-04,Technical,No
100931,Foundations of Excellence,2023-05-15,Technical,Yes
100931,Compliance Basics,2023-10-05,Compliance,Yes
100931,Coaching Skills,2024-03-27,Leadership,No
100931,Project Management Fundamentals,2025-03-16,Technical,Yes
100931,Advanced Communication,2025-10-09,Communication,Yes
100932,Data Privacy & GDPR,2020-04-12,Compliance,No
100932,Compliance Basics,2020-09-18,Compliance,Yes
100932,Project Management Fundamentals,2023-08-09,Technical,Yes
100932,Foundations of Excellence,2024-05-26,Technical,Yes
100932,Communication Skills 101,2024-08-21,Communication,Yes
100932,SQL Essentials,2025-03-20,Technical,No
100932,Data-Driven Decision Making,2025-09-05,Technical,Yes
100933,Negotiation Tactics,2019-08-07,Communication,No
100933,Strategic Thinking,2019-08-17,Leadership,Yes
100933,Data-Driven Decision Making,2019-10-22,Technical,Yes
100933,Project Management Fundamentals,2020-02-08,Technical,Yes
100933,Communication Skills 101,2020-04-06,Communication,Yes
100933,Organizational Leadership,2020-05-07,Management,Yes
100933,Foundations of Excellence,2020-05-09,Technical,Yes
100933,Leadership Essentials,2021-04-04,Leadership,Yes
100933,Advanced Communication,2021-06-26,Communication,Yes
100933,People Management Basics,2022-01-08,Management,Yes
100933,Excel Advanced,2022-10-28,Technical,No
100933,Business Strategy,2023-10-31,Management,Yes
100933,Executive Presence,2024-01-20,Leadership,Yes
100933,Executive Leadership Program,2024-11-01,Leadership,Yes
100933,Cross-functional Collaboration,2025-07-02,Communication,Yes
100933,Compliance Basics,2026-05-08,Compliance,Yes
100934,Foundations of Excellence,2023-08-31,Technical,Yes
100934,Power BI Fundamentals,2023-09-25,Technical,No
100934,Data-Driven Decision Making,2023-10-01,Technical,Yes
100934,Coaching Skills,2023-10-21,Leadership,No
100934,Organizational Leadership,2023-11-10,Management,Yes
100934,Project Management Fundamentals,2023-12-04,Technical,Yes
100934,Compliance Basics,2024-01-26,Compliance,Yes
100934,Performance Management,2024-02-12,Management,No
100934,Strategic Thinking,2024-02-13,Leadership,Yes
100934,Communication Skills 101,2024-03-06,Communication,Yes
100934,Executive Presence,2024-04-11,Leadership,Yes
100934,Executive Leadership Program,2024-04-18,Leadership,Yes
100934,Cross-functional Collaboration,2024-07-30,Communication,Yes
100934,Advanced Communication,2024-10-25,Communication,Yes
100935,Data-Driven Decision Making,2024-02-09,Technical,Yes
100935,Cross-functional Collaboration,2024-02-14,Communication,Yes
100935,Communication Skills 101,2024-08-22,Communication,Yes
100935,Compliance Basics,2025-02-21,Compliance,Yes
100935,Foundations of Excellence,2025-05-10,Technical,Yes
100935,Python for Data Analysis,2025-12-01,Technical,No
100935,Project Management Fundamentals,2025-12-08,Technical,Yes
100935,Advanced Communication,2026-05-06,Communication,Yes
100936,Communication Skills 101,2018-01-24,Communication,Yes
100936,Project Management Fundamentals,2018-08-19,Technical,Yes
100936,Cloud Computing Basics,2019-01-04,Technical,No
100936,Compliance Basics,2019-02-22,Compliance,Yes
100936,Foundations of Excellence,2021-05-08,Technical,Yes
100936,Data-Driven Decision Making,2021-12-21,Technical,Yes
100936,Advanced Communication,2024-09-08,Communication,Yes
100936,Talent Acquisition,2024-12-23,Management,No
100937,Performance Management,2025-04-16,Management,No
100937,Compliance Basics,2025-04-27,Compliance,Yes
100937,Organizational Leadership,2025-05-11,Management,Yes
100937,Communication Skills 101,2025-06-05,Communication,Yes
100937,Executive Presence,2025-06-05,Leadership,Yes
100937,Cross-functional Collaboration,2025-06-20,Communication,Yes
100937,Advanced Communication,2025-08-06,Communication,Yes
100937,Change Management,2025-09-11,Leadership,No
100937,Leadership Essentials,2025-10-08,Leadership,Yes
100937,Project Management Fundamentals,2025-10-22,Technical,Yes
100937,Strategic Thinking,2025-11-09,Leadership,Yes
100937,Negotiation Tactics,2025-11-09,Communication,No
100937,Executive Leadership Program,2025-12-07,Leadership,Yes
100937,Data-Driven Decision Making,2025-12-20,Technical,Yes
100937,Foundations of Excellence,2026-03-28,Technical,Yes
100938,Leadership Essentials,2024-07-16,Leadership,Yes
100938,Advanced Communication,2024-08-03,Communication,Yes
100938,Organizational Leadership,2024-09-26,Management,Yes
100938,Workplace Safety,2024-10-06,Compliance,No
100938,Foundations of Excellence,2024-10-10,Technical,Yes
100938,Conflict Resolution,2024-11-16,Leadership,No
100938,Talent Acquisition,2025-01-17,Management,No
100938,People Management Basics,2025-01-19,Management,Yes
100938,Cross-functional Collaboration,2025-01-25,Communication,Yes
100938,Communication Skills 101,2025-01-29,Communication,Yes
100938,Strategic Thinking,2025-01-29,Leadership,Yes
100938,Compliance Basics,2025-03-10,Compliance,Yes
100938,Data-Driven Decision Making,2025-03-30,Technical,Yes
100938,Project Management Fundamentals,2025-04-17,Technical,Yes
100939,Cloud Computing Basics,2022-06-25,Technical,No
100939,Compliance Basics,2023-07-28,Compliance,Yes
100939,Change Management,2023-09-07,Leadership,No
100939,Foundations of Excellence,2023-11-06,Technical,Yes
100939,Communication Skills 101,2024-08-18,Communication,Yes
100939,Data-Driven Decision Making,2026-01-23,Technical,Yes
100939,Project Management Fundamentals,2026-04-21,Technical,Yes
100940,Compliance Basics,2020-08-21,Compliance,Yes
100940,Cloud Computing Basics,2020-11-24,Technical,No
100940,Communication Skills 101,2024-05-09,Communication,Yes
100940,Foundations of Excellence,2024-11-05,Technical,Yes
100940,SQL Essentials,2025-11-08,Technical,No
100940,Project Management Fundamentals,2026-04-24,Technical,Yes
100941,Cross-functional Collaboration,2018-04-20,Communication,Yes
100941,Data-Driven Decision Making,2018-09-23,Technical,Yes
100941,Negotiation Tactics,2020-06-22,Communication,No
100941,Communication Skills 101,2022-01-08,Communication,Yes
100941,Project Management Fundamentals,2022-08-14,Technical,Yes
100941,Foundations of Excellence,2023-06-02,Technical,Yes
100941,Advanced Communication,2024-09-27,Communication,Yes
100941,Strategic Thinking,2024-12-21,Leadership,Yes
100941,Excel Advanced,2025-03-03,Technical,No
100941,Compliance Basics,2026-01-10,Compliance,Yes
100942,Compliance Basics,2019-03-16,Compliance,Yes
100942,Advanced Communication,2020-03-29,Communication,Yes
100942,Data-Driven Decision Making,2021-09-06,Technical,Yes
100942,Communication Skills 101,2022-09-12,Communication,Yes
100942,People Management Basics,2022-10-09,Management,Yes
100942,Leadership Essentials,2023-08-16,Leadership,Yes
100942,Cross-functional Collaboration,2023-12-02,Communication,Yes
100942,Strategic Thinking,2023-12-17,Leadership,Yes
100942,Performance Management,2025-02-19,Management,No
100942,Foundations of Excellence,2026-01-13,Technical,Yes
100943,Python for Data Analysis,2017-08-22,Technical,No
100943,Performance Management,2018-06-13,Management,No
100943,Cloud Computing Basics,2021-04-23,Technical,No
100943,Foundations of Excellence,2022-05-18,Technical,Yes
100943,Compliance Basics,2023-06-20,Compliance,Yes
100943,Workplace Safety,2024-12-01,Compliance,No
100943,SQL Essentials,2025-03-15,Technical,No
100944,Strategic Thinking,2024-07-14,Leadership,Yes
100944,Change Management,2024-10-22,Leadership,No
100944,Power BI Fundamentals,2024-10-29,Technical,No
100944,Leadership Essentials,2025-02-23,Leadership,Yes
100944,Executive Presence,2025-04-11,Leadership,Yes
100944,Advanced Communication,2025-05-08,Communication,Yes
100944,Executive Leadership Program,2025-08-20,Leadership,Yes
100944,Business Strategy,2025-08-31,Management,Yes
100944,Cross-functional Collaboration,2025-10-23,Communication,Yes
100944,Communication Skills 101,2025-10-25,Communication,Yes
100944,Foundations of Excellence,2025-12-13,Technical,Yes
100944,Compliance Basics,2025-12-16,Compliance,Yes
100944,Project Management Fundamentals,2026-02-27,Technical,Yes
100944,Business Writing,2026-04-22,Communication,No
100944,People Management Basics,2026-05-05,Management,Yes
100944,Data-Driven Decision Making,2026-05-19,Technical,Yes
100944,Organizational Leadership,2026-05-22,Management,Yes
100945,Advanced Communication,2022-08-02,Communication,Yes
100945,SQL Essentials,2022-11-20,Technical,No
100945,Data-Driven Decision Making,2023-02-06,Technical,Yes
100945,Project Management Fundamentals,2023-02-27,Technical,Yes
100945,Communication Skills 101,2023-05-09,Communication,Yes
100945,Foundations of Excellence,2023-05-17,Technical,Yes
100945,Cross-functional Collaboration,2023-10-29,Communication,Yes
100945,Compliance Basics,2025-03-10,Compliance,Yes
100945,Excel Advanced,2025-10-20,Technical,No
100946,Strategic Thinking,2025-06-02,Leadership,Yes
100946,Advanced Communication,2025-06-10,Communication,Yes
100946,Budget Planning,2025-07-23,Management,No
100946,Project Management Fundamentals,2025-08-15,Technical,Yes
100946,Foundations of Excellence,2025-09-01,Technical,Yes
100946,Cross-functional Collaboration,2026-01-21,Communication,Yes
100946,Data-Driven Decision Making,2026-03-25,Technical,Yes
100946,Compliance Basics,2026-03-30,Compliance,Yes
100946,Communication Skills 101,2026-06-15,Communication,Yes
100947,Project Management Fundamentals,2025-05-15,Technical,Yes
100947,Cloud Computing Basics,2025-06-17,Technical,No
100947,Communication Skills 101,2025-06-18,Communication,Yes
100947,Python for Data Analysis,2025-08-21,Technical,No
100947,Advanced Communication,2025-10-23,Communication,Yes
100947,Data-Driven Decision Making,2025-10-30,Technical,Yes
100947,Cross-functional Collaboration,2025-12-24,Communication,Yes
100947,Conflict Resolution,2025-12-27,Leadership,No
100947,Workplace Safety,2026-02-12,Compliance,No
100947,People Management Basics,2026-04-03,Management,Yes
100947,Strategic Thinking,2026-04-06,Leadership,Yes
100947,Foundations of Excellence,2026-04-30,Technical,Yes
100947,Budget Planning,2026-05-08,Management,No
100948,Executive Presence,2022-09-06,Leadership,Yes
100948,Negotiation Tactics,2022-11-25,Communication,No
100948,Project Management Fundamentals,2022-12-09,Technical,Yes
100948,Advanced Communication,2023-11-08,Communication,Yes
100948,Foundations of Excellence,2024-05-20,Technical,Yes
100948,People Management Basics,2024-08-22,Management,Yes
100948,Communication Skills 101,2024-10-17,Communication,Yes
100948,Leadership Essentials,2025-11-08,Leadership,Yes
100948,Data-Driven Decision Making,2026-03-04,Technical,Yes
100948,Strategic Thinking,2026-03-13,Leadership,Yes
100948,Organizational Leadership,2026-03-22,Management,Yes
100948,Cross-functional Collaboration,2026-03-31,Communication,Yes
100949,Cloud Computing Basics,2023-10-18,Technical,No
100949,Communication Skills 101,2023-10-20,Communication,Yes
100949,SQL Essentials,2024-05-28,Technical,No
100949,Change Management,2024-11-02,Leadership,No
100949,Negotiation Tactics,2026-02-23,Communication,No
100949,Project Management Fundamentals,2026-04-05,Technical,Yes
100950,Strategic Thinking,2018-04-10,Leadership,Yes
100950,Change Management,2018-05-30,Leadership,No
100950,Workplace Safety,2018-07-19,Compliance,No
100950,Communication Skills 101,2018-12-05,Communication,Yes
100950,Leadership Essentials,2019-11-08,Leadership,Yes
100950,Compliance Basics,2020-11-21,Compliance,Yes
100950,Cross-functional Collaboration,2022-07-02,Communication,Yes
100950,Advanced Communication,2023-11-06,Communication,Yes
100950,Foundations of Excellence,2023-11-10,Technical,Yes
100950,People Management Basics,2023-12-30,Management,Yes
100950,Coaching Skills,2024-05-29,Leadership,No
100950,Project Management Fundamentals,2025-04-30,Technical,Yes
100951,Foundations of Excellence,2020-01-01,Technical,Yes
100951,Data-Driven Decision Making,2020-10-30,Technical,Yes
100951,Power BI Fundamentals,2021-08-31,Technical,No
100951,Cross-functional Collaboration,2022-01-03,Communication,Yes
100951,Project Management Fundamentals,2022-01-12,Technical,Yes
100951,SQL Essentials,2022-05-18,Technical,No
100951,Communication Skills 101,2022-12-20,Communication,Yes
100951,Cloud Computing Basics,2023-06-13,Technical,No
100951,Advanced Communication,2023-06-16,Communication,Yes
100951,Performance Management,2024-07-14,Management,No
100951,People Management Basics,2025-01-01,Management,Yes
100951,Strategic Thinking,2025-06-18,Leadership,Yes
100951,Leadership Essentials,2025-11-21,Leadership,Yes
100952,Foundations of Excellence,2025-11-07,Technical,Yes
100952,Excel Advanced,2025-11-18,Technical,No
100952,Data-Driven Decision Making,2025-12-16,Technical,Yes
100952,Cross-functional Collaboration,2025-12-24,Communication,Yes
100952,Advanced Communication,2025-12-27,Communication,Yes
100952,Coaching Skills,2026-01-11,Leadership,No
100952,Project Management Fundamentals,2026-01-23,Technical,Yes
100952,Presentation Skills,2026-02-28,Communication,No
100952,Compliance Basics,2026-03-14,Compliance,Yes
100952,Communication Skills 101,2026-04-20,Communication,Yes
100952,Strategic Thinking,2026-05-27,Leadership,Yes
100953,Leadership Essentials,2018-09-24,Leadership,Yes
100953,Data-Driven Decision Making,2019-10-27,Technical,Yes
100953,Foundations of Excellence,2020-03-12,Technical,Yes
100953,Advanced Communication,2020-07-27,Communication,Yes
100953,Compliance Basics,2023-03-11,Compliance,Yes
100953,Project Management Fundamentals,2023-10-07,Technical,Yes
100953,Python for Data Analysis,2023-11-10,Technical,No
100953,Cross-functional Collaboration,2024-04-01,Communication,Yes
100953,SQL Essentials,2025-12-18,Technical,No
100954,Data Privacy & GDPR,2018-09-02,Compliance,No
100954,Negotiation Tactics,2020-12-01,Communication,No
100954,Project Management Fundamentals,2022-07-01,Technical,Yes
100954,Advanced Communication,2023-12-13,Communication,Yes
100954,Data-Driven Decision Making,2024-12-23,Technical,Yes
100954,Communication Skills 101,2025-08-15,Communication,Yes
100955,Strategic Thinking,2019-05-09,Leadership,Yes
100955,Advanced Communication,2019-10-01,Communication,Yes
100955,Project Management Fundamentals,2019-10-22,Technical,Yes
100955,Foundations of Excellence,2020-01-09,Technical,Yes
100955,Change Management,2020-03-17,Leadership,No
100955,Compliance Basics,2020-05-03,Compliance,Yes
100956,Strategic Thinking,2019-07-19,Leadership,Yes
100956,Advanced Communication,2019-09-23,Communication,Yes
100956,Coaching Skills,2020-01-12,Leadership,No
100956,Compliance Basics,2020-03-20,Compliance,Yes
100956,Leadership Essentials,2020-05-09,Leadership,Yes
100956,People Management Basics,2020-09-12,Management,Yes
100956,Cloud Computing Basics,2021-01-01,Technical,No
100956,Project Management Fundamentals,2021-02-04,Technical,Yes
100956,Data Privacy & GDPR,2023-01-30,Compliance,No
100956,Data-Driven Decision Making,2023-02-20,Technical,Yes
100956,Communication Skills 101,2023-05-06,Communication,Yes
100956,Organizational Leadership,2023-08-05,Management,Yes
100957,Compliance Basics,2023-05-10,Compliance,Yes
100957,Advanced Communication,2023-11-01,Communication,Yes
100957,Data-Driven Decision Making,2024-01-13,Technical,Yes
100957,People Management Basics,2024-03-30,Management,Yes
100957,Conflict Resolution,2024-04-16,Leadership,No
100957,Strategic Thinking,2024-05-04,Leadership,Yes
100957,Foundations of Excellence,2024-10-11,Technical,Yes
100957,Cross-functional Collaboration,2025-01-05,Communication,Yes
100957,Leadership Essentials,2025-08-05,Leadership,Yes
100957,Project Management Fundamentals,2025-11-24,Technical,Yes
100958,Project Management Fundamentals,2024-08-13,Technical,Yes
100958,Organizational Leadership,2024-10-02,Management,Yes
100958,Advanced Communication,2024-10-12,Communication,Yes
100958,People Management Basics,2025-02-14,Management,Yes
100958,Compliance Basics,2025-05-24,Compliance,Yes
100958,Foundations of Excellence,2025-06-09,Technical,Yes
100958,Leadership Essentials,2025-09-19,Leadership,Yes
100958,Executive Presence,2025-11-01,Leadership,Yes
100958,Communication Skills 101,2025-12-28,Communication,Yes
100958,Cross-functional Collaboration,2026-02-10,Communication,Yes
100958,Business Writing,2026-02-18,Communication,No
100959,Compliance Basics,2018-08-21,Compliance,Yes
100959,Presentation Skills,2019-03-05,Communication,No
100959,Strategic Thinking,2019-07-12,Leadership,Yes
100959,Cross-functional Collaboration,2020-03-18,Communication,Yes
100959,Power BI Fundamentals,2020-08-08,Technical,No
100959,Advanced Communication,2020-11-14,Communication,Yes
100959,Organizational Leadership,2021-02-09,Management,Yes
100959,People Management Basics,2021-03-16,Management,Yes
100959,Project Management Fundamentals,2021-08-13,Technical,Yes
100959,Communication Skills 101,2022-07-15,Communication,Yes
100959,Leadership Essentials,2022-12-11,Leadership,Yes
100959,Foundations of Excellence,2023-01-22,Technical,Yes
100960,Coaching Skills,2025-02-18,Leadership,No
100960,Data-Driven Decision Making,2025-02-20,Technical,Yes
100960,Foundations of Excellence,2025-02-27,Technical,Yes
100960,Project Management Fundamentals,2025-04-08,Technical,Yes
100960,Communication Skills 101,2025-04-14,Communication,Yes
100960,Conflict Resolution,2025-04-21,Leadership,No
100960,Change Management,2025-05-05,Leadership,No
100960,Python for Data Analysis,2025-06-03,Technical,No
100960,Compliance Basics,2025-06-11,Compliance,Yes
100960,Business Writing,2025-06-16,Communication,No
100961,Compliance Basics,2025-03-12,Compliance,Yes
100961,Project Management Fundamentals,2025-05-03,Technical,Yes
100961,Cross-functional Collaboration,2025-06-22,Communication,Yes
100961,Communication Skills 101,2025-06-24,Communication,Yes
100961,Cloud Computing Basics,2025-07-27,Technical,No
100961,Foundations of Excellence,2025-11-11,Technical,Yes
100961,Data-Driven Decision Making,2026-05-01,Technical,Yes
100962,Strategic Thinking,2019-12-29,Leadership,Yes
100962,Talent Acquisition,2020-03-06,Management,No
100962,Project Management Fundamentals,2021-02-27,Technical,Yes
100962,Data-Driven Decision Making,2021-05-11,Technical,Yes
100962,People Management Basics,2022-05-03,Management,Yes
100962,Communication Skills 101,2022-09-08,Communication,Yes
100962,Performance Management,2023-04-09,Management,No
100962,Python for Data Analysis,2023-07-07,Technical,No
100962,Compliance Basics,2023-08-13,Compliance,Yes
100962,Executive Presence,2023-08-18,Leadership,Yes
100962,Advanced Communication,2024-08-26,Communication,Yes
100962,Executive Leadership Program,2025-01-17,Leadership,Yes
100962,Foundations of Excellence,2025-03-24,Technical,Yes
100962,Cross-functional Collaboration,2025-05-17,Communication,Yes
100962,Business Strategy,2026-04-14,Management,Yes
100963,Compliance Basics,2018-06-09,Compliance,Yes
100963,Advanced Communication,2018-08-21,Communication,Yes
100963,Cross-functional Collaboration,2018-11-17,Communication,Yes
100963,Data-Driven Decision Making,2020-12-12,Technical,Yes
100963,Communication Skills 101,2021-05-07,Communication,Yes
100963,Project Management Fundamentals,2022-05-09,Technical,Yes
100963,Excel Advanced,2022-12-05,Technical,No
100963,Organizational Leadership,2023-03-05,Management,Yes
100963,Leadership Essentials,2023-08-27,Leadership,Yes
100963,People Management Basics,2023-10-31,Management,Yes
100963,SQL Essentials,2024-02-13,Technical,No
100963,Foundations of Excellence,2024-03-19,Technical,Yes
100963,Strategic Thinking,2024-12-21,Leadership,Yes
100964,Leadership Essentials,2024-11-18,Leadership,Yes
100964,Excel Advanced,2024-11-25,Technical,No
100964,People Management Basics,2024-11-28,Management,Yes
100964,Advanced Communication,2024-12-29,Communication,Yes
100964,Talent Acquisition,2024-12-31,Management,No
100964,Foundations of Excellence,2025-01-04,Technical,Yes
100964,Strategic Thinking,2025-02-21,Leadership,Yes
100964,Cross-functional Collaboration,2025-03-28,Communication,Yes
100964,Organizational Leadership,2025-05-29,Management,Yes
100964,Workplace Safety,2025-09-15,Compliance,No
100964,Communication Skills 101,2025-09-19,Communication,Yes
100964,Compliance Basics,2026-04-26,Compliance,Yes
100964,Project Management Fundamentals,2026-05-28,Technical,Yes
100965,Power BI Fundamentals,2020-05-12,Technical,No
100965,Anti-Harassment Training,2023-04-29,Compliance,No
100965,Compliance Basics,2023-06-19,Compliance,Yes
100965,Workplace Safety,2025-06-22,Compliance,No
100965,Communication Skills 101,2025-07-24,Communication,Yes
100965,Foundations of Excellence,2026-03-16,Technical,Yes
100966,Presentation Skills,2020-02-19,Communication,No
100966,Communication Skills 101,2021-09-03,Communication,Yes
100966,Project Management Fundamentals,2022-02-12,Technical,Yes
100966,Data-Driven Decision Making,2022-02-28,Technical,Yes
100966,Compliance Basics,2022-05-08,Compliance,Yes
100966,Performance Management,2022-10-07,Management,No
100966,Foundations of Excellence,2024-01-29,Technical,Yes
100966,Data Privacy & GDPR,2024-11-12,Compliance,No
100966,Cloud Computing Basics,2026-02-25,Technical,No
100967,Anti-Harassment Training,2022-02-12,Compliance,No
100967,Organizational Leadership,2022-09-01,Management,Yes
100967,Power BI Fundamentals,2022-10-16,Technical,No
100967,People Management Basics,2022-10-17,Management,Yes
100967,Communication Skills 101,2022-11-11,Communication,Yes
100967,Leadership Essentials,2023-01-04,Leadership,Yes
100967,Data-Driven Decision Making,2023-01-26,Technical,Yes
100967,Advanced Communication,2023-04-17,Communication,Yes
100967,Workplace Safety,2023-12-12,Compliance,No
100967,Strategic Thinking,2024-12-06,Leadership,Yes
100967,Foundations of Excellence,2025-01-31,Technical,Yes
100967,Performance Management,2026-01-04,Management,No
100967,Negotiation Tactics,2026-01-22,Communication,No
100967,Cross-functional Collaboration,2026-04-27,Communication,Yes
100967,Executive Presence,2026-05-09,Leadership,Yes
100968,Performance Management,2025-03-16,Management,No
100968,Foundations of Excellence,2025-08-02,Technical,Yes
100968,Cloud Computing Basics,2025-12-18,Technical,No
100968,Communication Skills 101,2026-04-26,Communication,Yes
100969,Data-Driven Decision Making,2018-05-19,Technical,Yes
100969,Foundations of Excellence,2021-12-15,Technical,Yes
100969,Power BI Fundamentals,2024-02-10,Technical,No
100969,Communication Skills 101,2025-03-22,Communication,Yes
100969,Project Management Fundamentals,2025-06-01,Technical,Yes
100970,Foundations of Excellence,2022-12-09,Technical,Yes
100970,Compliance Basics,2023-01-06,Compliance,Yes
100970,Cloud Computing Basics,2023-02-05,Technical,No
100970,Communication Skills 101,2023-10-09,Communication,Yes
100970,Performance Management,2024-03-12,Management,No
100970,SQL Essentials,2025-01-03,Technical,No
100970,Business Writing,2025-03-30,Communication,No
100970,Change Management,2026-02-17,Leadership,No
100971,Communication Skills 101,2024-06-04,Communication,Yes
100971,Project Management Fundamentals,2024-07-05,Technical,Yes
100971,Performance Management,2024-07-07,Management,No
100971,Foundations of Excellence,2025-05-30,Technical,Yes
100971,Compliance Basics,2025-06-18,Compliance,Yes
100971,Talent Acquisition,2025-06-23,Management,No
100971,Advanced Communication,2025-10-31,Communication,Yes
100971,Data-Driven Decision Making,2026-06-11,Technical,Yes
100972,Business Writing,2023-05-13,Communication,No
100972,Budget Planning,2025-06-29,Management,No
100972,Power BI Fundamentals,2026-02-25,Technical,No
100972,Compliance Basics,2026-04-13,Compliance,Yes
100972,Foundations of Excellence,2026-05-25,Technical,Yes
100973,Compliance Basics,2020-06-23,Compliance,Yes
100973,Foundations of Excellence,2020-08-21,Technical,Yes
100973,Communication Skills 101,2020-10-24,Communication,Yes
100973,Negotiation Tactics,2022-03-03,Communication,No
100973,Strategic Thinking,2022-05-08,Leadership,Yes
100973,Data Privacy & GDPR,2022-07-01,Compliance,No
100973,Data-Driven Decision Making,2023-10-05,Technical,Yes
100973,Project Management Fundamentals,2024-07-11,Technical,Yes
100973,Coaching Skills,2024-08-09,Leadership,No
100973,Advanced Communication,2025-02-10,Communication,Yes
100974,Change Management,2019-09-30,Leadership,No
100974,Data-Driven Decision Making,2020-05-05,Technical,Yes
100974,Project Management Fundamentals,2020-11-03,Technical,Yes
100974,Communication Skills 101,2022-06-20,Communication,Yes
100974,Presentation Skills,2023-04-29,Communication,No
100974,Compliance Basics,2024-08-28,Compliance,Yes
100974,Foundations of Excellence,2026-01-24,Technical,Yes
100974,Workplace Safety,2026-02-04,Compliance,No
100975,Project Management Fundamentals,2025-01-30,Technical,Yes
100975,People Management Basics,2025-04-16,Management,Yes
100975,Foundations of Excellence,2025-04-30,Technical,Yes
100975,Business Strategy,2025-06-09,Management,Yes
100975,Leadership Essentials,2025-07-05,Leadership,Yes
100975,Organizational Leadership,2025-08-16,Management,Yes
100975,Change Management,2025-08-16,Leadership,No
100975,Strategic Thinking,2025-09-24,Leadership,Yes
100975,Executive Leadership Program,2025-10-11,Leadership,Yes
100975,Executive Presence,2025-12-28,Leadership,Yes
100975,Compliance Basics,2025-12-30,Compliance,Yes
100975,Communication Skills 101,2026-02-04,Communication,Yes
100975,Advanced Communication,2026-03-02,Communication,Yes
100975,Data-Driven Decision Making,2026-04-26,Technical,Yes
100975,Cross-functional Collaboration,2026-05-31,Communication,Yes
100976,Communication Skills 101,2023-06-30,Communication,Yes
100976,Cross-functional Collaboration,2023-10-10,Communication,Yes
100976,Talent Acquisition,2023-11-17,Management,No
100976,Advanced Communication,2024-10-02,Communication,Yes
100976,Excel Advanced,2024-11-10,Technical,No
100976,Data-Driven Decision Making,2024-11-21,Technical,Yes
100976,Compliance Basics,2025-04-07,Compliance,Yes
100976,Performance Management,2025-06-07,Management,No
100976,Python for Data Analysis,2025-07-24,Technical,No
100976,Foundations of Excellence,2026-03-22,Technical,Yes
100977,Foundations of Excellence,2019-03-26,Technical,Yes
100977,Project Management Fundamentals,2019-12-30,Technical,Yes
100977,Communication Skills 101,2020-06-19,Communication,Yes
100977,SQL Essentials,2021-09-20,Technical,No
100977,Presentation Skills,2022-05-21,Communication,No
100977,Compliance Basics,2023-03-24,Compliance,Yes
100977,Data-Driven Decision Making,2023-10-01,Technical,Yes
100977,Talent Acquisition,2025-07-25,Management,No
100978,Business Strategy,2020-03-11,Management,Yes
100978,Project Management Fundamentals,2020-07-10,Technical,Yes
100978,Leadership Essentials,2020-12-24,Leadership,Yes
100978,Communication Skills 101,2021-07-18,Communication,Yes
100978,Organizational Leadership,2021-08-24,Management,Yes
100978,Talent Acquisition,2021-10-18,Management,No
100978,Performance Management,2021-12-09,Management,No
100978,People Management Basics,2022-09-10,Management,Yes
100978,Executive Leadership Program,2024-03-29,Leadership,Yes
100978,Foundations of Excellence,2025-06-09,Technical,Yes
100978,Executive Presence,2025-06-23,Leadership,Yes
100978,Data-Driven Decision Making,2025-06-28,Technical,Yes
100978,Anti-Harassment Training,2026-02-10,Compliance,No
100978,Advanced Communication,2026-02-19,Communication,Yes
100979,Presentation Skills,2023-10-11,Communication,No
100979,Communication Skills 101,2023-11-15,Communication,Yes
100979,Conflict Resolution,2024-01-02,Leadership,No
100979,Strategic Thinking,2024-01-29,Leadership,Yes
100979,People Management Basics,2024-05-20,Management,Yes
100979,Cross-functional Collaboration,2024-07-30,Communication,Yes
100979,Foundations of Excellence,2024-09-06,Technical,Yes
100979,Compliance Basics,2025-04-25,Compliance,Yes
100979,Leadership Essentials,2025-05-03,Leadership,Yes
100979,Organizational Leadership,2025-05-20,Management,Yes
100979,Project Management Fundamentals,2025-05-25,Technical,Yes
100979,Budget Planning,2025-07-07,Management,No
100979,Executive Presence,2026-02-27,Leadership,Yes
100979,Advanced Communication,2026-04-29,Communication,Yes
100979,Workplace Safety,2026-06-13,Compliance,No
100980,Executive Presence,2022-11-28,Leadership,Yes
100980,Executive Leadership Program,2023-03-13,Leadership,Yes
100980,Compliance Basics,2023-11-06,Compliance,Yes
100980,Strategic Thinking,2024-01-18,Leadership,Yes
100980,People Management Basics,2024-03-02,Management,Yes
100980,Cloud Computing Basics,2024-04-10,Technical,No
100980,Communication Skills 101,2024-05-06,Communication,Yes
100980,Project Management Fundamentals,2024-07-26,Technical,Yes
100980,Business Strategy,2024-09-07,Management,Yes
100980,Advanced Communication,2024-10-07,Communication,Yes
100980,Data-Driven Decision Making,2024-10-12,Technical,Yes
100980,Organizational Leadership,2025-06-19,Management,Yes
100980,Leadership Essentials,2026-02-14,Leadership,Yes
100980,Cross-functional Collaboration,2026-03-21,Communication,Yes
100981,Strategic Thinking,2018-10-18,Leadership,Yes
100981,SQL Essentials,2020-01-24,Technical,No
100981,Advanced Communication,2020-06-13,Communication,Yes
100981,Cross-functional Collaboration,2020-09-02,Communication,Yes
100981,Anti-Harassment Training,2021-08-15,Compliance,No
100981,Project Management Fundamentals,2021-11-12,Technical,Yes
100981,Compliance Basics,2022-02-01,Compliance,Yes
100981,People Management Basics,2022-03-08,Management,Yes
100981,Budget Planning,2022-06-14,Management,No
100981,Communication Skills 101,2023-03-23,Communication,Yes
100981,Foundations of Excellence,2024-02-14,Technical,Yes
100981,Negotiation Tactics,2025-03-08,Communication,No
100981,Data-Driven Decision Making,2025-07-18,Technical,Yes
100982,Cross-functional Collaboration,2024-03-21,Communication,Yes
100982,Coaching Skills,2024-06-08,Leadership,No
100982,People Management Basics,2024-06-19,Management,Yes
100982,Talent Acquisition,2024-08-31,Management,No
100982,Leadership Essentials,2024-11-23,Leadership,Yes
100982,Foundations of Excellence,2025-04-17,Technical,Yes
100982,Project Management Fundamentals,2025-05-30,Technical,Yes
100982,Strategic Thinking,2025-06-15,Leadership,Yes
100982,SQL Essentials,2025-07-05,Technical,No
100982,Compliance Basics,2026-01-07,Compliance,Yes
100982,Change Management,2026-04-20,Leadership,No
100982,Communication Skills 101,2026-05-11,Communication,Yes
100983,Foundations of Excellence,2022-07-16,Technical,Yes
100983,Coaching Skills,2022-08-25,Leadership,No
100983,Communication Skills 101,2022-09-06,Communication,Yes
100983,Power BI Fundamentals,2023-03-11,Technical,No
100983,Negotiation Tactics,2023-07-26,Communication,No
100983,Project Management Fundamentals,2024-03-21,Technical,Yes
100983,Business Writing,2024-04-07,Communication,No
100983,Compliance Basics,2025-01-17,Compliance,Yes
100983,Conflict Resolution,2025-11-20,Leadership,No
100984,Data-Driven Decision Making,2023-02-10,Technical,Yes
100984,Communication Skills 101,2023-02-12,Communication,Yes
100984,Anti-Harassment Training,2024-02-11,Compliance,No
100984,Compliance Basics,2024-06-05,Compliance,Yes
100984,Strategic Thinking,2024-07-06,Leadership,Yes
100984,SQL Essentials,2024-08-23,Technical,No
100984,Business Writing,2025-01-02,Communication,No
100984,Advanced Communication,2025-01-14,Communication,Yes
100984,Conflict Resolution,2025-02-15,Leadership,No
100984,Foundations of Excellence,2025-11-21,Technical,Yes
100984,Cross-functional Collaboration,2025-12-05,Communication,Yes
100984,Project Management Fundamentals,2026-02-14,Technical,Yes
100985,Foundations of Excellence,2020-03-31,Technical,Yes
100985,Project Management Fundamentals,2020-10-22,Technical,Yes
100985,Negotiation Tactics,2021-03-12,Communication,No
100985,Communication Skills 101,2021-10-23,Communication,Yes
100985,Talent Acquisition,2021-11-13,Management,No
100985,Presentation Skills,2021-12-30,Communication,No
100985,People Management Basics,2022-01-06,Management,Yes
100985,Data-Driven Decision Making,2022-04-23,Technical,Yes
100985,Strategic Thinking,2023-02-08,Leadership,Yes
100985,Cross-functional Collaboration,2023-12-14,Communication,Yes
100985,Compliance Basics,2024-10-02,Compliance,Yes
100985,Advanced Communication,2026-06-15,Communication,Yes
100986,Foundations of Excellence,2021-01-22,Technical,Yes
100986,Power BI Fundamentals,2021-07-22,Technical,No
100986,Cross-functional Collaboration,2021-10-25,Communication,Yes
100986,Compliance Basics,2022-06-16,Compliance,Yes
100986,Project Management Fundamentals,2022-09-16,Technical,Yes
100986,Strategic Thinking,2023-03-16,Leadership,Yes
100986,Data-Driven Decision Making,2023-08-13,Technical,Yes
100986,Advanced Communication,2024-11-15,Communication,Yes
100986,Communication Skills 101,2025-11-14,Communication,Yes
100987,Anti-Harassment Training,2017-02-27,Compliance,No
100987,Advanced Communication,2017-05-01,Communication,Yes
100987,Compliance Basics,2021-03-29,Compliance,Yes
100987,Data-Driven Decision Making,2021-07-25,Technical,Yes
100987,Foundations of Excellence,2021-07-29,Technical,Yes
100987,Negotiation Tactics,2022-01-31,Communication,No
100987,Change Management,2022-04-21,Leadership,No
100987,Communication Skills 101,2024-04-21,Communication,Yes
100987,Project Management Fundamentals,2025-09-01,Technical,Yes
100988,Foundations of Excellence,2020-04-13,Technical,Yes
100988,Budget Planning,2022-10-08,Management,No
100988,Anti-Harassment Training,2024-07-20,Compliance,No
100988,Compliance Basics,2024-09-30,Compliance,Yes
100989,Foundations of Excellence,2022-02-12,Technical,Yes
100989,Power BI Fundamentals,2022-04-28,Technical,No
100989,Cross-functional Collaboration,2022-07-29,Communication,Yes
100989,Business Strategy,2023-01-18,Management,Yes
100989,Communication Skills 101,2023-05-13,Communication,Yes
100989,Budget Planning,2023-10-13,Management,No
100989,Anti-Harassment Training,2024-01-20,Compliance,No
100989,Data-Driven Decision Making,2024-02-22,Technical,Yes
100989,Advanced Communication,2024-04-11,Communication,Yes
100989,Business Writing,2024-06-08,Communication,No
100989,People Management Basics,2024-11-03,Management,Yes
100989,Strategic Thinking,2025-03-19,Leadership,Yes
100989,Leadership Essentials,2025-07-20,Leadership,Yes
100989,Project Management Fundamentals,2025-07-22,Technical,Yes
100989,Change Management,2025-08-27,Leadership,No
100989,Executive Leadership Program,2025-09-21,Leadership,Yes
100989,Organizational Leadership,2025-11-09,Management,Yes
100989,Executive Presence,2026-04-07,Leadership,Yes
100990,Data-Driven Decision Making,2019-11-14,Technical,Yes
100990,Cross-functional Collaboration,2020-01-05,Communication,Yes
100990,Advanced Communication,2020-09-29,Communication,Yes
100990,Strategic Thinking,2021-01-04,Leadership,Yes
100990,Talent Acquisition,2022-02-02,Management,No
100990,Foundations of Excellence,2022-02-04,Technical,Yes
100990,Project Management Fundamentals,2022-05-13,Technical,Yes
100990,Power BI Fundamentals,2023-02-28,Technical,No
100990,Excel Advanced,2023-08-05,Technical,No
100990,Compliance Basics,2025-12-06,Compliance,Yes
100990,Conflict Resolution,2026-03-25,Leadership,No
100991,Compliance Basics,2021-10-21,Compliance,Yes
100991,Foundations of Excellence,2022-06-12,Technical,Yes
100991,Performance Management,2023-07-14,Management,No
100991,Coaching Skills,2024-09-07,Leadership,No
100991,Communication Skills 101,2024-09-24,Communication,Yes
100991,Excel Advanced,2024-12-07,Technical,No
100991,Change Management,2025-07-17,Leadership,No
100992,Compliance Basics,2026-02-11,Compliance,Yes
100992,Foundations of Excellence,2026-02-20,Technical,Yes
100992,Presentation Skills,2026-03-16,Communication,No
100992,Advanced Communication,2026-03-24,Communication,Yes
100992,Cloud Computing Basics,2026-03-27,Technical,No
100992,Communication Skills 101,2026-03-29,Communication,Yes
100992,Data-Driven Decision Making,2026-04-15,Technical,Yes
100992,Performance Management,2026-05-06,Management,No
100992,Project Management Fundamentals,2026-05-22,Technical,Yes
100992,Negotiation Tactics,2026-05-24,Communication,No
100993,Leadership Essentials,2021-11-28,Leadership,Yes
100993,Cross-functional Collaboration,2022-05-02,Communication,Yes
100993,Compliance Basics,2022-05-10,Compliance,Yes
100993,Organizational Leadership,2022-05-17,Management,Yes
100993,Foundations of Excellence,2022-05-26,Technical,Yes
100993,Data-Driven Decision Making,2022-09-07,Technical,Yes
100993,SQL Essentials,2022-09-07,Technical,No
100993,Power BI Fundamentals,2022-11-29,Technical,No
100993,Business Strategy,2022-12-23,Management,Yes
100993,Project Management Fundamentals,2023-05-18,Technical,Yes
100993,Executive Presence,2023-06-13,Leadership,Yes
100993,People Management Basics,2023-07-13,Management,Yes
100993,Communication Skills 101,2023-11-18,Communication,Yes
100993,Strategic Thinking,2024-12-11,Leadership,Yes
100993,Advanced Communication,2025-10-04,Communication,Yes
100993,Executive Leadership Program,2025-11-17,Leadership,Yes
100994,Strategic Thinking,2021-09-10,Leadership,Yes
100994,People Management Basics,2021-12-14,Management,Yes
100994,Change Management,2023-04-20,Leadership,No
100994,Cross-functional Collaboration,2023-09-19,Communication,Yes
100994,Foundations of Excellence,2023-11-21,Technical,Yes
100994,Communication Skills 101,2023-11-30,Communication,Yes
100994,Project Management Fundamentals,2023-12-11,Technical,Yes
100994,Compliance Basics,2024-04-03,Compliance,Yes
100994,Workplace Safety,2024-07-31,Compliance,No
100994,Business Writing,2024-12-19,Communication,No
100994,Data-Driven Decision Making,2026-05-20,Technical,Yes
100995,SQL Essentials,2025-02-19,Technical,No
100995,Anti-Harassment Training,2025-04-25,Compliance,No
100995,Foundations of Excellence,2025-05-18,Technical,Yes
100995,Excel Advanced,2025-07-06,Technical,No
100995,Project Management Fundamentals,2025-07-09,Technical,Yes
100995,Communication Skills 101,2025-07-23,Communication,Yes
100995,Power BI Fundamentals,2026-05-24,Technical,No
100996,Compliance Basics,2020-03-20,Compliance,Yes
100996,Python for Data Analysis,2020-04-09,Technical,No
100996,Workplace Safety,2020-07-13,Compliance,No
100996,Communication Skills 101,2021-05-03,Communication,Yes
100996,Advanced Communication,2022-09-17,Communication,Yes
100996,Leadership Essentials,2022-11-29,Leadership,Yes
100996,Cloud Computing Basics,2023-11-24,Technical,No
100996,Cross-functional Collaboration,2025-02-28,Communication,Yes
100996,Data-Driven Decision Making,2025-05-01,Technical,Yes
100996,Project Management Fundamentals,2026-01-27,Technical,Yes
100996,People Management Basics,2026-02-24,Management,Yes
100997,Communication Skills 101,2021-03-09,Communication,Yes
100997,Strategic Thinking,2021-09-25,Leadership,Yes
100997,Cloud Computing Basics,2021-12-04,Technical,No
100997,Data-Driven Decision Making,2021-12-16,Technical,Yes
100997,Compliance Basics,2022-12-16,Compliance,Yes
100997,Coaching Skills,2023-01-16,Leadership,No
100997,Foundations of Excellence,2023-04-06,Technical,Yes
100997,Organizational Leadership,2023-04-28,Management,Yes
100997,People Management Basics,2024-06-16,Management,Yes
100997,Budget Planning,2025-03-29,Management,No
100997,Advanced Communication,2025-04-12,Communication,Yes
100997,Cross-functional Collaboration,2025-08-18,Communication,Yes
100997,Project Management Fundamentals,2025-10-05,Technical,Yes
100997,Business Writing,2026-04-30,Communication,No
100998,Executive Presence,2023-06-22,Leadership,Yes
100998,Compliance Basics,2023-07-01,Compliance,Yes
100998,People Management Basics,2023-08-24,Management,Yes
100998,Business Strategy,2023-08-24,Management,Yes
100998,Organizational Leadership,2023-12-25,Management,Yes
100998,Workplace Safety,2023-12-31,Compliance,No
100998,Data-Driven Decision Making,2024-09-15,Technical,Yes
100998,Cross-functional Collaboration,2024-11-28,Communication,Yes
100998,Foundations of Excellence,2025-02-16,Technical,Yes
100998,Communication Skills 101,2025-07-15,Communication,Yes
100998,Leadership Essentials,2025-09-02,Leadership,Yes
100998,Strategic Thinking,2025-10-09,Leadership,Yes
100998,Advanced Communication,2025-10-14,Communication,Yes
100998,Conflict Resolution,2026-06-04,Leadership,No
100998,Project Management Fundamentals,2026-06-15,Technical,Yes
100999,Data-Driven Decision Making,2021-04-25,Technical,Yes
100999,People Management Basics,2021-05-12,Management,Yes
100999,Presentation Skills,2021-06-23,Communication,No
100999,Communication Skills 101,2021-10-22,Communication,Yes
100999,Organizational Leadership,2022-02-04,Management,Yes
100999,Project Management Fundamentals,2022-09-17,Technical,Yes
100999,Cross-functional Collaboration,2022-12-14,Communication,Yes
100999,Performance Management,2023-01-03,Management,No
100999,SQL Essentials,2023-08-10,Technical,No
100999,Strategic Thinking,2024-06-20,Leadership,Yes
100999,Negotiation Tactics,2024-10-30,Communication,No
100999,Advanced Communication,2024-12-01,Communication,Yes
100999,Foundations of Excellence,2025-03-29,Technical,Yes
100999,Executive Presence,2025-08-24,Leadership,Yes
100999,Executive Leadership Program,2025-10-16,Leadership,Yes
100999,Compliance Basics,2025-11-16,Compliance,Yes
100999,Change Management,2025-12-01,Leadership,No
