employee_id,pay_period,gross_pay,tax,benefit_deduction,retirement,net_pay
100000,2025-01-01,8654.5,1903.99,100,432.72,6217.79
100001,2025-01-01,16106.42,3543.41,220,805.32,11537.69
100002,2025-01-01,5169.08,1137.2,100,258.45,3673.43
100003,2025-01-01,9406.25,2069.38,400,470.31,6466.56
100004,2025-01-01,16131.08,3548.84,100,806.55,11675.69
100005,2025-01-01,4848.08,1066.58,400,242.4,3139.1
100006,2025-01-01,7907.17,1739.58,100,395.36,5672.23
100007,2025-01-01,16857.25,3708.6,100,842.86,12205.79
100008,2025-01-01,9542.33,2099.31,220,477.12,6745.9
100009,2025-01-01,7048.5,1550.67,220,352.42,4925.41
100010,2025-01-01,8431.0,1854.82,220,421.55,5934.63
100012,2025-01-01,9869.67,2171.33,100,493.48,7104.86
100013,2025-01-01,12403.83,2728.84,220,620.19,8834.8
100014,2025-01-01,8716.17,1917.56,220,435.81,6142.8
100015,2025-01-01,6129.08,1348.4,400,306.45,4074.23
100016,2025-01-01,16948.17,3728.6,100,847.41,12272.16
100017,2025-01-01,13576.83,2986.9,220,678.84,9691.09
100018,2025-01-01,6747.17,1484.38,220,337.36,4705.43
100019,2025-01-01,11934.0,2625.48,400,596.7,8311.82
100020,2025-01-01,5297.67,1165.49,220,264.88,3647.3
100021,2025-01-01,6841.5,1505.13,220,342.08,4774.29
100022,2025-01-01,24112.0,5304.64,220,1205.6,17381.76
100023,2025-01-01,9779.17,2151.42,400,488.96,6738.79
100025,2025-01-01,10806.33,2377.39,100,540.32,7788.62
100026,2025-01-01,4895.42,1076.99,220,244.77,3353.66
100027,2025-01-01,8524.83,1875.46,220,426.24,6003.13
100028,2025-01-01,7007.67,1541.69,100,350.38,5015.6
100029,2025-01-01,7737.17,1702.18,220,386.86,5428.13
100030,2025-01-01,8774.25,1930.34,220,438.71,6185.2
100031,2025-01-01,8273.25,1820.12,100,413.66,5939.47
100032,2025-01-01,9431.5,2074.93,220,471.58,6664.99
100033,2025-01-01,9369.17,2061.22,220,468.46,6619.49
100034,2025-01-01,12057.58,2652.67,220,602.88,8582.03
100035,2025-01-01,6849.67,1506.93,100,342.48,4900.26
100036,2025-01-01,10071.5,2215.73,100,503.58,7252.19
100037,2025-01-01,11133.42,2449.35,400,556.67,7727.4
100038,2025-01-01,5946.42,1308.21,220,297.32,4120.89
100039,2025-01-01,4923.17,1083.1,220,246.16,3373.91
100040,2025-01-01,7241.75,1593.18,400,362.09,4886.48
100041,2025-01-01,8156.92,1794.52,220,407.85,5734.55
100042,2025-01-01,4533.33,997.33,220,226.67,3089.33
100043,2025-01-01,8171.58,1797.75,100,408.58,5865.25
100044,2025-01-01,7098.42,1561.65,220,354.92,4961.85
100045,2025-01-01,8758.0,1926.76,100,437.9,6293.34
100046,2025-01-01,6094.92,1340.88,220,304.75,4229.29
100047,2025-01-01,13940.0,3066.8,100,697.0,10076.2
100048,2025-01-01,8787.17,1933.18,100,439.36,6314.63
100050,2025-01-01,10364.83,2280.26,220,518.24,7346.33
100051,2025-01-01,16634.08,3659.5,100,831.7,12042.88
100052,2025-01-01,8192.25,1802.3,100,409.61,5880.34
100053,2025-01-01,4255.08,936.12,220,212.75,2886.21
100054,2025-01-01,5136.08,1129.94,100,256.8,3649.34
100055,2025-01-01,8852.83,1947.62,100,442.64,6362.57
100056,2025-01-01,10603.25,2332.72,100,530.16,7640.37
100057,2025-01-01,16226.0,3569.72,220,811.3,11624.98
100058,2025-01-01,10026.83,2205.9,220,501.34,7099.59
100059,2025-01-01,13115.92,2885.5,220,655.8,9354.62
100060,2025-01-01,5096.5,1121.23,400,254.82,3320.45
100061,2025-01-01,6197.0,1363.34,100,309.85,4423.81
100062,2025-01-01,10846.17,2386.16,100,542.31,7817.7
100063,2025-01-01,7936.17,1745.96,100,396.81,5693.4
100064,2025-01-01,6687.33,1471.21,100,334.37,4781.75
100065,2025-01-01,10849.25,2386.84,400,542.46,7519.95
100066,2025-01-01,8195.33,1802.97,220,409.77,5762.59
100067,2025-01-01,25359.33,5579.05,100,1267.97,18412.31
100068,2025-01-01,8850.25,1947.06,400,442.51,6060.68
100069,2025-01-01,20471.5,4503.73,220,1023.58,14724.19
100070,2025-01-01,7272.75,1600.0,220,363.64,5089.11
100071,2025-01-01,7075.92,1556.7,220,353.8,4945.42
100072,2025-01-01,6385.83,1404.88,220,319.29,4441.66
100073,2025-01-01,4624.5,1017.39,220,231.23,3155.88
100074,2025-01-01,20233.83,4451.44,100,1011.69,14670.7
100075,2025-01-01,12591.25,2770.08,100,629.56,9091.61
100076,2025-01-01,14262.17,3137.68,100,713.11,10311.38
100077,2025-01-01,8274.75,1820.44,220,413.74,5820.57
100078,2025-01-01,11562.5,2543.75,100,578.12,8340.63
100079,2025-01-01,13864.58,3050.21,220,693.23,9901.14
100080,2025-01-01,11813.58,2598.99,400,590.68,8223.91
100081,2025-01-01,11359.75,2499.14,220,567.99,8072.62
100082,2025-01-01,10091.17,2220.06,220,504.56,7146.55
100083,2025-01-01,11192.0,2462.24,220,559.6,7950.16
100084,2025-01-01,8606.92,1893.52,400,430.35,5883.05
100085,2025-01-01,12398.58,2727.69,220,619.93,8830.96
100086,2025-01-01,6225.5,1369.61,220,311.28,4324.61
100087,2025-01-01,4980.5,1095.71,100,249.02,3535.77
100088,2025-01-01,6987.58,1537.27,400,349.38,4700.93
100089,2025-01-01,11189.25,2461.64,220,559.46,7948.15
100090,2025-01-01,9169.0,2017.18,220,458.45,6473.37
100091,2025-01-01,5232.17,1151.08,220,261.61,3599.48
100092,2025-01-01,9098.67,2001.71,220,454.93,6422.03
100093,2025-01-01,11045.08,2429.92,220,552.25,7842.91
100094,2025-01-01,10212.08,2246.66,220,510.6,7234.82
100095,2025-01-01,6615.33,1455.37,220,330.77,4609.19
100096,2025-01-01,22431.67,4934.97,220,1121.58,16155.12
100097,2025-01-01,5361.75,1179.58,100,268.09,3814.08
100098,2025-01-01,5013.75,1103.03,220,250.69,3440.03
100099,2025-01-01,14099.08,3101.8,220,704.95,10072.33
100100,2025-01-01,6899.17,1517.82,220,344.96,4816.39
100101,2025-01-01,6337.17,1394.18,100,316.86,4526.13
100102,2025-01-01,15844.33,3485.75,220,792.22,11346.36
100103,2025-01-01,7179.0,1579.38,220,358.95,5020.67
100104,2025-01-01,6942.67,1527.39,220,347.13,4848.15
100105,2025-01-01,7678.17,1689.2,220,383.91,5385.06
100106,2025-01-01,9912.83,2180.82,220,495.64,7016.37
100107,2025-01-01,6290.25,1383.86,400,314.51,4191.88
100108,2025-01-01,13683.33,3010.33,220,684.17,9768.83
100109,2025-01-01,12736.5,2802.03,400,636.83,8897.64
100110,2025-01-01,11235.83,2471.88,220,561.79,7982.16
100111,2025-01-01,6020.75,1324.56,220,301.04,4175.15
100112,2025-01-01,10252.42,2255.53,100,512.62,7384.27
100113,2025-01-01,5547.42,1220.43,220,277.37,3829.62
100114,2025-01-01,6158.92,1354.96,220,307.95,4276.01
100115,2025-01-01,7412.92,1630.84,100,370.65,5311.43
100116,2025-01-01,5511.42,1212.51,400,275.57,3623.34
100117,2025-01-01,11638.5,2560.47,400,581.93,8096.1
100118,2025-01-01,13473.58,2964.19,400,673.68,9435.71
100119,2025-01-01,10842.58,2385.37,400,542.13,7515.08
100120,2025-01-01,3626.75,797.88,400,181.34,2247.53
100121,2025-01-01,9991.58,2198.15,220,499.58,7073.85
100122,2025-01-01,7174.17,1578.32,400,358.71,4837.14
100123,2025-01-01,10188.17,2241.4,220,509.41,7217.36
100124,2025-01-01,13090.42,2879.89,100,654.52,9456.01
100125,2025-01-01,12617.0,2775.74,220,630.85,8990.41
100126,2025-01-01,5802.25,1276.5,220,290.11,4015.64
100127,2025-01-01,24883.33,5474.33,220,1244.17,17944.83
100128,2025-01-01,11485.67,2526.85,220,574.28,8164.54
100129,2025-01-01,16620.58,3656.53,220,831.03,11913.02
100130,2025-01-01,10650.5,2343.11,100,532.52,7674.87
100131,2025-01-01,12188.33,2681.43,400,609.42,8497.48
100132,2025-01-01,8807.42,1937.63,100,440.37,6329.42
100133,2025-01-01,8224.17,1809.32,220,411.21,5783.64
100134,2025-01-01,9710.08,2136.22,400,485.5,6688.36
100135,2025-01-01,5623.58,1237.19,220,281.18,3885.21
100136,2025-01-01,9885.58,2174.83,100,494.28,7116.47
100137,2025-01-01,6642.17,1461.28,220,332.11,4628.78
100138,2025-01-01,9703.42,2134.75,220,485.17,6863.5
100139,2025-01-01,9788.75,2153.52,220,489.44,6925.79
100140,2025-01-01,11189.42,2461.67,100,559.47,8068.28
100141,2025-01-01,6573.5,1446.17,100,328.68,4698.65
100142,2025-01-01,7089.17,1559.62,220,354.46,4955.09
100143,2025-01-01,17295.17,3804.94,100,864.76,12525.47
100144,2025-01-01,10867.0,2390.74,220,543.35,7712.91
100145,2025-01-01,9740.58,2142.93,400,487.03,6710.62
100146,2025-01-01,12071.67,2655.77,220,603.58,8592.32
100147,2025-01-01,10728.33,2360.23,220,536.42,7611.68
100148,2025-01-01,4675.5,1028.61,220,233.78,3193.11
100149,2025-01-01,6624.33,1457.35,400,331.22,4435.76
100150,2025-01-01,7566.0,1664.52,220,378.3,5303.18
100151,2025-01-01,13035.0,2867.7,220,651.75,9295.55
100152,2025-01-01,4213.25,926.92,400,210.66,2675.67
100153,2025-01-01,17165.0,3776.3,220,858.25,12310.45
100154,2025-01-01,12042.0,2649.24,100,602.1,8690.66
100155,2025-01-01,26594.08,5850.7,220,1329.7,19193.68
100156,2025-01-01,4922.33,1082.91,100,246.12,3493.3
100157,2025-01-01,14777.75,3251.1,220,738.89,10567.76
100158,2025-01-01,4814.92,1059.28,220,240.75,3294.89
100159,2025-01-01,6305.08,1387.12,100,315.25,4502.71
100160,2025-01-01,4529.67,996.53,220,226.48,3086.66
100161,2025-01-01,10729.58,2360.51,400,536.48,7432.59
100162,2025-01-01,4886.92,1075.12,100,244.35,3467.45
100163,2025-01-01,10518.58,2314.09,100,525.93,7578.56
100164,2025-01-01,7410.08,1630.22,100,370.5,5309.36
100165,2025-01-01,17980.5,3955.71,100,899.03,13025.76
100166,2025-01-01,6128.33,1348.23,400,306.42,4073.68
100167,2025-01-01,21215.0,4667.3,400,1060.75,15086.95
100168,2025-01-01,12080.5,2657.71,220,604.02,8598.77
100169,2025-01-01,13241.08,2913.04,100,662.05,9565.99
100170,2025-01-01,8979.83,1975.56,220,448.99,6335.28
100171,2025-01-01,11078.92,2437.36,220,553.95,7867.61
100172,2025-01-01,11799.42,2595.87,220,589.97,8393.58
100173,2025-01-01,10475.67,2304.65,400,523.78,7247.24
100174,2025-01-01,8310.17,1828.24,100,415.51,5966.42
100175,2025-01-01,7168.75,1577.12,220,358.44,5013.19
100176,2025-01-01,4793.08,1054.48,220,239.65,3278.95
100177,2025-01-01,16630.83,3658.78,100,831.54,12040.51
100178,2025-01-01,17156.42,3774.41,100,857.82,12424.19
100179,2025-01-01,8723.08,1919.08,220,436.15,6147.85
100180,2025-01-01,7909.92,1740.18,220,395.5,5554.24
100181,2025-01-01,10787.58,2373.27,100,539.38,7774.93
100182,2025-01-01,4980.92,1095.8,100,249.05,3536.07
100183,2025-01-01,5173.67,1138.21,220,258.68,3556.78
100184,2025-01-01,8419.25,1852.24,100,420.96,6046.05
100185,2025-01-01,11150.67,2453.15,220,557.53,7919.99
100186,2025-01-01,14135.75,3109.86,400,706.79,9919.1
100187,2025-01-01,10739.92,2362.78,220,537.0,7620.14
100188,2025-01-01,5284.0,1162.48,220,264.2,3637.32
100189,2025-01-01,12496.33,2749.19,220,624.82,8902.32
100190,2025-01-01,5142.33,1131.31,100,257.12,3653.9
100191,2025-01-01,5829.0,1282.38,220,291.45,4035.17
100192,2025-01-01,13129.25,2888.44,100,656.46,9484.35
100193,2025-01-01,8492.0,1868.24,100,424.6,6099.16
100194,2025-01-01,6874.08,1512.3,220,343.7,4798.08
100195,2025-01-01,9682.17,2130.08,220,484.11,6847.98
100196,2025-01-01,8254.67,1816.03,400,412.73,5625.91
100197,2025-01-01,16409.92,3610.18,220,820.5,11759.24
100198,2025-01-01,4492.75,988.4,100,224.64,3179.71
100200,2025-01-01,8730.58,1920.73,400,436.53,5973.32
100201,2025-01-01,7621.5,1676.73,220,381.08,5343.69
100202,2025-01-01,6097.0,1341.34,220,304.85,4230.81
100203,2025-01-01,13706.08,3015.34,100,685.3,9905.44
100204,2025-01-01,8434.67,1855.63,220,421.73,5937.31
100205,2025-01-01,17564.17,3864.12,100,878.21,12721.84
100206,2025-01-01,14218.25,3128.02,100,710.91,10279.32
100207,2025-01-01,5369.08,1181.2,400,268.45,3519.43
100208,2025-01-01,9195.08,2022.92,220,459.75,6492.41
100209,2025-01-01,14107.58,3103.67,220,705.38,10078.53
100210,2025-01-01,11403.92,2508.86,220,570.2,8104.86
100212,2025-01-01,7978.17,1755.2,100,398.91,5724.06
100213,2025-01-01,5757.5,1266.65,220,287.88,3982.97
100214,2025-01-01,13163.33,2895.93,100,658.17,9509.23
100215,2025-01-01,10196.17,2243.16,400,509.81,7043.2
100216,2025-01-01,9246.83,2034.3,220,462.34,6530.19
100217,2025-01-01,5468.33,1203.03,220,273.42,3771.88
100218,2025-01-01,9826.0,2161.72,220,491.3,6952.98
100219,2025-01-01,5735.75,1261.86,400,286.79,3787.1
100220,2025-01-01,6837.25,1504.2,220,341.86,4771.19
100221,2025-01-01,6345.33,1395.97,220,317.27,4412.09
100223,2025-01-01,6987.75,1537.3,220,349.39,4881.06
100224,2025-01-01,6603.67,1452.81,220,330.18,4600.68
100225,2025-01-01,4771.0,1049.62,400,238.55,3082.83
100226,2025-01-01,23360.17,5139.24,220,1168.01,16832.92
100227,2025-01-01,24407.17,5369.58,220,1220.36,17597.23
100228,2025-01-01,5472.33,1203.91,400,273.62,3594.8
100229,2025-01-01,8136.92,1790.12,220,406.85,5719.95
100230,2025-01-01,9812.0,2158.64,220,490.6,6942.76
100231,2025-01-01,21767.75,4788.9,400,1088.39,15490.46
100232,2025-01-01,13921.08,3062.64,100,696.05,10062.39
100233,2025-01-01,7573.92,1666.26,400,378.7,5128.96
100234,2025-01-01,11189.25,2461.64,220,559.46,7948.15
100235,2025-01-01,10348.0,2276.56,100,517.4,7454.04
100236,2025-01-01,6819.25,1500.24,220,340.96,4758.05
100237,2025-01-01,16046.0,3530.12,100,802.3,11613.58
100238,2025-01-01,18472.5,4063.95,220,923.62,13264.93
100239,2025-01-01,6363.5,1399.97,220,318.18,4425.35
100240,2025-01-01,8622.92,1897.04,100,431.15,6194.73
100241,2025-01-01,11140.08,2450.82,220,557.0,7912.26
100242,2025-01-01,6581.67,1447.97,220,329.08,4584.62
100243,2025-01-01,17283.58,3802.39,400,864.18,12217.01
100244,2025-01-01,5662.67,1245.79,100,283.13,4033.75
100245,2025-01-01,6138.0,1350.36,400,306.9,4080.74
100246,2025-01-01,5622.42,1236.93,220,281.12,3884.37
100247,2025-01-01,11144.75,2451.84,400,557.24,7735.67
100248,2025-01-01,13882.75,3054.2,220,694.14,9914.41
100249,2025-01-01,12147.17,2672.38,220,607.36,8647.43
100250,2025-01-01,5918.58,1302.09,220,295.93,4100.56
100251,2025-01-01,4789.08,1053.6,220,239.45,3276.03
100252,2025-01-01,6256.83,1376.5,220,312.84,4347.49
100253,2025-01-01,7404.42,1628.97,220,370.22,5185.23
100254,2025-01-01,11825.25,2601.55,400,591.26,8232.44
100255,2025-01-01,10044.25,2209.74,220,502.21,7112.3
100256,2025-01-01,5254.08,1155.9,220,262.7,3615.48
100257,2025-01-01,4150.33,913.07,400,207.52,2629.74
100258,2025-01-01,7705.83,1695.28,100,385.29,5525.26
100259,2025-01-01,13086.75,2879.08,400,654.34,9153.33
100260,2025-01-01,7069.0,1555.18,220,353.45,4940.37
100261,2025-01-01,11473.83,2524.24,100,573.69,8275.9
100262,2025-01-01,5910.08,1300.22,100,295.5,4214.36
100263,2025-01-01,6984.33,1536.55,400,349.22,4698.56
100264,2025-01-01,10548.42,2320.65,100,527.42,7600.35
100265,2025-01-01,17587.0,3869.14,100,879.35,12738.51
100266,2025-01-01,20390.0,4485.8,400,1019.5,14484.7
100267,2025-01-01,20667.25,4546.8,220,1033.36,14867.09
100268,2025-01-01,10092.5,2220.35,220,504.62,7147.53
100269,2025-01-01,6279.92,1381.58,220,314.0,4364.34
100270,2025-01-01,6847.25,1506.4,100,342.36,4898.49
100271,2025-01-01,11609.0,2553.98,220,580.45,8254.57
100272,2025-01-01,4367.0,960.74,220,218.35,2967.91
100273,2025-01-01,21476.0,4724.72,220,1073.8,15457.48
100274,2025-01-01,11154.17,2453.92,220,557.71,7922.54
100275,2025-01-01,8043.5,1769.57,220,402.18,5651.75
100276,2025-01-01,5293.5,1164.57,100,264.68,3764.25
100277,2025-01-01,5345.75,1176.06,220,267.29,3682.4
100278,2025-01-01,5177.33,1139.01,400,258.87,3379.45
100280,2025-01-01,7392.58,1626.37,400,369.63,4996.58
100281,2025-01-01,7769.75,1709.34,220,388.49,5451.92
100282,2025-01-01,5077.08,1116.96,220,253.85,3486.27
100283,2025-01-01,20135.67,4429.85,220,1006.78,14479.04
100284,2025-01-01,10791.17,2374.06,100,539.56,7777.55
100285,2025-01-01,7015.67,1543.45,100,350.78,5021.44
100286,2025-01-01,11615.0,2555.3,100,580.75,8378.95
100287,2025-01-01,8961.33,1971.49,220,448.07,6321.77
100288,2025-01-01,7182.75,1580.2,220,359.14,5023.41
100289,2025-01-01,11356.92,2498.52,400,567.85,7890.55
100290,2025-01-01,9576.83,2106.9,100,478.84,6891.09
100291,2025-01-01,8233.83,1811.44,220,411.69,5790.7
100292,2025-01-01,11560.33,2543.27,220,578.02,8219.04
100293,2025-01-01,8235.42,1811.79,100,411.77,5911.86
100294,2025-01-01,11484.5,2526.59,220,574.22,8163.69
100295,2025-01-01,5222.58,1148.97,100,261.13,3712.48
100296,2025-01-01,15680.08,3449.62,400,784.0,11046.46
100297,2025-01-01,3832.17,843.08,400,191.61,2397.48
100299,2025-01-01,11468.33,2523.03,400,573.42,7971.88
100300,2025-01-01,8682.83,1910.22,220,434.14,6118.47
100301,2025-01-01,28888.33,6355.43,100,1444.42,20988.48
100302,2025-01-01,8195.33,1802.97,100,409.77,5882.59
100303,2025-01-01,14017.42,3083.83,400,700.87,9832.72
100304,2025-01-01,10768.83,2369.14,220,538.44,7641.25
100306,2025-01-01,8287.5,1823.25,100,414.38,5949.87
100307,2025-01-01,5857.0,1288.54,220,292.85,4055.61
100309,2025-01-01,12384.5,2724.59,400,619.22,8640.69
100310,2025-01-01,5762.17,1267.68,400,288.11,3806.38
100311,2025-01-01,5814.67,1279.23,220,290.73,4024.71
100312,2025-01-01,12352.92,2717.64,220,617.65,8797.63
100314,2025-01-01,8748.0,1924.56,400,437.4,5986.04
100315,2025-01-01,18361.92,4039.62,400,918.1,13004.2
100316,2025-01-01,14513.58,3192.99,400,725.68,10194.91
100317,2025-01-01,8078.0,1777.16,220,403.9,5676.94
100319,2025-01-01,8689.75,1911.74,100,434.49,6243.52
100320,2025-01-01,10709.75,2356.14,220,535.49,7598.12
100321,2025-01-01,16101.0,3542.22,100,805.05,11653.73
100323,2025-01-01,8807.5,1937.65,220,440.38,6209.47
100324,2025-01-01,9785.42,2152.79,100,489.27,7043.36
100325,2025-01-01,5204.75,1145.04,220,260.24,3579.47
100327,2025-01-01,5226.42,1149.81,100,261.32,3715.29
100328,2025-01-01,3716.25,817.58,400,185.81,2312.86
100329,2025-01-01,8152.17,1793.48,100,407.61,5851.08
100330,2025-01-01,9072.75,1996.0,220,453.64,6403.11
100331,2025-01-01,21178.17,4659.2,220,1058.91,15240.06
100332,2025-01-01,13879.75,3053.54,220,693.99,9912.22
100333,2025-01-01,10507.42,2311.63,100,525.37,7570.42
100334,2025-01-01,10982.17,2416.08,220,549.11,7796.98
100335,2025-01-01,14776.17,3250.76,400,738.81,10386.6
100336,2025-01-01,12362.58,2719.77,220,618.13,8804.68
100337,2025-01-01,4960.67,1091.35,100,248.03,3521.29
100338,2025-01-01,6650.58,1463.13,100,332.53,4754.92
100339,2025-01-01,7622.33,1676.91,220,381.12,5344.3
100340,2025-01-01,6979.33,1535.45,400,348.97,4694.91
100341,2025-01-01,19401.17,4268.26,220,970.06,13942.85
100342,2025-01-01,8045.08,1769.92,220,402.25,5652.91
100343,2025-01-01,5040.67,1108.95,220,252.03,3459.69
100344,2025-01-01,4956.0,1090.32,100,247.8,3517.88
100345,2025-01-01,11217.08,2467.76,220,560.85,7968.47
100346,2025-01-01,24115.17,5305.34,100,1205.76,17504.07
100347,2025-01-01,9055.42,1992.19,400,452.77,6210.46
100349,2025-01-01,17488.83,3847.54,220,874.44,12546.85
100350,2025-01-01,8070.33,1775.47,220,403.52,5671.34
100351,2025-01-01,5388.0,1185.36,220,269.4,3713.24
100352,2025-01-01,12297.58,2705.47,100,614.88,8877.23
100355,2025-01-01,14806.67,3257.47,100,740.33,10708.87
100356,2025-01-01,11498.0,2529.56,220,574.9,8173.54
100357,2025-01-01,16307.42,3587.63,100,815.37,11804.42
100358,2025-01-01,11715.58,2577.43,100,585.78,8452.37
100359,2025-01-01,6398.33,1407.63,400,319.92,4270.78
100360,2025-01-01,4879.92,1073.58,220,244.0,3342.34
100361,2025-01-01,13793.25,3034.52,220,689.66,9849.07
100362,2025-01-01,11449.67,2518.93,100,572.48,8258.26
100363,2025-01-01,4174.17,918.32,100,208.71,2947.14
100364,2025-01-01,11433.0,2515.26,220,571.65,8126.09
100365,2025-01-01,4985.67,1096.85,100,249.28,3539.54
100366,2025-01-01,4745.92,1044.1,220,237.3,3244.52
100367,2025-01-01,8713.92,1917.06,400,435.7,5961.16
100368,2025-01-01,12154.67,2674.03,400,607.73,8472.91
100369,2025-01-01,7626.67,1677.87,100,381.33,5467.47
100370,2025-01-01,7048.25,1550.62,220,352.41,4925.22
100371,2025-01-01,5101.75,1122.38,400,255.09,3324.28
100373,2025-01-01,13493.83,2968.64,400,674.69,9450.5
100374,2025-01-01,8922.08,1962.86,400,446.1,6113.12
100375,2025-01-01,15222.92,3349.04,220,761.15,10892.73
100376,2025-01-01,6214.08,1367.1,220,310.7,4316.28
100377,2025-01-01,8119.33,1786.25,220,405.97,5707.11
100378,2025-01-01,10925.25,2403.55,400,546.26,7575.44
100379,2025-01-01,12953.17,2849.7,400,647.66,9055.81
100380,2025-01-01,7847.83,1726.52,220,392.39,5508.92
100381,2025-01-01,6682.0,1470.04,220,334.1,4657.86
100382,2025-01-01,8370.58,1841.53,220,418.53,5890.52
100383,2025-01-01,16507.5,3631.65,100,825.38,11950.47
100384,2025-01-01,7028.0,1546.16,100,351.4,5030.44
100385,2025-01-01,12205.67,2685.25,220,610.28,8690.14
100386,2025-01-01,13128.83,2888.34,220,656.44,9364.05
100387,2025-01-01,20124.58,4427.41,400,1006.23,14290.94
100388,2025-01-01,5408.33,1189.83,100,270.42,3848.08
100389,2025-01-01,10717.33,2357.81,400,535.87,7423.65
100390,2025-01-01,20426.58,4493.85,400,1021.33,14511.4
100391,2025-01-01,15070.0,3315.4,100,753.5,10901.1
100392,2025-01-01,6025.33,1325.57,220,301.27,4178.49
100393,2025-01-01,6056.58,1332.45,400,302.83,4021.3
100394,2025-01-01,12825.25,2821.56,220,641.26,9142.43
100395,2025-01-01,8660.83,1905.38,220,433.04,6102.41
100396,2025-01-01,11119.17,2446.22,400,555.96,7716.99
100397,2025-01-01,7013.08,1542.88,400,350.65,4719.55
100398,2025-01-01,8264.83,1818.26,220,413.24,5813.33
100399,2025-01-01,15429.42,3394.47,220,771.47,11043.48
100400,2025-01-01,7620.92,1676.6,100,381.05,5463.27
100401,2025-01-01,13547.5,2980.45,100,677.38,9789.67
100402,2025-01-01,4514.25,993.14,220,225.71,3075.4
100403,2025-01-01,4360.0,959.2,100,218.0,3082.8
100405,2025-01-01,16811.75,3698.58,220,840.59,12052.58
100406,2025-01-01,7907.08,1739.56,400,395.35,5372.17
100407,2025-01-01,12041.25,2649.08,100,602.06,8690.11
100408,2025-01-01,8601.67,1892.37,220,430.08,6059.22
100409,2025-01-01,14262.67,3137.79,400,713.13,10011.75
100410,2025-01-01,9104.0,2002.88,100,455.2,6545.92
100411,2025-01-01,3642.42,801.33,400,182.12,2258.97
100412,2025-01-01,12391.25,2726.08,220,619.56,8825.61
100413,2025-01-01,16450.0,3619.0,220,822.5,11788.5
100414,2025-01-01,4616.75,1015.68,220,230.84,3150.23
100415,2025-01-01,13032.75,2867.2,220,651.64,9293.91
100416,2025-01-01,9014.33,1983.15,100,450.72,6480.46
100417,2025-01-01,27672.58,6087.97,400,1383.63,19800.98
100418,2025-01-01,3835.42,843.79,400,191.77,2399.86
100419,2025-01-01,8082.08,1778.06,220,404.1,5679.92
100420,2025-01-01,20347.08,4476.36,220,1017.35,14633.37
100421,2025-01-01,5960.33,1311.27,220,298.02,4131.04
100422,2025-01-01,6640.33,1460.87,220,332.02,4627.44
100423,2025-01-01,7200.25,1584.06,220,360.01,5036.18
100424,2025-01-01,14573.17,3206.1,220,728.66,10418.41
100425,2025-01-01,12897.75,2837.5,220,644.89,9195.36
100426,2025-01-01,5632.17,1239.08,100,281.61,4011.48
100427,2025-01-01,7760.42,1707.29,100,388.02,5565.11
100428,2025-01-01,13786.0,3032.92,220,689.3,9843.78
100429,2025-01-01,6901.0,1518.22,220,345.05,4817.73
100430,2025-01-01,11574.17,2546.32,100,578.71,8349.14
100432,2025-01-01,8009.83,1762.16,220,400.49,5627.18
100433,2025-01-01,4578.92,1007.36,220,228.95,3122.61
100434,2025-01-01,4995.0,1098.9,220,249.75,3426.35
100435,2025-01-01,11019.42,2424.27,400,550.97,7644.18
100436,2025-01-01,14793.08,3254.48,220,739.65,10578.95
100437,2025-01-01,10365.92,2280.5,220,518.3,7347.12
100438,2025-01-01,11272.58,2479.97,400,563.63,7828.98
100439,2025-01-01,5994.83,1318.86,220,299.74,4156.23
100440,2025-01-01,11014.08,2423.1,100,550.7,7940.28
100441,2025-01-01,15062.75,3313.8,220,753.14,10775.81
100442,2025-01-01,14909.92,3280.18,220,745.5,10664.24
100443,2025-01-01,4457.17,980.58,100,222.86,3153.73
100444,2025-01-01,5140.42,1130.89,100,257.02,3652.51
100445,2025-01-01,7729.67,1700.53,100,386.48,5542.66
100446,2025-01-01,14042.75,3089.4,400,702.14,9851.21
100447,2025-01-01,6248.92,1374.76,220,312.45,4341.71
100449,2025-01-01,8462.17,1861.68,100,423.11,6077.38
100450,2025-01-01,17225.42,3789.59,220,861.27,12354.56
100451,2025-01-01,8267.33,1818.81,100,413.37,5935.15
100452,2025-01-01,5254.25,1155.94,100,262.71,3735.6
100453,2025-01-01,11580.0,2547.6,220,579.0,8233.4
100454,2025-01-01,14185.5,3120.81,220,709.28,10135.41
100455,2025-01-01,10536.92,2318.12,220,526.85,7471.95
100456,2025-01-01,7848.92,1726.76,100,392.45,5629.71
100457,2025-01-01,13051.58,2871.35,220,652.58,9307.65
100458,2025-01-01,6816.17,1499.56,400,340.81,4575.8
100459,2025-01-01,12074.33,2656.35,100,603.72,8714.26
100460,2025-01-01,4100.25,902.06,400,205.01,2593.18
100461,2025-01-01,6625.42,1457.59,220,331.27,4616.56
100462,2025-01-01,13407.25,2949.6,220,670.36,9567.29
100463,2025-01-01,13109.67,2884.13,220,655.48,9350.06
100464,2025-01-01,12880.17,2833.64,220,644.01,9182.52
100465,2025-01-01,13293.0,2924.46,100,664.65,9603.89
100466,2025-01-01,4778.33,1051.23,400,238.92,3088.18
100467,2025-01-01,12374.42,2722.37,220,618.72,8813.33
100468,2025-01-01,11291.58,2484.15,220,564.58,8022.85
100469,2025-01-01,11189.0,2461.58,220,559.45,7947.97
100470,2025-01-01,17751.25,3905.28,220,887.56,12738.41
100471,2025-01-01,6402.5,1408.55,220,320.12,4453.83
100472,2025-01-01,7230.92,1590.8,220,361.55,5058.57
100473,2025-01-01,4624.67,1017.43,100,231.23,3276.01
100474,2025-01-01,10043.5,2209.57,220,502.18,7111.75
100475,2025-01-01,7242.33,1593.31,400,362.12,4886.9
100476,2025-01-01,10235.25,2251.76,100,511.76,7371.73
100477,2025-01-01,14182.17,3120.08,400,709.11,9952.98
100478,2025-01-01,6448.67,1418.71,100,322.43,4607.53
100479,2025-01-01,8579.5,1887.49,400,428.98,5863.03
100481,2025-01-01,11292.92,2484.44,400,564.65,7843.83
100482,2025-01-01,8315.92,1829.5,400,415.8,5670.62
100483,2025-01-01,9257.92,2036.74,400,462.9,6358.28
100484,2025-01-01,20970.83,4613.58,220,1048.54,15088.71
100485,2025-01-01,28804.75,6337.04,220,1440.24,20807.47
100486,2025-01-01,10873.33,2392.13,100,543.67,7837.53
100487,2025-01-01,4591.0,1010.02,220,229.55,3131.43
100488,2025-01-01,6679.92,1469.58,100,334.0,4776.34
100489,2025-01-01,8953.5,1969.77,220,447.68,6316.05
100490,2025-01-01,6727.92,1480.14,220,336.4,4691.38
100491,2025-01-01,22302.5,4906.55,100,1115.12,16180.83
100492,2025-01-01,19674.83,4328.46,100,983.74,14262.63
100493,2025-01-01,3785.92,832.9,400,189.3,2363.72
100494,2025-01-01,5899.33,1297.85,100,294.97,4206.51
100495,2025-01-01,11199.67,2463.93,220,559.98,7955.76
100496,2025-01-01,9767.67,2148.89,220,488.38,6910.4
100497,2025-01-01,13836.25,3043.98,220,691.81,9880.46
100498,2025-01-01,8843.75,1945.62,100,442.19,6355.94
100499,2025-01-01,12761.5,2807.53,220,638.08,9095.89
100500,2025-01-01,18881.5,4153.93,100,944.08,13683.49
100501,2025-01-01,13585.25,2988.76,100,679.26,9817.23
100502,2025-01-01,9190.33,2021.87,220,459.52,6488.94
100503,2025-01-01,11082.33,2438.11,100,554.12,7990.1
100504,2025-01-01,5111.67,1124.57,400,255.58,3331.52
100505,2025-01-01,11593.83,2550.64,100,579.69,8363.5
100506,2025-01-01,9941.08,2187.04,100,497.05,7156.99
100507,2025-01-01,5709.83,1256.16,400,285.49,3768.18
100508,2025-01-01,4706.42,1035.41,100,235.32,3335.69
100509,2025-01-01,11293.25,2484.52,220,564.66,8024.07
100510,2025-01-01,16548.0,3640.56,100,827.4,11980.04
100511,2025-01-01,8937.25,1966.2,220,446.86,6304.19
100512,2025-01-01,15392.58,3386.37,220,769.63,11016.58
100513,2025-01-01,17026.25,3745.78,100,851.31,12329.16
100514,2025-01-01,15651.5,3443.33,100,782.58,11325.59
100515,2025-01-01,9014.33,1983.15,400,450.72,6180.46
100516,2025-01-01,14269.58,3139.31,100,713.48,10316.79
100517,2025-01-01,8026.42,1765.81,220,401.32,5639.29
100518,2025-01-01,17179.5,3779.49,100,858.98,12441.03
100519,2025-01-01,4328.17,952.2,220,216.41,2939.56
100520,2025-01-01,20361.25,4479.48,100,1018.06,14763.71
100521,2025-01-01,11524.92,2535.48,400,576.25,8013.19
100522,2025-01-01,9093.42,2000.55,220,454.67,6418.2
100523,2025-01-01,3763.83,828.04,220,188.19,2527.6
100524,2025-01-01,11043.42,2429.55,100,552.17,7961.7
100525,2025-01-01,15625.17,3437.54,400,781.26,11006.37
100526,2025-01-01,11261.83,2477.6,100,563.09,8121.14
100527,2025-01-01,8847.08,1946.36,220,442.35,6238.37
100528,2025-01-01,7203.67,1584.81,400,360.18,4858.68
100529,2025-01-01,10477.17,2304.98,220,523.86,7428.33
100530,2025-01-01,6278.75,1381.32,100,313.94,4483.49
100531,2025-01-01,6066.75,1334.68,220,303.34,4208.73
100532,2025-01-01,6293.58,1384.59,220,314.68,4374.31
100533,2025-01-01,10481.58,2305.95,100,524.08,7551.55
100534,2025-01-01,15435.75,3395.86,400,771.79,10868.1
100535,2025-01-01,12738.25,2802.42,100,636.91,9198.92
100536,2025-01-01,6665.5,1466.41,400,333.28,4465.81
100537,2025-01-01,6957.92,1530.74,220,347.9,4859.28
100538,2025-01-01,5674.33,1248.35,400,283.72,3742.26
100539,2025-01-01,12301.33,2706.29,400,615.07,8579.97
100540,2025-01-01,5078.08,1117.18,220,253.9,3487.0
100541,2025-01-01,6234.92,1371.68,220,311.75,4331.49
100542,2025-01-01,22333.92,4913.46,400,1116.7,15903.76
100543,2025-01-01,12622.75,2777.0,100,631.14,9114.61
100544,2025-01-01,10906.5,2399.43,400,545.33,7561.74
100545,2025-01-01,8097.58,1781.47,100,404.88,5811.23
100546,2025-01-01,7300.33,1606.07,220,365.02,5109.24
100547,2025-01-01,8820.83,1940.58,400,441.04,6039.21
100548,2025-01-01,6688.83,1471.54,100,334.44,4782.85
100549,2025-01-01,8725.08,1919.52,220,436.25,6149.31
100550,2025-01-01,21309.0,4687.98,220,1065.45,15335.57
100551,2025-01-01,8703.83,1914.84,220,435.19,6133.8
100552,2025-01-01,10097.83,2221.52,100,504.89,7271.42
100553,2025-01-01,5228.58,1150.29,220,261.43,3596.86
100554,2025-01-01,11557.58,2542.67,220,577.88,8217.03
100555,2025-01-01,7187.17,1581.18,220,359.36,5026.63
100556,2025-01-01,13879.83,3053.56,400,693.99,9732.28
100557,2025-01-01,8721.25,1918.68,220,436.06,6146.51
100558,2025-01-01,11993.0,2638.46,220,599.65,8534.89
100559,2025-01-01,7322.0,1610.84,220,366.1,5125.06
100560,2025-01-01,6609.92,1454.18,220,330.5,4605.24
100561,2025-01-01,6377.5,1403.05,220,318.88,4435.57
100562,2025-01-01,6428.83,1414.34,220,321.44,4473.05
100563,2025-01-01,16229.17,3570.42,220,811.46,11627.29
100564,2025-01-01,14386.92,3165.12,220,719.35,10282.45
100565,2025-01-01,3529.08,776.4,400,176.45,2176.23
100566,2025-01-01,3681.83,810.0,220,184.09,2467.74
100567,2025-01-01,5506.33,1211.39,100,275.32,3919.62
100568,2025-01-01,20584.83,4528.66,220,1029.24,14806.93
100569,2025-01-01,10976.0,2414.72,220,548.8,7792.48
100570,2025-01-01,6413.42,1410.95,100,320.67,4581.8
100571,2025-01-01,7043.5,1549.57,400,352.18,4741.75
100572,2025-01-01,11313.75,2489.02,220,565.69,8039.04
100573,2025-01-01,11130.83,2448.78,100,556.54,8025.51
100574,2025-01-01,6623.92,1457.26,220,331.2,4615.46
100575,2025-01-01,6333.0,1393.26,220,316.65,4403.09
100576,2025-01-01,15679.5,3449.49,220,783.98,11226.03
100577,2025-01-01,11145.33,2451.97,400,557.27,7736.09
100579,2025-01-01,13567.92,2984.94,220,678.4,9684.58
100580,2025-01-01,21270.67,4679.55,220,1063.53,15307.59
100581,2025-01-01,7278.67,1601.31,220,363.93,5093.43
100582,2025-01-01,10154.0,2233.88,220,507.7,7192.42
100584,2025-01-01,9782.83,2152.22,400,489.14,6741.47
100585,2025-01-01,5367.25,1180.8,220,268.36,3698.09
100586,2025-01-01,5007.08,1101.56,400,250.35,3255.17
100587,2025-01-01,14799.25,3255.84,100,739.96,10703.45
100588,2025-01-01,10661.75,2345.58,220,533.09,7563.08
100589,2025-01-01,5013.5,1102.97,100,250.68,3559.85
100591,2025-01-01,7035.42,1547.79,220,351.77,4915.86
100592,2025-01-01,8067.25,1774.8,100,403.36,5789.09
100593,2025-01-01,11703.33,2574.73,220,585.17,8323.43
100594,2025-01-01,6744.5,1483.79,400,337.22,4523.49
100595,2025-01-01,7079.08,1557.4,220,353.95,4947.73
100596,2025-01-01,7237.83,1592.32,400,361.89,4883.62
100597,2025-01-01,8944.83,1967.86,100,447.24,6429.73
100598,2025-01-01,11085.08,2438.72,220,554.25,7872.11
100600,2025-01-01,11434.67,2515.63,100,571.73,8247.31
100601,2025-01-01,7987.67,1757.29,220,399.38,5611.0
100602,2025-01-01,4891.08,1076.04,220,244.55,3350.49
100603,2025-01-01,6920.75,1522.56,220,346.04,4832.15
100604,2025-01-01,16184.33,3560.55,100,809.22,11714.56
100605,2025-01-01,14214.5,3127.19,220,710.72,10156.59
100606,2025-01-01,10357.58,2278.67,220,517.88,7341.03
100607,2025-01-01,8576.83,1886.9,220,428.84,6041.09
100608,2025-01-01,8501.33,1870.29,400,425.07,5805.97
100609,2025-01-01,11888.17,2615.4,400,594.41,8278.36
100610,2025-01-01,13739.08,3022.6,220,686.95,9809.53
100611,2025-01-01,5683.17,1250.3,100,284.16,4048.71
100612,2025-01-01,8525.5,1875.61,100,426.28,6123.61
100613,2025-01-01,10576.92,2326.92,220,528.85,7501.15
100614,2025-01-01,9455.92,2080.3,100,472.8,6802.82
100615,2025-01-01,8616.75,1895.68,220,430.84,6070.23
100616,2025-01-01,10340.33,2274.87,220,517.02,7328.44
100617,2025-01-01,5348.92,1176.76,220,267.45,3684.71
100618,2025-01-01,8578.58,1887.29,100,428.93,6162.36
100619,2025-01-01,14285.58,3142.83,400,714.28,10028.47
100620,2025-01-01,6865.25,1510.36,220,343.26,4791.63
100621,2025-01-01,13431.0,2954.82,220,671.55,9584.63
100622,2025-01-01,5073.0,1116.06,100,253.65,3603.29
100623,2025-01-01,6770.83,1489.58,400,338.54,4542.71
100624,2025-01-01,8871.92,1951.82,400,443.6,6076.5
100625,2025-01-01,4335.75,953.86,400,216.79,2765.1
100627,2025-01-01,8162.42,1795.73,220,408.12,5738.57
100628,2025-01-01,6618.5,1456.07,100,330.92,4731.51
100629,2025-01-01,21206.08,4665.34,220,1060.3,15260.44
100631,2025-01-01,4024.0,885.28,100,201.2,2837.52
100632,2025-01-01,5664.5,1246.19,220,283.23,3915.08
100633,2025-01-01,9020.92,1984.6,220,451.05,6365.27
100634,2025-01-01,7566.08,1664.54,220,378.3,5303.24
100635,2025-01-01,7271.0,1599.62,400,363.55,4907.83
100636,2025-01-01,13074.75,2876.44,220,653.74,9324.57
100637,2025-01-01,5677.58,1249.07,100,283.88,4044.63
100638,2025-01-01,14243.42,3133.55,220,712.17,10177.7
100639,2025-01-01,10571.17,2325.66,220,528.56,7496.95
100640,2025-01-01,5012.25,1102.7,220,250.61,3438.94
100641,2025-01-01,10793.17,2374.5,100,539.66,7779.01
100642,2025-01-01,6759.0,1486.98,220,337.95,4714.07
100643,2025-01-01,9555.83,2102.28,100,477.79,6875.76
100644,2025-01-01,4910.58,1080.33,220,245.53,3364.72
100645,2025-01-01,4813.42,1058.95,400,240.67,3113.8
100646,2025-01-01,10696.58,2353.25,100,534.83,7708.5
100647,2025-01-01,6138.83,1350.54,220,306.94,4261.35
100648,2025-01-01,15147.33,3332.41,220,757.37,10837.55
100649,2025-01-01,7253.92,1595.86,220,362.7,5075.36
100650,2025-01-01,8208.0,1805.76,100,410.4,5891.84
100651,2025-01-01,13984.25,3076.54,220,699.21,9988.5
100652,2025-01-01,6569.83,1445.36,100,328.49,4695.98
100653,2025-01-01,6524.58,1435.41,220,326.23,4542.94
100654,2025-01-01,7112.83,1564.82,100,355.64,5092.37
100655,2025-01-01,5917.58,1301.87,400,295.88,3919.83
100656,2025-01-01,6697.75,1473.5,220,334.89,4669.36
100657,2025-01-01,10949.83,2408.96,400,547.49,7593.38
100658,2025-01-01,20008.42,4401.85,220,1000.42,14386.15
100659,2025-01-01,5321.17,1170.66,100,266.06,3784.45
100660,2025-01-01,8064.08,1774.1,100,403.2,5786.78
100661,2025-01-01,5291.58,1164.15,100,264.58,3762.85
100662,2025-01-01,5644.17,1241.72,100,282.21,4020.24
100663,2025-01-01,6335.33,1393.77,100,316.77,4524.79
100664,2025-01-01,13736.25,3021.98,220,686.81,9807.46
100665,2025-01-01,9872.0,2171.84,220,493.6,6986.56
100666,2025-01-01,18428.92,4054.36,100,921.45,13353.11
100667,2025-01-01,5860.83,1289.38,400,293.04,3878.41
100668,2025-01-01,6879.42,1513.47,100,343.97,4921.98
100669,2025-01-01,28895.42,6356.99,100,1444.77,20993.66
100670,2025-01-01,10649.25,2342.84,400,532.46,7373.95
100671,2025-01-01,7565.33,1664.37,220,378.27,5302.69
100672,2025-01-01,5716.83,1257.7,220,285.84,3953.29
100673,2025-01-01,11052.5,2431.55,100,552.62,7968.33
100674,2025-01-01,9807.92,2157.74,220,490.4,6939.78
100675,2025-01-01,12780.92,2811.8,100,639.05,9230.07
100676,2025-01-01,6305.75,1387.26,100,315.29,4503.2
100677,2025-01-01,11573.67,2546.21,100,578.68,8348.78
100678,2025-01-01,5374.25,1182.34,100,268.71,3823.2
100679,2025-01-01,9825.08,2161.52,100,491.25,7072.31
100680,2025-01-01,11186.75,2461.08,220,559.34,7946.33
100681,2025-01-01,10118.75,2226.12,220,505.94,7166.69
100682,2025-01-01,3807.92,837.74,220,190.4,2559.78
100683,2025-01-01,7070.42,1555.49,100,353.52,5061.41
100684,2025-01-01,17460.75,3841.36,100,873.04,12646.35
100685,2025-01-01,13464.75,2962.24,220,673.24,9609.27
100686,2025-01-01,9371.25,2061.68,400,468.56,6441.01
100687,2025-01-01,5236.58,1152.05,100,261.83,3722.7
100688,2025-01-01,9723.0,2139.06,100,486.15,6997.79
100689,2025-01-01,6177.67,1359.09,400,308.88,4109.7
100690,2025-01-01,12810.5,2818.31,100,640.53,9251.66
100691,2025-01-01,8840.67,1944.95,100,442.03,6353.69
100693,2025-01-01,8249.83,1814.96,400,412.49,5622.38
100694,2025-01-01,10204.92,2245.08,220,510.25,7229.59
100695,2025-01-01,7497.33,1649.41,220,374.87,5253.05
100696,2025-01-01,11630.92,2558.8,220,581.55,8270.57
100697,2025-01-01,7977.67,1755.09,100,398.88,5723.7
100698,2025-01-01,17027.42,3746.03,100,851.37,12330.02
100699,2025-01-01,6633.58,1459.39,400,331.68,4442.51
100700,2025-01-01,6910.0,1520.2,400,345.5,4644.3
100701,2025-01-01,5635.75,1239.86,100,281.79,4014.1
100702,2025-01-01,10934.75,2405.64,100,546.74,7882.37
100703,2025-01-01,8531.17,1876.86,220,426.56,6007.75
100704,2025-01-01,8318.83,1830.14,100,415.94,5972.75
100705,2025-01-01,7419.83,1632.36,400,370.99,5016.48
100706,2025-01-01,13369.17,2941.22,220,668.46,9539.49
100707,2025-01-01,4211.42,926.51,220,210.57,2854.34
100708,2025-01-01,9901.75,2178.39,220,495.09,7008.27
100711,2025-01-01,5210.42,1146.29,220,260.52,3583.61
100712,2025-01-01,5804.5,1276.99,220,290.23,4017.28
100713,2025-01-01,8056.17,1772.36,220,402.81,5661.0
100714,2025-01-01,6887.33,1515.21,220,344.37,4807.75
100715,2025-01-01,16549.08,3640.8,220,827.45,11860.83
100716,2025-01-01,5768.5,1269.07,220,288.42,3991.01
100717,2025-01-01,10836.58,2384.05,100,541.83,7810.7
100718,2025-01-01,3481.25,765.88,220,174.06,2321.31
100719,2025-01-01,6027.5,1326.05,220,301.38,4180.07
100720,2025-01-01,12916.25,2841.58,220,645.81,9208.86
100721,2025-01-01,10168.5,2237.07,220,508.42,7203.01
100722,2025-01-01,7498.75,1649.72,400,374.94,5074.09
100723,2025-01-01,18397.0,4047.34,220,919.85,13209.81
100724,2025-01-01,7418.67,1632.11,400,370.93,5015.63
100725,2025-01-01,9326.42,2051.81,220,466.32,6588.29
100726,2025-01-01,4705.83,1035.28,220,235.29,3215.26
100727,2025-01-01,4238.67,932.51,220,211.93,2874.23
100728,2025-01-01,4907.42,1079.63,400,245.37,3182.42
100729,2025-01-01,8291.67,1824.17,400,414.58,5652.92
100730,2025-01-01,14206.0,3125.32,100,710.3,10270.38
100731,2025-01-01,7159.92,1575.18,100,358.0,5126.74
100732,2025-01-01,6519.08,1434.2,220,325.95,4538.93
100733,2025-01-01,14943.33,3287.53,100,747.17,10808.63
100734,2025-01-01,19305.33,4247.17,100,965.27,13992.89
100735,2025-01-01,10626.42,2337.81,100,531.32,7657.29
100736,2025-01-01,8162.33,1795.71,100,408.12,5858.5
100737,2025-01-01,28804.42,6336.97,220,1440.22,20807.23
100738,2025-01-01,8843.25,1945.52,400,442.16,6055.57
100739,2025-01-01,11590.58,2549.93,220,579.53,8241.12
100740,2025-01-01,18697.0,4113.34,220,934.85,13428.81
100741,2025-01-01,8452.33,1859.51,220,422.62,5950.2
100742,2025-01-01,11026.75,2425.89,100,551.34,7949.52
100743,2025-01-01,11354.5,2497.99,220,567.72,8068.79
100744,2025-01-01,12010.08,2642.22,220,600.5,8547.36
100745,2025-01-01,9085.0,1998.7,100,454.25,6532.05
100746,2025-01-01,16207.5,3565.65,220,810.38,11611.47
100748,2025-01-01,9139.83,2010.76,400,456.99,6272.08
100749,2025-01-01,8753.17,1925.7,220,437.66,6169.81
100750,2025-01-01,13404.08,2948.9,400,670.2,9384.98
100751,2025-01-01,14529.92,3196.58,220,726.5,10386.84
100752,2025-01-01,7438.33,1636.43,220,371.92,5209.98
100753,2025-01-01,11008.33,2421.83,220,550.42,7816.08
100754,2025-01-01,7205.08,1585.12,220,360.25,5039.71
100755,2025-01-01,7561.33,1663.49,220,378.07,5299.77
100756,2025-01-01,4394.33,966.75,100,219.72,3107.86
100757,2025-01-01,4992.08,1098.26,220,249.6,3424.22
100759,2025-01-01,16867.92,3710.94,100,843.4,12213.58
100760,2025-01-01,8140.67,1790.95,220,407.03,5722.69
100761,2025-01-01,5890.83,1295.98,220,294.54,4080.31
100762,2025-01-01,7812.0,1718.64,220,390.6,5482.76
100763,2025-01-01,11100.83,2442.18,220,555.04,7883.61
100764,2025-01-01,5195.58,1143.03,220,259.78,3572.77
100765,2025-01-01,10502.58,2310.57,220,525.13,7446.88
100766,2025-01-01,4643.58,1021.59,220,232.18,3169.81
100767,2025-01-01,8712.25,1916.7,220,435.61,6139.94
100770,2025-01-01,10608.75,2333.93,220,530.44,7524.38
100771,2025-01-01,8133.42,1789.35,100,406.67,5837.4
100773,2025-01-01,9722.92,2139.04,220,486.15,6877.73
100774,2025-01-01,13389.67,2945.73,400,669.48,9374.46
100775,2025-01-01,8892.75,1956.4,100,444.64,6391.71
100776,2025-01-01,14493.5,3188.57,100,724.68,10480.25
100777,2025-01-01,15736.75,3462.08,400,786.84,11087.83
100778,2025-01-01,7128.92,1568.36,400,356.45,4804.11
100779,2025-01-01,6951.5,1529.33,100,347.58,4974.59
100780,2025-01-01,6516.0,1433.52,100,325.8,4656.68
100781,2025-01-01,7844.0,1725.68,220,392.2,5506.12
100782,2025-01-01,5499.25,1209.84,100,274.96,3914.45
100783,2025-01-01,12594.25,2770.74,100,629.71,9093.8
100784,2025-01-01,13383.08,2944.28,220,669.15,9549.65
100785,2025-01-01,9201.83,2024.4,400,460.09,6317.34
100787,2025-01-01,13986.67,3077.07,220,699.33,9990.27
100788,2025-01-01,5368.67,1181.11,100,268.43,3819.13
100790,2025-01-01,12901.25,2838.28,100,645.06,9317.91
100792,2025-01-01,9558.5,2102.87,220,477.92,6757.71
100793,2025-01-01,5335.42,1173.79,400,266.77,3494.86
100794,2025-01-01,7293.33,1604.53,100,364.67,5224.13
100795,2025-01-01,11529.67,2536.53,220,576.48,8196.66
100796,2025-01-01,20935.75,4605.86,220,1046.79,15063.1
100797,2025-01-01,8765.92,1928.5,100,438.3,6299.12
100798,2025-01-01,4809.75,1058.14,400,240.49,3111.12
100799,2025-01-01,8894.92,1956.88,220,444.75,6273.29
100800,2025-01-01,11759.17,2587.02,400,587.96,8184.19
100801,2025-01-01,10746.17,2364.16,220,537.31,7624.7
100802,2025-01-01,17161.33,3775.49,220,858.07,12307.77
100803,2025-01-01,4990.08,1097.82,400,249.5,3242.76
100804,2025-01-01,10348.5,2276.67,220,517.43,7334.4
100805,2025-01-01,11031.17,2426.86,100,551.56,7952.75
100806,2025-01-01,9767.83,2148.92,400,488.39,6730.52
100807,2025-01-01,20022.83,4405.02,100,1001.14,14516.67
100808,2025-01-01,6042.58,1329.37,400,302.13,4011.08
100809,2025-01-01,5266.0,1158.52,220,263.3,3624.18
100810,2025-01-01,4503.25,990.72,100,225.16,3187.37
100811,2025-01-01,5014.92,1103.28,100,250.75,3560.89
100812,2025-01-01,5668.17,1247.0,220,283.41,3917.76
100813,2025-01-01,15248.42,3354.65,400,762.42,10731.35
100814,2025-01-01,14117.0,3105.74,100,705.85,10205.41
100816,2025-01-01,6006.0,1321.32,100,300.3,4284.38
100817,2025-01-01,5891.75,1296.18,100,294.59,4200.98
100818,2025-01-01,9727.17,2139.98,100,486.36,7000.83
100819,2025-01-01,6529.75,1436.54,220,326.49,4546.72
100820,2025-01-01,5770.17,1269.44,400,288.51,3812.22
100821,2025-01-01,14862.75,3269.8,220,743.14,10629.81
100822,2025-01-01,19370.5,4261.51,400,968.53,13740.46
100823,2025-01-01,15450.33,3399.07,100,772.52,11178.74
100824,2025-01-01,11792.5,2594.35,220,589.62,8388.53
100825,2025-01-01,7796.75,1715.28,220,389.84,5471.63
100826,2025-01-01,4527.58,996.07,400,226.38,2905.13
100827,2025-01-01,18022.5,3964.95,400,901.12,12756.43
100828,2025-01-01,12744.67,2803.83,220,637.23,9083.61
100829,2025-01-01,12554.17,2761.92,220,627.71,8944.54
100830,2025-01-01,5769.92,1269.38,100,288.5,4112.04
100831,2025-01-01,8192.92,1802.44,100,409.65,5880.83
100832,2025-01-01,8331.0,1832.82,220,416.55,5861.63
100833,2025-01-01,10507.58,2311.67,220,525.38,7450.53
100834,2025-01-01,23270.92,5119.6,220,1163.55,16767.77
100835,2025-01-01,11295.08,2484.92,220,564.75,8025.41
100836,2025-01-01,9231.92,2031.02,220,461.6,6519.3
100837,2025-01-01,6637.0,1460.14,100,331.85,4745.01
100838,2025-01-01,9077.83,1997.12,220,453.89,6406.82
100839,2025-01-01,9078.42,1997.25,100,453.92,6527.25
100840,2025-01-01,8996.58,1979.25,100,449.83,6467.5
100841,2025-01-01,4589.83,1009.76,100,229.49,3250.58
100842,2025-01-01,4688.33,1031.43,220,234.42,3202.48
100843,2025-01-01,9007.5,1981.65,400,450.38,6175.47
100844,2025-01-01,9697.42,2133.43,100,484.87,6979.12
100845,2025-01-01,9619.75,2116.34,100,480.99,6922.42
100846,2025-01-01,17847.25,3926.4,220,892.36,12808.49
100847,2025-01-01,6267.25,1378.8,220,313.36,4355.09
100848,2025-01-01,20574.5,4526.39,220,1028.73,14799.38
100849,2025-01-01,25344.92,5575.88,400,1267.25,18101.79
100850,2025-01-01,7186.92,1581.12,220,359.35,5026.45
100851,2025-01-01,8724.25,1919.34,400,436.21,5968.7
100854,2025-01-01,7870.67,1731.55,220,393.53,5525.59
100855,2025-01-01,6793.75,1494.62,220,339.69,4739.44
100856,2025-01-01,21948.67,4828.71,220,1097.43,15802.53
100857,2025-01-01,10295.0,2264.9,220,514.75,7295.35
100858,2025-01-01,8634.42,1899.57,220,431.72,6083.13
100859,2025-01-01,6714.58,1477.21,220,335.73,4681.64
100860,2025-01-01,10543.83,2319.64,100,527.19,7597.0
100861,2025-01-01,11401.92,2508.42,100,570.1,8223.4
100862,2025-01-01,14799.58,3255.91,220,739.98,10583.69
100863,2025-01-01,5611.83,1234.6,220,280.59,3876.64
100864,2025-01-01,5351.58,1177.35,220,267.58,3686.65
100865,2025-01-01,7537.75,1658.3,220,376.89,5282.56
100866,2025-01-01,18094.75,3980.84,220,904.74,12989.17
100867,2025-01-01,6618.83,1456.14,220,330.94,4611.75
100868,2025-01-01,9547.5,2100.45,100,477.38,6869.67
100870,2025-01-01,11198.5,2463.67,400,559.93,7774.9
100871,2025-01-01,7099.33,1561.85,100,354.97,5082.51
100872,2025-01-01,10890.58,2395.93,220,544.53,7730.12
100873,2025-01-01,8968.58,1973.09,220,448.43,6327.06
100874,2025-01-01,9032.5,1987.15,220,451.62,6373.73
100875,2025-01-01,21533.5,4737.37,100,1076.68,15619.45
100876,2025-01-01,8754.17,1925.92,100,437.71,6290.54
100877,2025-01-01,4231.17,930.86,100,211.56,2988.75
100878,2025-01-01,8600.0,1892.0,220,430.0,6058.0
100879,2025-01-01,5560.67,1223.35,400,278.03,3659.29
100880,2025-01-01,5324.08,1171.3,220,266.2,3666.58
100881,2025-01-01,22104.92,4863.08,100,1105.25,16036.59
100882,2025-01-01,3915.08,861.32,100,195.75,2758.01
100883,2025-01-01,6595.92,1451.1,100,329.8,4715.02
100884,2025-01-01,8803.17,1936.7,220,440.16,6206.31
100885,2025-01-01,11306.67,2487.47,400,565.33,7853.87
100886,2025-01-01,11046.17,2430.16,100,552.31,7963.7
100887,2025-01-01,6401.25,1408.28,220,320.06,4452.91
100888,2025-01-01,5993.92,1318.66,100,299.7,4275.56
100890,2025-01-01,4042.42,889.33,220,202.12,2730.97
100891,2025-01-01,5028.42,1106.25,220,251.42,3450.75
100892,2025-01-01,7316.17,1609.56,220,365.81,5120.8
100894,2025-01-01,6635.17,1459.74,220,331.76,4623.67
100895,2025-01-01,10727.42,2360.03,220,536.37,7611.02
100896,2025-01-01,15989.92,3517.78,220,799.5,11452.64
100897,2025-01-01,11637.58,2560.27,220,581.88,8275.43
100898,2025-01-01,17125.08,3767.52,220,856.25,12281.31
100899,2025-01-01,8397.08,1847.36,100,419.85,6029.87
100900,2025-01-01,14686.0,3230.92,100,734.3,10620.78
100901,2025-01-01,6685.33,1470.77,100,334.27,4780.29
100902,2025-01-01,11797.92,2595.54,100,589.9,8512.48
100903,2025-01-01,12896.67,2837.27,220,644.83,9194.57
100904,2025-01-01,7294.0,1604.68,100,364.7,5224.62
100905,2025-01-01,8666.0,1906.52,100,433.3,6226.18
100906,2025-01-01,9496.75,2089.28,100,474.84,6832.63
100907,2025-01-01,13574.25,2986.34,220,678.71,9689.2
100908,2025-01-01,13968.58,3073.09,400,698.43,9797.06
100909,2025-01-01,9191.75,2022.18,220,459.59,6489.98
100910,2025-01-01,25171.67,5537.77,100,1258.58,18275.32
100911,2025-01-01,19785.33,4352.77,400,989.27,14043.29
100912,2025-01-01,6940.58,1526.93,220,347.03,4846.62
100913,2025-01-01,14449.17,3178.82,100,722.46,10447.89
100914,2025-01-01,8203.08,1804.68,400,410.15,5588.25
100915,2025-01-01,15221.17,3348.66,220,761.06,10891.45
100916,2025-01-01,4710.67,1036.35,100,235.53,3338.79
100917,2025-01-01,8071.75,1775.78,100,403.59,5792.38
100918,2025-01-01,16816.33,3699.59,100,840.82,12175.92
100919,2025-01-01,5070.83,1115.58,220,253.54,3481.71
100920,2025-01-01,16593.17,3650.5,100,829.66,12013.01
100921,2025-01-01,10192.25,2242.3,100,509.61,7340.34
100922,2025-01-01,13762.0,3027.64,100,688.1,9946.26
100924,2025-01-01,10936.5,2406.03,100,546.83,7883.64
100925,2025-01-01,3993.67,878.61,400,199.68,2515.38
100926,2025-01-01,6578.83,1447.34,220,328.94,4582.55
100928,2025-01-01,10736.17,2361.96,220,536.81,7617.4
100929,2025-01-01,5961.67,1311.57,400,298.08,3952.02
100931,2025-01-01,8394.83,1846.86,100,419.74,6028.23
100932,2025-01-01,6920.83,1522.58,100,346.04,4952.21
100933,2025-01-01,15623.08,3437.08,220,781.15,11184.85
100935,2025-01-01,8567.92,1884.94,220,428.4,6034.58
100936,2025-01-01,8193.75,1802.62,100,409.69,5881.44
100937,2025-01-01,15251.5,3355.33,220,762.58,10913.59
100938,2025-01-01,11212.92,2466.84,220,560.65,7965.43
100939,2025-01-01,6651.5,1463.33,400,332.58,4455.59
100940,2025-01-01,4270.33,939.47,220,213.52,2897.34
100941,2025-01-01,7668.17,1687.0,100,383.41,5497.76
100942,2025-01-01,9027.5,1986.05,220,451.38,6370.07
100943,2025-01-01,4543.67,999.61,220,227.18,3096.88
100944,2025-01-01,16728.42,3680.25,220,836.42,11991.75
100945,2025-01-01,7107.83,1563.72,100,355.39,5088.72
100946,2025-01-01,7321.92,1610.82,100,366.1,5245.0
100947,2025-01-01,8422.92,1853.04,400,421.15,5748.73
100948,2025-01-01,14043.67,3089.61,100,702.18,10151.88
100949,2025-01-01,6735.5,1481.81,220,336.78,4696.91
100950,2025-01-01,11216.0,2467.52,220,560.8,7967.68
100951,2025-01-01,13482.0,2966.04,220,674.1,9621.86
100952,2025-01-01,7477.83,1645.12,100,373.89,5358.82
100953,2025-01-01,9386.0,2064.92,400,469.3,6451.78
100954,2025-01-01,5367.25,1180.8,100,268.36,3818.09
100956,2025-01-01,13231.0,2910.82,100,661.55,9558.63
100957,2025-01-01,10363.0,2279.86,220,518.15,7344.99
100958,2025-01-01,15897.67,3497.49,220,794.88,11385.3
100960,2025-01-01,6902.33,1518.51,220,345.12,4818.7
100961,2025-01-01,6965.17,1532.34,220,348.26,4864.57
100962,2025-01-01,14203.17,3124.7,100,710.16,10268.31
100963,2025-01-01,12863.08,2829.88,400,643.15,8990.05
100964,2025-01-01,11005.67,2421.25,400,550.28,7634.14
100965,2025-01-01,6543.5,1439.57,100,327.18,4676.75
100966,2025-01-01,5482.83,1206.22,400,274.14,3602.47
100967,2025-01-01,13364.25,2940.14,220,668.21,9535.9
100968,2025-01-01,4452.83,979.62,400,222.64,2850.57
100969,2025-01-01,6573.17,1446.1,220,328.66,4578.41
100970,2025-01-01,3976.0,874.72,220,198.8,2682.48
100971,2025-01-01,7000.42,1540.09,220,350.02,4890.31
100972,2025-01-01,4291.08,944.04,400,214.55,2732.49
100973,2025-01-01,8652.08,1903.46,220,432.6,6096.02
100974,2025-01-01,7525.0,1655.5,220,376.25,5273.25
100975,2025-01-01,19737.17,4342.18,100,986.86,14308.13
100976,2025-01-01,7082.25,1558.1,100,354.11,5070.04
100977,2025-01-01,5338.92,1174.56,220,266.95,3677.41
100978,2025-01-01,18330.5,4032.71,400,916.53,12981.26
100979,2025-01-01,12654.08,2783.9,220,632.7,9017.48
100980,2025-01-01,18542.42,4079.33,220,927.12,13315.97
100981,2025-01-01,10220.17,2248.44,100,511.01,7360.72
100982,2025-01-01,10293.33,2264.53,100,514.67,7414.13
100983,2025-01-01,6932.58,1525.17,100,346.63,4960.78
100984,2025-01-01,8489.83,1867.76,220,424.49,5977.58
100985,2025-01-01,10050.25,2211.05,100,502.51,7236.69
100986,2025-01-01,7265.0,1598.3,100,363.25,5203.45
100987,2025-01-01,6790.08,1493.82,220,339.5,4736.76
100988,2025-01-01,4989.83,1097.76,220,249.49,3422.58
100989,2025-01-01,14139.08,3110.6,400,706.95,9921.53
100990,2025-01-01,7023.67,1545.21,220,351.18,4907.28
100991,2025-01-01,6417.0,1411.74,100,320.85,4584.41
100992,2025-01-01,5814.17,1279.12,100,290.71,4144.34
100993,2025-01-01,17251.83,3795.4,100,862.59,12493.84
100994,2025-01-01,10164.17,2236.12,220,508.21,7199.84
100995,2025-01-01,4330.5,952.71,100,216.52,3061.27
100996,2025-01-01,12510.67,2752.35,220,625.53,8912.79
100997,2025-01-01,12541.75,2759.18,220,627.09,8935.48
100998,2025-01-01,15659.92,3445.18,220,783.0,11211.74
100999,2025-01-01,18191.58,4002.15,220,909.58,13059.85
100000,2025-02-01,8732.5,1921.15,100,436.62,6274.73
100001,2025-02-01,15789.42,3473.67,220,789.47,11306.28
100002,2025-02-01,5364.08,1180.1,100,268.2,3815.78
100003,2025-02-01,9422.25,2072.9,400,471.11,6478.24
100004,2025-02-01,16226.08,3569.74,100,811.3,11745.04
100005,2025-02-01,4398.08,967.58,400,219.9,2810.6
100006,2025-02-01,7874.17,1732.32,100,393.71,5648.14
100007,2025-02-01,16505.25,3631.16,100,825.26,11948.83
100008,2025-02-01,9658.33,2124.83,220,482.92,6830.58
100009,2025-02-01,6690.5,1471.91,220,334.52,4664.07
100010,2025-02-01,8789.0,1933.58,220,439.45,6195.97
100012,2025-02-01,9886.67,2175.07,100,494.33,7117.27
100013,2025-02-01,12528.83,2756.34,220,626.44,8926.05
100014,2025-02-01,8432.17,1855.08,220,421.61,5935.48
100015,2025-02-01,5641.08,1241.04,400,282.05,3717.99
100016,2025-02-01,16910.17,3720.24,100,845.51,12244.42
100017,2025-02-01,13593.83,2990.64,220,679.69,9703.5
100018,2025-02-01,7086.17,1558.96,220,354.31,4952.9
100019,2025-02-01,11952.0,2629.44,400,597.6,8324.96
100020,2025-02-01,5306.67,1167.47,220,265.33,3653.87
100021,2025-02-01,7003.5,1540.77,220,350.18,4892.55
100022,2025-02-01,24170.0,5317.4,220,1208.5,17424.1
100023,2025-02-01,9500.17,2090.04,400,475.01,6535.12
100025,2025-02-01,11153.33,2453.73,100,557.67,8041.93
100026,2025-02-01,5250.42,1155.09,220,262.52,3612.81
100027,2025-02-01,8408.83,1849.94,220,420.44,5918.45
100028,2025-02-01,6959.67,1531.13,100,347.98,4980.56
100029,2025-02-01,7624.17,1677.32,220,381.21,5345.64
100030,2025-02-01,9087.25,1999.2,220,454.36,6413.69
100031,2025-02-01,8503.25,1870.72,100,425.16,6107.37
100032,2025-02-01,9163.5,2015.97,220,458.18,6469.35
100033,2025-02-01,9603.17,2112.7,220,480.16,6790.31
100034,2025-02-01,12249.58,2694.91,220,612.48,8722.19
100035,2025-02-01,6377.67,1403.09,100,318.88,4555.7
100036,2025-02-01,9882.5,2174.15,100,494.12,7114.23
100037,2025-02-01,11475.42,2524.59,400,573.77,7977.06
100038,2025-02-01,5740.42,1262.89,220,287.02,3970.51
100039,2025-02-01,5131.17,1128.86,220,256.56,3525.75
100040,2025-02-01,6748.75,1484.72,400,337.44,4526.59
100041,2025-02-01,8648.92,1902.76,220,432.45,6093.71
100042,2025-02-01,4727.33,1040.01,220,236.37,3230.95
100043,2025-02-01,8193.58,1802.59,100,409.68,5881.31
100044,2025-02-01,7191.42,1582.11,220,359.57,5029.74
100045,2025-02-01,8995.0,1978.9,100,449.75,6466.35
100046,2025-02-01,5748.92,1264.76,220,287.45,3976.71
100047,2025-02-01,13971.0,3073.62,100,698.55,10098.83
100048,2025-02-01,8727.17,1919.98,100,436.36,6270.83
100050,2025-02-01,10486.83,2307.1,220,524.34,7435.39
100051,2025-02-01,16433.08,3615.28,100,821.65,11896.15
100052,2025-02-01,8712.25,1916.7,100,435.61,6259.94
100053,2025-02-01,4527.08,995.96,220,226.35,3084.77
100054,2025-02-01,5394.08,1186.7,100,269.7,3837.68
100055,2025-02-01,8941.83,1967.2,100,447.09,6427.54
100056,2025-02-01,10799.25,2375.84,100,539.96,7783.45
100057,2025-02-01,16107.0,3543.54,220,805.35,11538.11
100058,2025-02-01,9769.83,2149.36,220,488.49,6911.98
100059,2025-02-01,12947.92,2848.54,220,647.4,9231.98
100060,2025-02-01,4936.5,1086.03,400,246.82,3203.65
100061,2025-02-01,6184.0,1360.48,100,309.2,4414.32
100062,2025-02-01,10628.17,2338.2,100,531.41,7658.56
100063,2025-02-01,7998.17,1759.6,100,399.91,5738.66
100064,2025-02-01,6536.33,1437.99,100,326.82,4671.52
100065,2025-02-01,11076.25,2436.78,400,553.81,7685.66
100066,2025-02-01,8386.33,1844.99,220,419.32,5902.02
100067,2025-02-01,25439.33,5596.65,100,1271.97,18470.71
100068,2025-02-01,8924.25,1963.34,400,446.21,6114.7
100069,2025-02-01,20887.5,4595.25,220,1044.38,15027.87
100070,2025-02-01,7219.75,1588.34,220,360.99,5050.42
100071,2025-02-01,7442.92,1637.44,220,372.15,5213.33
100072,2025-02-01,6759.83,1487.16,220,337.99,4714.68
100073,2025-02-01,4310.5,948.31,220,215.52,2926.67
100074,2025-02-01,19949.83,4388.96,100,997.49,14463.38
100075,2025-02-01,12890.25,2835.86,100,644.51,9309.88
100076,2025-02-01,14295.17,3144.94,100,714.76,10335.47
100077,2025-02-01,8122.75,1787.0,220,406.14,5709.61
100078,2025-02-01,11354.5,2497.99,100,567.72,8188.79
100079,2025-02-01,13849.58,3046.91,220,692.48,9890.19
100080,2025-02-01,11250.58,2475.13,400,562.53,7812.92
100081,2025-02-01,11717.75,2577.91,220,585.89,8333.95
100082,2025-02-01,10087.17,2219.18,220,504.36,7143.63
100083,2025-02-01,10898.0,2397.56,220,544.9,7735.54
100084,2025-02-01,8357.92,1838.74,400,417.9,5701.28
100085,2025-02-01,12763.58,2807.99,220,638.18,9097.41
100086,2025-02-01,6223.5,1369.17,220,311.18,4323.15
100087,2025-02-01,5306.5,1167.43,100,265.32,3773.75
100088,2025-02-01,7018.58,1544.09,400,350.93,4723.56
100089,2025-02-01,11113.25,2444.92,220,555.66,7892.67
100090,2025-02-01,9161.0,2015.42,220,458.05,6467.53
100092,2025-02-01,9225.67,2029.65,220,461.28,6514.74
100093,2025-02-01,11552.08,2541.46,220,577.6,8213.02
100094,2025-02-01,10006.08,2201.34,220,500.3,7084.44
100095,2025-02-01,6232.33,1371.11,220,311.62,4329.6
100096,2025-02-01,22456.67,4940.47,220,1122.83,16173.37
100097,2025-02-01,5574.75,1226.44,100,278.74,3969.57
100098,2025-02-01,5302.75,1166.6,220,265.14,3651.01
100099,2025-02-01,14259.08,3137.0,220,712.95,10189.13
100100,2025-02-01,7239.17,1592.62,220,361.96,5064.59
100101,2025-02-01,5990.17,1317.84,100,299.51,4272.82
100102,2025-02-01,16155.33,3554.17,220,807.77,11573.39
100103,2025-02-01,7375.0,1622.5,220,368.75,5163.75
100104,2025-02-01,6674.67,1468.43,220,333.73,4652.51
100105,2025-02-01,7509.17,1652.02,220,375.46,5261.69
100106,2025-02-01,9829.83,2162.56,220,491.49,6955.78
100107,2025-02-01,6353.25,1397.72,400,317.66,4237.87
100108,2025-02-01,13857.33,3048.61,220,692.87,9895.85
100109,2025-02-01,12357.5,2718.65,400,617.88,8620.97
100110,2025-02-01,11448.83,2518.74,220,572.44,8137.65
100111,2025-02-01,6084.75,1338.64,220,304.24,4221.87
100112,2025-02-01,10230.42,2250.69,100,511.52,7368.21
100113,2025-02-01,5146.42,1132.21,220,257.32,3536.89
100114,2025-02-01,6107.92,1343.74,220,305.4,4238.78
100115,2025-02-01,7542.92,1659.44,100,377.15,5406.33
100116,2025-02-01,5366.42,1180.61,400,268.32,3517.49
100117,2025-02-01,11844.5,2605.79,400,592.22,8246.49
100118,2025-02-01,13132.58,2889.17,400,656.63,9186.78
100119,2025-02-01,10730.58,2360.73,400,536.53,7433.32
100120,2025-02-01,3782.75,832.2,400,189.14,2361.41
100121,2025-02-01,9759.58,2147.11,220,487.98,6904.49
100122,2025-02-01,7214.17,1587.12,400,360.71,4866.34
100123,2025-02-01,10503.17,2310.7,220,525.16,7447.31
100124,2025-02-01,12926.42,2843.81,100,646.32,9336.29
100125,2025-02-01,12168.0,2676.96,220,608.4,8662.64
100126,2025-02-01,6100.25,1342.06,220,305.01,4233.18
100127,2025-02-01,24591.33,5410.09,220,1229.57,17731.67
100128,2025-02-01,11708.67,2575.91,220,585.43,8327.33
100129,2025-02-01,16142.58,3551.37,220,807.13,11564.08
100130,2025-02-01,10533.5,2317.37,100,526.68,7589.45
100131,2025-02-01,12578.33,2767.23,400,628.92,8782.18
100132,2025-02-01,8721.42,1918.71,100,436.07,6266.64
100133,2025-02-01,8343.17,1835.5,220,417.16,5870.51
100134,2025-02-01,9659.08,2125.0,400,482.95,6651.13
100135,2025-02-01,5591.58,1230.15,220,279.58,3861.85
100136,2025-02-01,10120.58,2226.53,100,506.03,7288.02
100137,2025-02-01,6918.17,1522.0,220,345.91,4830.26
100138,2025-02-01,9791.42,2154.11,220,489.57,6927.74
100139,2025-02-01,10308.75,2267.93,220,515.44,7305.38
100140,2025-02-01,11388.42,2505.45,100,569.42,8213.55
100141,2025-02-01,6975.5,1534.61,100,348.78,4992.11
100142,2025-02-01,7203.17,1584.7,220,360.16,5038.31
100143,2025-02-01,17241.17,3793.06,100,862.06,12486.05
100144,2025-02-01,10870.0,2391.4,220,543.5,7715.1
100145,2025-02-01,9736.58,2142.05,400,486.83,6707.7
100146,2025-02-01,12399.67,2727.93,220,619.98,8831.76
100147,2025-02-01,10850.33,2387.07,220,542.52,7700.74
100148,2025-02-01,4789.5,1053.69,220,239.48,3276.33
100149,2025-02-01,6613.33,1454.93,400,330.67,4427.73
100150,2025-02-01,7463.0,1641.86,220,373.15,5227.99
100151,2025-02-01,13073.0,2876.06,220,653.65,9323.29
100152,2025-02-01,4350.25,957.06,400,217.51,2775.68
100153,2025-02-01,16868.0,3710.96,220,843.4,12093.64
100154,2025-02-01,11997.0,2639.34,100,599.85,8657.81
100155,2025-02-01,26659.08,5865.0,220,1332.95,19241.13
100156,2025-02-01,4673.33,1028.13,100,233.67,3311.53
100157,2025-02-01,15017.75,3303.9,220,750.89,10742.96
100158,2025-02-01,5200.92,1144.2,220,260.05,3576.67
100159,2025-02-01,6288.08,1383.38,100,314.4,4490.3
100160,2025-02-01,4811.67,1058.57,220,240.58,3292.52
100161,2025-02-01,10620.58,2336.53,400,531.03,7353.02
100162,2025-02-01,5204.92,1145.08,100,260.25,3699.59
100163,2025-02-01,10644.58,2341.81,100,532.23,7670.54
100164,2025-02-01,7489.08,1647.6,100,374.45,5367.03
100165,2025-02-01,18123.5,3987.17,100,906.18,13130.15
100166,2025-02-01,6177.33,1359.01,400,308.87,4109.45
100167,2025-02-01,21026.0,4625.72,400,1051.3,14948.98
100168,2025-02-01,11963.5,2631.97,220,598.18,8513.35
100169,2025-02-01,13084.08,2878.5,100,654.2,9451.38
100170,2025-02-01,8783.83,1932.44,220,439.19,6192.2
100171,2025-02-01,11326.92,2491.92,220,566.35,8048.65
100172,2025-02-01,11740.42,2582.89,220,587.02,8350.51
100173,2025-02-01,10653.67,2343.81,400,532.68,7377.18
100174,2025-02-01,7961.17,1751.46,100,398.06,5711.65
100175,2025-02-01,7236.75,1592.08,220,361.84,5062.83
100176,2025-02-01,4674.08,1028.3,220,233.7,3192.08
100177,2025-02-01,16232.83,3571.22,100,811.64,11749.97
100178,2025-02-01,17322.42,3810.93,100,866.12,12545.37
100179,2025-02-01,8743.08,1923.48,220,437.15,6162.45
100180,2025-02-01,7811.92,1718.62,220,390.6,5482.7
100181,2025-02-01,10526.58,2315.85,100,526.33,7584.4
100182,2025-02-01,5111.92,1124.62,100,255.6,3631.7
100183,2025-02-01,4998.67,1099.71,220,249.93,3429.03
100184,2025-02-01,8332.25,1833.1,100,416.61,5982.54
100185,2025-02-01,10919.67,2402.33,220,545.98,7751.36
100186,2025-02-01,14315.75,3149.46,400,715.79,10050.5
100187,2025-02-01,10773.92,2370.26,220,538.7,7644.96
100188,2025-02-01,5320.0,1170.4,220,266.0,3663.6
100189,2025-02-01,12780.33,2811.67,220,639.02,9109.64
100190,2025-02-01,5087.33,1119.21,100,254.37,3613.75
100191,2025-02-01,6243.0,1373.46,220,312.15,4337.39
100192,2025-02-01,12661.25,2785.48,100,633.06,9142.71
100193,2025-02-01,8392.0,1846.24,100,419.6,6026.16
100194,2025-02-01,7403.08,1628.68,220,370.15,5184.25
100195,2025-02-01,9435.17,2075.74,220,471.76,6667.67
100196,2025-02-01,8218.67,1808.11,400,410.93,5599.63
100197,2025-02-01,16089.92,3539.78,220,804.5,11525.64
100198,2025-02-01,4620.75,1016.56,100,231.04,3273.15
100200,2025-02-01,8369.58,1841.31,400,418.48,5709.79
100201,2025-02-01,7637.5,1680.25,220,381.88,5355.37
100202,2025-02-01,6602.0,1452.44,220,330.1,4599.46
100203,2025-02-01,13747.08,3024.36,100,687.35,9935.37
100204,2025-02-01,8530.67,1876.75,220,426.53,6007.39
100205,2025-02-01,17468.17,3843.0,100,873.41,12651.76
100206,2025-02-01,14247.25,3134.4,100,712.36,10300.49
100207,2025-02-01,5381.08,1183.84,400,269.05,3528.19
100208,2025-02-01,9307.08,2047.56,220,465.35,6574.17
100209,2025-02-01,14324.58,3151.41,220,716.23,10236.94
100210,2025-02-01,11325.92,2491.7,220,566.3,8047.92
100212,2025-02-01,7885.17,1734.74,100,394.26,5656.17
100213,2025-02-01,5519.5,1214.29,220,275.98,3809.23
100214,2025-02-01,13274.33,2920.35,100,663.72,9590.26
100215,2025-02-01,10097.17,2221.38,400,504.86,6970.93
100216,2025-02-01,9276.83,2040.9,220,463.84,6552.09
100217,2025-02-01,5086.33,1118.99,220,254.32,3493.02
100218,2025-02-01,10025.0,2205.5,220,501.25,7098.25
100219,2025-02-01,5803.75,1276.82,400,290.19,3836.74
100220,2025-02-01,6664.25,1466.14,220,333.21,4644.9
100221,2025-02-01,6900.33,1518.07,220,345.02,4817.24
100223,2025-02-01,6426.75,1413.88,220,321.34,4471.53
100224,2025-02-01,6613.67,1455.01,220,330.68,4607.98
100225,2025-02-01,4601.0,1012.22,400,230.05,2958.73
100226,2025-02-01,22893.17,5036.5,220,1144.66,16492.01
100227,2025-02-01,24244.17,5333.72,220,1212.21,17478.24
100228,2025-02-01,5917.33,1301.81,400,295.87,3919.65
100229,2025-02-01,8540.92,1879.0,220,427.05,6014.87
100230,2025-02-01,9681.0,2129.82,220,484.05,6847.13
100231,2025-02-01,21803.75,4796.82,400,1090.19,15516.74
100232,2025-02-01,13943.08,3067.48,100,697.15,10078.45
100233,2025-02-01,7533.92,1657.46,400,376.7,5099.76
100234,2025-02-01,11296.25,2485.18,220,564.81,8026.26
100235,2025-02-01,10354.0,2277.88,100,517.7,7458.42
100236,2025-02-01,6594.25,1450.74,220,329.71,4593.8
100237,2025-02-01,16062.0,3533.64,100,803.1,11625.26
100238,2025-02-01,17928.5,3944.27,220,896.42,12867.81
100239,2025-02-01,6276.5,1380.83,220,313.83,4361.84
100240,2025-02-01,8833.92,1943.46,100,441.7,6348.76
100241,2025-02-01,11056.08,2432.34,220,552.8,7850.94
100242,2025-02-01,6647.67,1462.49,220,332.38,4632.8
100243,2025-02-01,17272.58,3799.97,400,863.63,12208.98
100244,2025-02-01,6252.67,1375.59,100,312.63,4464.45
100245,2025-02-01,6588.0,1449.36,400,329.4,4409.24
100246,2025-02-01,5415.42,1191.39,220,270.77,3733.26
100247,2025-02-01,11553.75,2541.82,400,577.69,8034.24
100248,2025-02-01,13909.75,3060.14,220,695.49,9934.12
100249,2025-02-01,11668.17,2567.0,220,583.41,8297.76
100250,2025-02-01,5768.58,1269.09,220,288.43,3991.06
100251,2025-02-01,5203.08,1144.68,220,260.15,3578.25
100252,2025-02-01,6042.83,1329.42,220,302.14,4191.27
100253,2025-02-01,7514.42,1653.17,220,375.72,5265.53
100254,2025-02-01,11976.25,2634.78,400,598.81,8342.66
100255,2025-02-01,10158.25,2234.82,220,507.91,7195.52
100256,2025-02-01,5571.08,1225.64,220,278.55,3846.89
100257,2025-02-01,3700.33,814.07,400,185.02,2301.24
100258,2025-02-01,7744.83,1703.86,100,387.24,5553.73
100259,2025-02-01,13274.75,2920.44,400,663.74,9290.57
100260,2025-02-01,7150.0,1573.0,220,357.5,4999.5
100261,2025-02-01,11453.83,2519.84,100,572.69,8261.3
100262,2025-02-01,5818.08,1279.98,100,290.9,4147.2
100263,2025-02-01,6891.33,1516.09,400,344.57,4630.67
100264,2025-02-01,10618.42,2336.05,100,530.92,7651.45
100265,2025-02-01,17506.0,3851.32,100,875.3,12679.38
100266,2025-02-01,20726.0,4559.72,400,1036.3,14729.98
100267,2025-02-01,20677.25,4549.0,220,1033.86,14874.39
100268,2025-02-01,10109.5,2224.09,220,505.48,7159.93
100269,2025-02-01,6224.92,1369.48,220,311.25,4324.19
100270,2025-02-01,6754.25,1485.94,100,337.71,4830.6
100271,2025-02-01,11635.0,2559.7,220,581.75,8273.55
100272,2025-02-01,4488.0,987.36,220,224.4,3056.24
100273,2025-02-01,21428.0,4714.16,220,1071.4,15422.44
100274,2025-02-01,10884.17,2394.52,220,544.21,7725.44
100275,2025-02-01,8009.5,1762.09,220,400.48,5626.93
100276,2025-02-01,5351.5,1177.33,100,267.58,3806.59
100277,2025-02-01,5068.75,1115.12,220,253.44,3480.19
100278,2025-02-01,5300.33,1166.07,400,265.02,3469.24
100280,2025-02-01,7881.58,1733.95,400,394.08,5353.55
100281,2025-02-01,7958.75,1750.92,220,397.94,5589.89
100282,2025-02-01,5465.08,1202.32,220,273.25,3769.51
100283,2025-02-01,20693.67,4552.61,220,1034.68,14886.38
100284,2025-02-01,11043.17,2429.5,100,552.16,7961.51
100285,2025-02-01,7451.67,1639.37,100,372.58,5339.72
100286,2025-02-01,11367.0,2500.74,100,568.35,8197.91
100287,2025-02-01,9357.33,2058.61,220,467.87,6610.85
100288,2025-02-01,6851.75,1507.38,220,342.59,4781.78
100289,2025-02-01,11066.92,2434.72,400,553.35,7678.85
100290,2025-02-01,9112.83,2004.82,100,455.64,6552.37
100291,2025-02-01,8282.83,1822.22,220,414.14,5826.47
100292,2025-02-01,11829.33,2602.45,220,591.47,8415.41
100293,2025-02-01,8397.42,1847.43,100,419.87,6030.12
100294,2025-02-01,11725.5,2579.61,220,586.28,8339.61
100295,2025-02-01,5435.58,1195.83,100,271.78,3867.97
100296,2025-02-01,15458.08,3400.78,400,772.9,10884.4
100297,2025-02-01,4048.17,890.6,400,202.41,2555.16
100299,2025-02-01,11516.33,2533.59,400,575.82,8006.92
100300,2025-02-01,8101.83,1782.4,220,405.09,5694.34
100301,2025-02-01,28811.33,6338.49,100,1440.57,20932.27
100302,2025-02-01,7733.33,1701.33,100,386.67,5545.33
100303,2025-02-01,14216.42,3127.61,400,710.82,9977.99
100304,2025-02-01,10903.83,2398.84,220,545.19,7739.8
100306,2025-02-01,8534.5,1877.59,100,426.72,6130.19
100307,2025-02-01,5924.0,1303.28,220,296.2,4104.52
100309,2025-02-01,12375.5,2722.61,400,618.78,8634.11
100310,2025-02-01,6109.17,1344.02,400,305.46,4059.69
100311,2025-02-01,5718.67,1258.11,220,285.93,3954.63
100312,2025-02-01,12190.92,2682.0,220,609.55,8679.37
100314,2025-02-01,9272.0,2039.84,400,463.6,6368.56
100315,2025-02-01,18478.92,4065.36,400,923.95,13089.61
100316,2025-02-01,14409.58,3170.11,400,720.48,10118.99
100317,2025-02-01,8394.0,1846.68,220,419.7,5907.62
100319,2025-02-01,8346.75,1836.28,100,417.34,5993.13
100320,2025-02-01,11105.75,2443.26,220,555.29,7887.2
100321,2025-02-01,16362.0,3599.64,100,818.1,11844.26
100323,2025-02-01,8245.5,1814.01,220,412.28,5799.21
100324,2025-02-01,9897.42,2177.43,100,494.87,7125.12
100325,2025-02-01,5140.75,1130.96,220,257.04,3532.75
100327,2025-02-01,4922.42,1082.93,100,246.12,3493.37
100328,2025-02-01,3970.25,873.46,400,198.51,2498.28
100329,2025-02-01,8003.17,1760.7,100,400.16,5742.31
100330,2025-02-01,8917.75,1961.9,220,445.89,6289.96
100331,2025-02-01,21119.17,4646.22,220,1055.96,15196.99
100332,2025-02-01,13987.75,3077.3,220,699.39,9991.06
100333,2025-02-01,10972.42,2413.93,100,548.62,7909.87
100334,2025-02-01,11187.17,2461.18,220,559.36,7946.63
100335,2025-02-01,14575.17,3206.54,400,728.76,10239.87
100336,2025-02-01,11904.58,2619.01,220,595.23,8470.34
100337,2025-02-01,5164.67,1136.23,100,258.23,3670.21
100338,2025-02-01,6626.58,1457.85,100,331.33,4737.4
100339,2025-02-01,7311.33,1608.49,220,365.57,5117.27
100340,2025-02-01,7373.33,1622.13,400,368.67,4982.53
100341,2025-02-01,19047.17,4190.38,220,952.36,13684.43
100342,2025-02-01,8339.08,1834.6,220,416.95,5867.53
100343,2025-02-01,4918.67,1082.11,220,245.93,3370.63
100344,2025-02-01,5359.0,1178.98,100,267.95,3812.07
100345,2025-02-01,11406.08,2509.34,220,570.3,8106.44
100346,2025-02-01,23792.17,5234.28,100,1189.61,17268.28
100347,2025-02-01,8795.42,1934.99,400,439.77,6020.66
100349,2025-02-01,17481.83,3846.0,220,874.09,12541.74
100350,2025-02-01,8460.33,1861.27,220,423.02,5956.04
100351,2025-02-01,4949.0,1088.78,220,247.45,3392.77
100352,2025-02-01,12431.58,2734.95,100,621.58,8975.05
100355,2025-02-01,14913.67,3281.01,100,745.68,10786.98
100356,2025-02-01,11265.0,2478.3,220,563.25,8003.45
100357,2025-02-01,16185.42,3560.79,100,809.27,11715.36
100358,2025-02-01,11831.58,2602.95,100,591.58,8537.05
100359,2025-02-01,6868.33,1511.03,400,343.42,4613.88
100360,2025-02-01,4861.92,1069.62,220,243.1,3329.2
100361,2025-02-01,13498.25,2969.62,220,674.91,9633.72
100362,2025-02-01,11399.67,2507.93,100,569.98,8221.76
100363,2025-02-01,4061.17,893.46,100,203.06,2864.65
100364,2025-02-01,11316.0,2489.52,220,565.8,8040.68
100365,2025-02-01,4765.67,1048.45,100,238.28,3378.94
100366,2025-02-01,4561.92,1003.62,220,228.1,3110.2
100367,2025-02-01,8443.92,1857.66,400,422.2,5764.06
100368,2025-02-01,12025.67,2645.65,400,601.28,8378.74
100369,2025-02-01,7729.67,1700.53,100,386.48,5542.66
100370,2025-02-01,6934.25,1525.54,220,346.71,4842.0
100371,2025-02-01,5045.75,1110.06,400,252.29,3283.4
100373,2025-02-01,13249.83,2914.96,400,662.49,9272.38
100374,2025-02-01,9351.08,2057.24,400,467.55,6426.29
100375,2025-02-01,15163.92,3336.06,220,758.2,10849.66
100376,2025-02-01,6082.08,1338.06,220,304.1,4219.92
100377,2025-02-01,8601.33,1892.29,220,430.07,6058.97
100378,2025-02-01,10919.25,2402.24,400,545.96,7571.05
100379,2025-02-01,12938.17,2846.4,400,646.91,9044.86
100380,2025-02-01,8048.83,1770.74,220,402.44,5655.65
100381,2025-02-01,6922.0,1522.84,220,346.1,4833.06
100382,2025-02-01,8482.58,1866.17,220,424.13,5972.28
100383,2025-02-01,16368.5,3601.07,100,818.42,11849.01
100384,2025-02-01,7135.0,1569.7,100,356.75,5108.55
100385,2025-02-01,12120.67,2666.55,220,606.03,8628.09
100386,2025-02-01,13515.83,2973.48,220,675.79,9646.56
100387,2025-02-01,19637.58,4320.27,400,981.88,13935.43
100388,2025-02-01,5217.33,1147.81,100,260.87,3708.65
100389,2025-02-01,10751.33,2365.29,400,537.57,7448.47
100390,2025-02-01,20483.58,4506.39,400,1024.18,14553.01
100391,2025-02-01,15031.0,3306.82,100,751.55,10872.63
100392,2025-02-01,5946.33,1308.19,220,297.32,4120.82
100393,2025-02-01,6314.58,1389.21,400,315.73,4209.64
100394,2025-02-01,12964.25,2852.14,220,648.21,9243.9
100395,2025-02-01,8526.83,1875.9,220,426.34,6004.59
100396,2025-02-01,11116.17,2445.56,400,555.81,7714.8
100397,2025-02-01,6837.08,1504.16,400,341.85,4591.07
100398,2025-02-01,8728.83,1920.34,220,436.44,6152.05
100399,2025-02-01,15528.42,3416.25,220,776.42,11115.75
100400,2025-02-01,7422.92,1633.04,100,371.15,5318.73
100401,2025-02-01,13183.5,2900.37,100,659.18,9523.95
100402,2025-02-01,4676.25,1028.78,220,233.81,3193.66
100403,2025-02-01,3964.0,872.08,100,198.2,2793.72
100405,2025-02-01,16932.75,3725.2,220,846.64,12140.91
100406,2025-02-01,7812.08,1718.66,400,390.6,5302.82
100407,2025-02-01,12237.25,2692.2,100,611.86,8833.19
100408,2025-02-01,9126.67,2007.87,220,456.33,6442.47
100409,2025-02-01,14380.67,3163.75,400,719.03,10097.89
100410,2025-02-01,8949.0,1968.78,100,447.45,6432.77
100411,2025-02-01,3704.42,814.97,400,185.22,2304.23
100412,2025-02-01,12559.25,2763.04,220,627.96,8948.25
100413,2025-02-01,16662.0,3665.64,220,833.1,11943.26
100414,2025-02-01,4426.75,973.88,220,221.34,3011.53
100415,2025-02-01,12832.75,2823.2,220,641.64,9147.91
100416,2025-02-01,9229.33,2030.45,100,461.47,6637.41
100417,2025-02-01,27385.58,6024.83,400,1369.28,19591.47
100418,2025-02-01,4083.42,898.35,400,204.17,2580.9
100419,2025-02-01,8185.08,1800.72,220,409.25,5755.11
100420,2025-02-01,20076.08,4416.74,220,1003.8,14435.54
100421,2025-02-01,6073.33,1336.13,220,303.67,4213.53
100422,2025-02-01,6830.33,1502.67,220,341.52,4766.14
100423,2025-02-01,6796.25,1495.18,220,339.81,4741.26
100424,2025-02-01,14656.17,3224.36,220,732.81,10479.0
100425,2025-02-01,12961.75,2851.58,220,648.09,9242.08
100426,2025-02-01,5551.17,1221.26,100,277.56,3952.35
100427,2025-02-01,7343.42,1615.55,100,367.17,5260.7
100428,2025-02-01,14132.0,3109.04,220,706.6,10096.36
100429,2025-02-01,7203.0,1584.66,220,360.15,5038.19
100430,2025-02-01,11605.17,2553.14,100,580.26,8371.77
100432,2025-02-01,8007.83,1761.72,220,400.39,5625.72
100433,2025-02-01,4095.92,901.1,220,204.8,2770.02
100434,2025-02-01,5223.0,1149.06,220,261.15,3592.79
100435,2025-02-01,10685.42,2350.79,400,534.27,7400.36
100436,2025-02-01,14629.08,3218.4,220,731.45,10459.23
100437,2025-02-01,10023.92,2205.26,220,501.2,7097.46
100438,2025-02-01,11378.58,2503.29,400,568.93,7906.36
100439,2025-02-01,5960.83,1311.38,220,298.04,4131.41
100440,2025-02-01,10861.08,2389.44,100,543.05,7828.59
100441,2025-02-01,14849.75,3266.94,220,742.49,10620.32
100442,2025-02-01,14719.92,3238.38,220,736.0,10525.54
100443,2025-02-01,4652.17,1023.48,100,232.61,3296.08
100444,2025-02-01,4830.42,1062.69,100,241.52,3426.21
100445,2025-02-01,7398.67,1627.71,100,369.93,5301.03
100446,2025-02-01,13861.75,3049.58,400,693.09,9719.08
100447,2025-02-01,6098.92,1341.76,220,304.95,4232.21
100449,2025-02-01,8687.17,1911.18,100,434.36,6241.63
100450,2025-02-01,17191.42,3782.11,220,859.57,12329.74
100451,2025-02-01,8377.33,1843.01,100,418.87,6015.45
100452,2025-02-01,5231.25,1150.88,100,261.56,3718.81
100453,2025-02-01,11726.0,2579.72,220,586.3,8339.98
100454,2025-02-01,14271.5,3139.73,220,713.58,10198.19
100455,2025-02-01,10523.92,2315.26,220,526.2,7462.46
100456,2025-02-01,7542.92,1659.44,100,377.15,5406.33
100457,2025-02-01,13152.58,2893.57,220,657.63,9381.38
100458,2025-02-01,6855.17,1508.14,400,342.76,4604.27
100459,2025-02-01,12358.33,2718.83,100,617.92,8921.58
100460,2025-02-01,4077.25,897.0,400,203.86,2576.39
100461,2025-02-01,6774.42,1490.37,220,338.72,4725.33
100462,2025-02-01,13344.25,2935.74,220,667.21,9521.3
100463,2025-02-01,13130.67,2888.75,220,656.53,9365.39
100464,2025-02-01,12897.17,2837.38,220,644.86,9194.93
100465,2025-02-01,13585.0,2988.7,100,679.25,9817.05
100466,2025-02-01,4369.33,961.25,400,218.47,2789.61
100467,2025-02-01,12223.42,2689.15,220,611.17,8703.1
100468,2025-02-01,11048.58,2430.69,220,552.43,7845.46
100469,2025-02-01,10937.0,2406.14,220,546.85,7764.01
100470,2025-02-01,17668.25,3887.02,220,883.41,12677.82
100471,2025-02-01,6183.5,1360.37,220,309.18,4293.95
100472,2025-02-01,7117.92,1565.94,220,355.9,4976.08
100473,2025-02-01,4640.67,1020.95,100,232.03,3287.69
100474,2025-02-01,9887.5,2175.25,220,494.38,6997.87
100475,2025-02-01,7358.33,1618.83,400,367.92,4971.58
100476,2025-02-01,10061.25,2213.48,100,503.06,7244.71
100477,2025-02-01,14074.17,3096.32,400,703.71,9874.14
100478,2025-02-01,6759.67,1487.13,100,337.98,4834.56
100479,2025-02-01,8668.5,1907.07,400,433.42,5928.01
100481,2025-02-01,11133.92,2449.46,400,556.7,7727.76
100482,2025-02-01,7995.92,1759.1,400,399.8,5437.02
100483,2025-02-01,9268.92,2039.16,400,463.45,6366.31
100484,2025-02-01,20790.83,4573.98,220,1039.54,14957.31
100485,2025-02-01,29023.75,6385.22,220,1451.19,20967.34
100486,2025-02-01,10483.33,2306.33,100,524.17,7552.83
100487,2025-02-01,4352.0,957.44,220,217.6,2956.96
100488,2025-02-01,6774.92,1490.48,100,338.75,4845.69
100489,2025-02-01,9193.5,2022.57,220,459.68,6491.25
100490,2025-02-01,7027.92,1546.14,220,351.4,4910.38
100491,2025-02-01,21942.5,4827.35,100,1097.12,15918.03
100492,2025-02-01,19655.83,4324.28,100,982.79,14248.76
100493,2025-02-01,4242.92,933.44,400,212.15,2697.33
100494,2025-02-01,6006.33,1321.39,100,300.32,4284.62
100495,2025-02-01,10897.67,2397.49,220,544.88,7735.3
100496,2025-02-01,9601.67,2112.37,220,480.08,6789.22
100497,2025-02-01,13372.25,2941.9,220,668.61,9541.74
100498,2025-02-01,8662.75,1905.8,100,433.14,6223.81
100499,2025-02-01,12210.5,2686.31,220,610.52,8693.67
100500,2025-02-01,18673.5,4108.17,100,933.68,13531.65
100501,2025-02-01,14001.25,3080.28,100,700.06,10120.91
100502,2025-02-01,8914.33,1961.15,220,445.72,6287.46
100503,2025-02-01,10790.33,2373.87,100,539.52,7776.94
100505,2025-02-01,12012.83,2642.82,100,600.64,8669.37
100506,2025-02-01,9951.08,2189.24,100,497.55,7164.29
100507,2025-02-01,5786.83,1273.1,400,289.34,3824.39
100508,2025-02-01,4866.42,1070.61,100,243.32,3452.49
100509,2025-02-01,11751.25,2585.28,220,587.56,8358.41
100510,2025-02-01,16612.0,3654.64,100,830.6,12026.76
100511,2025-02-01,8882.25,1954.1,220,444.11,6264.04
100512,2025-02-01,15352.58,3377.57,220,767.63,10987.38
100513,2025-02-01,16910.25,3720.26,100,845.51,12244.48
100514,2025-02-01,15640.5,3440.91,100,782.03,11317.56
100515,2025-02-01,8746.33,1924.19,400,437.32,5984.82
100516,2025-02-01,13927.58,3064.07,100,696.38,10067.13
100517,2025-02-01,8329.42,1832.47,220,416.47,5860.48
100518,2025-02-01,17079.5,3757.49,100,853.98,12368.03
100519,2025-02-01,4468.17,983.0,220,223.41,3041.76
100520,2025-02-01,20543.25,4519.52,100,1027.16,14896.57
100521,2025-02-01,11495.92,2529.1,400,574.8,7992.02
100522,2025-02-01,8984.42,1976.57,220,449.22,6338.63
100523,2025-02-01,3867.83,850.92,220,193.39,2603.52
100524,2025-02-01,10759.42,2367.07,100,537.97,7754.38
100525,2025-02-01,15676.17,3448.76,400,783.81,11043.6
100526,2025-02-01,11594.83,2550.86,100,579.74,8364.23
100527,2025-02-01,9053.08,1991.68,220,452.65,6388.75
100528,2025-02-01,7490.67,1647.95,400,374.53,5068.19
100529,2025-02-01,10539.17,2318.62,220,526.96,7473.59
100530,2025-02-01,6076.75,1336.88,100,303.84,4336.03
100531,2025-02-01,6165.75,1356.46,220,308.29,4281.0
100532,2025-02-01,6328.58,1392.29,220,316.43,4399.86
100533,2025-02-01,11069.58,2435.31,100,553.48,7980.79
100534,2025-02-01,15863.75,3490.02,400,793.19,11180.54
100535,2025-02-01,12855.25,2828.16,100,642.76,9284.33
100536,2025-02-01,6655.5,1464.21,400,332.78,4458.51
100537,2025-02-01,6821.92,1500.82,220,341.1,4760.0
100538,2025-02-01,5751.33,1265.29,400,287.57,3798.47
100539,2025-02-01,12557.33,2762.61,400,627.87,8766.85
100540,2025-02-01,5336.08,1173.94,220,266.8,3675.34
100541,2025-02-01,6223.92,1369.26,220,311.2,4323.46
100542,2025-02-01,22552.92,4961.64,400,1127.65,16063.63
100543,2025-02-01,12220.75,2688.56,100,611.04,8821.15
100544,2025-02-01,11067.5,2434.85,400,553.38,7679.27
100545,2025-02-01,8104.58,1783.01,100,405.23,5816.34
100546,2025-02-01,6903.33,1518.73,220,345.17,4819.43
100547,2025-02-01,9097.83,2001.52,400,454.89,6241.42
100548,2025-02-01,6639.83,1460.76,100,331.99,4747.08
100549,2025-02-01,8343.08,1835.48,220,417.15,5870.45
100550,2025-02-01,21648.0,4762.56,220,1082.4,15583.04
100551,2025-02-01,9150.83,2013.18,220,457.54,6460.11
100552,2025-02-01,10091.83,2220.2,100,504.59,7267.04
100553,2025-02-01,4791.58,1054.15,220,239.58,3277.85
100554,2025-02-01,11563.58,2543.99,220,578.18,8221.41
100555,2025-02-01,7307.17,1607.58,220,365.36,5114.23
100556,2025-02-01,13428.83,2954.34,400,671.44,9403.05
100557,2025-02-01,9032.25,1987.1,220,451.61,6373.54
100558,2025-02-01,12480.0,2745.6,220,624.0,8890.4
100559,2025-02-01,7506.0,1651.32,220,375.3,5259.38
100560,2025-02-01,6603.92,1452.86,220,330.2,4600.86
100561,2025-02-01,6603.5,1452.77,220,330.18,4600.55
100562,2025-02-01,6678.83,1469.34,220,333.94,4655.55
100563,2025-02-01,15789.17,3473.62,220,789.46,11306.09
100564,2025-02-01,14535.92,3197.9,220,726.8,10391.22
100565,2025-02-01,3591.08,790.04,400,179.55,2221.49
100566,2025-02-01,3773.83,830.24,220,188.69,2534.9
100567,2025-02-01,5916.33,1301.59,100,295.82,4218.92
100568,2025-02-01,20234.83,4451.66,220,1011.74,14551.43
100569,2025-02-01,10877.0,2392.94,220,543.85,7720.21
100570,2025-02-01,6405.42,1409.19,100,320.27,4575.96
100571,2025-02-01,6858.5,1508.87,400,342.92,4606.71
100572,2025-02-01,11558.75,2542.93,220,577.94,8217.88
100573,2025-02-01,10973.83,2414.24,100,548.69,7910.9
100574,2025-02-01,7065.92,1554.5,220,353.3,4938.12
100575,2025-02-01,6373.0,1402.06,220,318.65,4432.29
100576,2025-02-01,15407.5,3389.65,220,770.38,11027.47
100577,2025-02-01,10861.33,2389.49,400,543.07,7528.77
100579,2025-02-01,13895.92,3057.1,220,694.8,9924.02
100580,2025-02-01,20878.67,4593.31,220,1043.93,15021.43
100581,2025-02-01,7110.67,1564.35,220,355.53,4970.79
100582,2025-02-01,10123.0,2227.06,220,506.15,7169.79
100584,2025-02-01,9933.83,2185.44,400,496.69,6851.7
100585,2025-02-01,4925.25,1083.56,220,246.26,3375.43
100586,2025-02-01,5443.08,1197.48,400,272.15,3573.45
100587,2025-02-01,14384.25,3164.54,100,719.21,10400.5
100588,2025-02-01,10721.75,2358.78,220,536.09,7606.88
100589,2025-02-01,5239.5,1152.69,100,261.98,3724.83
100591,2025-02-01,7314.42,1609.17,220,365.72,5119.53
100592,2025-02-01,7979.25,1755.44,100,398.96,5724.85
100593,2025-02-01,11683.33,2570.33,220,584.17,8308.83
100594,2025-02-01,6320.5,1390.51,400,316.03,4213.96
100595,2025-02-01,7154.08,1573.9,220,357.7,5002.48
100596,2025-02-01,7390.83,1625.98,400,369.54,4995.31
100597,2025-02-01,8874.83,1952.46,100,443.74,6378.63
100598,2025-02-01,11196.08,2463.14,220,559.8,7953.14
100600,2025-02-01,11405.67,2509.25,100,570.28,8226.14
100601,2025-02-01,8273.67,1820.21,220,413.68,5819.78
100602,2025-02-01,5371.08,1181.64,220,268.55,3700.89
100603,2025-02-01,6400.75,1408.16,220,320.04,4452.55
100604,2025-02-01,16274.33,3580.35,100,813.72,11780.26
100605,2025-02-01,14032.5,3087.15,220,701.62,10023.73
100606,2025-02-01,10457.58,2300.67,220,522.88,7414.03
100607,2025-02-01,9124.83,2007.46,220,456.24,6441.13
100608,2025-02-01,8697.33,1913.41,400,434.87,5949.05
100609,2025-02-01,12240.17,2692.84,400,612.01,8535.32
100610,2025-02-01,13995.08,3078.92,220,699.75,9996.41
100611,2025-02-01,5422.17,1192.88,100,271.11,3858.18
100612,2025-02-01,8468.5,1863.07,100,423.42,6082.01
100613,2025-02-01,10237.92,2252.34,220,511.9,7253.68
100614,2025-02-01,9521.92,2094.82,100,476.1,6851.0
100615,2025-02-01,8897.75,1957.5,220,444.89,6275.36
100616,2025-02-01,9957.33,2190.61,220,497.87,7048.85
100617,2025-02-01,5452.92,1199.64,220,272.65,3760.63
100618,2025-02-01,9077.58,1997.07,100,453.88,6526.63
100619,2025-02-01,14270.58,3139.53,400,713.53,10017.52
100620,2025-02-01,6892.25,1516.3,220,344.61,4811.34
100621,2025-02-01,13199.0,2903.78,220,659.95,9415.27
100622,2025-02-01,5012.0,1102.64,100,250.6,3558.76
100623,2025-02-01,6680.83,1469.78,400,334.04,4477.01
100624,2025-02-01,8663.92,1906.06,400,433.2,5924.66
100625,2025-02-01,4688.75,1031.53,400,234.44,3022.78
100627,2025-02-01,8536.42,1878.01,220,426.82,6011.59
100628,2025-02-01,6384.5,1404.59,100,319.23,4560.68
100629,2025-02-01,21590.08,4749.82,220,1079.5,15540.76
100631,2025-02-01,4114.0,905.08,100,205.7,2903.22
100632,2025-02-01,5292.5,1164.35,220,264.62,3643.53
100633,2025-02-01,9044.92,1989.88,220,452.25,6382.79
100634,2025-02-01,7677.08,1688.96,220,383.85,5384.27
100635,2025-02-01,7099.0,1561.78,400,354.95,4782.27
100636,2025-02-01,13415.75,2951.46,220,670.79,9573.5
100637,2025-02-01,5203.58,1144.79,100,260.18,3698.61
100638,2025-02-01,14266.42,3138.61,220,713.32,10194.49
100639,2025-02-01,10769.17,2369.22,220,538.46,7641.49
100640,2025-02-01,4635.25,1019.76,220,231.76,3163.73
100641,2025-02-01,11122.17,2446.88,100,556.11,8019.18
100642,2025-02-01,7053.0,1551.66,220,352.65,4928.69
100643,2025-02-01,9611.83,2114.6,100,480.59,6916.64
100644,2025-02-01,4673.58,1028.19,220,233.68,3191.71
100645,2025-02-01,5025.42,1105.59,400,251.27,3268.56
100646,2025-02-01,10504.58,2311.01,100,525.23,7568.34
100647,2025-02-01,5950.83,1309.18,220,297.54,4124.11
100648,2025-02-01,15477.33,3405.01,220,773.87,11078.45
100649,2025-02-01,6704.92,1475.08,220,335.25,4674.59
100650,2025-02-01,7982.0,1756.04,100,399.1,5726.86
100651,2025-02-01,14008.25,3081.82,220,700.41,10006.02
100652,2025-02-01,6752.83,1485.62,100,337.64,4829.57
100653,2025-02-01,6688.58,1471.49,220,334.43,4662.66
100654,2025-02-01,6610.83,1454.38,100,330.54,4725.91
100655,2025-02-01,5926.58,1303.85,400,296.33,3926.4
100656,2025-02-01,6661.75,1465.58,220,333.09,4643.08
100657,2025-02-01,11139.83,2450.76,400,556.99,7732.08
100658,2025-02-01,20305.42,4467.19,220,1015.27,14602.96
100659,2025-02-01,5084.17,1118.52,100,254.21,3611.44
100660,2025-02-01,8337.08,1834.16,100,416.85,5986.07
100661,2025-02-01,4968.58,1093.09,100,248.43,3527.06
100662,2025-02-01,5690.17,1251.84,100,284.51,4053.82
100663,2025-02-01,6034.33,1327.55,100,301.72,4305.06
100664,2025-02-01,13339.25,2934.64,220,666.96,9517.65
100665,2025-02-01,9841.0,2165.02,220,492.05,6963.93
100666,2025-02-01,18290.92,4024.0,100,914.55,13252.37
100667,2025-02-01,6094.83,1340.86,400,304.74,4049.23
100668,2025-02-01,7171.42,1577.71,100,358.57,5135.14
100669,2025-02-01,28739.42,6322.67,100,1436.97,20879.78
100670,2025-02-01,10378.25,2283.22,400,518.91,7176.12
100671,2025-02-01,7041.33,1549.09,220,352.07,4920.17
100672,2025-02-01,5663.83,1246.04,220,283.19,3914.6
100673,2025-02-01,11157.5,2454.65,100,557.88,8044.97
100674,2025-02-01,9638.92,2120.56,220,481.95,6816.41
100675,2025-02-01,12838.92,2824.56,100,641.95,9272.41
100676,2025-02-01,6227.75,1370.1,100,311.39,4446.26
100677,2025-02-01,11446.67,2518.27,100,572.33,8256.07
100678,2025-02-01,5555.25,1222.16,100,277.76,3955.33
100679,2025-02-01,10293.08,2264.48,100,514.65,7413.95
100680,2025-02-01,10914.75,2401.24,220,545.74,7747.77
100681,2025-02-01,10083.75,2218.43,220,504.19,7141.13
100682,2025-02-01,3811.92,838.62,220,190.6,2562.7
100683,2025-02-01,6991.42,1538.11,100,349.57,5003.74
100684,2025-02-01,17413.75,3831.02,100,870.69,12612.04
100685,2025-02-01,13525.75,2975.66,220,676.29,9653.8
100686,2025-02-01,8940.25,1966.86,400,447.01,6126.38
100687,2025-02-01,5405.58,1189.23,100,270.28,3846.07
100688,2025-02-01,10031.0,2206.82,100,501.55,7222.63
100689,2025-02-01,5837.67,1284.29,400,291.88,3861.5
100690,2025-02-01,12386.5,2725.03,100,619.33,8942.14
100691,2025-02-01,8925.67,1963.65,100,446.28,6415.74
100693,2025-02-01,7908.83,1739.94,400,395.44,5373.45
100694,2025-02-01,10199.92,2243.98,220,510.0,7225.94
100695,2025-02-01,7758.33,1706.83,220,387.92,5443.58
100696,2025-02-01,11535.92,2537.9,220,576.8,8201.22
100697,2025-02-01,7545.67,1660.05,100,377.28,5408.34
100698,2025-02-01,16730.42,3680.69,100,836.52,12113.21
100699,2025-02-01,6397.58,1407.47,400,319.88,4270.23
100700,2025-02-01,6880.0,1513.6,400,344.0,4622.4
100701,2025-02-01,5493.75,1208.62,100,274.69,3910.44
100702,2025-02-01,11354.75,2498.04,100,567.74,8188.97
100703,2025-02-01,8337.17,1834.18,220,416.86,5866.13
100704,2025-02-01,8105.83,1783.28,100,405.29,5817.26
100705,2025-02-01,7632.83,1679.22,400,381.64,5171.97
100706,2025-02-01,13259.17,2917.02,220,662.96,9459.19
100707,2025-02-01,4391.42,966.11,220,219.57,2985.74
100708,2025-02-01,10019.75,2204.34,220,500.99,7094.42
100711,2025-02-01,5362.42,1179.73,220,268.12,3694.57
100712,2025-02-01,5735.5,1261.81,220,286.78,3966.91
100713,2025-02-01,7891.17,1736.06,220,394.56,5540.55
100714,2025-02-01,7123.33,1567.13,220,356.17,4980.03
100715,2025-02-01,16502.08,3630.46,220,825.1,11826.52
100716,2025-02-01,5644.5,1241.79,220,282.23,3900.48
100717,2025-02-01,10917.58,2401.87,100,545.88,7869.83
100718,2025-02-01,3924.25,863.34,220,196.21,2644.7
100719,2025-02-01,5864.5,1290.19,220,293.23,4061.08
100720,2025-02-01,13176.25,2898.78,220,658.81,9398.66
100721,2025-02-01,10080.5,2217.71,220,504.02,7138.77
100722,2025-02-01,7339.75,1614.74,400,366.99,4958.02
100723,2025-02-01,18480.0,4065.6,220,924.0,13270.4
100724,2025-02-01,7253.67,1595.81,400,362.68,4895.18
100725,2025-02-01,9584.42,2108.57,220,479.22,6776.63
100726,2025-02-01,4867.83,1070.92,220,243.39,3333.52
100727,2025-02-01,3959.67,871.13,220,197.98,2670.56
100728,2025-02-01,5328.42,1172.25,400,266.42,3489.75
100729,2025-02-01,8222.67,1808.99,400,411.13,5602.55
100730,2025-02-01,14768.0,3248.96,100,738.4,10680.64
100731,2025-02-01,7016.92,1543.72,100,350.85,5022.35
100732,2025-02-01,6581.08,1447.84,220,329.05,4584.19
100733,2025-02-01,14816.33,3259.59,100,740.82,10715.92
100734,2025-02-01,19227.33,4230.01,100,961.37,13935.95
100735,2025-02-01,10406.42,2289.41,100,520.32,7496.69
100736,2025-02-01,8115.33,1785.37,100,405.77,5824.19
100737,2025-02-01,29085.42,6398.79,220,1454.27,21012.36
100738,2025-02-01,8769.25,1929.24,400,438.46,6001.55
100739,2025-02-01,11357.58,2498.67,220,567.88,8071.03
100740,2025-02-01,18620.0,4096.4,220,931.0,13372.6
100741,2025-02-01,8810.33,1938.27,220,440.52,6211.54
100742,2025-02-01,11069.75,2435.34,100,553.49,7980.92
100743,2025-02-01,11084.5,2438.59,220,554.22,7871.69
100744,2025-02-01,12174.08,2678.3,220,608.7,8667.08
100745,2025-02-01,8896.0,1957.12,100,444.8,6394.08
100746,2025-02-01,15966.5,3512.63,220,798.32,11435.55
100748,2025-02-01,8975.83,1974.68,400,448.79,6152.36
100749,2025-02-01,8846.17,1946.16,220,442.31,6237.7
100750,2025-02-01,13281.08,2921.84,400,664.05,9295.19
100751,2025-02-01,14381.92,3164.02,220,719.1,10278.8
100752,2025-02-01,7462.33,1641.71,220,373.12,5227.5
100753,2025-02-01,11121.33,2446.69,220,556.07,7898.57
100754,2025-02-01,6737.08,1482.16,220,336.85,4698.07
100755,2025-02-01,7573.33,1666.13,220,378.67,5308.53
100756,2025-02-01,4023.33,885.13,100,201.17,2837.03
100757,2025-02-01,5322.08,1170.86,220,266.1,3665.12
100759,2025-02-01,16915.92,3721.5,100,845.8,12248.62
100760,2025-02-01,8358.67,1838.91,220,417.93,5881.83
100761,2025-02-01,5975.83,1314.68,220,298.79,4142.36
100762,2025-02-01,7566.0,1664.52,220,378.3,5303.18
100763,2025-02-01,11051.83,2431.4,220,552.59,7847.84
100764,2025-02-01,4891.58,1076.15,220,244.58,3350.85
100765,2025-02-01,10520.58,2314.53,220,526.03,7460.02
100766,2025-02-01,4328.58,952.29,220,216.43,2939.86
100767,2025-02-01,8677.25,1909.0,220,433.86,6114.39
100770,2025-02-01,10718.75,2358.12,220,535.94,7604.69
100771,2025-02-01,7924.42,1743.37,100,396.22,5684.83
100773,2025-02-01,10027.92,2206.14,220,501.4,7100.38
100774,2025-02-01,13085.67,2878.85,400,654.28,9152.54
100775,2025-02-01,9102.75,2002.6,100,455.14,6545.01
100776,2025-02-01,14638.5,3220.47,100,731.92,10586.11
100777,2025-02-01,16188.75,3561.52,400,809.44,11417.79
100778,2025-02-01,6650.92,1463.2,400,332.55,4455.17
100779,2025-02-01,6563.5,1443.97,100,328.18,4691.35
100780,2025-02-01,6160.0,1355.2,100,308.0,4396.8
100781,2025-02-01,7910.0,1740.2,220,395.5,5554.3
100782,2025-02-01,5615.25,1235.36,100,280.76,3999.13
100783,2025-02-01,12451.25,2739.28,100,622.56,8989.41
100784,2025-02-01,13300.08,2926.02,220,665.0,9489.06
100785,2025-02-01,9051.83,1991.4,400,452.59,6207.84
100787,2025-02-01,14142.67,3111.39,220,707.13,10104.15
100788,2025-02-01,5204.67,1145.03,100,260.23,3699.41
100790,2025-02-01,12568.25,2765.02,100,628.41,9074.82
100792,2025-02-01,9297.5,2045.45,220,464.88,6567.17
100793,2025-02-01,5582.42,1228.13,400,279.12,3675.17
100794,2025-02-01,6968.33,1533.03,100,348.42,4986.88
100795,2025-02-01,11667.67,2566.89,220,583.38,8297.4
100796,2025-02-01,20907.75,4599.7,220,1045.39,15042.66
100797,2025-02-01,8887.92,1955.34,100,444.4,6388.18
100798,2025-02-01,5138.75,1130.53,400,256.94,3351.28
100799,2025-02-01,9093.92,2000.66,220,454.7,6418.56
100800,2025-02-01,11470.17,2523.44,400,573.51,7973.22
100801,2025-02-01,10349.17,2276.82,220,517.46,7334.89
100802,2025-02-01,16966.33,3732.59,220,848.32,12165.42
100803,2025-02-01,5314.08,1169.1,400,265.7,3479.28
100804,2025-02-01,10741.5,2363.13,220,537.08,7621.29
100805,2025-02-01,11117.17,2445.78,100,555.86,8015.53
100806,2025-02-01,9758.83,2146.94,400,487.94,6723.95
100807,2025-02-01,19931.83,4385.0,100,996.59,14450.24
100808,2025-02-01,6060.58,1333.33,400,303.03,4024.22
100809,2025-02-01,5422.0,1192.84,220,271.1,3738.06
100810,2025-02-01,4582.25,1008.1,100,229.11,3245.04
100811,2025-02-01,5057.92,1112.74,100,252.9,3592.28
100812,2025-02-01,5560.17,1223.24,220,278.01,3838.92
100813,2025-02-01,15058.42,3312.85,400,752.92,10592.65
100814,2025-02-01,13826.0,3041.72,100,691.3,9992.98
100816,2025-02-01,5845.0,1285.9,100,292.25,4166.85
100817,2025-02-01,5573.75,1226.22,100,278.69,3968.84
100818,2025-02-01,9468.17,2083.0,100,473.41,6811.76
100819,2025-02-01,6431.75,1414.98,220,321.59,4475.18
100820,2025-02-01,6142.17,1351.28,400,307.11,4083.78
100821,2025-02-01,15060.75,3313.36,220,753.04,10774.35
100822,2025-02-01,19738.5,4342.47,400,986.92,14009.11
100823,2025-02-01,15918.33,3502.03,100,795.92,11520.38
100824,2025-02-01,11520.5,2534.51,220,576.02,8189.97
100825,2025-02-01,7638.75,1680.52,220,381.94,5356.29
100826,2025-02-01,4334.58,953.61,400,216.73,2764.24
100827,2025-02-01,17669.5,3887.29,400,883.48,12498.73
100828,2025-02-01,12664.67,2786.23,220,633.23,9025.21
100829,2025-02-01,12886.17,2834.96,220,644.31,9186.9
100830,2025-02-01,5480.92,1205.8,100,274.05,3901.07
100831,2025-02-01,8038.92,1768.56,100,401.95,5768.41
100832,2025-02-01,8445.0,1857.9,220,422.25,5944.85
100833,2025-02-01,10597.58,2331.47,220,529.88,7516.23
100834,2025-02-01,23195.92,5103.1,220,1159.8,16713.02
100835,2025-02-01,11553.08,2541.68,220,577.65,8213.75
100836,2025-02-01,9108.92,2003.96,220,455.45,6429.51
100837,2025-02-01,6713.0,1476.86,100,335.65,4800.49
100838,2025-02-01,9405.83,2069.28,220,470.29,6646.26
100839,2025-02-01,8735.42,1921.79,100,436.77,6276.86
100840,2025-02-01,9222.58,2028.97,100,461.13,6632.48
100841,2025-02-01,4278.83,941.34,100,213.94,3023.55
100842,2025-02-01,4883.33,1074.33,220,244.17,3344.83
100843,2025-02-01,8845.5,1946.01,400,442.28,6057.21
100844,2025-02-01,9851.42,2167.31,100,492.57,7091.54
100845,2025-02-01,9869.75,2171.34,100,493.49,7104.92
100846,2025-02-01,18134.25,3989.54,220,906.71,13018.0
100847,2025-02-01,6206.25,1365.38,220,310.31,4310.56
100848,2025-02-01,20777.5,4571.05,220,1038.88,14947.57
100849,2025-02-01,25245.92,5554.1,400,1262.3,18029.52
100850,2025-02-01,7557.92,1662.74,220,377.9,5297.28
100851,2025-02-01,9074.25,1996.34,400,453.71,6224.2
100854,2025-02-01,8054.67,1772.03,220,402.73,5659.91
100855,2025-02-01,6948.75,1528.72,220,347.44,4852.59
100856,2025-02-01,22003.67,4840.81,220,1100.18,15842.68
100857,2025-02-01,10404.0,2288.88,220,520.2,7374.92
100858,2025-02-01,8566.42,1884.61,220,428.32,6033.49
100859,2025-02-01,6905.58,1519.23,220,345.28,4821.07
100860,2025-02-01,10821.83,2380.8,100,541.09,7799.94
100861,2025-02-01,11224.92,2469.48,100,561.25,8094.19
100862,2025-02-01,14812.58,3258.77,220,740.63,10593.18
100863,2025-02-01,5551.83,1221.4,220,277.59,3832.84
100864,2025-02-01,5445.58,1198.03,220,272.28,3755.27
100865,2025-02-01,7974.75,1754.44,220,398.74,5601.57
100866,2025-02-01,18000.75,3960.16,220,900.04,12920.55
100867,2025-02-01,6560.83,1443.38,220,328.04,4569.41
100868,2025-02-01,9698.5,2133.67,100,484.92,6979.91
100870,2025-02-01,11123.5,2447.17,400,556.18,7720.15
100871,2025-02-01,7214.33,1587.15,100,360.72,5166.46
100872,2025-02-01,10818.58,2380.09,220,540.93,7677.56
100873,2025-02-01,8785.58,1932.83,220,439.28,6193.47
100874,2025-02-01,8710.5,1916.31,220,435.52,6138.67
100875,2025-02-01,21311.5,4688.53,100,1065.58,15457.39
100876,2025-02-01,8506.17,1871.36,100,425.31,6109.5
100877,2025-02-01,3961.17,871.46,100,198.06,2791.65
100878,2025-02-01,8822.0,1940.84,220,441.1,6220.06
100879,2025-02-01,5468.67,1203.11,400,273.43,3592.13
100880,2025-02-01,5512.08,1212.66,220,275.6,3803.82
100881,2025-02-01,22405.92,4929.3,100,1120.3,16256.32
100882,2025-02-01,3354.08,737.9,100,167.7,2348.48
100883,2025-02-01,6785.92,1492.9,100,339.3,4853.72
100884,2025-02-01,9068.17,1995.0,220,453.41,6399.76
100885,2025-02-01,11004.67,2421.03,400,550.23,7633.41
100886,2025-02-01,11077.17,2436.98,100,553.86,7986.33
100887,2025-02-01,6313.25,1388.92,220,315.66,4388.67
100888,2025-02-01,6047.92,1330.54,100,302.4,4314.98
100890,2025-02-01,4044.42,889.77,220,202.22,2732.43
100891,2025-02-01,5130.42,1128.69,220,256.52,3525.21
100892,2025-02-01,7320.17,1610.44,220,366.01,5123.72
100894,2025-02-01,7172.17,1577.88,220,358.61,5015.68
100895,2025-02-01,10514.42,2313.17,220,525.72,7455.53
100896,2025-02-01,15943.92,3507.66,220,797.2,11419.06
100897,2025-02-01,11257.58,2476.67,220,562.88,7998.03
100898,2025-02-01,17033.08,3747.28,220,851.65,12214.15
100899,2025-02-01,8387.08,1845.16,100,419.35,6022.57
100900,2025-02-01,14574.0,3206.28,100,728.7,10539.02
100901,2025-02-01,6796.33,1495.19,100,339.82,4861.32
100902,2025-02-01,12054.92,2652.08,100,602.75,8700.09
100903,2025-02-01,12469.67,2743.33,220,623.48,8882.86
100904,2025-02-01,6753.0,1485.66,100,337.65,4829.69
100905,2025-02-01,8794.0,1934.68,100,439.7,6319.62
100906,2025-02-01,9282.75,2042.2,100,464.14,6676.41
100907,2025-02-01,13600.25,2992.06,220,680.01,9708.18
100908,2025-02-01,13742.58,3023.37,400,687.13,9632.08
100909,2025-02-01,9340.75,2054.96,220,467.04,6598.75
100910,2025-02-01,25618.67,5636.11,100,1280.93,18601.63
100911,2025-02-01,19638.33,4320.43,400,981.92,13935.98
100912,2025-02-01,6696.58,1473.25,220,334.83,4668.5
100913,2025-02-01,14932.17,3285.08,100,746.61,10800.48
100914,2025-02-01,8641.08,1901.04,400,432.05,5907.99
100915,2025-02-01,15061.17,3313.46,220,753.06,10774.65
100916,2025-02-01,4731.67,1040.97,100,236.58,3354.12
100917,2025-02-01,7852.75,1727.6,100,392.64,5632.51
100918,2025-02-01,16699.33,3673.85,100,834.97,12090.51
100919,2025-02-01,5152.83,1133.62,220,257.64,3541.57
100920,2025-02-01,17051.17,3751.26,100,852.56,12347.35
100921,2025-02-01,10149.25,2232.84,100,507.46,7308.95
100922,2025-02-01,13687.0,3011.14,100,684.35,9891.51
100924,2025-02-01,10959.5,2411.09,100,547.98,7900.43
100925,2025-02-01,4402.67,968.59,400,220.13,2813.95
100926,2025-02-01,6319.83,1390.36,220,315.99,4393.48
100928,2025-02-01,11210.17,2466.24,220,560.51,7963.42
100929,2025-02-01,5934.67,1305.63,400,296.73,3932.31
100931,2025-02-01,8497.83,1869.52,100,424.89,6103.42
100932,2025-02-01,6664.83,1466.26,100,333.24,4765.33
100933,2025-02-01,15809.08,3478.0,220,790.45,11320.63
100935,2025-02-01,8921.92,1962.82,220,446.1,6293.0
100936,2025-02-01,8441.75,1857.18,100,422.09,6062.48
100937,2025-02-01,15211.5,3346.53,220,760.58,10884.39
100938,2025-02-01,11120.92,2446.6,220,556.05,7898.27
100939,2025-02-01,6807.5,1497.65,400,340.38,4569.47
100940,2025-02-01,3837.33,844.21,220,191.87,2581.25
100941,2025-02-01,7735.17,1701.74,100,386.76,5546.67
100942,2025-02-01,8868.5,1951.07,220,443.42,6254.01
100943,2025-02-01,4112.67,904.79,220,205.63,2782.25
100944,2025-02-01,17107.42,3763.63,220,855.37,12268.42
100945,2025-02-01,7048.83,1550.74,100,352.44,5045.65
100946,2025-02-01,7284.92,1602.68,100,364.25,5217.99
100947,2025-02-01,8052.92,1771.64,400,402.65,5478.63
100948,2025-02-01,14335.67,3153.85,100,716.78,10365.04
100949,2025-02-01,6965.5,1532.41,220,348.28,4864.81
100950,2025-02-01,11365.0,2500.3,220,568.25,8076.45
100951,2025-02-01,13575.0,2986.5,220,678.75,9689.75
100952,2025-02-01,7896.83,1737.3,100,394.84,5664.69
100953,2025-02-01,9345.0,2055.9,400,467.25,6421.85
100954,2025-02-01,5520.25,1214.46,100,276.01,3929.78
100956,2025-02-01,13122.0,2886.84,100,656.1,9479.06
100957,2025-02-01,9922.0,2182.84,220,496.1,7023.06
100958,2025-02-01,16059.67,3533.13,220,802.98,11503.56
100960,2025-02-01,6870.33,1511.47,220,343.52,4795.34
100961,2025-02-01,6491.17,1428.06,220,324.56,4518.55
100962,2025-02-01,14041.17,3089.06,100,702.06,10150.05
100963,2025-02-01,12850.08,2827.02,400,642.5,8980.56
100964,2025-02-01,10764.67,2368.23,400,538.23,7458.21
100965,2025-02-01,6489.5,1427.69,100,324.48,4637.33
100966,2025-02-01,5519.83,1214.36,400,275.99,3629.48
100967,2025-02-01,13597.25,2991.4,220,679.86,9705.99
100968,2025-02-01,4748.83,1044.74,400,237.44,3066.65
100969,2025-02-01,5980.17,1315.64,220,299.01,4145.52
100970,2025-02-01,4461.0,981.42,220,223.05,3036.53
100971,2025-02-01,6720.42,1478.49,220,336.02,4685.91
100972,2025-02-01,4324.08,951.3,400,216.2,2756.58
100973,2025-02-01,9011.08,1982.44,220,450.55,6358.09
100974,2025-02-01,7251.0,1595.22,220,362.55,5073.23
100975,2025-02-01,20135.17,4429.74,100,1006.76,14598.67
100976,2025-02-01,6785.25,1492.76,100,339.26,4853.23
100977,2025-02-01,5914.92,1301.28,220,295.75,4097.89
100978,2025-02-01,18039.5,3968.69,400,901.98,12768.83
100979,2025-02-01,12590.08,2769.82,220,629.5,8970.76
100980,2025-02-01,18484.42,4066.57,220,924.22,13273.63
100981,2025-02-01,10276.17,2260.76,100,513.81,7401.6
100982,2025-02-01,10412.33,2290.71,100,520.62,7501.0
100983,2025-02-01,7067.58,1554.87,100,353.38,5059.33
100984,2025-02-01,8657.83,1904.72,220,432.89,6100.22
100985,2025-02-01,10217.25,2247.8,100,510.86,7358.59
100986,2025-02-01,7216.0,1587.52,100,360.8,5167.68
100987,2025-02-01,6603.08,1452.68,220,330.15,4600.25
100988,2025-02-01,4771.83,1049.8,220,238.59,3263.44
100989,2025-02-01,14038.08,3088.38,400,701.9,9847.8
100990,2025-02-01,6995.67,1539.05,220,349.78,4886.84
100991,2025-02-01,6493.0,1428.46,100,324.65,4639.89
100992,2025-02-01,5700.17,1254.04,100,285.01,4061.12
100993,2025-02-01,17240.83,3792.98,100,862.04,12485.81
100994,2025-02-01,10407.17,2289.58,220,520.36,7377.23
100995,2025-02-01,4452.5,979.55,100,222.62,3150.33
100996,2025-02-01,12260.67,2697.35,220,613.03,8730.29
100997,2025-02-01,12606.75,2773.48,220,630.34,8982.93
100998,2025-02-01,15527.92,3416.14,220,776.4,11115.38
100999,2025-02-01,18568.58,4085.09,220,928.43,13335.06
100000,2025-03-01,8681.5,1909.93,100,434.08,6237.49
100001,2025-03-01,16233.42,3571.35,220,811.67,11630.4
100002,2025-03-01,4820.08,1060.42,100,241.0,3418.66
100003,2025-03-01,9756.25,2146.38,400,487.81,6722.06
100004,2025-03-01,16375.08,3602.52,100,818.75,11853.81
100005,2025-03-01,4611.08,1014.44,400,230.55,2966.09
100006,2025-03-01,7974.17,1754.32,100,398.71,5721.14
100007,2025-03-01,16819.25,3700.24,100,840.96,12178.05
100008,2025-03-01,9592.33,2110.31,220,479.62,6782.4
100009,2025-03-01,6943.5,1527.57,220,347.18,4848.75
100010,2025-03-01,8882.0,1954.04,220,444.1,6263.86
100012,2025-03-01,9636.67,2120.07,100,481.83,6934.77
100013,2025-03-01,12374.83,2722.46,220,618.74,8813.63
100014,2025-03-01,8579.17,1887.42,220,428.96,6042.79
100015,2025-03-01,5611.08,1234.44,400,280.55,3696.09
100016,2025-03-01,16954.17,3729.92,100,847.71,12276.54
100017,2025-03-01,14068.83,3095.14,220,703.44,10050.25
100018,2025-03-01,7289.17,1603.62,220,364.46,5101.09
100019,2025-03-01,11761.0,2587.42,400,588.05,8185.53
100020,2025-03-01,5289.67,1163.73,220,264.48,3641.46
100021,2025-03-01,6758.5,1486.87,220,337.92,4713.71
100022,2025-03-01,24181.0,5319.82,220,1209.05,17432.13
100023,2025-03-01,9281.17,2041.86,400,464.06,6375.25
100025,2025-03-01,10772.33,2369.91,100,538.62,7763.8
100026,2025-03-01,4817.42,1059.83,220,240.87,3296.72
100027,2025-03-01,8312.83,1828.82,220,415.64,5848.37
100028,2025-03-01,7044.67,1549.83,100,352.23,5042.61
100029,2025-03-01,7420.17,1632.44,220,371.01,5196.72
100030,2025-03-01,8562.25,1883.7,220,428.11,6030.44
100031,2025-03-01,8514.25,1873.14,100,425.71,6115.4
100032,2025-03-01,9113.5,2004.97,220,455.68,6432.85
100033,2025-03-01,9331.17,2052.86,220,466.56,6591.75
100034,2025-03-01,11762.58,2587.77,220,588.13,8366.68
100035,2025-03-01,6707.67,1475.69,100,335.38,4796.6
100036,2025-03-01,10359.5,2279.09,100,517.98,7462.43
100037,2025-03-01,11290.42,2483.89,400,564.52,7842.01
100038,2025-03-01,5920.42,1302.49,220,296.02,4101.91
100039,2025-03-01,4732.17,1041.08,220,236.61,3234.48
100040,2025-03-01,6674.75,1468.44,400,333.74,4472.57
100041,2025-03-01,8533.92,1877.46,220,426.7,6009.76
100042,2025-03-01,4583.33,1008.33,220,229.17,3125.83
100043,2025-03-01,8161.58,1795.55,100,408.08,5857.95
100044,2025-03-01,6870.42,1511.49,220,343.52,4795.41
100045,2025-03-01,8749.0,1924.78,100,437.45,6286.77
100046,2025-03-01,6013.92,1323.06,220,300.7,4170.16
100047,2025-03-01,13721.0,3018.62,100,686.05,9916.33
100048,2025-03-01,9152.17,2013.48,100,457.61,6581.08
100050,2025-03-01,10140.83,2230.98,220,507.04,7182.81
100051,2025-03-01,16663.08,3665.88,100,833.15,12064.05
100052,2025-03-01,8541.25,1879.08,100,427.06,6135.11
100053,2025-03-01,4402.08,968.46,220,220.1,2993.52
100054,2025-03-01,4979.08,1095.4,100,248.95,3534.73
100056,2025-03-01,11046.25,2430.18,100,552.31,7963.76
100057,2025-03-01,16043.0,3529.46,220,802.15,11491.39
100058,2025-03-01,10197.83,2243.52,220,509.89,7224.42
100059,2025-03-01,13272.92,2920.04,220,663.65,9469.23
100060,2025-03-01,5179.5,1139.49,400,258.98,3381.03
100061,2025-03-01,6151.0,1353.22,100,307.55,4390.23
100062,2025-03-01,10308.17,2267.8,100,515.41,7424.96
100063,2025-03-01,7649.17,1682.82,100,382.46,5483.89
100064,2025-03-01,7006.33,1541.39,100,350.32,5014.62
100065,2025-03-01,11137.25,2450.2,400,556.86,7730.19
100066,2025-03-01,8257.33,1816.61,220,412.87,5807.85
100067,2025-03-01,25445.33,5597.97,100,1272.27,18475.09
100068,2025-03-01,8487.25,1867.2,400,424.36,5795.69
100069,2025-03-01,20559.5,4523.09,220,1027.98,14788.43
100070,2025-03-01,7221.75,1588.78,220,361.09,5051.88
100071,2025-03-01,7267.92,1598.94,220,363.4,5085.58
100072,2025-03-01,6671.83,1467.8,220,333.59,4650.44
100073,2025-03-01,4439.5,976.69,220,221.98,3020.83
100074,2025-03-01,20057.83,4412.72,100,1002.89,14542.22
100075,2025-03-01,12908.25,2839.82,100,645.41,9323.02
100076,2025-03-01,14414.17,3171.12,100,720.71,10422.34
100077,2025-03-01,8281.75,1821.98,220,414.09,5825.68
100078,2025-03-01,11370.5,2501.51,100,568.52,8200.47
100079,2025-03-01,13716.58,3017.65,220,685.83,9793.1
100080,2025-03-01,11439.58,2516.71,400,571.98,7950.89
100081,2025-03-01,11511.75,2532.58,220,575.59,8183.58
100082,2025-03-01,10139.17,2230.62,220,506.96,7181.59
100083,2025-03-01,10942.0,2407.24,220,547.1,7767.66
100084,2025-03-01,8533.92,1877.46,400,426.7,5829.76
100085,2025-03-01,12784.58,2812.61,220,639.23,9112.74
100086,2025-03-01,6421.5,1412.73,220,321.08,4467.69
100087,2025-03-01,5444.5,1197.79,100,272.23,3874.48
100088,2025-03-01,6591.58,1450.15,400,329.58,4411.85
100089,2025-03-01,11497.25,2529.4,220,574.86,8172.99
100090,2025-03-01,9625.0,2117.5,220,481.25,6806.25
100092,2025-03-01,8990.67,1977.95,220,449.53,6343.19
100093,2025-03-01,11013.08,2422.88,220,550.65,7819.55
100094,2025-03-01,9918.08,2181.98,220,495.9,7020.2
100095,2025-03-01,6249.33,1374.85,220,312.47,4342.01
100096,2025-03-01,22858.67,5028.91,220,1142.93,16466.83
100097,2025-03-01,5588.75,1229.53,100,279.44,3979.78
100098,2025-03-01,5313.75,1169.03,220,265.69,3659.03
100099,2025-03-01,14144.08,3111.7,220,707.2,10105.18
100100,2025-03-01,7092.17,1560.28,220,354.61,4957.28
100101,2025-03-01,6147.17,1352.38,100,307.36,4387.43
100102,2025-03-01,16037.33,3528.21,220,801.87,11487.25
100103,2025-03-01,7260.0,1597.2,220,363.0,5079.8
100104,2025-03-01,6847.67,1506.49,220,342.38,4778.8
100105,2025-03-01,7699.17,1693.82,220,384.96,5400.39
100106,2025-03-01,9715.83,2137.48,220,485.79,6872.56
100107,2025-03-01,5899.25,1297.84,400,294.96,3906.45
100108,2025-03-01,13781.33,3031.89,220,689.07,9840.37
100109,2025-03-01,12716.5,2797.63,400,635.83,8883.04
100110,2025-03-01,11202.83,2464.62,220,560.14,7958.07
100111,2025-03-01,6218.75,1368.12,220,310.94,4319.69
100112,2025-03-01,10285.42,2262.79,100,514.27,7408.36
100113,2025-03-01,5132.42,1129.13,220,256.62,3526.67
100114,2025-03-01,6199.92,1363.98,220,310.0,4305.94
100115,2025-03-01,7323.92,1611.26,100,366.2,5246.46
100116,2025-03-01,5212.42,1146.73,400,260.62,3405.07
100117,2025-03-01,11619.5,2556.29,400,580.98,8082.23
100118,2025-03-01,13218.58,2908.09,400,660.93,9249.56
100119,2025-03-01,10308.58,2267.89,400,515.43,7125.26
100120,2025-03-01,3922.75,863.0,400,196.14,2463.61
100121,2025-03-01,9696.58,2133.25,220,484.83,6858.5
100122,2025-03-01,7231.17,1590.86,400,361.56,4878.75
100123,2025-03-01,10460.17,2301.24,220,523.01,7415.92
100124,2025-03-01,13026.42,2865.81,100,651.32,9409.29
100125,2025-03-01,12563.0,2763.86,220,628.15,8950.99
100126,2025-03-01,6160.25,1355.26,220,308.01,4276.98
100127,2025-03-01,24751.33,5445.29,220,1237.57,17848.47
100128,2025-03-01,11567.67,2544.89,220,578.38,8224.4
100129,2025-03-01,16135.58,3549.83,220,806.78,11558.97
100130,2025-03-01,10697.5,2353.45,100,534.88,7709.17
100131,2025-03-01,12458.33,2740.83,400,622.92,8694.58
100132,2025-03-01,8826.42,1941.81,100,441.32,6343.29
100133,2025-03-01,8593.17,1890.5,220,429.66,6053.01
100134,2025-03-01,9540.08,2098.82,400,477.0,6564.26
100135,2025-03-01,5395.58,1187.03,220,269.78,3718.77
100136,2025-03-01,9802.58,2156.57,100,490.13,7055.88
100137,2025-03-01,6680.17,1469.64,220,334.01,4656.52
100138,2025-03-01,9473.42,2084.15,220,473.67,6695.6
100139,2025-03-01,10237.75,2252.3,220,511.89,7253.56
100140,2025-03-01,10834.42,2383.57,100,541.72,7809.13
100141,2025-03-01,6757.5,1486.65,100,337.88,4832.97
100142,2025-03-01,6854.17,1507.92,220,342.71,4783.54
100143,2025-03-01,16792.17,3694.28,100,839.61,12158.28
100144,2025-03-01,11037.0,2428.14,220,551.85,7837.01
100145,2025-03-01,9470.58,2083.53,400,473.53,6513.52
100146,2025-03-01,12026.67,2645.87,220,601.33,8559.47
100147,2025-03-01,11160.33,2455.27,220,558.02,7927.04
100148,2025-03-01,4475.5,984.61,220,223.78,3047.11
100149,2025-03-01,6601.33,1452.29,400,330.07,4418.97
100150,2025-03-01,7527.0,1655.94,220,376.35,5274.71
100151,2025-03-01,13021.0,2864.62,220,651.05,9285.33
100152,2025-03-01,4558.25,1002.82,400,227.91,2927.52
100153,2025-03-01,17275.0,3800.5,220,863.75,12390.75
100154,2025-03-01,11962.0,2631.64,100,598.1,8632.26
100155,2025-03-01,26560.08,5843.22,220,1328.0,19168.86
100156,2025-03-01,4688.33,1031.43,100,234.42,3322.48
100157,2025-03-01,15116.75,3325.68,220,755.84,10815.23
100158,2025-03-01,5231.92,1151.02,220,261.6,3599.3
100159,2025-03-01,6553.08,1441.68,100,327.65,4683.75
100160,2025-03-01,4729.67,1040.53,220,236.48,3232.66
100161,2025-03-01,10952.58,2409.57,400,547.63,7595.38
100162,2025-03-01,4734.92,1041.68,100,236.75,3356.49
100163,2025-03-01,10661.58,2345.55,100,533.08,7682.95
100164,2025-03-01,7748.08,1704.58,100,387.4,5556.1
100165,2025-03-01,17905.5,3939.21,100,895.28,12971.01
100166,2025-03-01,6074.33,1336.35,400,303.72,4034.26
100167,2025-03-01,20992.0,4618.24,400,1049.6,14924.16
100168,2025-03-01,11806.5,2597.43,220,590.33,8398.74
100169,2025-03-01,13463.08,2961.88,100,673.15,9728.05
100170,2025-03-01,9051.83,1991.4,220,452.59,6387.84
100171,2025-03-01,10773.92,2370.26,220,538.7,7644.96
100172,2025-03-01,11901.42,2618.31,220,595.07,8468.04
100173,2025-03-01,10804.67,2377.03,400,540.23,7487.41
100174,2025-03-01,8255.17,1816.14,100,412.76,5926.27
100175,2025-03-01,7070.75,1555.56,220,353.54,4941.65
100176,2025-03-01,5010.08,1102.22,220,250.5,3437.36
100177,2025-03-01,16746.83,3684.3,100,837.34,12125.19
100178,2025-03-01,17213.42,3786.95,100,860.67,12465.8
100179,2025-03-01,8808.08,1937.78,220,440.4,6209.9
100180,2025-03-01,7484.92,1646.68,220,374.25,5243.99
100181,2025-03-01,10660.58,2345.33,100,533.03,7682.22
100182,2025-03-01,5034.92,1107.68,100,251.75,3575.49
100183,2025-03-01,5081.67,1117.97,220,254.08,3489.62
100184,2025-03-01,8613.25,1894.92,100,430.66,6187.67
100185,2025-03-01,10864.67,2390.23,220,543.23,7711.21
100186,2025-03-01,14498.75,3189.72,400,724.94,10184.09
100187,2025-03-01,10896.92,2397.32,220,544.85,7734.75
100188,2025-03-01,5003.0,1100.66,220,250.15,3432.19
100189,2025-03-01,12680.33,2789.67,220,634.02,9036.64
100190,2025-03-01,5146.33,1132.19,100,257.32,3656.82
100191,2025-03-01,5917.0,1301.74,220,295.85,4099.41
100192,2025-03-01,12882.25,2834.1,100,644.11,9304.04
100193,2025-03-01,7956.0,1750.32,100,397.8,5707.88
100194,2025-03-01,7213.08,1586.88,220,360.65,5045.55
100195,2025-03-01,9809.17,2158.02,220,490.46,6940.69
100196,2025-03-01,8215.67,1807.45,400,410.78,5597.44
100197,2025-03-01,16240.92,3573.0,220,812.05,11635.87
100198,2025-03-01,4167.75,916.9,100,208.39,2942.46
100200,2025-03-01,8555.58,1882.23,400,427.78,5845.57
100201,2025-03-01,7977.5,1755.05,220,398.88,5603.57
100202,2025-03-01,6320.0,1390.4,220,316.0,4393.6
100203,2025-03-01,13453.08,2959.68,100,672.65,9720.75
100204,2025-03-01,8692.67,1912.39,220,434.63,6125.65
100205,2025-03-01,17562.17,3863.68,100,878.11,12720.38
100206,2025-03-01,14182.25,3120.1,100,709.11,10253.04
100207,2025-03-01,5161.08,1135.44,400,258.05,3367.59
100208,2025-03-01,9166.08,2016.54,220,458.3,6471.24
100209,2025-03-01,13874.58,3052.41,220,693.73,9908.44
100210,2025-03-01,11114.92,2445.28,220,555.75,7893.89
100212,2025-03-01,7717.17,1697.78,100,385.86,5533.53
100213,2025-03-01,5609.5,1234.09,220,280.48,3874.93
100214,2025-03-01,13638.33,3000.43,100,681.92,9855.98
100215,2025-03-01,10662.17,2345.68,400,533.11,7383.38
100216,2025-03-01,9197.83,2023.52,220,459.89,6494.42
100217,2025-03-01,5379.33,1183.45,220,268.97,3706.91
100218,2025-03-01,9788.0,2153.36,220,489.4,6925.24
100219,2025-03-01,6317.75,1389.9,400,315.89,4211.96
100220,2025-03-01,6652.25,1463.5,220,332.61,4636.14
100221,2025-03-01,6732.33,1481.11,220,336.62,4694.6
100223,2025-03-01,6992.75,1538.4,220,349.64,4884.71
100224,2025-03-01,6854.67,1508.03,220,342.73,4783.91
100225,2025-03-01,4243.0,933.46,400,212.15,2697.39
100226,2025-03-01,23153.17,5093.7,220,1157.66,16681.81
100227,2025-03-01,24119.17,5306.22,220,1205.96,17386.99
100228,2025-03-01,5549.33,1220.85,400,277.47,3651.01
100229,2025-03-01,8053.92,1771.86,220,402.7,5659.36
100230,2025-03-01,9934.0,2185.48,220,496.7,7031.82
100231,2025-03-01,21824.75,4801.44,400,1091.24,15532.07
100232,2025-03-01,13623.08,2997.08,100,681.15,9844.85
100233,2025-03-01,7796.92,1715.32,400,389.85,5291.75
100234,2025-03-01,10882.25,2394.09,220,544.11,7724.05
100235,2025-03-01,10431.0,2294.82,100,521.55,7514.63
100236,2025-03-01,6686.25,1470.98,220,334.31,4660.96
100237,2025-03-01,15472.0,3403.84,100,773.6,11194.56
100238,2025-03-01,18476.5,4064.83,220,923.82,13267.85
100239,2025-03-01,6170.5,1357.51,220,308.53,4284.46
100240,2025-03-01,8793.92,1934.66,100,439.7,6319.56
100241,2025-03-01,11440.08,2516.82,220,572.0,8131.26
100242,2025-03-01,6691.67,1472.17,220,334.58,4664.92
100243,2025-03-01,17353.58,3817.79,400,867.68,12268.11
100244,2025-03-01,5949.67,1308.93,100,297.48,4243.26
100245,2025-03-01,6085.0,1338.7,400,304.25,4042.05
100246,2025-03-01,5643.42,1241.55,220,282.17,3899.7
100247,2025-03-01,11269.75,2479.34,400,563.49,7826.92
100248,2025-03-01,13600.75,2992.16,220,680.04,9708.55
100249,2025-03-01,12170.17,2677.44,220,608.51,8664.22
100250,2025-03-01,5706.58,1255.45,220,285.33,3945.8
100251,2025-03-01,5227.08,1149.96,220,261.35,3595.77
100252,2025-03-01,6421.83,1412.8,220,321.09,4467.94
100253,2025-03-01,7460.42,1641.29,220,373.02,5226.11
100254,2025-03-01,12307.25,2707.6,400,615.36,8584.29
100255,2025-03-01,10304.25,2266.94,220,515.21,7302.1
100256,2025-03-01,5388.08,1185.38,220,269.4,3713.3
100257,2025-03-01,3925.33,863.57,400,196.27,2465.49
100258,2025-03-01,7516.83,1653.7,100,375.84,5387.29
100259,2025-03-01,13062.75,2873.8,400,653.14,9135.81
100260,2025-03-01,7227.0,1589.94,220,361.35,5055.71
100261,2025-03-01,11114.83,2445.26,100,555.74,8013.83
100262,2025-03-01,6223.08,1369.08,100,311.15,4442.85
100263,2025-03-01,6929.33,1524.45,400,346.47,4658.41
100264,2025-03-01,10415.42,2291.39,100,520.77,7503.26
100265,2025-03-01,17534.0,3857.48,100,876.7,12699.82
100266,2025-03-01,20610.0,4534.2,400,1030.5,14645.3
100267,2025-03-01,20975.25,4614.56,220,1048.76,15091.93
100268,2025-03-01,9889.5,2175.69,220,494.48,6999.33
100269,2025-03-01,5925.92,1303.7,220,296.3,4105.92
100270,2025-03-01,6910.25,1520.26,100,345.51,4944.48
100271,2025-03-01,12142.0,2671.24,220,607.1,8643.66
100272,2025-03-01,4580.0,1007.6,220,229.0,3123.4
100273,2025-03-01,21595.0,4750.9,220,1079.75,15544.35
100274,2025-03-01,11121.17,2446.66,220,556.06,7898.45
100275,2025-03-01,7758.5,1706.87,220,387.92,5443.71
100276,2025-03-01,4968.5,1093.07,100,248.42,3527.01
100277,2025-03-01,5349.75,1176.94,220,267.49,3685.32
100278,2025-03-01,5251.33,1155.29,400,262.57,3433.47
100280,2025-03-01,7752.58,1705.57,400,387.63,5259.38
100281,2025-03-01,7776.75,1710.88,220,388.84,5457.03
100282,2025-03-01,5551.08,1221.24,220,277.55,3832.29
100283,2025-03-01,20144.67,4431.83,220,1007.23,14485.61
100284,2025-03-01,11049.17,2430.82,100,552.46,7965.89
100285,2025-03-01,7258.67,1596.91,100,362.93,5198.83
100286,2025-03-01,11632.0,2559.04,100,581.6,8391.36
100287,2025-03-01,9326.33,2051.79,220,466.32,6588.22
100288,2025-03-01,6869.75,1511.34,220,343.49,4794.92
100289,2025-03-01,10822.92,2381.04,400,541.15,7500.73
100290,2025-03-01,9614.83,2115.26,100,480.74,6918.83
100291,2025-03-01,8249.83,1814.96,220,412.49,5802.38
100292,2025-03-01,11369.33,2501.25,220,568.47,8079.61
100293,2025-03-01,8404.42,1848.97,100,420.22,6035.23
100294,2025-03-01,11396.5,2507.23,220,569.83,8099.44
100295,2025-03-01,4959.58,1091.11,100,247.98,3520.49
100296,2025-03-01,15964.08,3512.1,400,798.2,11253.78
100297,2025-03-01,3990.17,877.84,400,199.51,2512.82
100299,2025-03-01,11573.33,2546.13,400,578.67,8048.53
100300,2025-03-01,8558.83,1882.94,220,427.94,6027.95
100301,2025-03-01,29076.33,6396.79,100,1453.82,21125.72
100302,2025-03-01,7924.33,1743.35,100,396.22,5684.76
100303,2025-03-01,13686.42,3011.01,400,684.32,9591.09
100304,2025-03-01,10943.83,2407.64,220,547.19,7769.0
100306,2025-03-01,8553.5,1881.77,100,427.68,6144.05
100307,2025-03-01,5996.0,1319.12,220,299.8,4157.08
100309,2025-03-01,12261.5,2697.53,400,613.08,8550.89
100310,2025-03-01,5887.17,1295.18,400,294.36,3897.63
100311,2025-03-01,5939.67,1306.73,220,296.98,4115.96
100312,2025-03-01,12078.92,2657.36,220,603.95,8597.61
100314,2025-03-01,8794.0,1934.68,400,439.7,6019.62
100315,2025-03-01,18173.92,3998.26,400,908.7,12866.96
100316,2025-03-01,14497.58,3189.47,400,724.88,10183.23
100317,2025-03-01,8523.0,1875.06,220,426.15,6001.79
100319,2025-03-01,8282.75,1822.2,100,414.14,5946.41
100320,2025-03-01,10598.75,2331.72,220,529.94,7517.09
100321,2025-03-01,16184.0,3560.48,100,809.2,11714.32
100323,2025-03-01,8220.5,1808.51,220,411.02,5780.97
100324,2025-03-01,9857.42,2168.63,100,492.87,7095.92
100325,2025-03-01,5096.75,1121.29,220,254.84,3500.62
100327,2025-03-01,5032.42,1107.13,100,251.62,3573.67
100328,2025-03-01,3836.25,843.98,400,191.81,2400.46
100329,2025-03-01,8291.17,1824.06,100,414.56,5952.55
100330,2025-03-01,9073.75,1996.22,220,453.69,6403.84
100331,2025-03-01,20896.17,4597.16,220,1044.81,15034.2
100332,2025-03-01,13836.75,3044.08,220,691.84,9880.83
100333,2025-03-01,11022.42,2424.93,100,551.12,7946.37
100334,2025-03-01,11035.17,2427.74,220,551.76,7835.67
100335,2025-03-01,14410.17,3170.24,400,720.51,10119.42
100336,2025-03-01,12143.58,2671.59,220,607.18,8644.81
100337,2025-03-01,5168.67,1137.11,100,258.43,3673.13
100338,2025-03-01,6578.58,1447.29,100,328.93,4702.36
100339,2025-03-01,7435.33,1635.77,220,371.77,5207.79
100340,2025-03-01,7136.33,1569.99,400,356.82,4809.52
100341,2025-03-01,19211.17,4226.46,220,960.56,13804.15
100342,2025-03-01,8109.08,1784.0,220,405.45,5699.63
100343,2025-03-01,5144.67,1131.83,220,257.23,3535.61
100344,2025-03-01,5326.0,1171.72,100,266.3,3787.98
100345,2025-03-01,10997.08,2419.36,220,549.85,7807.87
100346,2025-03-01,23855.17,5248.14,100,1192.76,17314.27
100347,2025-03-01,8956.42,1970.41,400,447.82,6138.19
100349,2025-03-01,17474.83,3844.46,220,873.74,12536.63
100350,2025-03-01,8283.33,1822.33,220,414.17,5826.83
100351,2025-03-01,5154.0,1133.88,220,257.7,3542.42
100352,2025-03-01,12254.58,2696.01,100,612.73,8845.84
100355,2025-03-01,14962.67,3291.79,100,748.13,10822.75
100356,2025-03-01,11392.0,2506.24,220,569.6,8096.16
100357,2025-03-01,16356.42,3598.41,100,817.82,11840.19
100358,2025-03-01,11507.58,2531.67,100,575.38,8300.53
100359,2025-03-01,6456.33,1420.39,400,322.82,4313.12
100360,2025-03-01,4810.92,1058.4,220,240.55,3291.97
100361,2025-03-01,13545.25,2979.96,220,677.26,9668.03
100362,2025-03-01,11283.67,2482.41,100,564.18,8137.08
100363,2025-03-01,3923.17,863.1,100,196.16,2763.91
100364,2025-03-01,11435.0,2515.7,220,571.75,8127.55
100365,2025-03-01,5164.67,1136.23,100,258.23,3670.21
100366,2025-03-01,4613.92,1015.06,220,230.7,3148.16
100367,2025-03-01,8502.92,1870.64,400,425.15,5807.13
100368,2025-03-01,11642.67,2561.39,400,582.13,8099.15
100369,2025-03-01,7548.67,1660.71,100,377.43,5410.53
100370,2025-03-01,6776.25,1490.78,220,338.81,4726.66
100371,2025-03-01,4854.75,1068.04,400,242.74,3143.97
100373,2025-03-01,13545.83,2980.08,400,677.29,9488.46
100374,2025-03-01,9394.08,2066.7,400,469.7,6457.68
100375,2025-03-01,14947.92,3288.54,220,747.4,10691.98
100376,2025-03-01,6498.08,1429.58,220,324.9,4523.6
100377,2025-03-01,8266.33,1818.59,220,413.32,5814.42
100378,2025-03-01,10519.25,2314.24,400,525.96,7279.05
100379,2025-03-01,13364.17,2940.12,400,668.21,9355.84
100380,2025-03-01,7730.83,1700.78,220,386.54,5423.51
100381,2025-03-01,6465.0,1422.3,220,323.25,4499.45
100382,2025-03-01,8061.58,1773.55,220,403.08,5664.95
100383,2025-03-01,16723.5,3679.17,100,836.18,12108.15
100384,2025-03-01,7137.0,1570.14,100,356.85,5110.01
100385,2025-03-01,11891.67,2616.17,220,594.58,8460.92
100386,2025-03-01,13168.83,2897.14,220,658.44,9393.25
100387,2025-03-01,19676.58,4328.85,400,983.83,13963.9
100388,2025-03-01,5655.33,1244.17,100,282.77,4028.39
100389,2025-03-01,10691.33,2352.09,400,534.57,7404.67
100390,2025-03-01,20880.58,4593.73,400,1044.03,14842.82
100391,2025-03-01,15256.0,3356.32,100,762.8,11036.88
100392,2025-03-01,6026.33,1325.79,220,301.32,4179.22
100393,2025-03-01,5792.58,1274.37,400,289.63,3828.58
100394,2025-03-01,12811.25,2818.48,220,640.56,9132.21
100395,2025-03-01,8394.83,1846.86,220,419.74,5908.23
100396,2025-03-01,10905.17,2399.14,400,545.26,7560.77
100397,2025-03-01,6818.08,1499.98,400,340.9,4577.2
100398,2025-03-01,8564.83,1884.26,220,428.24,6032.33
100399,2025-03-01,15441.42,3397.11,220,772.07,11052.24
100400,2025-03-01,7414.92,1631.28,100,370.75,5312.89
100401,2025-03-01,12992.5,2858.35,100,649.62,9384.53
100402,2025-03-01,4663.25,1025.92,220,233.16,3184.17
100403,2025-03-01,4020.0,884.4,100,201.0,2834.6
100405,2025-03-01,16961.75,3731.58,220,848.09,12162.08
100406,2025-03-01,7881.08,1733.84,400,394.05,5353.19
100407,2025-03-01,12004.25,2640.94,100,600.21,8663.1
100408,2025-03-01,8927.67,1964.09,220,446.38,6297.2
100409,2025-03-01,14448.67,3178.71,400,722.43,10147.53
100410,2025-03-01,9019.0,1984.18,100,450.95,6483.87
100411,2025-03-01,3804.42,836.97,400,190.22,2377.23
100412,2025-03-01,12428.25,2734.22,220,621.41,8852.62
100413,2025-03-01,16795.0,3694.9,220,839.75,12040.35
100414,2025-03-01,4617.75,1015.9,220,230.89,3150.96
100415,2025-03-01,13226.75,2909.88,220,661.34,9435.53
100416,2025-03-01,8959.33,1971.05,100,447.97,6440.31
100417,2025-03-01,27343.58,6015.59,400,1367.18,19560.81
100418,2025-03-01,3738.42,822.45,400,186.92,2329.05
100419,2025-03-01,8190.08,1801.82,220,409.5,5758.76
100420,2025-03-01,20455.08,4500.12,220,1022.75,14712.21
100421,2025-03-01,5760.33,1267.27,220,288.02,3985.04
100422,2025-03-01,6995.33,1538.97,220,349.77,4886.59
100423,2025-03-01,7081.25,1557.88,220,354.06,4949.31
100424,2025-03-01,14690.17,3231.84,220,734.51,10503.82
100425,2025-03-01,12702.75,2794.6,220,635.14,9053.01
100426,2025-03-01,5403.17,1188.7,100,270.16,3844.31
100427,2025-03-01,7713.42,1696.95,100,385.67,5530.8
100428,2025-03-01,13775.0,3030.5,220,688.75,9835.75
100429,2025-03-01,7048.0,1550.56,220,352.4,4925.04
100430,2025-03-01,11288.17,2483.4,100,564.41,8140.36
100432,2025-03-01,7885.83,1734.88,220,394.29,5536.66
100433,2025-03-01,4191.92,922.22,220,209.6,2840.1
100434,2025-03-01,5125.0,1127.5,220,256.25,3521.25
100435,2025-03-01,11038.42,2428.45,400,551.92,7658.05
100436,2025-03-01,14756.08,3246.34,220,737.8,10551.94
100437,2025-03-01,10158.92,2234.96,220,507.95,7196.01
100438,2025-03-01,11175.58,2458.63,400,558.78,7758.17
100439,2025-03-01,5788.83,1273.54,220,289.44,4005.85
100440,2025-03-01,10454.08,2299.9,100,522.7,7531.48
100441,2025-03-01,14627.75,3218.1,220,731.39,10458.26
100442,2025-03-01,14424.92,3173.48,220,721.25,10310.19
100443,2025-03-01,4763.17,1047.9,100,238.16,3377.11
100444,2025-03-01,4963.42,1091.95,100,248.17,3523.3
100445,2025-03-01,7586.67,1669.07,100,379.33,5438.27
100446,2025-03-01,13655.75,3004.26,400,682.79,9568.7
100447,2025-03-01,6305.92,1387.3,220,315.3,4383.32
100449,2025-03-01,8727.17,1919.98,100,436.36,6270.83
100450,2025-03-01,17526.42,3855.81,220,876.32,12574.29
100451,2025-03-01,8115.33,1785.37,100,405.77,5824.19
100452,2025-03-01,5136.25,1129.97,100,256.81,3649.47
100453,2025-03-01,11401.0,2508.22,220,570.05,8102.73
100454,2025-03-01,14105.5,3103.21,220,705.28,10077.01
100455,2025-03-01,10541.92,2319.22,220,527.1,7475.6
100456,2025-03-01,7573.92,1666.26,100,378.7,5428.96
100457,2025-03-01,13055.58,2872.23,220,652.78,9310.57
100458,2025-03-01,6925.17,1523.54,400,346.26,4655.37
100459,2025-03-01,12096.33,2661.19,100,604.82,8730.32
100460,2025-03-01,4298.25,945.62,400,214.91,2737.72
100461,2025-03-01,6959.42,1531.07,220,347.97,4860.38
100462,2025-03-01,13411.25,2950.48,220,670.56,9570.21
100463,2025-03-01,13317.67,2929.89,220,665.88,9501.9
100464,2025-03-01,12965.17,2852.34,220,648.26,9244.57
100465,2025-03-01,13711.0,3016.42,100,685.55,9909.03
100466,2025-03-01,4247.33,934.41,400,212.37,2700.55
100467,2025-03-01,12576.42,2766.81,220,628.82,8960.79
100468,2025-03-01,10806.58,2377.45,220,540.33,7668.8
100469,2025-03-01,10875.0,2392.5,220,543.75,7718.75
100470,2025-03-01,17229.25,3790.44,220,861.46,12357.35
100471,2025-03-01,6700.5,1474.11,220,335.02,4671.37
100472,2025-03-01,6882.92,1514.24,220,344.15,4804.53
100473,2025-03-01,4423.67,973.21,100,221.18,3129.28
100474,2025-03-01,10100.5,2222.11,220,505.02,7153.37
100475,2025-03-01,7586.33,1668.99,400,379.32,5138.02
100476,2025-03-01,10291.25,2264.07,100,514.56,7412.62
100477,2025-03-01,13978.17,3075.2,400,698.91,9804.06
100478,2025-03-01,6614.67,1455.23,100,330.73,4728.71
100479,2025-03-01,8293.5,1824.57,400,414.68,5654.25
100481,2025-03-01,11434.92,2515.68,400,571.75,7947.49
100482,2025-03-01,7853.92,1727.86,400,392.7,5333.36
100483,2025-03-01,9174.92,2018.48,400,458.75,6297.69
100484,2025-03-01,21013.83,4623.04,220,1050.69,15120.1
100485,2025-03-01,28909.75,6360.14,220,1445.49,20884.12
100486,2025-03-01,10894.33,2396.75,100,544.72,7852.86
100487,2025-03-01,4524.0,995.28,220,226.2,3082.52
100488,2025-03-01,6781.92,1492.02,100,339.1,4850.8
100489,2025-03-01,8701.5,1914.33,220,435.08,6132.09
100490,2025-03-01,6822.92,1501.04,220,341.15,4760.73
100491,2025-03-01,22157.5,4874.65,100,1107.88,16074.97
100492,2025-03-01,19219.83,4228.36,100,960.99,13930.48
100493,2025-03-01,4040.92,889.0,400,202.05,2549.87
100494,2025-03-01,6073.33,1336.13,100,303.67,4333.53
100495,2025-03-01,10846.67,2386.27,220,542.33,7698.07
100496,2025-03-01,9553.67,2101.81,220,477.68,6754.18
100497,2025-03-01,13813.25,3038.92,220,690.66,9863.67
100498,2025-03-01,9178.75,2019.32,100,458.94,6600.49
100499,2025-03-01,12287.5,2703.25,220,614.38,8749.87
100500,2025-03-01,18336.5,4034.03,100,916.82,13285.65
100501,2025-03-01,13907.25,3059.6,100,695.36,10052.29
100502,2025-03-01,8750.33,1925.07,220,437.52,6167.74
100503,2025-03-01,10802.33,2376.51,100,540.12,7785.7
100505,2025-03-01,11783.83,2592.44,100,589.19,8502.2
100506,2025-03-01,10228.08,2250.18,100,511.4,7366.5
100507,2025-03-01,5588.83,1229.54,400,279.44,3679.85
100508,2025-03-01,4896.42,1077.21,100,244.82,3474.39
100509,2025-03-01,11556.25,2542.38,220,577.81,8216.06
100510,2025-03-01,16097.0,3541.34,100,804.85,11650.81
100511,2025-03-01,8939.25,1966.64,220,446.96,6305.65
100512,2025-03-01,15409.58,3390.11,220,770.48,11028.99
100513,2025-03-01,17276.25,3800.78,100,863.81,12511.66
100514,2025-03-01,15711.5,3456.53,100,785.58,11369.39
100515,2025-03-01,8912.33,1960.71,400,445.62,6106.0
100516,2025-03-01,14249.58,3134.91,100,712.48,10302.19
100517,2025-03-01,8026.42,1765.81,220,401.32,5639.29
100518,2025-03-01,17329.5,3812.49,100,866.48,12550.53
100519,2025-03-01,4469.17,983.22,220,223.46,3042.49
100520,2025-03-01,20650.25,4543.06,100,1032.51,14974.68
100521,2025-03-01,11208.92,2465.96,400,560.45,7782.51
100522,2025-03-01,9230.42,2030.69,220,461.52,6518.21
100523,2025-03-01,3936.83,866.1,220,196.84,2653.89
100524,2025-03-01,10522.42,2314.93,100,526.12,7581.37
100525,2025-03-01,15882.17,3494.08,400,794.11,11193.98
100526,2025-03-01,11177.83,2459.12,100,558.89,8059.82
100527,2025-03-01,8800.08,1936.02,220,440.0,6204.06
100528,2025-03-01,7282.67,1602.19,400,364.13,4916.35
100529,2025-03-01,10745.17,2363.94,220,537.26,7623.97
100530,2025-03-01,6493.75,1428.62,100,324.69,4640.44
100531,2025-03-01,6074.75,1336.44,220,303.74,4214.57
100532,2025-03-01,6756.58,1486.45,220,337.83,4712.3
100533,2025-03-01,11046.58,2430.25,100,552.33,7964.0
100534,2025-03-01,15397.75,3387.5,400,769.89,10840.36
100535,2025-03-01,12552.25,2761.5,100,627.61,9063.14
100536,2025-03-01,7025.5,1545.61,400,351.28,4728.61
100537,2025-03-01,6654.92,1464.08,220,332.75,4638.09
100538,2025-03-01,5628.33,1238.23,400,281.42,3708.68
100539,2025-03-01,12650.33,2783.07,400,632.52,8834.74
100540,2025-03-01,5097.08,1121.36,220,254.85,3500.87
100541,2025-03-01,6744.92,1483.88,220,337.25,4703.79
100542,2025-03-01,22133.92,4869.46,400,1106.7,15757.76
100543,2025-03-01,12238.75,2692.52,100,611.94,8834.29
100544,2025-03-01,11149.5,2452.89,400,557.48,7739.13
100545,2025-03-01,8157.58,1794.67,100,407.88,5855.03
100546,2025-03-01,6873.33,1512.13,220,343.67,4797.53
100547,2025-03-01,9242.83,2033.42,400,462.14,6347.27
100548,2025-03-01,6587.83,1449.32,100,329.39,4709.12
100549,2025-03-01,8506.08,1871.34,220,425.3,5989.44
100550,2025-03-01,21502.0,4730.44,220,1075.1,15476.46
100551,2025-03-01,9073.83,1996.24,220,453.69,6403.9
100552,2025-03-01,10017.83,2203.92,100,500.89,7213.02
100553,2025-03-01,4841.58,1065.15,220,242.08,3314.35
100554,2025-03-01,11490.58,2527.93,220,574.53,8168.12
100555,2025-03-01,7370.17,1621.44,220,368.51,5160.22
100556,2025-03-01,13792.83,3034.42,400,689.64,9668.77
100557,2025-03-01,8922.25,1962.9,220,446.11,6293.24
100558,2025-03-01,12371.0,2721.62,220,618.55,8810.83
100559,2025-03-01,7214.0,1587.08,220,360.7,5046.22
100560,2025-03-01,6549.92,1440.98,220,327.5,4561.44
100561,2025-03-01,6393.5,1406.57,220,319.68,4447.25
100562,2025-03-01,6719.83,1478.36,220,335.99,4685.48
100563,2025-03-01,15791.17,3474.06,220,789.56,11307.55
100564,2025-03-01,14516.92,3193.72,220,725.85,10377.35
100565,2025-03-01,3762.08,827.66,400,188.1,2346.32
100566,2025-03-01,3544.83,779.86,220,177.24,2367.73
100567,2025-03-01,5643.33,1241.53,100,282.17,4019.63
100568,2025-03-01,20286.83,4463.1,220,1014.34,14589.39
100569,2025-03-01,10923.0,2403.06,220,546.15,7753.79
100570,2025-03-01,5869.42,1291.27,100,293.47,4184.68
100571,2025-03-01,6511.5,1432.53,400,325.58,4353.39
100572,2025-03-01,11600.75,2552.16,220,580.04,8248.55
100573,2025-03-01,10803.83,2376.84,100,540.19,7786.8
100574,2025-03-01,7068.92,1555.16,220,353.45,4940.31
100575,2025-03-01,6844.0,1505.68,220,342.2,4776.12
100576,2025-03-01,15634.5,3439.59,220,781.72,11193.19
100577,2025-03-01,10807.33,2377.61,400,540.37,7489.35
100579,2025-03-01,13708.92,3015.96,220,685.45,9787.51
100580,2025-03-01,21226.67,4669.87,220,1061.33,15275.47
100581,2025-03-01,7330.67,1612.75,220,366.53,5131.39
100582,2025-03-01,10338.0,2274.36,220,516.9,7326.74
100584,2025-03-01,9850.83,2167.18,400,492.54,6791.11
100585,2025-03-01,5162.25,1135.7,220,258.11,3548.44
100586,2025-03-01,5095.08,1120.92,400,254.75,3319.41
100587,2025-03-01,14293.25,3144.52,100,714.66,10334.07
100588,2025-03-01,10782.75,2372.2,220,539.14,7651.41
100589,2025-03-01,5096.5,1121.23,100,254.82,3620.45
100591,2025-03-01,7032.42,1547.13,220,351.62,4913.67
100592,2025-03-01,7925.25,1743.56,100,396.26,5685.43
100593,2025-03-01,11555.33,2542.17,220,577.77,8215.39
100594,2025-03-01,6861.5,1509.53,400,343.08,4608.89
100595,2025-03-01,7125.08,1567.52,220,356.25,4981.31
100596,2025-03-01,7231.83,1591.0,400,361.59,4879.24
100597,2025-03-01,8866.83,1950.7,100,443.34,6372.79
100598,2025-03-01,11306.08,2487.34,220,565.3,8033.44
100600,2025-03-01,11389.67,2505.73,100,569.48,8214.46
100601,2025-03-01,7948.67,1748.71,220,397.43,5582.53
100602,2025-03-01,5208.08,1145.78,220,260.4,3581.9
100603,2025-03-01,6911.75,1520.58,220,345.59,4825.58
100604,2025-03-01,16278.33,3581.23,100,813.92,11783.18
100605,2025-03-01,13998.5,3079.67,220,699.92,9998.91
100606,2025-03-01,10698.58,2353.69,220,534.93,7589.96
100607,2025-03-01,8564.83,1884.26,220,428.24,6032.33
100608,2025-03-01,8594.33,1890.75,400,429.72,5873.86
100609,2025-03-01,12020.17,2644.44,400,601.01,8374.72
100610,2025-03-01,13698.08,3013.58,220,684.9,9779.6
100611,2025-03-01,5539.17,1218.62,100,276.96,3943.59
100612,2025-03-01,8414.5,1851.19,100,420.72,6042.59
100613,2025-03-01,10510.92,2312.4,220,525.55,7452.97
100614,2025-03-01,9214.92,2027.28,100,460.75,6626.89
100615,2025-03-01,8745.75,1924.06,220,437.29,6164.4
100616,2025-03-01,10308.33,2267.83,220,515.42,7305.08
100617,2025-03-01,5237.92,1152.34,220,261.9,3603.68
100618,2025-03-01,9109.58,2004.11,100,455.48,6549.99
100619,2025-03-01,14236.58,3132.05,400,711.83,9992.7
100620,2025-03-01,6814.25,1499.14,220,340.71,4754.4
100621,2025-03-01,13334.0,2933.48,220,666.7,9513.82
100622,2025-03-01,5257.0,1156.54,100,262.85,3737.61
100623,2025-03-01,6918.83,1522.14,400,345.94,4650.75
100624,2025-03-01,8910.92,1960.4,400,445.55,6104.97
100625,2025-03-01,4803.75,1056.82,400,240.19,3106.74
100627,2025-03-01,8165.42,1796.39,220,408.27,5740.76
100628,2025-03-01,6436.5,1416.03,100,321.83,4598.64
100629,2025-03-01,21471.08,4723.64,220,1073.55,15453.89
100631,2025-03-01,4189.0,921.58,100,209.45,2957.97
100632,2025-03-01,5528.5,1216.27,220,276.42,3815.81
100633,2025-03-01,8855.92,1948.3,220,442.8,6244.82
100634,2025-03-01,7422.08,1632.86,220,371.1,5198.12
100635,2025-03-01,7252.0,1595.44,400,362.6,4893.96
100636,2025-03-01,13475.75,2964.66,220,673.79,9617.3
100637,2025-03-01,5418.58,1192.09,100,270.93,3855.56
100638,2025-03-01,14472.42,3183.93,220,723.62,10344.87
100639,2025-03-01,10545.17,2319.94,220,527.26,7477.97
100640,2025-03-01,4902.25,1078.5,220,245.11,3358.64
100641,2025-03-01,10798.17,2375.6,100,539.91,7782.66
100642,2025-03-01,7266.0,1598.52,220,363.3,5084.18
100643,2025-03-01,9171.83,2017.8,100,458.59,6595.44
100644,2025-03-01,4514.58,993.21,220,225.73,3075.64
100645,2025-03-01,5204.42,1144.97,400,260.22,3399.23
100646,2025-03-01,10613.58,2334.99,100,530.68,7647.91
100647,2025-03-01,6209.83,1366.16,220,310.49,4313.18
100648,2025-03-01,15709.33,3456.05,220,785.47,11247.81
100649,2025-03-01,7014.92,1543.28,220,350.75,4900.89
100650,2025-03-01,7995.0,1758.9,100,399.75,5736.35
100651,2025-03-01,13793.25,3034.52,220,689.66,9849.07
100652,2025-03-01,6413.83,1411.04,100,320.69,4582.1
100653,2025-03-01,6867.58,1510.87,220,343.38,4793.33
100654,2025-03-01,6835.83,1503.88,100,341.79,4890.16
100655,2025-03-01,6026.58,1325.85,400,301.33,3999.4
100656,2025-03-01,6827.75,1502.1,220,341.39,4764.26
100657,2025-03-01,11069.83,2435.36,400,553.49,7680.98
100658,2025-03-01,20096.42,4421.21,220,1004.82,14450.39
100659,2025-03-01,5243.17,1153.5,100,262.16,3727.51
100660,2025-03-01,8037.08,1768.16,100,401.85,5767.07
100661,2025-03-01,5113.58,1124.99,100,255.68,3632.91
100662,2025-03-01,5871.17,1291.66,100,293.56,4185.95
100663,2025-03-01,6217.33,1367.81,100,310.87,4438.65
100664,2025-03-01,13307.25,2927.6,220,665.36,9494.29
100665,2025-03-01,10175.0,2238.5,220,508.75,7207.75
100666,2025-03-01,18198.92,4003.76,100,909.95,13185.21
100667,2025-03-01,5660.83,1245.38,400,283.04,3732.41
100668,2025-03-01,7108.42,1563.85,100,355.42,5089.15
100669,2025-03-01,29176.42,6418.81,100,1458.82,21198.79
100670,2025-03-01,10345.25,2275.96,400,517.26,7152.03
100671,2025-03-01,7521.33,1654.69,220,376.07,5270.57
100672,2025-03-01,5536.83,1218.1,220,276.84,3821.89
100673,2025-03-01,11015.5,2423.41,100,550.78,7941.31
100674,2025-03-01,9430.92,2074.8,220,471.55,6664.57
100675,2025-03-01,12726.92,2799.92,100,636.35,9190.65
100676,2025-03-01,5938.75,1306.53,100,296.94,4235.28
100677,2025-03-01,11207.67,2465.69,100,560.38,8081.6
100678,2025-03-01,5143.25,1131.52,100,257.16,3654.57
100679,2025-03-01,10124.08,2227.3,100,506.2,7290.58
100680,2025-03-01,11398.75,2507.72,220,569.94,8101.09
100681,2025-03-01,9693.75,2132.62,220,484.69,6856.44
100682,2025-03-01,3713.92,817.06,220,185.7,2491.16
100683,2025-03-01,7358.42,1618.85,100,367.92,5271.65
100684,2025-03-01,17800.75,3916.16,100,890.04,12894.55
100685,2025-03-01,13248.75,2914.72,220,662.44,9451.59
100686,2025-03-01,9334.25,2053.54,400,466.71,6414.0
100687,2025-03-01,5180.58,1139.73,100,259.03,3681.82
100688,2025-03-01,9909.0,2179.98,100,495.45,7133.57
100689,2025-03-01,6076.67,1336.87,400,303.83,4035.97
100690,2025-03-01,12423.5,2733.17,100,621.18,8969.15
100691,2025-03-01,8699.67,1913.93,100,434.98,6250.76
100693,2025-03-01,8443.83,1857.64,400,422.19,5764.0
100694,2025-03-01,10057.92,2212.74,220,502.9,7122.28
100695,2025-03-01,7615.33,1675.37,220,380.77,5339.19
100696,2025-03-01,11594.92,2550.88,220,579.75,8244.29
100697,2025-03-01,7793.67,1714.61,100,389.68,5589.38
100698,2025-03-01,16485.42,3626.79,100,824.27,11934.36
100699,2025-03-01,6878.58,1513.29,400,343.93,4621.36
100700,2025-03-01,6596.0,1451.12,400,329.8,4415.08
100701,2025-03-01,5394.75,1186.84,100,269.74,3838.17
100702,2025-03-01,11397.75,2507.5,100,569.89,8220.36
100703,2025-03-01,8334.17,1833.52,220,416.71,5863.94
100704,2025-03-01,8537.83,1878.32,100,426.89,6132.62
100705,2025-03-01,7516.83,1653.7,400,375.84,5087.29
100706,2025-03-01,13310.17,2928.24,220,665.51,9496.42
100707,2025-03-01,4634.42,1019.57,220,231.72,3163.13
100708,2025-03-01,9763.75,2148.02,220,488.19,6907.54
100711,2025-03-01,5252.42,1155.53,220,262.62,3614.27
100712,2025-03-01,5903.5,1298.77,220,295.18,4089.55
100713,2025-03-01,8152.17,1793.48,220,407.61,5731.08
100714,2025-03-01,7309.33,1608.05,220,365.47,5115.81
100715,2025-03-01,16625.08,3657.52,220,831.25,11916.31
100716,2025-03-01,5523.5,1215.17,220,276.18,3812.15
100717,2025-03-01,10899.58,2397.91,100,544.98,7856.69
100718,2025-03-01,3522.25,774.9,220,176.11,2351.24
100719,2025-03-01,5505.5,1211.21,220,275.28,3799.01
100720,2025-03-01,12867.25,2830.8,220,643.36,9173.09
100721,2025-03-01,10089.5,2219.69,220,504.48,7145.33
100722,2025-03-01,7446.75,1638.28,400,372.34,5036.13
100723,2025-03-01,18734.0,4121.48,220,936.7,13455.82
100724,2025-03-01,7339.67,1614.73,400,366.98,4957.96
100725,2025-03-01,9267.42,2038.83,220,463.37,6545.22
100726,2025-03-01,4992.83,1098.42,220,249.64,3424.77
100727,2025-03-01,4329.67,952.53,220,216.48,2940.66
100728,2025-03-01,5252.42,1155.53,400,262.62,3434.27
100729,2025-03-01,8353.67,1837.81,400,417.68,5698.18
100730,2025-03-01,14656.0,3224.32,100,732.8,10598.88
100731,2025-03-01,6663.92,1466.06,100,333.2,4764.66
100732,2025-03-01,6471.08,1423.64,220,323.55,4503.89
100733,2025-03-01,15065.33,3314.37,100,753.27,10897.69
100734,2025-03-01,19382.33,4264.11,100,969.12,14049.1
100735,2025-03-01,10667.42,2346.83,100,533.37,7687.22
100736,2025-03-01,7969.33,1753.25,100,398.47,5717.61
100737,2025-03-01,29216.42,6427.61,220,1460.82,21107.99
100738,2025-03-01,9194.25,2022.74,400,459.71,6311.8
100739,2025-03-01,11131.58,2448.95,220,556.58,7906.05
100740,2025-03-01,18414.0,4051.08,220,920.7,13222.22
100741,2025-03-01,8658.33,1904.83,220,432.92,6100.58
100742,2025-03-01,10686.75,2351.08,100,534.34,7701.33
100743,2025-03-01,11273.5,2480.17,220,563.68,8009.65
100744,2025-03-01,11945.08,2627.92,220,597.25,8499.91
100745,2025-03-01,8837.0,1944.14,100,441.85,6351.01
100746,2025-03-01,16389.5,3605.69,220,819.48,11744.33
100748,2025-03-01,8766.83,1928.7,400,438.34,5999.79
100749,2025-03-01,8844.17,1945.72,220,442.21,6236.24
100750,2025-03-01,13247.08,2914.36,400,662.35,9270.37
100751,2025-03-01,14067.92,3094.94,220,703.4,10049.58
100752,2025-03-01,7534.33,1657.55,220,376.72,5280.06
100753,2025-03-01,11355.33,2498.17,220,567.77,8069.39
100754,2025-03-01,7187.08,1581.16,220,359.35,5026.57
100755,2025-03-01,7685.33,1690.77,220,384.27,5390.29
100756,2025-03-01,4474.33,984.35,100,223.72,3166.26
100757,2025-03-01,5379.08,1183.4,220,268.95,3706.73
100759,2025-03-01,16857.92,3708.74,100,842.9,12206.28
100760,2025-03-01,8429.67,1854.53,220,421.48,5933.66
100761,2025-03-01,5633.83,1239.44,220,281.69,3892.7
100762,2025-03-01,7788.0,1713.36,220,389.4,5465.24
100763,2025-03-01,10683.83,2350.44,220,534.19,7579.2
100764,2025-03-01,5324.58,1171.41,220,266.23,3666.94
100765,2025-03-01,10078.58,2217.29,220,503.93,7137.36
100766,2025-03-01,4416.58,971.65,220,220.83,3004.1
100767,2025-03-01,8813.25,1938.92,220,440.66,6213.67
100770,2025-03-01,10788.75,2373.52,220,539.44,7655.79
100771,2025-03-01,7963.42,1751.95,100,398.17,5713.3
100773,2025-03-01,9745.92,2144.1,220,487.3,6894.52
100774,2025-03-01,12970.67,2853.55,400,648.53,9068.59
100775,2025-03-01,9134.75,2009.64,100,456.74,6568.37
100776,2025-03-01,14481.5,3185.93,100,724.08,10471.49
100777,2025-03-01,15867.75,3490.9,400,793.39,11183.46
100778,2025-03-01,6911.92,1520.62,400,345.6,4645.7
100779,2025-03-01,6837.5,1504.25,100,341.88,4891.37
100780,2025-03-01,6362.0,1399.64,100,318.1,4544.26
100781,2025-03-01,7504.0,1650.88,220,375.2,5257.92
100782,2025-03-01,5247.25,1154.4,100,262.36,3730.49
100783,2025-03-01,12659.25,2785.04,100,632.96,9141.25
100784,2025-03-01,13578.08,2987.18,220,678.9,9692.0
100785,2025-03-01,8651.83,1903.4,400,432.59,5915.84
100787,2025-03-01,14118.67,3106.11,220,705.93,10086.63
100788,2025-03-01,5321.67,1170.77,100,266.08,3784.82
100790,2025-03-01,12574.25,2766.34,100,628.71,9079.2
100792,2025-03-01,9361.5,2059.53,220,468.08,6613.89
100793,2025-03-01,5518.42,1214.05,400,275.92,3628.45
100794,2025-03-01,7054.33,1551.95,100,352.72,5049.66
100795,2025-03-01,11313.67,2489.01,220,565.68,8038.98
100796,2025-03-01,20498.75,4509.73,220,1024.94,14744.08
100797,2025-03-01,8396.92,1847.32,100,419.85,6029.75
100798,2025-03-01,4761.75,1047.58,400,238.09,3076.08
100799,2025-03-01,8896.92,1957.32,220,444.85,6274.75
100800,2025-03-01,11384.17,2504.52,400,569.21,7910.44
100801,2025-03-01,10588.17,2329.4,220,529.41,7509.36
100802,2025-03-01,17274.33,3800.35,220,863.72,12390.26
100803,2025-03-01,5005.08,1101.12,400,250.25,3253.71
100804,2025-03-01,10454.5,2299.99,220,522.72,7411.79
100805,2025-03-01,11262.17,2477.68,100,563.11,8121.38
100806,2025-03-01,9781.83,2152.0,400,489.09,6740.74
100807,2025-03-01,19911.83,4380.6,100,995.59,14435.64
100808,2025-03-01,6430.58,1414.73,400,321.53,4294.32
100809,2025-03-01,4979.0,1095.38,220,248.95,3414.67
100810,2025-03-01,4536.25,997.98,100,226.81,3211.46
100811,2025-03-01,4602.92,1012.64,100,230.15,3260.13
100812,2025-03-01,5655.17,1244.14,220,282.76,3908.27
100813,2025-03-01,14980.42,3295.69,400,749.02,10535.71
100814,2025-03-01,13840.0,3044.8,100,692.0,10003.2
100816,2025-03-01,6058.0,1332.76,100,302.9,4322.34
100817,2025-03-01,5613.75,1235.03,100,280.69,3998.03
100818,2025-03-01,9461.17,2081.46,100,473.06,6806.65
100819,2025-03-01,6903.75,1518.82,220,345.19,4819.74
100820,2025-03-01,6272.17,1379.88,400,313.61,4178.68
100821,2025-03-01,15123.75,3327.22,220,756.19,10820.34
100822,2025-03-01,19650.5,4323.11,400,982.53,13944.86
100823,2025-03-01,15955.33,3510.17,100,797.77,11547.39
100824,2025-03-01,11998.5,2639.67,220,599.93,8538.9
100825,2025-03-01,7823.75,1721.22,220,391.19,5491.34
100826,2025-03-01,4573.58,1006.19,400,228.68,2938.71
100827,2025-03-01,17773.5,3910.17,400,888.68,12574.65
100828,2025-03-01,13025.67,2865.65,220,651.28,9288.74
100829,2025-03-01,12850.17,2827.04,220,642.51,9160.62
100830,2025-03-01,5579.92,1227.58,100,279.0,3973.34
100831,2025-03-01,8074.92,1776.48,100,403.75,5794.69
100832,2025-03-01,8114.0,1785.08,220,405.7,5703.22
100833,2025-03-01,10646.58,2342.25,220,532.33,7552.0
100834,2025-03-01,23356.92,5138.52,220,1167.85,16830.55
100835,2025-03-01,11250.08,2475.02,220,562.5,7992.56
100836,2025-03-01,9093.92,2000.66,220,454.7,6418.56
100837,2025-03-01,7110.0,1564.2,100,355.5,5090.3
100838,2025-03-01,9013.83,1983.04,220,450.69,6360.1
100839,2025-03-01,9263.42,2037.95,100,463.17,6662.3
100840,2025-03-01,9434.58,2075.61,100,471.73,6787.24
100841,2025-03-01,4240.83,932.98,100,212.04,2995.81
100842,2025-03-01,5228.33,1150.23,220,261.42,3596.68
100843,2025-03-01,8904.5,1958.99,400,445.22,6100.29
100844,2025-03-01,10263.42,2257.95,100,513.17,7392.3
100845,2025-03-01,9792.75,2154.41,100,489.64,7048.7
100846,2025-03-01,17657.25,3884.6,220,882.86,12669.79
100847,2025-03-01,6324.25,1391.34,220,316.21,4396.7
100848,2025-03-01,20451.5,4499.33,220,1022.58,14709.59
100849,2025-03-01,25224.92,5549.48,400,1261.25,18014.19
100850,2025-03-01,7664.92,1686.28,220,383.25,5375.39
100851,2025-03-01,8848.25,1946.62,400,442.41,6059.22
100854,2025-03-01,7733.67,1701.41,220,386.68,5425.58
100855,2025-03-01,7186.75,1581.08,220,359.34,5026.33
100856,2025-03-01,21765.67,4788.45,220,1088.28,15668.94
100857,2025-03-01,10258.0,2256.76,220,512.9,7268.34
100858,2025-03-01,8269.42,1819.27,220,413.47,5816.68
100859,2025-03-01,6633.58,1459.39,220,331.68,4622.51
100860,2025-03-01,10591.83,2330.2,100,529.59,7632.04
100861,2025-03-01,11343.92,2495.66,100,567.2,8181.06
100862,2025-03-01,14325.58,3151.63,220,716.28,10237.67
100863,2025-03-01,5688.83,1251.54,220,284.44,3932.85
100864,2025-03-01,4965.58,1092.43,220,248.28,3404.87
100865,2025-03-01,7422.75,1633.0,220,371.14,5198.61
100866,2025-03-01,17913.75,3941.02,220,895.69,12857.04
100867,2025-03-01,6515.83,1433.48,220,325.79,4536.56
100868,2025-03-01,9508.5,2091.87,100,475.42,6841.21
100870,2025-03-01,11062.5,2433.75,400,553.12,7675.63
100871,2025-03-01,6719.33,1478.25,100,335.97,4805.11
100872,2025-03-01,10570.58,2325.53,220,528.53,7496.52
100873,2025-03-01,8995.58,1979.03,220,449.78,6346.77
100874,2025-03-01,8976.5,1974.83,220,448.83,6332.84
100875,2025-03-01,21493.5,4728.57,100,1074.68,15590.25
100876,2025-03-01,8358.17,1838.8,100,417.91,6001.46
100877,2025-03-01,4329.17,952.42,100,216.46,3060.29
100878,2025-03-01,8448.0,1858.56,220,422.4,5947.04
100879,2025-03-01,5726.67,1259.87,400,286.33,3780.47
100880,2025-03-01,5475.08,1204.52,220,273.75,3776.81
100881,2025-03-01,22431.92,4935.02,100,1121.6,16275.3
100882,2025-03-01,3697.08,813.36,100,184.85,2598.87
100883,2025-03-01,7013.92,1543.06,100,350.7,5020.16
100884,2025-03-01,8962.17,1971.68,220,448.11,6322.38
100885,2025-03-01,11266.67,2478.67,400,563.33,7824.67
100886,2025-03-01,11418.17,2512.0,100,570.91,8235.26
100887,2025-03-01,6867.25,1510.8,220,343.36,4793.09
100888,2025-03-01,6162.92,1355.84,100,308.15,4398.93
100890,2025-03-01,3737.42,822.23,220,186.87,2508.32
100891,2025-03-01,5084.42,1118.57,220,254.22,3491.63
100892,2025-03-01,7191.17,1582.06,220,359.56,5029.55
100894,2025-03-01,6936.17,1525.96,220,346.81,4843.4
100895,2025-03-01,10706.42,2355.41,220,535.32,7595.69
100896,2025-03-01,15778.92,3471.36,220,788.95,11298.61
100897,2025-03-01,11471.58,2523.75,220,573.58,8154.25
100898,2025-03-01,17235.08,3791.72,220,861.75,12361.61
100899,2025-03-01,8316.08,1829.54,100,415.8,5970.74
100900,2025-03-01,14865.0,3270.3,100,743.25,10751.45
100901,2025-03-01,6272.33,1379.91,100,313.62,4478.8
100902,2025-03-01,12357.92,2718.74,100,617.9,8921.28
100903,2025-03-01,12912.67,2840.79,220,645.63,9206.25
100904,2025-03-01,6787.0,1493.14,100,339.35,4854.51
100905,2025-03-01,8382.0,1844.04,100,419.1,6018.86
100906,2025-03-01,9256.75,2036.48,100,462.84,6657.43
100907,2025-03-01,13567.25,2984.8,220,678.36,9684.09
100908,2025-03-01,13482.58,2966.17,400,674.13,9442.28
100909,2025-03-01,9211.75,2026.58,220,460.59,6504.58
100910,2025-03-01,25656.67,5644.47,100,1282.83,18629.37
100911,2025-03-01,19783.33,4352.33,400,989.17,14041.83
100912,2025-03-01,6853.58,1507.79,220,342.68,4783.11
100913,2025-03-01,14814.17,3259.12,100,740.71,10714.34
100914,2025-03-01,8548.08,1880.58,400,427.4,5840.1
100915,2025-03-01,15280.17,3361.64,220,764.01,10934.52
100916,2025-03-01,4818.67,1060.11,100,240.93,3417.63
100917,2025-03-01,7968.75,1753.12,100,398.44,5717.19
100918,2025-03-01,16983.33,3736.33,100,849.17,12297.83
100919,2025-03-01,5138.83,1130.54,220,256.94,3531.35
100920,2025-03-01,17140.17,3770.84,100,857.01,12412.32
100921,2025-03-01,9780.25,2151.66,100,489.01,7039.58
100922,2025-03-01,13679.0,3009.38,100,683.95,9885.67
100924,2025-03-01,10663.5,2345.97,100,533.18,7684.35
100925,2025-03-01,4038.67,888.51,400,201.93,2548.23
100926,2025-03-01,6076.83,1336.9,220,303.84,4216.09
100928,2025-03-01,10833.17,2383.3,220,541.66,7688.21
100929,2025-03-01,6218.67,1368.11,400,310.93,4139.63
100931,2025-03-01,8064.83,1774.26,100,403.24,5787.33
100932,2025-03-01,6337.83,1394.32,100,316.89,4526.62
100933,2025-03-01,15543.08,3419.48,220,777.15,11126.45
100935,2025-03-01,8498.92,1869.76,220,424.95,5984.21
100936,2025-03-01,8331.75,1832.98,100,416.59,5982.18
100937,2025-03-01,15227.5,3350.05,220,761.38,10896.07
100938,2025-03-01,11608.92,2553.96,220,580.45,8254.51
100939,2025-03-01,6997.5,1539.45,400,349.88,4708.17
100940,2025-03-01,4236.33,931.99,220,211.82,2872.52
100941,2025-03-01,7593.17,1670.5,100,379.66,5443.01
100942,2025-03-01,8706.5,1915.43,220,435.33,6135.74
100943,2025-03-01,4552.67,1001.59,220,227.63,3103.45
100944,2025-03-01,17138.42,3770.45,220,856.92,12291.05
100945,2025-03-01,6973.83,1534.24,100,348.69,4990.9
100946,2025-03-01,7462.92,1641.84,100,373.15,5347.93
100947,2025-03-01,8158.92,1794.96,400,407.95,5556.01
100948,2025-03-01,14044.67,3089.83,100,702.23,10152.61
100949,2025-03-01,6917.5,1521.85,220,345.88,4829.77
100950,2025-03-01,11115.0,2445.3,220,555.75,7893.95
100951,2025-03-01,13516.0,2973.52,220,675.8,9646.68
100952,2025-03-01,7708.83,1695.94,100,385.44,5527.45
100953,2025-03-01,9576.0,2106.72,400,478.8,6590.48
100954,2025-03-01,5591.25,1230.08,100,279.56,3981.61
100956,2025-03-01,13170.0,2897.4,100,658.5,9514.1
100957,2025-03-01,10051.0,2211.22,220,502.55,7117.23
100958,2025-03-01,15907.67,3499.69,220,795.38,11392.6
100960,2025-03-01,6751.33,1485.29,220,337.57,4708.47
100961,2025-03-01,6667.17,1466.78,220,333.36,4647.03
100962,2025-03-01,14149.17,3112.82,100,707.46,10228.89
100963,2025-03-01,12760.08,2807.22,400,638.0,8914.86
100964,2025-03-01,10624.67,2337.43,400,531.23,7356.01
100965,2025-03-01,6555.5,1442.21,100,327.78,4685.51
100966,2025-03-01,5520.83,1214.58,400,276.04,3630.21
100967,2025-03-01,13500.25,2970.06,220,675.01,9635.18
100968,2025-03-01,4195.83,923.08,400,209.79,2662.96
100969,2025-03-01,6151.17,1353.26,220,307.56,4270.35
100970,2025-03-01,4475.0,984.5,220,223.75,3046.75
100971,2025-03-01,6846.42,1506.21,220,342.32,4777.89
100972,2025-03-01,4292.08,944.26,400,214.6,2733.22
100973,2025-03-01,8704.08,1914.9,220,435.2,6133.98
100974,2025-03-01,7258.0,1596.76,220,362.9,5078.34
100975,2025-03-01,19864.17,4370.12,100,993.21,14400.84
100976,2025-03-01,7074.25,1556.34,100,353.71,5064.2
100977,2025-03-01,5673.92,1248.26,220,283.7,3921.96
100978,2025-03-01,18085.5,3978.81,400,904.28,12802.41
100979,2025-03-01,12461.08,2741.44,220,623.05,8876.59
100980,2025-03-01,18570.42,4085.49,220,928.52,13336.41
100981,2025-03-01,9876.17,2172.76,100,493.81,7109.6
100982,2025-03-01,9943.33,2187.53,100,497.17,7158.63
100983,2025-03-01,6803.58,1496.79,100,340.18,4866.61
100984,2025-03-01,8991.83,1978.2,220,449.59,6344.04
100985,2025-03-01,9854.25,2167.94,100,492.71,7093.6
100986,2025-03-01,7411.0,1630.42,100,370.55,5310.03
100987,2025-03-01,6622.08,1456.86,220,331.1,4614.12
100988,2025-03-01,4697.83,1033.52,220,234.89,3209.42
100989,2025-03-01,14082.08,3098.06,400,704.1,9879.92
100990,2025-03-01,6907.67,1519.69,220,345.38,4822.6
100991,2025-03-01,6524.0,1435.28,100,326.2,4662.52
100992,2025-03-01,5555.17,1222.14,100,277.76,3955.27
100993,2025-03-01,17642.83,3881.42,100,882.14,12779.27
100994,2025-03-01,10304.17,2266.92,220,515.21,7302.04
100995,2025-03-01,4083.5,898.37,100,204.18,2880.95
100996,2025-03-01,12326.67,2711.87,220,616.33,8778.47
100997,2025-03-01,12701.75,2794.38,220,635.09,9052.28
100998,2025-03-01,15276.92,3360.92,220,763.85,10932.15
100999,2025-03-01,18392.58,4046.37,220,919.63,13206.58
100000,2025-04-01,8755.5,1926.21,100,437.78,6291.51
100001,2025-04-01,16260.42,3577.29,220,813.02,11650.11
100002,2025-04-01,5000.08,1100.02,100,250.0,3550.06
100003,2025-04-01,9511.25,2092.48,400,475.56,6543.21
100004,2025-04-01,15930.08,3504.62,100,796.5,11528.96
100005,2025-04-01,4717.08,1037.76,400,235.85,3043.47
100006,2025-04-01,7557.17,1662.58,100,377.86,5416.73
100007,2025-04-01,16782.25,3692.1,100,839.11,12151.04
100008,2025-04-01,9263.33,2037.93,220,463.17,6542.23
100009,2025-04-01,6818.5,1500.07,220,340.92,4757.51
100010,2025-04-01,8771.0,1929.62,220,438.55,6182.83
100012,2025-04-01,9838.67,2164.51,100,491.93,7082.23
100013,2025-04-01,12708.83,2795.94,220,635.44,9057.45
100014,2025-04-01,8538.17,1878.4,220,426.91,6012.86
100015,2025-04-01,5863.08,1289.88,400,293.15,3880.05
100016,2025-04-01,16942.17,3727.28,100,847.11,12267.78
100017,2025-04-01,13850.83,3047.18,220,692.54,9891.11
100018,2025-04-01,7120.17,1566.44,220,356.01,4977.72
100019,2025-04-01,11857.0,2608.54,400,592.85,8255.61
100020,2025-04-01,5214.67,1147.23,220,260.73,3586.71
100021,2025-04-01,6762.5,1487.75,220,338.12,4716.63
100022,2025-04-01,24181.0,5319.82,220,1209.05,17432.13
100023,2025-04-01,9469.17,2083.22,400,473.46,6512.49
100025,2025-04-01,10889.33,2395.65,100,544.47,7849.21
100026,2025-04-01,5121.42,1126.71,220,256.07,3518.64
100027,2025-04-01,8747.83,1924.52,220,437.39,6165.92
100028,2025-04-01,6832.67,1503.19,100,341.63,4887.85
100029,2025-04-01,7524.17,1655.32,220,376.21,5272.64
100030,2025-04-01,8615.25,1895.36,220,430.76,6069.13
100031,2025-04-01,8221.25,1808.68,100,411.06,5901.51
100032,2025-04-01,9034.5,1987.59,220,451.72,6375.19
100033,2025-04-01,9339.17,2054.62,220,466.96,6597.59
100034,2025-04-01,11863.58,2609.99,220,593.18,8440.41
100035,2025-04-01,6346.67,1396.27,100,317.33,4533.07
100036,2025-04-01,9951.5,2189.33,100,497.58,7164.59
100037,2025-04-01,11101.42,2442.31,400,555.07,7704.04
100038,2025-04-01,5904.42,1298.97,220,295.22,4090.23
100039,2025-04-01,4785.17,1052.74,220,239.26,3273.17
100040,2025-04-01,6932.75,1525.2,400,346.64,4660.91
100041,2025-04-01,8158.92,1794.96,220,407.95,5736.01
100042,2025-04-01,5057.33,1112.61,220,252.87,3471.85
100043,2025-04-01,8431.58,1854.95,100,421.58,6055.05
100044,2025-04-01,6919.42,1522.27,220,345.97,4831.18
100045,2025-04-01,9073.0,1996.06,100,453.65,6523.29
100046,2025-04-01,5997.92,1319.54,220,299.9,4158.48
100047,2025-04-01,13861.0,3049.42,100,693.05,10018.53
100048,2025-04-01,9062.17,1993.68,100,453.11,6515.38
100050,2025-04-01,10510.83,2312.38,220,525.54,7452.91
100051,2025-04-01,16426.08,3613.74,100,821.3,11891.04
100052,2025-04-01,8413.25,1850.92,100,420.66,6041.67
100053,2025-04-01,4517.08,993.76,220,225.85,3077.47
100054,2025-04-01,5300.08,1166.02,100,265.0,3769.06
100056,2025-04-01,10565.25,2324.36,100,528.26,7612.63
100057,2025-04-01,16282.0,3582.04,220,814.1,11665.86
100058,2025-04-01,9814.83,2159.26,220,490.74,6944.83
100059,2025-04-01,13266.92,2918.72,220,663.35,9464.85
100060,2025-04-01,5145.5,1132.01,400,257.28,3356.21
100061,2025-04-01,6042.0,1329.24,100,302.1,4310.66
100062,2025-04-01,10760.17,2367.24,100,538.01,7754.92
100063,2025-04-01,7570.17,1665.44,100,378.51,5426.22
100064,2025-04-01,6748.33,1484.63,100,337.42,4826.28
100065,2025-04-01,10908.25,2399.82,400,545.41,7563.02
100066,2025-04-01,7919.33,1742.25,220,395.97,5561.11
100067,2025-04-01,25241.33,5553.09,100,1262.07,18326.17
100068,2025-04-01,8791.25,1934.08,400,439.56,6017.61
100069,2025-04-01,20537.5,4518.25,220,1026.88,14772.37
100070,2025-04-01,7463.75,1642.02,220,373.19,5228.54
100071,2025-04-01,7249.92,1594.98,220,362.5,5072.44
100072,2025-04-01,6754.83,1486.06,220,337.74,4711.03
100073,2025-04-01,4651.5,1023.33,220,232.58,3175.59
100074,2025-04-01,19994.83,4398.86,100,999.74,14496.23
100075,2025-04-01,12900.25,2838.06,100,645.01,9317.18
100076,2025-04-01,14106.17,3103.36,100,705.31,10197.5
100077,2025-04-01,8657.75,1904.7,220,432.89,6100.16
100078,2025-04-01,11405.5,2509.21,100,570.28,8226.01
100079,2025-04-01,14023.58,3085.19,220,701.18,10017.21
100080,2025-04-01,11599.58,2551.91,400,579.98,8067.69
100081,2025-04-01,11403.75,2508.82,220,570.19,8104.74
100082,2025-04-01,10088.17,2219.4,220,504.41,7144.36
100083,2025-04-01,11067.0,2434.74,220,553.35,7858.91
100084,2025-04-01,8354.92,1838.08,400,417.75,5699.09
100085,2025-04-01,12606.58,2773.45,220,630.33,8982.8
100086,2025-04-01,5866.5,1290.63,220,293.32,4062.55
100087,2025-04-01,4993.5,1098.57,100,249.68,3545.25
100088,2025-04-01,6488.58,1427.49,400,324.43,4336.66
100089,2025-04-01,11520.25,2534.46,220,576.01,8189.78
100090,2025-04-01,9444.0,2077.68,220,472.2,6674.12
100092,2025-04-01,8952.67,1969.59,220,447.63,6315.45
100093,2025-04-01,11253.08,2475.68,220,562.65,7994.75
100094,2025-04-01,9721.08,2138.64,220,486.05,6876.39
100095,2025-04-01,6740.33,1482.87,220,337.02,4700.44
100096,2025-04-01,22882.67,5034.19,220,1144.13,16484.35
100097,2025-04-01,5249.75,1154.94,100,262.49,3732.32
100098,2025-04-01,5169.75,1137.34,220,258.49,3553.92
100099,2025-04-01,13799.08,3035.8,220,689.95,9853.33
100100,2025-04-01,7165.17,1576.34,220,358.26,5010.57
100101,2025-04-01,5900.17,1298.04,100,295.01,4207.12
100102,2025-04-01,16248.33,3574.63,220,812.42,11641.28
100103,2025-04-01,7400.0,1628.0,220,370.0,5182.0
100104,2025-04-01,7156.67,1574.47,220,357.83,5004.37
100105,2025-04-01,7607.17,1673.58,220,380.36,5333.23
100106,2025-04-01,9570.83,2105.58,220,478.54,6766.71
100107,2025-04-01,5948.25,1308.62,400,297.41,3942.22
100108,2025-04-01,13845.33,3045.97,220,692.27,9887.09
100109,2025-04-01,12739.5,2802.69,400,636.98,8899.83
100110,2025-04-01,11349.83,2496.96,220,567.49,8065.38
100111,2025-04-01,6004.75,1321.04,220,300.24,4163.47
100112,2025-04-01,10757.42,2366.63,100,537.87,7752.92
100113,2025-04-01,5389.42,1185.67,220,269.47,3714.28
100114,2025-04-01,6010.92,1322.4,220,300.55,4167.97
100115,2025-04-01,7379.92,1623.58,100,369.0,5287.34
100116,2025-04-01,5406.42,1189.41,400,270.32,3546.69
100117,2025-04-01,11565.5,2544.41,400,578.28,8042.81
100118,2025-04-01,13286.58,2923.05,400,664.33,9299.2
100119,2025-04-01,10386.58,2285.05,400,519.33,7182.2
100120,2025-04-01,3750.75,825.16,400,187.54,2338.05
100121,2025-04-01,9662.58,2125.77,220,483.13,6833.68
100122,2025-04-01,7245.17,1593.94,400,362.26,4888.97
100123,2025-04-01,10369.17,2281.22,220,518.46,7349.49
100124,2025-04-01,12925.42,2843.59,100,646.27,9335.56
100125,2025-04-01,12585.0,2768.7,220,629.25,8967.05
100126,2025-04-01,5666.25,1246.58,220,283.31,3916.36
100127,2025-04-01,24719.33,5438.25,220,1235.97,17825.11
100128,2025-04-01,11589.67,2549.73,220,579.48,8240.46
100129,2025-04-01,16188.58,3561.49,220,809.43,11597.66
100130,2025-04-01,10965.5,2412.41,100,548.28,7904.81
100131,2025-04-01,12342.33,2715.31,400,617.12,8609.9
100132,2025-04-01,9174.42,2018.37,100,458.72,6597.33
100133,2025-04-01,8504.17,1870.92,220,425.21,5988.04
100134,2025-04-01,9892.08,2176.26,400,494.6,6821.22
100135,2025-04-01,5637.58,1240.27,220,281.88,3895.43
100136,2025-04-01,10209.58,2246.11,100,510.48,7352.99
100137,2025-04-01,7069.17,1555.22,220,353.46,4940.49
100138,2025-04-01,9440.42,2076.89,220,472.02,6671.51
100139,2025-04-01,9900.75,2178.16,220,495.04,7007.55
100140,2025-04-01,11225.42,2469.59,100,561.27,8094.56
100141,2025-04-01,6657.5,1464.65,100,332.88,4759.97
100142,2025-04-01,6798.17,1495.6,220,339.91,4742.66
100143,2025-04-01,17096.17,3761.16,100,854.81,12380.2
100144,2025-04-01,10663.0,2345.86,220,533.15,7563.99
100145,2025-04-01,9418.58,2072.09,400,470.93,6475.56
100146,2025-04-01,12018.67,2644.11,220,600.93,8553.63
100147,2025-04-01,10872.33,2391.91,220,543.62,7716.8
100148,2025-04-01,4453.5,979.77,220,222.68,3031.05
100149,2025-04-01,6910.33,1520.27,400,345.52,4644.54
100150,2025-04-01,7503.0,1650.66,220,375.15,5257.19
100151,2025-04-01,13345.0,2935.9,220,667.25,9521.85
100152,2025-04-01,4552.25,1001.5,400,227.61,2923.14
100153,2025-04-01,16857.0,3708.54,220,842.85,12085.61
100154,2025-04-01,11580.0,2547.6,100,579.0,8353.4
100155,2025-04-01,26985.08,5936.72,220,1349.25,19479.11
100156,2025-04-01,4580.33,1007.67,100,229.02,3243.64
100157,2025-04-01,14634.75,3219.64,220,731.74,10463.37
100158,2025-04-01,5288.92,1163.56,220,264.45,3640.91
100159,2025-04-01,6510.08,1432.22,100,325.5,4652.36
100160,2025-04-01,4557.67,1002.69,220,227.88,3107.1
100161,2025-04-01,10602.58,2332.57,400,530.13,7339.88
100162,2025-04-01,4717.92,1037.94,100,235.9,3344.08
100163,2025-04-01,10373.58,2282.19,100,518.68,7472.71
100164,2025-04-01,7727.08,1699.96,100,386.35,5540.77
100165,2025-04-01,18098.5,3981.67,100,904.92,13111.91
100166,2025-04-01,6090.33,1339.87,400,304.52,4045.94
100167,2025-04-01,20821.0,4580.62,400,1041.05,14799.33
100168,2025-04-01,11763.5,2587.97,220,588.18,8367.35
100169,2025-04-01,13011.08,2862.44,100,650.55,9398.09
100170,2025-04-01,8626.83,1897.9,220,431.34,6077.59
100171,2025-04-01,10831.92,2383.02,220,541.6,7687.3
100172,2025-04-01,11543.42,2539.55,220,577.17,8206.7
100173,2025-04-01,10525.67,2315.65,400,526.28,7283.74
100174,2025-04-01,8423.17,1853.1,100,421.16,6048.91
100175,2025-04-01,7118.75,1566.12,220,355.94,4976.69
100176,2025-04-01,4547.08,1000.36,220,227.35,3099.37
100177,2025-04-01,16788.83,3693.54,100,839.44,12155.85
100178,2025-04-01,16965.42,3732.39,100,848.27,12284.76
100179,2025-04-01,9036.08,1987.94,220,451.8,6376.34
100180,2025-04-01,7892.92,1736.44,220,394.65,5541.83
100181,2025-04-01,10472.58,2303.97,100,523.63,7544.98
100182,2025-04-01,4723.92,1039.26,100,236.2,3348.46
100183,2025-04-01,4866.67,1070.67,220,243.33,3332.67
100184,2025-04-01,8492.25,1868.3,100,424.61,6099.34
100185,2025-04-01,11157.67,2454.69,220,557.88,7925.1
100186,2025-04-01,14135.75,3109.86,400,706.79,9919.1
100187,2025-04-01,11022.92,2425.04,220,551.15,7826.73
100188,2025-04-01,5299.0,1165.78,220,264.95,3648.27
100189,2025-04-01,12962.33,2851.71,220,648.12,9242.5
100190,2025-04-01,4805.33,1057.17,100,240.27,3407.89
100191,2025-04-01,5877.0,1292.94,220,293.85,4070.21
100192,2025-04-01,13122.25,2886.9,100,656.11,9479.24
100193,2025-04-01,8468.0,1862.96,100,423.4,6081.64
100194,2025-04-01,7219.08,1588.2,220,360.95,5049.93
100195,2025-04-01,9513.17,2092.9,220,475.66,6724.61
100196,2025-04-01,8477.67,1865.09,400,423.88,5788.7
100197,2025-04-01,15954.92,3510.08,220,797.75,11427.09
100198,2025-04-01,4329.75,952.54,100,216.49,3060.72
100200,2025-04-01,8485.58,1866.83,400,424.28,5794.47
100201,2025-04-01,7736.5,1702.03,220,386.83,5427.64
100202,2025-04-01,6293.0,1384.46,220,314.65,4373.89
100203,2025-04-01,13367.08,2940.76,100,668.35,9657.97
100204,2025-04-01,8847.67,1946.49,220,442.38,6238.8
100205,2025-04-01,17652.17,3883.48,100,882.61,12786.08
100206,2025-04-01,14124.25,3107.34,100,706.21,10210.7
100207,2025-04-01,5287.08,1163.16,400,264.35,3459.57
100208,2025-04-01,9470.08,2083.42,220,473.5,6693.16
100209,2025-04-01,14227.58,3130.07,220,711.38,10166.13
100210,2025-04-01,11328.92,2492.36,220,566.45,8050.11
100212,2025-04-01,8175.17,1798.54,100,408.76,5867.87
100213,2025-04-01,6041.5,1329.13,220,302.08,4190.29
100214,2025-04-01,13487.33,2967.21,100,674.37,9745.75
100215,2025-04-01,10462.17,2301.68,400,523.11,7237.38
100216,2025-04-01,8963.83,1972.04,220,448.19,6323.6
100217,2025-04-01,5041.33,1109.09,220,252.07,3460.17
100218,2025-04-01,9989.0,2197.58,220,499.45,7071.97
100219,2025-04-01,6099.75,1341.94,400,304.99,4052.82
100220,2025-04-01,6894.25,1516.74,220,344.71,4812.8
100221,2025-04-01,6584.33,1448.55,220,329.22,4586.56
100223,2025-04-01,6711.75,1476.58,220,335.59,4679.58
100224,2025-04-01,6767.67,1488.89,220,338.38,4720.4
100225,2025-04-01,4401.0,968.22,400,220.05,2812.73
100226,2025-04-01,23208.17,5105.8,220,1160.41,16721.96
100227,2025-04-01,24247.17,5334.38,220,1212.36,17480.43
100228,2025-04-01,5641.33,1241.09,400,282.07,3718.17
100229,2025-04-01,8378.92,1843.36,220,418.95,5896.61
100230,2025-04-01,10066.0,2214.52,220,503.3,7128.18
100231,2025-04-01,22156.75,4874.48,400,1107.84,15774.43
100232,2025-04-01,13960.08,3071.22,100,698.0,10090.86
100233,2025-04-01,7829.92,1722.58,400,391.5,5315.84
100234,2025-04-01,10788.25,2373.42,220,539.41,7655.42
100235,2025-04-01,10445.0,2297.9,100,522.25,7524.85
100236,2025-04-01,6804.25,1496.94,220,340.21,4747.1
100237,2025-04-01,15478.0,3405.16,100,773.9,11198.94
100238,2025-04-01,18005.5,3961.21,220,900.28,12924.01
100239,2025-04-01,6094.5,1340.79,220,304.73,4228.98
100240,2025-04-01,8896.92,1957.32,100,444.85,6394.75
100241,2025-04-01,10944.08,2407.7,220,547.2,7769.18
100242,2025-04-01,6540.67,1438.95,220,327.03,4554.69
100243,2025-04-01,17274.58,3800.41,400,863.73,12210.44
100245,2025-04-01,6400.0,1408.0,400,320.0,4272.0
100246,2025-04-01,5284.42,1162.57,220,264.22,3637.63
100247,2025-04-01,11301.75,2486.39,400,565.09,7850.27
100248,2025-04-01,13981.75,3075.98,220,699.09,9986.68
100249,2025-04-01,12018.17,2644.0,220,600.91,8553.26
100250,2025-04-01,5937.58,1306.27,220,296.88,4114.43
100251,2025-04-01,5017.08,1103.76,220,250.85,3442.47
100252,2025-04-01,6037.83,1328.32,220,301.89,4187.62
100253,2025-04-01,7063.42,1553.95,220,353.17,4936.3
100254,2025-04-01,11825.25,2601.55,400,591.26,8232.44
100255,2025-04-01,10417.25,2291.8,220,520.86,7384.59
100256,2025-04-01,5515.08,1213.32,220,275.75,3806.01
100257,2025-04-01,3702.33,814.51,400,185.12,2302.7
100258,2025-04-01,7640.83,1680.98,100,382.04,5477.81
100259,2025-04-01,13132.75,2889.2,400,656.64,9186.91
100260,2025-04-01,7158.0,1574.76,220,357.9,5005.34
100261,2025-04-01,11437.83,2516.32,100,571.89,8249.62
100262,2025-04-01,6248.08,1374.58,100,312.4,4461.1
100263,2025-04-01,6595.33,1450.97,400,329.77,4414.59
100264,2025-04-01,10650.42,2343.09,100,532.52,7674.81
100265,2025-04-01,17507.0,3851.54,100,875.35,12680.11
100266,2025-04-01,20535.0,4517.7,400,1026.75,14590.55
100267,2025-04-01,21191.25,4662.08,220,1059.56,15249.61
100268,2025-04-01,9788.5,2153.47,220,489.42,6925.61
100269,2025-04-01,6390.92,1406.0,220,319.55,4445.37
100270,2025-04-01,6835.25,1503.76,100,341.76,4889.73
100271,2025-04-01,11863.0,2609.86,220,593.15,8439.99
100272,2025-04-01,4251.0,935.22,220,212.55,2883.23
100273,2025-04-01,21792.0,4794.24,220,1089.6,15688.16
100274,2025-04-01,11192.17,2462.28,220,559.61,7950.28
100275,2025-04-01,8040.5,1768.91,220,402.02,5649.57
100276,2025-04-01,5152.5,1133.55,100,257.62,3661.33
100277,2025-04-01,5120.75,1126.56,220,256.04,3518.15
100278,2025-04-01,5107.33,1123.61,400,255.37,3328.35
100280,2025-04-01,7846.58,1726.25,400,392.33,5328.0
100281,2025-04-01,8096.75,1781.28,220,404.84,5690.63
100282,2025-04-01,5424.08,1193.3,220,271.2,3739.58
100283,2025-04-01,20703.67,4554.81,220,1035.18,14893.68
100284,2025-04-01,10919.17,2402.22,100,545.96,7870.99
100285,2025-04-01,7402.67,1628.59,100,370.13,5303.95
100286,2025-04-01,11043.0,2429.46,100,552.15,7961.39
100287,2025-04-01,9214.33,2027.15,220,460.72,6506.46
100288,2025-04-01,7054.75,1552.04,220,352.74,4929.97
100289,2025-04-01,11200.92,2464.2,400,560.05,7776.67
100290,2025-04-01,9701.83,2134.4,100,485.09,6982.34
100291,2025-04-01,8582.83,1888.22,220,429.14,6045.47
100292,2025-04-01,11378.33,2503.23,220,568.92,8086.18
100293,2025-04-01,8037.42,1768.23,100,401.87,5767.32
100294,2025-04-01,11669.5,2567.29,220,583.48,8298.73
100295,2025-04-01,5440.58,1196.93,100,272.03,3871.62
100296,2025-04-01,15422.08,3392.86,400,771.1,10858.12
100297,2025-04-01,3966.17,872.56,400,198.31,2495.3
100299,2025-04-01,11590.33,2549.87,400,579.52,8060.94
100300,2025-04-01,8230.83,1810.78,220,411.54,5788.51
100301,2025-04-01,29113.33,6404.93,100,1455.67,21152.73
100302,2025-04-01,8083.33,1778.33,100,404.17,5800.83
100303,2025-04-01,14151.42,3113.31,400,707.57,9930.54
100304,2025-04-01,11361.83,2499.6,220,568.09,8074.14
100306,2025-04-01,8581.5,1887.93,100,429.08,6164.49
100307,2025-04-01,5710.0,1256.2,220,285.5,3948.3
100309,2025-04-01,12136.5,2670.03,400,606.83,8459.64
100310,2025-04-01,5567.17,1224.78,400,278.36,3664.03
100311,2025-04-01,5527.67,1216.09,220,276.38,3815.2
100312,2025-04-01,12218.92,2688.16,220,610.95,8699.81
100314,2025-04-01,9018.0,1983.96,400,450.9,6183.14
100315,2025-04-01,18315.92,4029.5,400,915.8,12970.62
100316,2025-04-01,14457.58,3180.67,400,722.88,10154.03
100317,2025-04-01,8534.0,1877.48,220,426.7,6009.82
100319,2025-04-01,8489.75,1867.74,100,424.49,6097.52
100320,2025-04-01,10878.75,2393.32,220,543.94,7721.49
100321,2025-04-01,16418.0,3611.96,100,820.9,11885.14
100323,2025-04-01,8534.5,1877.59,220,426.72,6010.19
100324,2025-04-01,9607.42,2113.63,100,480.37,6913.42
100325,2025-04-01,5521.75,1214.79,220,276.09,3810.87
100327,2025-04-01,4865.42,1070.39,100,243.27,3451.76
100328,2025-04-01,4173.25,918.12,400,208.66,2646.47
100329,2025-04-01,8468.17,1863.0,100,423.41,6081.76
100330,2025-04-01,8852.75,1947.6,220,442.64,6242.51
100331,2025-04-01,20665.17,4546.34,220,1033.26,14865.57
100332,2025-04-01,13962.75,3071.8,220,698.14,9972.81
100333,2025-04-01,11035.42,2427.79,100,551.77,7955.86
100334,2025-04-01,10997.17,2419.38,220,549.86,7807.93
100335,2025-04-01,14543.17,3199.5,400,727.16,10216.51
100336,2025-04-01,11859.58,2609.11,220,592.98,8437.49
100337,2025-04-01,5449.67,1198.93,100,272.48,3878.26
100338,2025-04-01,6586.58,1449.05,100,329.33,4708.2
100339,2025-04-01,7315.33,1609.37,220,365.77,5120.19
100340,2025-04-01,7329.33,1612.45,400,366.47,4950.41
100341,2025-04-01,19248.17,4234.6,220,962.41,13831.16
100342,2025-04-01,8097.08,1781.36,220,404.85,5690.87
100343,2025-04-01,5076.67,1116.87,220,253.83,3485.97
100344,2025-04-01,5412.0,1190.64,100,270.6,3850.76
100345,2025-04-01,11433.08,2515.28,220,571.65,8126.15
100346,2025-04-01,23951.17,5269.26,100,1197.56,17384.35
100347,2025-04-01,9023.42,1985.15,400,451.17,6187.1
100349,2025-04-01,17440.83,3836.98,220,872.04,12511.81
100350,2025-04-01,8419.33,1852.25,220,420.97,5926.11
100351,2025-04-01,5035.0,1107.7,220,251.75,3455.55
100352,2025-04-01,12482.58,2746.17,100,624.13,9012.28
100355,2025-04-01,14917.67,3281.89,100,745.88,10789.9
100356,2025-04-01,11777.0,2590.94,220,588.85,8377.21
100357,2025-04-01,15866.42,3490.61,100,793.32,11482.49
100358,2025-04-01,11926.58,2623.85,100,596.33,8606.4
100359,2025-04-01,6791.33,1494.09,400,339.57,4557.67
100360,2025-04-01,5171.92,1137.82,220,258.6,3555.5
100361,2025-04-01,13489.25,2967.64,220,674.46,9627.15
100362,2025-04-01,11099.67,2441.93,100,554.98,8002.76
100363,2025-04-01,4183.17,920.3,100,209.16,2953.71
100364,2025-04-01,11349.0,2496.78,220,567.45,8064.77
100365,2025-04-01,4838.67,1064.51,100,241.93,3432.23
100366,2025-04-01,4596.92,1011.32,220,229.85,3135.75
100367,2025-04-01,8841.92,1945.22,400,442.1,6054.6
100368,2025-04-01,11697.67,2573.49,400,584.88,8139.3
100369,2025-04-01,7559.67,1663.13,100,377.98,5418.56
100370,2025-04-01,6751.25,1485.28,220,337.56,4708.41
100371,2025-04-01,5022.75,1105.01,400,251.14,3266.6
100373,2025-04-01,13382.83,2944.22,400,669.14,9369.47
100374,2025-04-01,9200.08,2024.02,400,460.0,6316.06
100375,2025-04-01,14996.92,3299.32,220,749.85,10727.75
100376,2025-04-01,6510.08,1432.22,220,325.5,4532.36
100377,2025-04-01,8276.33,1820.79,220,413.82,5821.72
100378,2025-04-01,10781.25,2371.88,400,539.06,7470.31
100379,2025-04-01,12898.17,2837.6,400,644.91,9015.66
100380,2025-04-01,8143.83,1791.64,220,407.19,5725.0
100381,2025-04-01,6902.0,1518.44,220,345.1,4818.46
100382,2025-04-01,8327.58,1832.07,220,416.38,5859.13
100383,2025-04-01,16710.5,3676.31,100,835.53,12098.66
100384,2025-04-01,7180.0,1579.6,100,359.0,5141.4
100385,2025-04-01,12401.67,2728.37,220,620.08,8833.22
100386,2025-04-01,13336.83,2934.1,220,666.84,9515.89
100387,2025-04-01,19960.58,4391.33,400,998.03,14171.22
100388,2025-04-01,5587.33,1229.21,100,279.37,3978.75
100389,2025-04-01,10740.33,2362.87,400,537.02,7440.44
100390,2025-04-01,20984.58,4616.61,400,1049.23,14918.74
100391,2025-04-01,15131.0,3328.82,100,756.55,10945.63
100392,2025-04-01,6120.33,1346.47,220,306.02,4247.84
100393,2025-04-01,6247.58,1374.47,400,312.38,4160.73
100394,2025-04-01,12807.25,2817.6,220,640.36,9129.29
100395,2025-04-01,8410.83,1850.38,220,420.54,5919.91
100396,2025-04-01,10971.17,2413.66,400,548.56,7608.95
100397,2025-04-01,6851.08,1507.24,400,342.55,4601.29
100398,2025-04-01,8655.83,1904.28,220,432.79,6098.76
100399,2025-04-01,15258.42,3356.85,220,762.92,10918.65
100400,2025-04-01,7511.92,1652.62,100,375.6,5383.7
100401,2025-04-01,13271.5,2919.73,100,663.58,9588.19
100402,2025-04-01,4700.25,1034.06,220,235.01,3211.18
100403,2025-04-01,4191.0,922.02,100,209.55,2959.43
100405,2025-04-01,16914.75,3721.24,220,845.74,12127.77
100406,2025-04-01,7970.08,1753.42,400,398.5,5418.16
100407,2025-04-01,12358.25,2718.82,100,617.91,8921.52
100408,2025-04-01,8843.67,1945.61,220,442.18,6235.88
100409,2025-04-01,14433.67,3175.41,400,721.68,10136.58
100410,2025-04-01,8988.0,1977.36,100,449.4,6461.24
100411,2025-04-01,3382.42,744.13,400,169.12,2069.17
100412,2025-04-01,12191.25,2682.08,220,609.56,8679.61
100413,2025-04-01,16391.0,3606.02,220,819.55,11745.43
100414,2025-04-01,4762.75,1047.8,220,238.14,3256.81
100415,2025-04-01,12895.75,2837.06,220,644.79,9193.9
100416,2025-04-01,9137.33,2010.21,100,456.87,6570.25
100417,2025-04-01,27383.58,6024.39,400,1369.18,19590.01
100418,2025-04-01,4080.42,897.69,400,204.02,2578.71
100419,2025-04-01,8462.08,1861.66,220,423.1,5957.32
100420,2025-04-01,20027.08,4405.96,220,1001.35,14399.77
100421,2025-04-01,5867.33,1290.81,220,293.37,4063.15
100422,2025-04-01,6848.33,1506.63,220,342.42,4779.28
100423,2025-04-01,6861.25,1509.48,220,343.06,4788.71
100424,2025-04-01,14780.17,3251.64,220,739.01,10569.52
100425,2025-04-01,12733.75,2801.42,220,636.69,9075.64
100426,2025-04-01,5630.17,1238.64,100,281.51,4010.02
100427,2025-04-01,7367.42,1620.83,100,368.37,5278.22
100428,2025-04-01,13786.0,3032.92,220,689.3,9843.78
100429,2025-04-01,7169.0,1577.18,220,358.45,5013.37
100430,2025-04-01,11086.17,2438.96,100,554.31,7992.9
100432,2025-04-01,8044.83,1769.86,220,402.24,5652.73
100433,2025-04-01,4229.92,930.58,220,211.5,2867.84
100434,2025-04-01,4746.0,1044.12,220,237.3,3244.58
100435,2025-04-01,10940.42,2406.89,400,547.02,7586.51
100436,2025-04-01,14793.08,3254.48,220,739.65,10578.95
100437,2025-04-01,10350.92,2277.2,220,517.55,7336.17
100438,2025-04-01,11421.58,2512.75,400,571.08,7937.75
100439,2025-04-01,5901.83,1298.4,220,295.09,4088.34
100440,2025-04-01,10763.08,2367.88,100,538.15,7757.05
100441,2025-04-01,14709.75,3236.14,220,735.49,10518.12
100442,2025-04-01,14427.92,3174.14,220,721.4,10312.38
100443,2025-04-01,4513.17,992.9,100,225.66,3194.61
100444,2025-04-01,4936.42,1086.01,100,246.82,3503.59
100445,2025-04-01,7579.67,1667.53,100,378.98,5433.16
100446,2025-04-01,13906.75,3059.48,400,695.34,9751.93
100447,2025-04-01,6369.92,1401.38,220,318.5,4430.04
100449,2025-04-01,8427.17,1853.98,100,421.36,6051.83
100450,2025-04-01,17185.42,3780.79,220,859.27,12325.36
100451,2025-04-01,8580.33,1887.67,100,429.02,6163.64
100452,2025-04-01,5300.25,1166.06,100,265.01,3769.18
100453,2025-04-01,11732.0,2581.04,220,586.6,8344.36
100454,2025-04-01,14218.5,3128.07,220,710.92,10159.51
100455,2025-04-01,11036.92,2428.12,220,551.85,7836.95
100456,2025-04-01,7726.92,1699.92,100,386.35,5540.65
100457,2025-04-01,13130.58,2888.73,220,656.53,9365.32
100458,2025-04-01,7159.17,1575.02,400,357.96,4826.19
100459,2025-04-01,12276.33,2700.79,100,613.82,8861.72
100460,2025-04-01,4227.25,930.0,400,211.36,2685.89
100461,2025-04-01,6820.42,1500.49,220,341.02,4758.91
100462,2025-04-01,13211.25,2906.48,220,660.56,9424.21
100463,2025-04-01,13085.67,2878.85,220,654.28,9332.54
100464,2025-04-01,12702.17,2794.48,220,635.11,9052.58
100465,2025-04-01,13489.0,2967.58,100,674.45,9746.97
100466,2025-04-01,4609.33,1014.05,400,230.47,2964.81
100467,2025-04-01,12365.42,2720.39,220,618.27,8806.76
100468,2025-04-01,11197.58,2463.47,220,559.88,7954.23
100469,2025-04-01,11260.0,2477.2,220,563.0,7999.8
100470,2025-04-01,17599.25,3871.84,220,879.96,12627.45
100471,2025-04-01,6710.5,1476.31,220,335.52,4678.67
100472,2025-04-01,7232.92,1591.24,220,361.65,5060.03
100473,2025-04-01,4887.67,1075.29,100,244.38,3468.0
100474,2025-04-01,9755.5,2146.21,220,487.78,6901.51
100475,2025-04-01,7702.33,1694.51,400,385.12,5222.7
100476,2025-04-01,10499.25,2309.84,100,524.96,7564.45
100477,2025-04-01,14075.17,3096.54,400,703.76,9874.87
100478,2025-04-01,6852.67,1507.59,100,342.63,4902.45
100479,2025-04-01,8531.5,1876.93,400,426.58,5827.99
100481,2025-04-01,11590.92,2550.0,400,579.55,8061.37
100482,2025-04-01,8298.92,1825.76,400,414.95,5658.21
100483,2025-04-01,9071.92,1995.82,400,453.6,6222.5
100484,2025-04-01,20928.83,4604.34,220,1046.44,15058.05
100485,2025-04-01,28739.75,6322.74,220,1436.99,20760.02
100486,2025-04-01,10801.33,2376.29,100,540.07,7784.97
100487,2025-04-01,4251.0,935.22,220,212.55,2883.23
100488,2025-04-01,6704.92,1475.08,100,335.25,4794.59
100489,2025-04-01,9145.5,2012.01,220,457.28,6456.21
100490,2025-04-01,7110.92,1564.4,220,355.55,4970.97
100491,2025-04-01,22365.5,4920.41,100,1118.28,16226.81
100492,2025-04-01,19589.83,4309.76,100,979.49,14200.58
100493,2025-04-01,3915.92,861.5,400,195.8,2458.62
100494,2025-04-01,5925.33,1303.57,100,296.27,4225.49
100495,2025-04-01,10787.67,2373.29,220,539.38,7655.0
100496,2025-04-01,9759.67,2147.13,220,487.98,6904.56
100497,2025-04-01,13869.25,3051.24,220,693.46,9904.55
100498,2025-04-01,9112.75,2004.8,100,455.64,6552.31
100499,2025-04-01,12195.5,2683.01,220,609.78,8682.71
100500,2025-04-01,18715.5,4117.41,100,935.78,13562.31
100501,2025-04-01,13802.25,3036.5,100,690.11,9975.64
100502,2025-04-01,8922.33,1962.91,220,446.12,6293.3
100503,2025-04-01,10972.33,2413.91,100,548.62,7909.8
100505,2025-04-01,11789.83,2593.76,100,589.49,8506.58
100506,2025-04-01,10232.08,2251.06,100,511.6,7369.42
100507,2025-04-01,5580.83,1227.78,400,279.04,3674.01
100508,2025-04-01,4674.42,1028.37,100,233.72,3312.33
100509,2025-04-01,11416.25,2511.57,220,570.81,8113.87
100510,2025-04-01,16553.0,3641.66,100,827.65,11983.69
100511,2025-04-01,8803.25,1936.72,220,440.16,6206.37
100512,2025-04-01,14903.58,3278.79,220,745.18,10659.61
100513,2025-04-01,16988.25,3737.42,100,849.41,12301.42
100514,2025-04-01,15632.5,3439.15,100,781.62,11311.73
100515,2025-04-01,8629.33,1898.45,400,431.47,5899.41
100516,2025-04-01,13952.58,3069.57,100,697.63,10085.38
100517,2025-04-01,8356.42,1838.41,220,417.82,5880.19
100518,2025-04-01,17418.5,3832.07,100,870.92,12615.51
100519,2025-04-01,4603.17,1012.7,220,230.16,3140.31
100520,2025-04-01,20365.25,4480.36,100,1018.26,14766.63
100521,2025-04-01,10984.92,2416.68,400,549.25,7618.99
100522,2025-04-01,8966.42,1972.61,220,448.32,6325.49
100523,2025-04-01,3816.83,839.7,220,190.84,2566.29
100524,2025-04-01,10949.42,2408.87,100,547.47,7893.08
100525,2025-04-01,15535.17,3417.74,400,776.76,10940.67
100526,2025-04-01,11085.83,2438.88,100,554.29,7992.66
100527,2025-04-01,9152.08,2013.46,220,457.6,6461.02
100528,2025-04-01,7616.67,1675.67,400,380.83,5160.17
100529,2025-04-01,10412.17,2290.68,220,520.61,7380.88
100530,2025-04-01,6233.75,1371.42,100,311.69,4450.64
100531,2025-04-01,6149.75,1352.94,220,307.49,4269.32
100532,2025-04-01,6645.58,1462.03,220,332.28,4631.27
100533,2025-04-01,10780.58,2371.73,100,539.03,7769.82
100534,2025-04-01,15617.75,3435.9,400,780.89,11000.96
100535,2025-04-01,12685.25,2790.76,100,634.26,9160.23
100536,2025-04-01,6864.5,1510.19,400,343.22,4611.09
100537,2025-04-01,6660.92,1465.4,220,333.05,4642.47
100538,2025-04-01,5868.33,1291.03,400,293.42,3883.88
100539,2025-04-01,12497.33,2749.41,400,624.87,8723.05
100540,2025-04-01,5547.08,1220.36,220,277.35,3829.37
100541,2025-04-01,6636.92,1460.12,220,331.85,4624.95
100542,2025-04-01,22172.92,4878.04,400,1108.65,15786.23
100543,2025-04-01,12258.75,2696.92,100,612.94,8848.89
100544,2025-04-01,11071.5,2435.73,400,553.58,7682.19
100545,2025-04-01,8489.58,1867.71,100,424.48,6097.39
100546,2025-04-01,7445.33,1637.97,220,372.27,5215.09
100547,2025-04-01,9272.83,2040.02,400,463.64,6369.17
100548,2025-04-01,6711.83,1476.6,100,335.59,4799.64
100549,2025-04-01,8810.08,1938.22,220,440.5,6211.36
100550,2025-04-01,21710.0,4776.2,220,1085.5,15628.3
100551,2025-04-01,9146.83,2012.3,220,457.34,6457.19
100552,2025-04-01,10113.83,2225.04,100,505.69,7283.1
100553,2025-04-01,4764.58,1048.21,220,238.23,3258.14
100554,2025-04-01,11436.58,2516.05,220,571.83,8128.7
100555,2025-04-01,7359.17,1619.02,220,367.96,5152.19
100556,2025-04-01,13692.83,3012.42,400,684.64,9595.77
100557,2025-04-01,8762.25,1927.7,220,438.11,6176.44
100558,2025-04-01,11970.0,2633.4,220,598.5,8518.1
100559,2025-04-01,7314.0,1609.08,220,365.7,5119.22
100560,2025-04-01,6724.92,1479.48,220,336.25,4689.19
100561,2025-04-01,6866.5,1510.63,220,343.33,4792.54
100562,2025-04-01,6318.83,1390.14,220,315.94,4392.75
100563,2025-04-01,16283.17,3582.3,220,814.16,11666.71
100564,2025-04-01,14632.92,3219.24,220,731.65,10462.03
100565,2025-04-01,3638.08,800.38,400,181.9,2255.8
100566,2025-04-01,3533.83,777.44,220,176.69,2359.7
100567,2025-04-01,5895.33,1296.97,100,294.77,4203.59
100568,2025-04-01,20384.83,4484.66,220,1019.24,14660.93
100569,2025-04-01,10675.0,2348.5,220,533.75,7572.75
100570,2025-04-01,5924.42,1303.37,100,296.22,4224.83
100571,2025-04-01,6637.5,1460.25,400,331.88,4445.37
100572,2025-04-01,11318.75,2490.12,220,565.94,8042.69
100573,2025-04-01,11145.83,2452.08,100,557.29,8036.46
100574,2025-04-01,7051.92,1551.42,220,352.6,4927.9
100575,2025-04-01,6639.0,1460.58,220,331.95,4626.47
100576,2025-04-01,15855.5,3488.21,220,792.78,11354.51
100577,2025-04-01,10718.33,2358.03,400,535.92,7424.38
100579,2025-04-01,13780.92,3031.8,220,689.05,9840.07
100580,2025-04-01,21106.67,4643.47,220,1055.33,15187.87
100581,2025-04-01,7325.67,1611.65,220,366.28,5127.74
100582,2025-04-01,10193.0,2242.46,220,509.65,7220.89
100584,2025-04-01,9829.83,2162.56,400,491.49,6775.78
100585,2025-04-01,5275.25,1160.56,220,263.76,3630.93
100586,2025-04-01,5058.08,1112.78,400,252.9,3292.4
100587,2025-04-01,14853.25,3267.72,100,742.66,10742.87
100588,2025-04-01,10911.75,2400.58,220,545.59,7745.58
100589,2025-04-01,5213.5,1146.97,100,260.68,3705.85
100591,2025-04-01,7004.42,1540.97,220,350.22,4893.23
100592,2025-04-01,7868.25,1731.02,100,393.41,5643.82
100593,2025-04-01,11586.33,2548.99,220,579.32,8238.02
100594,2025-04-01,6335.5,1393.81,400,316.78,4224.91
100595,2025-04-01,7132.08,1569.06,220,356.6,4986.42
100596,2025-04-01,7036.83,1548.1,400,351.84,4736.89
100597,2025-04-01,8759.83,1927.16,100,437.99,6294.68
100598,2025-04-01,11408.08,2509.78,220,570.4,8107.9
100600,2025-04-01,11546.67,2540.27,100,577.33,8329.07
100601,2025-04-01,7962.67,1751.79,220,398.13,5592.75
100602,2025-04-01,4948.08,1088.58,220,247.4,3392.1
100603,2025-04-01,6460.75,1421.36,220,323.04,4496.35
100604,2025-04-01,15893.33,3496.53,100,794.67,11502.13
100605,2025-04-01,13955.5,3070.21,220,697.78,9967.51
100606,2025-04-01,10574.58,2326.41,220,528.73,7499.44
100607,2025-04-01,8747.83,1924.52,220,437.39,6165.92
100608,2025-04-01,8140.33,1790.87,400,407.02,5542.44
100609,2025-04-01,12304.17,2706.92,400,615.21,8582.04
100610,2025-04-01,13565.08,2984.32,220,678.25,9682.51
100611,2025-04-01,5384.17,1184.52,100,269.21,3830.44
100612,2025-04-01,8313.5,1828.97,100,415.68,5968.85
100613,2025-04-01,10738.92,2362.56,220,536.95,7619.41
100614,2025-04-01,9311.92,2048.62,100,465.6,6697.7
100615,2025-04-01,8799.75,1935.94,220,439.99,6203.82
100616,2025-04-01,10339.33,2274.65,220,516.97,7327.71
100617,2025-04-01,5222.92,1149.04,220,261.15,3592.73
100618,2025-04-01,8790.58,1933.93,100,439.53,6317.12
100619,2025-04-01,14417.58,3171.87,400,720.88,10124.83
100620,2025-04-01,7082.25,1558.1,220,354.11,4950.04
100621,2025-04-01,13091.0,2880.02,220,654.55,9336.43
100622,2025-04-01,5366.0,1180.52,100,268.3,3817.18
100623,2025-04-01,6713.83,1477.04,400,335.69,4501.1
100624,2025-04-01,8894.92,1956.88,400,444.75,6093.29
100625,2025-04-01,4605.75,1013.26,400,230.29,2962.2
100627,2025-04-01,8544.42,1879.77,220,427.22,6017.43
100628,2025-04-01,6396.5,1407.23,100,319.83,4569.44
100629,2025-04-01,21594.08,4750.7,220,1079.7,15543.68
100631,2025-04-01,4304.0,946.88,100,215.2,3041.92
100632,2025-04-01,5223.5,1149.17,220,261.18,3593.15
100633,2025-04-01,8657.92,1904.74,220,432.9,6100.28
100634,2025-04-01,7642.08,1681.26,220,382.1,5358.72
100635,2025-04-01,7524.0,1655.28,400,376.2,5092.52
100636,2025-04-01,13248.75,2914.72,220,662.44,9451.59
100637,2025-04-01,5457.58,1200.67,100,272.88,3884.03
100638,2025-04-01,14450.42,3179.09,220,722.52,10328.81
100639,2025-04-01,11011.17,2422.46,220,550.56,7818.15
100640,2025-04-01,5206.25,1145.38,220,260.31,3580.56
100641,2025-04-01,10704.17,2354.92,100,535.21,7714.04
100642,2025-04-01,6921.0,1522.62,220,346.05,4832.33
100643,2025-04-01,9427.83,2074.12,100,471.39,6782.32
100644,2025-04-01,4926.58,1083.85,220,246.33,3376.4
100645,2025-04-01,5057.42,1112.63,400,252.87,3291.92
100646,2025-04-01,10781.58,2371.95,100,539.08,7770.55
100647,2025-04-01,6420.83,1412.58,220,321.04,4467.21
100648,2025-04-01,15533.33,3417.33,220,776.67,11119.33
100649,2025-04-01,7077.92,1557.14,220,353.9,4946.88
100650,2025-04-01,8173.0,1798.06,100,408.65,5866.29
100651,2025-04-01,13439.25,2956.64,220,671.96,9590.65
100652,2025-04-01,6772.83,1490.02,100,338.64,4844.17
100653,2025-04-01,7002.58,1540.57,220,350.13,4891.88
100654,2025-04-01,6600.83,1452.18,100,330.04,4718.61
100655,2025-04-01,5567.58,1224.87,400,278.38,3664.33
100656,2025-04-01,7112.75,1564.8,220,355.64,4972.31
100657,2025-04-01,10781.83,2372.0,400,539.09,7470.74
100658,2025-04-01,20098.42,4421.65,220,1004.92,14451.85
100659,2025-04-01,5204.17,1144.92,100,260.21,3699.04
100660,2025-04-01,8287.08,1823.16,100,414.35,5949.57
100661,2025-04-01,5375.58,1182.63,100,268.78,3824.17
100662,2025-04-01,5879.17,1293.42,100,293.96,4191.79
100663,2025-04-01,6221.33,1368.69,100,311.07,4441.57
100664,2025-04-01,13806.25,3037.38,220,690.31,9858.56
100665,2025-04-01,10044.0,2209.68,220,502.2,7112.12
100666,2025-04-01,18674.92,4108.48,100,933.75,13532.69
100667,2025-04-01,5678.83,1249.34,400,283.94,3745.55
100668,2025-04-01,6895.42,1516.99,100,344.77,4933.66
100669,2025-04-01,28955.42,6370.19,100,1447.77,21037.46
100670,2025-04-01,10409.25,2290.04,400,520.46,7198.75
100671,2025-04-01,7463.33,1641.93,220,373.17,5228.23
100672,2025-04-01,5488.83,1207.54,220,274.44,3786.85
100673,2025-04-01,11053.5,2431.77,100,552.68,7969.05
100674,2025-04-01,9600.92,2112.2,220,480.05,6788.67
100675,2025-04-01,12627.92,2778.14,100,631.4,9118.38
100676,2025-04-01,6180.75,1359.76,100,309.04,4411.95
100677,2025-04-01,11177.67,2459.09,100,558.88,8059.7
100678,2025-04-01,5241.25,1153.08,100,262.06,3726.11
100679,2025-04-01,10282.08,2262.06,100,514.1,7405.92
100680,2025-04-01,11327.75,2492.1,220,566.39,8049.26
100681,2025-04-01,9921.75,2182.78,220,496.09,7022.88
100682,2025-04-01,3958.92,870.96,220,197.95,2670.01
100683,2025-04-01,7212.42,1586.73,100,360.62,5165.07
100684,2025-04-01,17467.75,3842.9,100,873.39,12651.46
100685,2025-04-01,13572.75,2986.0,220,678.64,9688.11
100686,2025-04-01,9054.25,1991.94,400,452.71,6209.6
100687,2025-04-01,5363.58,1179.99,100,268.18,3815.41
100688,2025-04-01,9841.0,2165.02,100,492.05,7083.93
100689,2025-04-01,5896.67,1297.27,400,294.83,3904.57
100690,2025-04-01,12577.5,2767.05,100,628.88,9081.57
100691,2025-04-01,8931.67,1964.97,100,446.58,6420.12
100693,2025-04-01,7908.83,1739.94,400,395.44,5373.45
100694,2025-04-01,10072.92,2216.04,220,503.65,7133.23
100695,2025-04-01,7424.33,1633.35,220,371.22,5199.76
100696,2025-04-01,11724.92,2579.48,220,586.25,8339.19
100697,2025-04-01,7706.67,1695.47,100,385.33,5525.87
100698,2025-04-01,16708.42,3675.85,100,835.42,12097.15
100699,2025-04-01,6694.58,1472.81,400,334.73,4487.04
100700,2025-04-01,6587.0,1449.14,400,329.35,4408.51
100701,2025-04-01,5296.75,1165.29,100,264.84,3766.62
100702,2025-04-01,10902.75,2398.6,100,545.14,7859.01
100703,2025-04-01,8650.17,1903.04,220,432.51,6094.62
100704,2025-04-01,8318.83,1830.14,100,415.94,5972.75
100705,2025-04-01,7594.83,1670.86,400,379.74,5144.23
100706,2025-04-01,13582.17,2988.08,220,679.11,9694.98
100707,2025-04-01,4726.42,1039.81,220,236.32,3230.29
100708,2025-04-01,9966.75,2192.68,220,498.34,7055.73
100711,2025-04-01,5135.42,1129.79,220,256.77,3528.86
100712,2025-04-01,5755.5,1266.21,220,287.78,3981.51
100713,2025-04-01,7842.17,1725.28,220,392.11,5504.78
100714,2025-04-01,6936.33,1525.99,220,346.82,4843.52
100715,2025-04-01,16870.08,3711.42,220,843.5,12095.16
100716,2025-04-01,5293.5,1164.57,220,264.68,3644.25
100717,2025-04-01,10695.58,2353.03,100,534.78,7707.77
100718,2025-04-01,3834.25,843.54,220,191.71,2579.0
100719,2025-04-01,5803.5,1276.77,220,290.18,4016.55
100720,2025-04-01,13073.25,2876.12,220,653.66,9323.47
100721,2025-04-01,10146.5,2232.23,220,507.33,7186.94
100722,2025-04-01,7396.75,1627.28,400,369.84,4999.63
100723,2025-04-01,18208.0,4005.76,220,910.4,13071.84
100724,2025-04-01,7487.67,1647.29,400,374.38,5066.0
100725,2025-04-01,9655.42,2124.19,220,482.77,6828.46
100726,2025-04-01,4696.83,1033.3,220,234.84,3208.69
100727,2025-04-01,3808.67,837.91,220,190.43,2560.33
100728,2025-04-01,5336.42,1174.01,400,266.82,3495.59
100729,2025-04-01,7876.67,1732.87,400,393.83,5349.97
100730,2025-04-01,14287.0,3143.14,100,714.35,10329.51
100731,2025-04-01,6694.92,1472.88,100,334.75,4787.29
100732,2025-04-01,6653.08,1463.68,220,332.65,4636.75
100733,2025-04-01,15010.33,3302.27,100,750.52,10857.54
100734,2025-04-01,19075.33,4196.57,100,953.77,13824.99
100735,2025-04-01,10239.42,2252.67,100,511.97,7374.78
100736,2025-04-01,7867.33,1730.81,100,393.37,5643.15
100737,2025-04-01,28880.42,6353.69,220,1444.02,20862.71
100738,2025-04-01,8882.25,1954.1,400,444.11,6084.04
100739,2025-04-01,11294.58,2484.81,220,564.73,8025.04
100740,2025-04-01,18729.0,4120.38,220,936.45,13452.17
100741,2025-04-01,8900.33,1958.07,220,445.02,6277.24
100742,2025-04-01,11040.75,2428.96,100,552.04,7959.75
100743,2025-04-01,10899.5,2397.89,220,544.98,7736.63
100744,2025-04-01,11863.08,2609.88,220,593.15,8440.05
100745,2025-04-01,8605.0,1893.1,100,430.25,6181.65
100746,2025-04-01,16305.5,3587.21,220,815.28,11683.01
100748,2025-04-01,9175.83,2018.68,400,458.79,6298.36
100749,2025-04-01,8768.17,1929.0,220,438.41,6180.76
100750,2025-04-01,13238.08,2912.38,400,661.9,9263.8
100751,2025-04-01,14081.92,3098.02,220,704.1,10059.8
100752,2025-04-01,7688.33,1691.43,220,384.42,5392.48
100753,2025-04-01,11407.33,2509.61,220,570.37,8107.35
100754,2025-04-01,6954.08,1529.9,220,347.7,4856.48
100755,2025-04-01,7268.33,1599.03,220,363.42,5085.88
100756,2025-04-01,4271.33,939.69,100,213.57,3018.07
100757,2025-04-01,5220.08,1148.42,220,261.0,3590.66
100759,2025-04-01,16778.92,3691.36,100,838.95,12148.61
100760,2025-04-01,8266.67,1818.67,220,413.33,5814.67
100761,2025-04-01,5498.83,1209.74,220,274.94,3794.15
100762,2025-04-01,7747.0,1704.34,220,387.35,5435.31
100763,2025-04-01,11152.83,2453.62,220,557.64,7921.57
100764,2025-04-01,5415.58,1191.43,220,270.78,3733.37
100765,2025-04-01,10141.58,2231.15,220,507.08,7183.35
100766,2025-04-01,4859.58,1069.11,220,242.98,3327.49
100767,2025-04-01,9082.25,1998.1,220,454.11,6410.04
100770,2025-04-01,10781.75,2371.98,220,539.09,7650.68
100771,2025-04-01,8140.42,1790.89,100,407.02,5842.51
100773,2025-04-01,9810.92,2158.4,220,490.55,6941.97
100774,2025-04-01,12948.67,2848.71,400,647.43,9052.53
100775,2025-04-01,9203.75,2024.82,100,460.19,6618.74
100776,2025-04-01,14495.5,3189.01,100,724.78,10481.71
100777,2025-04-01,16117.75,3545.9,400,805.89,11365.96
100778,2025-04-01,7023.92,1545.26,400,351.2,4727.46
100779,2025-04-01,6832.5,1503.15,100,341.62,4887.73
100780,2025-04-01,6492.0,1428.24,100,324.6,4639.16
100781,2025-04-01,7545.0,1659.9,220,377.25,5287.85
100782,2025-04-01,5758.25,1266.82,100,287.91,4103.52
100783,2025-04-01,12482.25,2746.1,100,624.11,9012.04
100784,2025-04-01,13144.08,2891.7,220,657.2,9375.18
100785,2025-04-01,8939.83,1966.76,400,446.99,6126.08
100787,2025-04-01,13936.67,3066.07,220,696.83,9953.77
100788,2025-04-01,5541.67,1219.17,100,277.08,3945.42
100790,2025-04-01,12508.25,2751.82,100,625.41,9031.02
100792,2025-04-01,9248.5,2034.67,220,462.42,6531.41
100793,2025-04-01,5390.42,1185.89,400,269.52,3535.01
100794,2025-04-01,7142.33,1571.31,100,357.12,5113.9
100795,2025-04-01,11456.67,2520.47,220,572.83,8143.37
100796,2025-04-01,20527.75,4516.11,220,1026.39,14765.25
100797,2025-04-01,8856.92,1948.52,100,442.85,6365.55
100798,2025-04-01,4989.75,1097.75,400,249.49,3242.51
100799,2025-04-01,8651.92,1903.42,220,432.6,6095.9
100800,2025-04-01,11775.17,2590.54,400,588.76,8195.87
100801,2025-04-01,10366.17,2280.56,220,518.31,7347.3
100802,2025-04-01,17357.33,3818.61,220,867.87,12450.85
100803,2025-04-01,4889.08,1075.6,400,244.45,3169.03
100804,2025-04-01,10867.5,2390.85,220,543.38,7713.27
100805,2025-04-01,11527.17,2535.98,100,576.36,8314.83
100806,2025-04-01,9430.83,2074.78,400,471.54,6484.51
100807,2025-04-01,19886.83,4375.1,100,994.34,14417.39
100808,2025-04-01,6405.58,1409.23,400,320.28,4276.07
100809,2025-04-01,5038.0,1108.36,220,251.9,3457.74
100810,2025-04-01,4513.25,992.92,100,225.66,3194.67
100811,2025-04-01,4718.92,1038.16,100,235.95,3344.81
100812,2025-04-01,5797.17,1275.38,220,289.86,4011.93
100813,2025-04-01,15409.42,3390.07,400,770.47,10848.88
100814,2025-04-01,14083.0,3098.26,100,704.15,10180.59
100816,2025-04-01,6055.0,1332.1,100,302.75,4320.15
100817,2025-04-01,5469.75,1203.34,100,273.49,3892.92
100818,2025-04-01,9312.17,2048.68,100,465.61,6697.88
100819,2025-04-01,6769.75,1489.34,220,338.49,4721.92
100820,2025-04-01,6150.17,1353.04,400,307.51,4089.62
100821,2025-04-01,14890.75,3275.96,220,744.54,10650.25
100822,2025-04-01,19654.5,4323.99,400,982.72,13947.79
100823,2025-04-01,15676.33,3448.79,100,783.82,11343.72
100824,2025-04-01,12088.5,2659.47,220,604.43,8604.6
100825,2025-04-01,7653.75,1683.82,220,382.69,5367.24
100826,2025-04-01,4566.58,1004.65,400,228.33,2933.6
100827,2025-04-01,17944.5,3947.79,400,897.22,12699.49
100828,2025-04-01,12553.67,2761.81,220,627.68,8944.18
100829,2025-04-01,12877.17,2832.98,220,643.86,9180.33
100830,2025-04-01,5954.92,1310.08,100,297.75,4247.09
100831,2025-04-01,8360.92,1839.4,100,418.05,6003.47
100832,2025-04-01,8335.0,1833.7,220,416.75,5864.55
100833,2025-04-01,10472.58,2303.97,220,523.63,7424.98
100834,2025-04-01,23574.92,5186.48,220,1178.75,16989.69
100835,2025-04-01,11283.08,2482.28,220,564.15,8016.65
100836,2025-04-01,9090.92,2000.0,220,454.55,6416.37
100837,2025-04-01,6694.0,1472.68,100,334.7,4786.62
100838,2025-04-01,9062.83,1993.82,220,453.14,6395.87
100839,2025-04-01,8843.42,1945.55,100,442.17,6355.7
100840,2025-04-01,9103.58,2002.79,100,455.18,6545.61
100841,2025-04-01,4578.83,1007.34,100,228.94,3242.55
100842,2025-04-01,4761.33,1047.49,220,238.07,3255.77
100843,2025-04-01,8711.5,1916.53,400,435.58,5959.39
100844,2025-04-01,9714.42,2137.17,100,485.72,6991.53
100845,2025-04-01,9896.75,2177.28,100,494.84,7124.63
100846,2025-04-01,18110.25,3984.26,220,905.51,13000.48
100847,2025-04-01,6191.25,1362.08,220,309.56,4299.61
100848,2025-04-01,20465.5,4502.41,220,1023.28,14719.81
100849,2025-04-01,25298.92,5565.76,400,1264.95,18068.21
100850,2025-04-01,7576.92,1666.92,220,378.85,5311.15
100851,2025-04-01,8771.25,1929.68,400,438.56,6003.01
100854,2025-04-01,8032.67,1767.19,220,401.63,5643.85
100855,2025-04-01,6880.75,1513.76,220,344.04,4802.95
100856,2025-04-01,21923.67,4823.21,220,1096.18,15784.28
100857,2025-04-01,10297.0,2265.34,220,514.85,7296.81
100858,2025-04-01,8666.42,1906.61,220,433.32,6106.49
100859,2025-04-01,6458.58,1420.89,220,322.93,4494.76
100860,2025-04-01,10839.83,2384.76,100,541.99,7813.08
100861,2025-04-01,11185.92,2460.9,100,559.3,8065.72
100862,2025-04-01,14603.58,3212.79,220,730.18,10440.61
100863,2025-04-01,5465.83,1202.48,220,273.29,3770.06
100864,2025-04-01,5384.58,1184.61,220,269.23,3710.74
100865,2025-04-01,7656.75,1684.48,220,382.84,5369.43
100866,2025-04-01,17730.75,3900.76,220,886.54,12723.45
100867,2025-04-01,6697.83,1473.52,220,334.89,4669.42
100868,2025-04-01,9669.5,2127.29,100,483.48,6958.73
100870,2025-04-01,11103.5,2442.77,400,555.18,7705.55
100871,2025-04-01,6727.33,1480.01,100,336.37,4810.95
100872,2025-04-01,10834.58,2383.61,220,541.73,7689.24
100873,2025-04-01,9029.58,1986.51,220,451.48,6371.59
100874,2025-04-01,8772.5,1929.95,220,438.62,6183.93
100875,2025-04-01,21149.5,4652.89,100,1057.48,15339.13
100876,2025-04-01,8796.17,1935.16,100,439.81,6321.2
100877,2025-04-01,4418.17,972.0,100,220.91,3125.26
100878,2025-04-01,8282.0,1822.04,220,414.1,5825.86
100879,2025-04-01,5569.67,1225.33,400,278.48,3665.86
100880,2025-04-01,5105.08,1123.12,220,255.25,3506.71
100881,2025-04-01,22302.92,4906.64,100,1115.15,16181.13
100882,2025-04-01,3522.08,774.86,100,176.1,2471.12
100883,2025-04-01,6947.92,1528.54,100,347.4,4971.98
100884,2025-04-01,8649.17,1902.82,220,432.46,6093.89
100885,2025-04-01,11168.67,2457.11,400,558.43,7753.13
100886,2025-04-01,11383.17,2504.3,100,569.16,8209.71
100887,2025-04-01,6614.25,1455.14,220,330.71,4608.4
100888,2025-04-01,6112.92,1344.84,100,305.65,4362.43
100890,2025-04-01,4100.42,902.09,220,205.02,2773.31
100891,2025-04-01,5204.42,1144.97,220,260.22,3579.23
100892,2025-04-01,7221.17,1588.66,220,361.06,5051.45
100894,2025-04-01,7043.17,1549.5,220,352.16,4921.51
100895,2025-04-01,10742.42,2363.33,220,537.12,7621.97
100896,2025-04-01,15482.92,3406.24,220,774.15,11082.53
100897,2025-04-01,11704.58,2575.01,220,585.23,8324.34
100898,2025-04-01,16934.08,3725.5,220,846.7,12141.88
100899,2025-04-01,8637.08,1900.16,100,431.85,6205.07
100900,2025-04-01,14622.0,3216.84,100,731.1,10574.06
100901,2025-04-01,6542.33,1439.31,100,327.12,4675.9
100902,2025-04-01,11855.92,2608.3,100,592.8,8554.82
100903,2025-04-01,12859.67,2829.13,220,642.98,9167.56
100904,2025-04-01,7085.0,1558.7,100,354.25,5072.05
100905,2025-04-01,8570.0,1885.4,100,428.5,6156.1
100906,2025-04-01,9344.75,2055.84,100,467.24,6721.67
100907,2025-04-01,13348.25,2936.62,220,667.41,9524.22
100908,2025-04-01,14000.58,3080.13,400,700.03,9820.42
100909,2025-04-01,9052.75,1991.6,220,452.64,6388.51
100910,2025-04-01,25476.67,5604.87,100,1273.83,18497.97
100911,2025-04-01,19648.33,4322.63,400,982.42,13943.28
100912,2025-04-01,6893.58,1516.59,220,344.68,4812.31
100913,2025-04-01,14840.17,3264.84,100,742.01,10733.32
100914,2025-04-01,8341.08,1835.04,400,417.05,5688.99
100915,2025-04-01,15245.17,3353.94,220,762.26,10908.97
100916,2025-04-01,4894.67,1076.83,100,244.73,3473.11
100917,2025-04-01,7640.75,1680.96,100,382.04,5477.75
100918,2025-04-01,16881.33,3713.89,100,844.07,12223.37
100919,2025-04-01,5452.83,1199.62,220,272.64,3760.57
100920,2025-04-01,16764.17,3688.12,100,838.21,12137.84
100921,2025-04-01,10175.25,2238.55,100,508.76,7327.94
100922,2025-04-01,14168.0,3116.96,100,708.4,10242.64
100924,2025-04-01,10951.5,2409.33,100,547.58,7894.59
100925,2025-04-01,4222.67,928.99,400,211.13,2682.55
100926,2025-04-01,6590.83,1449.98,220,329.54,4591.31
100928,2025-04-01,10745.17,2363.94,220,537.26,7623.97
100929,2025-04-01,5864.67,1290.23,400,293.23,3881.21
100931,2025-04-01,8059.83,1773.16,100,402.99,5783.68
100932,2025-04-01,6661.83,1465.6,100,333.09,4763.14
100933,2025-04-01,15680.08,3449.62,220,784.0,11226.46
100935,2025-04-01,8748.92,1924.76,220,437.45,6166.71
100936,2025-04-01,8250.75,1815.16,100,412.54,5923.05
100937,2025-04-01,15313.5,3368.97,220,765.68,10958.85
100938,2025-04-01,11613.92,2555.06,220,580.7,8258.16
100939,2025-04-01,6818.5,1500.07,400,340.92,4577.51
100940,2025-04-01,3879.33,853.45,220,193.97,2611.91
100941,2025-04-01,7826.17,1721.76,100,391.31,5613.1
100942,2025-04-01,9154.5,2013.99,220,457.72,6462.79
100943,2025-04-01,4218.67,928.11,220,210.93,2859.63
100944,2025-04-01,16997.42,3739.43,220,849.87,12188.12
100945,2025-04-01,6689.83,1471.76,100,334.49,4783.58
100946,2025-04-01,7481.92,1646.02,100,374.1,5361.8
100947,2025-04-01,8212.92,1806.84,400,410.65,5595.43
100948,2025-04-01,13985.67,3076.85,100,699.28,10109.54
100949,2025-04-01,6703.5,1474.77,220,335.18,4673.55
100950,2025-04-01,11331.0,2492.82,220,566.55,8051.63
100951,2025-04-01,13197.0,2903.34,220,659.85,9413.81
100952,2025-04-01,7942.83,1747.42,100,397.14,5698.27
100953,2025-04-01,9362.0,2059.64,400,468.1,6434.26
100954,2025-04-01,5280.25,1161.66,100,264.01,3754.58
100956,2025-04-01,13056.0,2872.32,100,652.8,9430.88
100957,2025-04-01,10229.0,2250.38,220,511.45,7247.17
100958,2025-04-01,16050.67,3531.15,220,802.53,11496.99
100960,2025-04-01,6698.33,1473.63,220,334.92,4669.78
100961,2025-04-01,6636.17,1459.96,220,331.81,4624.4
100962,2025-04-01,13929.17,3064.42,100,696.46,10068.29
100963,2025-04-01,13282.08,2922.06,400,664.1,9295.92
100964,2025-04-01,10678.67,2349.31,400,533.93,7395.43
100965,2025-04-01,6733.5,1481.37,100,336.68,4815.45
100966,2025-04-01,5406.83,1189.5,400,270.34,3546.99
100967,2025-04-01,13176.25,2898.78,220,658.81,9398.66
100968,2025-04-01,4595.83,1011.08,400,229.79,2954.96
100969,2025-04-01,6260.17,1377.24,220,313.01,4349.92
100970,2025-04-01,4382.0,964.04,220,219.1,2978.86
100971,2025-04-01,6958.42,1530.85,220,347.92,4859.65
100972,2025-04-01,3852.08,847.46,400,192.6,2412.02
100973,2025-04-01,8802.08,1936.46,220,440.1,6205.52
100974,2025-04-01,7460.0,1641.2,220,373.0,5225.8
100975,2025-04-01,20188.17,4441.4,100,1009.41,14637.36
100976,2025-04-01,7016.25,1543.58,100,350.81,5021.86
100977,2025-04-01,5629.92,1238.58,220,281.5,3889.84
100978,2025-04-01,17864.5,3930.19,400,893.22,12641.09
100979,2025-04-01,12476.08,2744.74,220,623.8,8887.54
100980,2025-04-01,18296.42,4025.21,220,914.82,13136.39
100981,2025-04-01,9838.17,2164.4,100,491.91,7081.86
100982,2025-04-01,9988.33,2197.43,100,499.42,7191.48
100983,2025-04-01,7234.58,1591.61,100,361.73,5181.24
100984,2025-04-01,8612.83,1894.82,220,430.64,6067.37
100985,2025-04-01,10021.25,2204.68,100,501.06,7215.51
100986,2025-04-01,7148.0,1572.56,100,357.4,5118.04
100987,2025-04-01,6915.08,1521.32,220,345.75,4828.01
100988,2025-04-01,4681.83,1030.0,220,234.09,3197.74
100989,2025-04-01,13993.08,3078.48,400,699.65,9814.95
100990,2025-04-01,6878.67,1513.31,220,343.93,4801.43
100991,2025-04-01,6526.0,1435.72,100,326.3,4663.98
100992,2025-04-01,5915.17,1301.34,100,295.76,4218.07
100993,2025-04-01,17301.83,3806.4,100,865.09,12530.34
100994,2025-04-01,10354.17,2277.92,220,517.71,7338.54
100995,2025-04-01,4575.5,1006.61,100,228.78,3240.11
100996,2025-04-01,12650.67,2783.15,220,632.53,9014.99
100997,2025-04-01,12729.75,2800.54,220,636.49,9072.72
100998,2025-04-01,15408.92,3389.96,220,770.45,11028.51
100999,2025-04-01,18223.58,4009.19,220,911.18,13083.21
100000,2025-05-01,8744.5,1923.79,100,437.22,6283.49
100001,2025-05-01,16200.42,3564.09,220,810.02,11606.31
100002,2025-05-01,4856.08,1068.34,100,242.8,3444.94
100003,2025-05-01,9664.25,2126.14,400,483.21,6654.9
100004,2025-05-01,16300.08,3586.02,100,815.0,11799.06
100005,2025-05-01,4694.08,1032.7,400,234.7,3026.68
100006,2025-05-01,7999.17,1759.82,100,399.96,5739.39
100007,2025-05-01,16522.25,3634.9,100,826.11,11961.24
100008,2025-05-01,9285.33,2042.77,220,464.27,6558.29
100009,2025-05-01,6867.5,1510.85,220,343.38,4793.27
100010,2025-05-01,8538.0,1878.36,220,426.9,6012.74
100012,2025-05-01,10019.67,2204.33,100,500.98,7214.36
100013,2025-05-01,12860.83,2829.38,220,643.04,9168.41
100014,2025-05-01,8870.17,1951.44,220,443.51,6255.22
100015,2025-05-01,6121.08,1346.64,400,306.05,4068.39
100016,2025-05-01,17467.17,3842.78,100,873.36,12651.03
100017,2025-05-01,13563.83,2984.04,220,678.19,9681.6
100018,2025-05-01,6969.17,1533.22,220,348.46,4867.49
100019,2025-05-01,12101.0,2662.22,400,605.05,8433.73
100020,2025-05-01,4777.67,1051.09,220,238.88,3267.7
100021,2025-05-01,6825.5,1501.61,220,341.28,4762.61
100022,2025-05-01,24133.0,5309.26,220,1206.65,17397.09
100023,2025-05-01,9709.17,2136.02,400,485.46,6687.69
100025,2025-05-01,11177.33,2459.01,100,558.87,8059.45
100026,2025-05-01,5199.42,1143.87,220,259.97,3575.58
100027,2025-05-01,8371.83,1841.8,220,418.59,5891.44
100028,2025-05-01,7090.67,1559.95,100,354.53,5076.19
100029,2025-05-01,7551.17,1661.26,220,377.56,5292.35
100030,2025-05-01,9028.25,1986.22,220,451.41,6370.62
100031,2025-05-01,8074.25,1776.34,100,403.71,5794.2
100032,2025-05-01,9338.5,2054.47,220,466.92,6597.11
100033,2025-05-01,9847.17,2166.38,220,492.36,6968.43
100034,2025-05-01,11740.58,2582.93,220,587.03,8350.62
100035,2025-05-01,6916.67,1521.67,100,345.83,4949.17
100036,2025-05-01,9998.5,2199.67,100,499.92,7198.91
100037,2025-05-01,11402.42,2508.53,400,570.12,7923.77
100038,2025-05-01,5454.42,1199.97,220,272.72,3761.73
100039,2025-05-01,5137.17,1130.18,220,256.86,3530.13
100040,2025-05-01,7031.75,1546.98,400,351.59,4733.18
100041,2025-05-01,8271.92,1819.82,220,413.6,5818.5
100042,2025-05-01,4979.33,1095.45,220,248.97,3414.91
100043,2025-05-01,8497.58,1869.47,100,424.88,6103.23
100044,2025-05-01,7226.42,1589.81,220,361.32,5055.29
100045,2025-05-01,8889.0,1955.58,100,444.45,6388.97
100046,2025-05-01,6007.92,1321.74,220,300.4,4165.78
100047,2025-05-01,14270.0,3139.4,100,713.5,10317.1
100048,2025-05-01,9044.17,1989.72,100,452.21,6502.24
100050,2025-05-01,10215.83,2247.48,220,510.79,7237.56
100051,2025-05-01,16513.08,3632.88,100,825.65,11954.55
100052,2025-05-01,8533.25,1877.32,100,426.66,6129.27
100053,2025-05-01,4534.08,997.5,220,226.7,3089.88
100054,2025-05-01,5402.08,1188.46,100,270.1,3843.52
100056,2025-05-01,10575.25,2326.55,100,528.76,7619.94
100057,2025-05-01,16295.0,3584.9,220,814.75,11675.35
100058,2025-05-01,10025.83,2205.68,220,501.29,7098.86
100059,2025-05-01,13054.92,2872.08,220,652.75,9310.09
100060,2025-05-01,5013.5,1102.97,400,250.68,3259.85
100061,2025-05-01,6364.0,1400.08,100,318.2,4545.72
100062,2025-05-01,10547.17,2320.38,100,527.36,7599.43
100063,2025-05-01,8044.17,1769.72,100,402.21,5772.24
100064,2025-05-01,6489.33,1427.65,100,324.47,4637.21
100065,2025-05-01,11177.25,2459.0,400,558.86,7759.39
100066,2025-05-01,8195.33,1802.97,220,409.77,5762.59
100067,2025-05-01,25593.33,5630.53,100,1279.67,18583.13
100068,2025-05-01,8656.25,1904.38,400,432.81,5919.06
100069,2025-05-01,20376.5,4482.83,220,1018.82,14654.85
100070,2025-05-01,7230.75,1590.76,220,361.54,5058.45
100071,2025-05-01,7013.92,1543.06,220,350.7,4900.16
100072,2025-05-01,6646.83,1462.3,220,332.34,4632.19
100073,2025-05-01,4246.5,934.23,220,212.32,2879.95
100074,2025-05-01,20378.83,4483.34,100,1018.94,14776.55
100075,2025-05-01,13075.25,2876.56,100,653.76,9444.93
100076,2025-05-01,14175.17,3118.54,100,708.76,10247.87
100077,2025-05-01,8526.75,1875.88,220,426.34,6004.53
100078,2025-05-01,11431.5,2514.93,100,571.58,8244.99
100079,2025-05-01,13922.58,3062.97,220,696.13,9943.48
100080,2025-05-01,11563.58,2543.99,400,578.18,8041.41
100081,2025-05-01,11749.75,2584.95,220,587.49,8357.31
100082,2025-05-01,10007.17,2201.58,220,500.36,7085.23
100083,2025-05-01,10739.0,2362.58,220,536.95,7619.47
100084,2025-05-01,8358.92,1838.96,400,417.95,5702.01
100085,2025-05-01,12519.58,2754.31,220,625.98,8919.29
100086,2025-05-01,6163.5,1355.97,220,308.18,4279.35
100087,2025-05-01,5372.5,1181.95,100,268.62,3821.93
100088,2025-05-01,6751.58,1485.35,400,337.58,4528.65
100089,2025-05-01,11481.25,2525.88,220,574.06,8161.31
100090,2025-05-01,9712.0,2136.64,220,485.6,6869.76
100092,2025-05-01,9011.67,1982.57,220,450.58,6358.52
100093,2025-05-01,11286.08,2482.94,220,564.3,8018.84
100094,2025-05-01,10006.08,2201.34,220,500.3,7084.44
100095,2025-05-01,6582.33,1448.11,220,329.12,4585.1
100096,2025-05-01,22434.67,4935.63,220,1121.73,16157.31
100097,2025-05-01,5113.75,1125.03,100,255.69,3633.03
100098,2025-05-01,4986.75,1097.08,220,249.34,3420.33
100099,2025-05-01,13978.08,3075.18,220,698.9,9984.0
100100,2025-05-01,7296.17,1605.16,220,364.81,5106.2
100101,2025-05-01,6101.17,1342.26,100,305.06,4353.85
100102,2025-05-01,16290.33,3583.87,220,814.52,11671.94
100103,2025-05-01,7251.0,1595.22,220,362.55,5073.23
100104,2025-05-01,7078.67,1557.31,220,353.93,4947.43
100105,2025-05-01,7592.17,1670.28,220,379.61,5322.28
100106,2025-05-01,9642.83,2121.42,220,482.14,6819.27
100107,2025-05-01,6184.25,1360.54,400,309.21,4114.5
100108,2025-05-01,13372.33,2941.91,220,668.62,9541.8
100109,2025-05-01,12629.5,2778.49,400,631.48,8819.53
100110,2025-05-01,11377.83,2503.12,220,568.89,8085.82
100111,2025-05-01,6032.75,1327.2,220,301.64,4183.91
100112,2025-05-01,10516.42,2313.61,100,525.82,7576.99
100113,2025-05-01,5420.42,1192.49,220,271.02,3736.91
100114,2025-05-01,6167.92,1356.94,220,308.4,4282.58
100115,2025-05-01,7512.92,1652.84,100,375.65,5384.43
100116,2025-05-01,5355.42,1178.19,400,267.77,3509.46
100117,2025-05-01,11593.5,2550.57,400,579.68,8063.25
100118,2025-05-01,13666.58,3006.65,400,683.33,9576.6
100119,2025-05-01,10636.58,2340.05,400,531.83,7364.7
100120,2025-05-01,3826.75,841.88,400,191.34,2393.53
100121,2025-05-01,9815.58,2159.43,220,490.78,6945.37
100122,2025-05-01,7512.17,1652.68,400,375.61,5083.88
100123,2025-05-01,10494.17,2308.72,220,524.71,7440.74
100124,2025-05-01,12866.42,2830.61,100,643.32,9292.49
100125,2025-05-01,12459.0,2740.98,220,622.95,8875.07
100126,2025-05-01,5719.25,1258.23,220,285.96,3955.06
100127,2025-05-01,24784.33,5452.55,220,1239.22,17872.56
100128,2025-05-01,11624.67,2557.43,220,581.23,8266.01
100129,2025-05-01,16460.58,3621.33,220,823.03,11796.22
100130,2025-05-01,10629.5,2338.49,100,531.48,7659.53
100131,2025-05-01,12531.33,2756.89,400,626.57,8747.87
100132,2025-05-01,9301.42,2046.31,100,465.07,6690.04
100133,2025-05-01,8658.17,1904.8,220,432.91,6100.46
100134,2025-05-01,9672.08,2127.86,400,483.6,6660.62
100135,2025-05-01,5681.58,1249.95,220,284.08,3927.55
100136,2025-05-01,10078.58,2217.29,100,503.93,7257.36
100137,2025-05-01,7057.17,1552.58,220,352.86,4931.73
100138,2025-05-01,9475.42,2084.59,220,473.77,6697.06
100139,2025-05-01,9760.75,2147.37,220,488.04,6905.34
100140,2025-05-01,10897.42,2397.43,100,544.87,7855.12
100141,2025-05-01,6499.5,1429.89,100,324.98,4644.63
100142,2025-05-01,6961.17,1531.46,220,348.06,4861.65
100143,2025-05-01,17056.17,3752.36,100,852.81,12351.0
100144,2025-05-01,10714.0,2357.08,220,535.7,7601.22
100145,2025-05-01,9702.58,2134.57,400,485.13,6682.88
100146,2025-05-01,12174.67,2678.43,220,608.73,8667.51
100147,2025-05-01,11014.33,2423.15,220,550.72,7820.46
100148,2025-05-01,4662.5,1025.75,220,233.12,3183.63
100149,2025-05-01,6665.33,1466.37,400,333.27,4465.69
100150,2025-05-01,7481.0,1645.82,220,374.05,5241.13
100151,2025-05-01,13408.0,2949.76,220,670.4,9567.84
100152,2025-05-01,4294.25,944.74,400,214.71,2734.8
100153,2025-05-01,17254.0,3795.88,220,862.7,12375.42
100154,2025-05-01,11739.0,2582.58,100,586.95,8469.47
100155,2025-05-01,27010.08,5942.22,220,1350.5,19497.36
100156,2025-05-01,4961.33,1091.49,100,248.07,3521.77
100157,2025-05-01,14992.75,3298.4,220,749.64,10724.71
100158,2025-05-01,5022.92,1105.04,220,251.15,3446.73
100159,2025-05-01,6324.08,1391.3,100,316.2,4516.58
100160,2025-05-01,4579.67,1007.53,220,228.98,3123.16
100161,2025-05-01,10764.58,2368.21,400,538.23,7458.14
100162,2025-05-01,5027.92,1106.14,100,251.4,3570.38
100163,2025-05-01,10790.58,2373.93,100,539.53,7777.12
100164,2025-05-01,7656.08,1684.34,100,382.8,5488.94
100165,2025-05-01,17832.5,3923.15,100,891.62,12917.73
100166,2025-05-01,6276.33,1380.79,400,313.82,4181.72
100167,2025-05-01,21073.0,4636.06,400,1053.65,14983.29
100168,2025-05-01,12251.5,2695.33,220,612.58,8723.59
100169,2025-05-01,13159.08,2895.0,100,657.95,9506.13
100170,2025-05-01,8649.83,1902.96,220,432.49,6094.38
100171,2025-05-01,11288.92,2483.56,220,564.45,8020.91
100172,2025-05-01,11756.42,2586.41,220,587.82,8362.19
100173,2025-05-01,10751.67,2365.37,400,537.58,7448.72
100174,2025-05-01,7831.17,1722.86,100,391.56,5616.75
100175,2025-05-01,6820.75,1500.56,220,341.04,4759.15
100176,2025-05-01,4680.08,1029.62,220,234.0,3196.46
100177,2025-05-01,16270.83,3579.58,100,813.54,11777.71
100178,2025-05-01,17108.42,3763.85,100,855.42,12389.15
100179,2025-05-01,8740.08,1922.82,220,437.0,6160.26
100180,2025-05-01,7505.92,1651.3,220,375.3,5259.32
100181,2025-05-01,10899.58,2397.91,100,544.98,7856.69
100182,2025-05-01,4706.92,1035.52,100,235.35,3336.05
100183,2025-05-01,4793.67,1054.61,220,239.68,3279.38
100184,2025-05-01,8533.25,1877.32,100,426.66,6129.27
100185,2025-05-01,10691.67,2352.17,220,534.58,7584.92
100186,2025-05-01,14398.75,3167.72,400,719.94,10111.09
100187,2025-05-01,10599.92,2331.98,220,530.0,7517.94
100188,2025-05-01,5108.0,1123.76,220,255.4,3508.84
100189,2025-05-01,12720.33,2798.47,220,636.02,9065.84
100190,2025-05-01,4827.33,1062.01,100,241.37,3423.95
100191,2025-05-01,6292.0,1384.24,220,314.6,4373.16
100192,2025-05-01,12938.25,2846.42,100,646.91,9344.92
100193,2025-05-01,8522.0,1874.84,100,426.1,6121.06
100194,2025-05-01,7215.08,1587.32,220,360.75,5047.01
100195,2025-05-01,9574.17,2106.32,220,478.71,6769.14
100196,2025-05-01,8482.67,1866.19,400,424.13,5792.35
100197,2025-05-01,16074.92,3536.48,220,803.75,11514.69
100198,2025-05-01,4346.75,956.28,100,217.34,3073.13
100200,2025-05-01,8705.58,1915.23,400,435.28,5955.07
100201,2025-05-01,7928.5,1744.27,220,396.42,5567.81
100202,2025-05-01,6223.0,1369.06,220,311.15,4322.79
100203,2025-05-01,13177.08,2898.96,100,658.85,9519.27
100204,2025-05-01,8337.67,1834.29,220,416.88,5866.5
100205,2025-05-01,17276.17,3800.76,100,863.81,12511.6
100206,2025-05-01,13677.25,3009.0,100,683.86,9884.39
100207,2025-05-01,4833.08,1063.28,400,241.65,3128.15
100208,2025-05-01,9095.08,2000.92,220,454.75,6419.41
100209,2025-05-01,14445.58,3178.03,220,722.28,10325.27
100210,2025-05-01,11540.92,2539.0,220,577.05,8204.87
100212,2025-05-01,7973.17,1754.1,100,398.66,5720.41
100213,2025-05-01,5490.5,1207.91,220,274.53,3788.06
100214,2025-05-01,13607.33,2993.61,100,680.37,9833.35
100215,2025-05-01,10291.17,2264.06,400,514.56,7112.55
100216,2025-05-01,9269.83,2039.36,220,463.49,6546.98
100217,2025-05-01,5484.33,1206.55,220,274.22,3783.56
100218,2025-05-01,9908.0,2179.76,220,495.4,7012.84
100219,2025-05-01,5932.75,1305.2,400,296.64,3930.91
100220,2025-05-01,7198.25,1583.62,220,359.91,5034.72
100221,2025-05-01,6899.33,1517.85,220,344.97,4816.51
100223,2025-05-01,6598.75,1451.72,220,329.94,4597.09
100224,2025-05-01,6913.67,1521.01,220,345.68,4826.98
100225,2025-05-01,4591.0,1010.02,400,229.55,2951.43
100226,2025-05-01,23203.17,5104.7,220,1160.16,16718.31
100227,2025-05-01,24294.17,5344.72,220,1214.71,17514.74
100228,2025-05-01,5411.33,1190.49,400,270.57,3550.27
100229,2025-05-01,8560.92,1883.4,220,428.05,6029.47
100230,2025-05-01,9760.0,2147.2,220,488.0,6904.8
100231,2025-05-01,22098.75,4861.73,400,1104.94,15732.08
100232,2025-05-01,13901.08,3058.24,100,695.05,10047.79
100233,2025-05-01,7326.92,1611.92,400,366.35,4948.65
100234,2025-05-01,11183.25,2460.32,220,559.16,7943.77
100235,2025-05-01,10678.0,2349.16,100,533.9,7694.94
100236,2025-05-01,7095.25,1560.96,220,354.76,4959.53
100237,2025-05-01,15523.0,3415.06,100,776.15,11231.79
100238,2025-05-01,18354.5,4037.99,220,917.72,13178.79
100239,2025-05-01,6014.5,1323.19,220,300.73,4170.58
100240,2025-05-01,8551.92,1881.42,100,427.6,6142.9
100241,2025-05-01,11450.08,2519.02,220,572.5,8138.56
100242,2025-05-01,6591.67,1450.17,220,329.58,4591.92
100243,2025-05-01,17495.58,3849.03,400,874.78,12371.77
100245,2025-05-01,6192.0,1362.24,400,309.6,4120.16
100246,2025-05-01,5302.42,1166.53,220,265.12,3650.77
100247,2025-05-01,11670.75,2567.56,400,583.54,8119.65
100248,2025-05-01,14078.75,3097.32,220,703.94,10057.49
100249,2025-05-01,11857.17,2608.58,220,592.86,8435.73
100250,2025-05-01,5939.58,1306.71,220,296.98,4115.89
100251,2025-05-01,5168.08,1136.98,220,258.4,3552.7
100252,2025-05-01,6497.83,1429.52,220,324.89,4523.42
100253,2025-05-01,7226.42,1589.81,220,361.32,5055.29
100254,2025-05-01,11896.25,2617.18,400,594.81,8284.26
100255,2025-05-01,10391.25,2286.07,220,519.56,7365.62
100256,2025-05-01,5693.08,1252.48,220,284.65,3935.95
100257,2025-05-01,4037.33,888.21,400,201.87,2547.25
100258,2025-05-01,7744.83,1703.86,100,387.24,5553.73
100259,2025-05-01,13086.75,2879.08,400,654.34,9153.33
100260,2025-05-01,7084.0,1558.48,220,354.2,4951.32
100261,2025-05-01,11185.83,2460.88,100,559.29,8065.66
100262,2025-05-01,5959.08,1311.0,100,297.95,4250.13
100263,2025-05-01,7086.33,1558.99,400,354.32,4773.02
100264,2025-05-01,10092.42,2220.33,100,504.62,7267.47
100265,2025-05-01,17419.0,3832.18,100,870.95,12615.87
100266,2025-05-01,20413.0,4490.86,400,1020.65,14501.49
100267,2025-05-01,20731.25,4560.88,220,1036.56,14913.81
100268,2025-05-01,9857.5,2168.65,220,492.88,6975.97
100269,2025-05-01,6021.92,1324.82,220,301.1,4176.0
100270,2025-05-01,6936.25,1525.98,100,346.81,4963.46
100271,2025-05-01,11738.0,2582.36,220,586.9,8348.74
100272,2025-05-01,4280.0,941.6,220,214.0,2904.4
100273,2025-05-01,21680.0,4769.6,220,1084.0,15606.4
100274,2025-05-01,11110.17,2444.24,220,555.51,7890.42
100275,2025-05-01,8300.5,1826.11,220,415.02,5839.37
100276,2025-05-01,5181.5,1139.93,100,259.08,3682.49
100277,2025-05-01,4936.75,1086.08,220,246.84,3383.83
100278,2025-05-01,5171.33,1137.69,400,258.57,3375.07
100280,2025-05-01,7714.58,1697.21,400,385.73,5231.64
100281,2025-05-01,7568.75,1665.12,220,378.44,5305.19
100282,2025-05-01,5114.08,1125.1,220,255.7,3513.28
100283,2025-05-01,20383.67,4484.41,220,1019.18,14660.08
100284,2025-05-01,11007.17,2421.58,100,550.36,7935.23
100285,2025-05-01,7044.67,1549.83,100,352.23,5042.61
100286,2025-05-01,11583.0,2548.26,100,579.15,8355.59
100287,2025-05-01,9140.33,2010.87,220,457.02,6452.44
100288,2025-05-01,6849.75,1506.94,220,342.49,4780.32
100289,2025-05-01,11183.92,2460.46,400,559.2,7764.26
100290,2025-05-01,9605.83,2113.28,100,480.29,6912.26
100291,2025-05-01,8760.83,1927.38,220,438.04,6175.41
100292,2025-05-01,11820.33,2600.47,220,591.02,8408.84
100293,2025-05-01,8401.42,1848.31,100,420.07,6033.04
100294,2025-05-01,11269.5,2479.29,220,563.48,8006.73
100295,2025-05-01,5534.58,1217.61,100,276.73,3940.24
100296,2025-05-01,15707.08,3455.56,400,785.35,11066.17
100297,2025-05-01,4233.17,931.3,400,211.66,2690.21
100299,2025-05-01,11747.33,2584.41,400,587.37,8175.55
100300,2025-05-01,8452.83,1859.62,220,422.64,5950.57
100301,2025-05-01,28843.33,6345.53,100,1442.17,20955.63
100302,2025-05-01,7950.33,1749.07,100,397.52,5703.74
100303,2025-05-01,14151.42,3113.31,400,707.57,9930.54
100304,2025-05-01,11324.83,2491.46,220,566.24,8047.13
100306,2025-05-01,8346.5,1836.23,100,417.33,5992.94
100307,2025-05-01,5939.0,1306.58,220,296.95,4115.47
100309,2025-05-01,12245.5,2694.01,400,612.28,8539.21
100310,2025-05-01,5573.17,1226.1,400,278.66,3668.41
100311,2025-05-01,5539.67,1218.73,220,276.98,3823.96
100312,2025-05-01,12286.92,2703.12,220,614.35,8749.45
100314,2025-05-01,9169.0,2017.18,400,458.45,6293.37
100315,2025-05-01,18312.92,4028.84,400,915.65,12968.43
100316,2025-05-01,14302.58,3146.57,400,715.13,10040.88
100317,2025-05-01,8518.0,1873.96,220,425.9,5998.14
100319,2025-05-01,8474.75,1864.44,100,423.74,6086.57
100320,2025-05-01,10631.75,2338.98,220,531.59,7541.18
100321,2025-05-01,16151.0,3553.22,100,807.55,11690.23
100323,2025-05-01,8532.5,1877.15,220,426.62,6008.73
100324,2025-05-01,9466.42,2082.61,100,473.32,6810.49
100325,2025-05-01,5495.75,1209.06,220,274.79,3791.9
100327,2025-05-01,5106.42,1123.41,100,255.32,3627.69
100328,2025-05-01,3681.25,809.88,400,184.06,2287.31
100329,2025-05-01,8122.17,1786.88,100,406.11,5829.18
100330,2025-05-01,8713.75,1917.02,220,435.69,6141.04
100331,2025-05-01,20744.17,4563.72,220,1037.21,14923.24
100332,2025-05-01,14002.75,3080.6,220,700.14,10002.01
100333,2025-05-01,10952.42,2409.53,100,547.62,7895.27
100334,2025-05-01,11284.17,2482.52,220,564.21,8017.44
100335,2025-05-01,14437.17,3176.18,400,721.86,10139.13
100336,2025-05-01,12171.58,2677.75,220,608.58,8665.25
100337,2025-05-01,4941.67,1087.17,100,247.08,3507.42
100338,2025-05-01,6874.58,1512.41,100,343.73,4918.44
100339,2025-05-01,7756.33,1706.39,220,387.82,5442.12
100340,2025-05-01,7050.33,1551.07,400,352.52,4746.74
100341,2025-05-01,19477.17,4284.98,220,973.86,13998.33
100342,2025-05-01,8033.08,1767.28,220,401.65,5644.15
100343,2025-05-01,4793.67,1054.61,220,239.68,3279.38
100344,2025-05-01,5233.0,1151.26,100,261.65,3720.09
100345,2025-05-01,10971.08,2413.64,220,548.55,7788.89
100346,2025-05-01,23902.17,5258.48,100,1195.11,17348.58
100347,2025-05-01,8927.42,1964.03,400,446.37,6117.02
100349,2025-05-01,17708.83,3895.94,220,885.44,12707.45
100350,2025-05-01,8127.33,1788.01,220,406.37,5712.95
100351,2025-05-01,5291.0,1164.02,220,264.55,3642.43
100352,2025-05-01,12182.58,2680.17,100,609.13,8793.28
100355,2025-05-01,15009.67,3302.13,100,750.48,10857.06
100356,2025-05-01,11248.0,2474.56,220,562.4,7991.04
100357,2025-05-01,16105.42,3543.19,100,805.27,11656.96
100358,2025-05-01,11705.58,2575.23,100,585.28,8445.07
100359,2025-05-01,6783.33,1492.33,400,339.17,4551.83
100360,2025-05-01,4982.92,1096.24,220,249.15,3417.53
100361,2025-05-01,13604.25,2992.94,220,680.21,9711.1
100362,2025-05-01,11160.67,2455.35,100,558.03,8047.29
100363,2025-05-01,4012.17,882.68,100,200.61,2828.88
100364,2025-05-01,11015.0,2423.3,220,550.75,7820.95
100365,2025-05-01,5052.67,1111.59,100,252.63,3588.45
100366,2025-05-01,4507.92,991.74,220,225.4,3070.78
100367,2025-05-01,8614.92,1895.28,400,430.75,5888.89
100368,2025-05-01,12156.67,2674.47,400,607.83,8474.37
100369,2025-05-01,7728.67,1700.31,100,386.43,5541.93
100370,2025-05-01,6925.25,1523.56,220,346.26,4835.43
100371,2025-05-01,5158.75,1134.92,400,257.94,3365.89
100373,2025-05-01,13195.83,2903.08,400,659.79,9232.96
100374,2025-05-01,9094.08,2000.7,400,454.7,6238.68
100375,2025-05-01,14965.92,3292.5,220,748.3,10705.12
100376,2025-05-01,6037.08,1328.16,220,301.85,4187.07
100377,2025-05-01,8586.33,1888.99,220,429.32,6048.02
100378,2025-05-01,10900.25,2398.05,400,545.01,7557.19
100379,2025-05-01,13227.17,2909.98,400,661.36,9255.83
100380,2025-05-01,7645.83,1682.08,220,382.29,5361.46
100381,2025-05-01,6584.0,1448.48,220,329.2,4586.32
100382,2025-05-01,8411.58,1850.55,220,420.58,5920.45
100383,2025-05-01,16491.5,3628.13,100,824.58,11938.79
100384,2025-05-01,7057.0,1552.54,100,352.85,5051.61
100385,2025-05-01,12130.67,2668.75,220,606.53,8635.39
100386,2025-05-01,13140.83,2890.98,220,657.04,9372.81
100387,2025-05-01,19800.58,4356.13,400,990.03,14054.42
100388,2025-05-01,5502.33,1210.51,100,275.12,3916.7
100389,2025-05-01,10732.33,2361.11,400,536.62,7434.6
100390,2025-05-01,20463.58,4501.99,400,1023.18,14538.41
100391,2025-05-01,14981.0,3295.82,100,749.05,10836.13
100392,2025-05-01,6118.33,1346.03,220,305.92,4246.38
100393,2025-05-01,6121.58,1346.75,400,306.08,4068.75
100394,2025-05-01,12860.25,2829.26,220,643.01,9167.98
100395,2025-05-01,8469.83,1863.36,220,423.49,5962.98
100396,2025-05-01,11023.17,2425.1,400,551.16,7646.91
100397,2025-05-01,6967.08,1532.76,400,348.35,4685.97
100398,2025-05-01,8725.83,1919.68,220,436.29,6149.86
100399,2025-05-01,15447.42,3398.43,220,772.37,11056.62
100400,2025-05-01,7826.92,1721.92,100,391.35,5613.65
100401,2025-05-01,13556.5,2982.43,100,677.82,9796.25
100402,2025-05-01,4993.25,1098.52,220,249.66,3425.07
100403,2025-05-01,4464.0,982.08,100,223.2,3158.72
100405,2025-05-01,17054.75,3752.04,220,852.74,12229.97
100406,2025-05-01,7996.08,1759.14,400,399.8,5437.14
100407,2025-05-01,12467.25,2742.8,100,623.36,9001.09
100408,2025-05-01,9037.67,1988.29,220,451.88,6377.5
100409,2025-05-01,14664.67,3226.23,400,733.23,10305.21
100410,2025-05-01,9257.0,2036.54,100,462.85,6657.61
100411,2025-05-01,3908.42,859.85,400,195.42,2453.15
100412,2025-05-01,12123.25,2667.12,220,606.16,8629.97
100413,2025-05-01,16672.0,3667.84,220,833.6,11950.56
100414,2025-05-01,4819.75,1060.34,220,240.99,3298.42
100415,2025-05-01,12880.75,2833.76,220,644.04,9182.95
100416,2025-05-01,9344.33,2055.75,100,467.22,6721.36
100417,2025-05-01,27643.58,6081.59,400,1382.18,19779.81
100418,2025-05-01,4198.42,923.65,400,209.92,2664.85
100419,2025-05-01,8496.08,1869.14,220,424.8,5982.14
100420,2025-05-01,20329.08,4472.4,220,1016.45,14620.23
100421,2025-05-01,5648.33,1242.63,220,282.42,3903.28
100422,2025-05-01,6922.33,1522.91,220,346.12,4833.3
100423,2025-05-01,7091.25,1560.08,220,354.56,4956.61
100424,2025-05-01,14635.17,3219.74,220,731.76,10463.67
100425,2025-05-01,12564.75,2764.24,220,628.24,8952.27
100426,2025-05-01,5532.17,1217.08,100,276.61,3938.48
100427,2025-05-01,7573.42,1666.15,100,378.67,5428.6
100428,2025-05-01,14280.0,3141.6,220,714.0,10204.4
100429,2025-05-01,7175.0,1578.5,220,358.75,5017.75
100430,2025-05-01,11413.17,2510.9,100,570.66,8231.61
100432,2025-05-01,8037.83,1768.32,220,401.89,5647.62
100433,2025-05-01,4248.92,934.76,220,212.45,2881.71
100434,2025-05-01,5212.0,1146.64,220,260.6,3584.76
100435,2025-05-01,10599.42,2331.87,400,529.97,7337.58
100436,2025-05-01,14356.08,3158.34,220,717.8,10259.94
100437,2025-05-01,10385.92,2284.9,220,519.3,7361.72
100438,2025-05-01,11318.58,2490.09,400,565.93,7862.56
100439,2025-05-01,5968.83,1313.14,220,298.44,4137.25
100440,2025-05-01,10986.08,2416.94,100,549.3,7919.84
100441,2025-05-01,14977.75,3295.1,220,748.89,10713.76
100442,2025-05-01,14767.92,3248.94,220,738.4,10560.58
100443,2025-05-01,4340.17,954.84,100,217.01,3068.32
100444,2025-05-01,4863.42,1069.95,100,243.17,3450.3
100445,2025-05-01,7457.67,1640.69,100,372.88,5344.1
100446,2025-05-01,14065.75,3094.46,400,703.29,9868.0
100447,2025-05-01,6094.92,1340.88,220,304.75,4229.29
100449,2025-05-01,8685.17,1910.74,100,434.26,6240.17
100450,2025-05-01,17230.42,3790.69,220,861.52,12358.21
100451,2025-05-01,8027.33,1766.01,100,401.37,5759.95
100452,2025-05-01,4974.25,1094.34,100,248.71,3531.2
100453,2025-05-01,11637.0,2560.14,220,581.85,8275.01
100454,2025-05-01,14660.5,3225.31,220,733.03,10482.16
100455,2025-05-01,10924.92,2403.48,220,546.25,7755.19
100456,2025-05-01,7599.92,1671.98,100,380.0,5447.94
100457,2025-05-01,13499.58,2969.91,220,674.98,9634.69
100458,2025-05-01,6842.17,1505.28,400,342.11,4594.78
100459,2025-05-01,12320.33,2710.47,100,616.02,8893.84
100460,2025-05-01,3810.25,838.26,400,190.51,2381.48
100461,2025-05-01,6783.42,1492.35,220,339.17,4731.9
100462,2025-05-01,13725.25,3019.56,220,686.26,9799.43
100463,2025-05-01,13139.67,2890.73,220,656.98,9371.96
100464,2025-05-01,12764.17,2808.12,220,638.21,9097.84
100465,2025-05-01,13777.0,3030.94,100,688.85,9957.21
100466,2025-05-01,4673.33,1028.13,400,233.67,3011.53
100467,2025-05-01,12514.42,2753.17,220,625.72,8915.53
100468,2025-05-01,11263.58,2477.99,220,563.18,8002.41
100469,2025-05-01,11250.0,2475.0,220,562.5,7992.5
100470,2025-05-01,17362.25,3819.7,220,868.11,12454.44
100471,2025-05-01,6638.5,1460.47,220,331.92,4626.11
100472,2025-05-01,6923.92,1523.26,220,346.2,4834.46
100473,2025-05-01,4599.67,1011.93,100,229.98,3257.76
100474,2025-05-01,9964.5,2192.19,220,498.22,7054.09
100475,2025-05-01,7331.33,1612.89,400,366.57,4951.87
100476,2025-05-01,10317.25,2269.8,100,515.86,7431.59
100477,2025-05-01,13891.17,3056.06,400,694.56,9740.55
100478,2025-05-01,6692.67,1472.39,100,334.63,4785.65
100479,2025-05-01,8526.5,1875.83,400,426.33,5824.34
100481,2025-05-01,11506.92,2531.52,400,575.35,8000.05
100482,2025-05-01,8355.92,1838.3,400,417.8,5699.82
100483,2025-05-01,9210.92,2026.4,400,460.55,6323.97
100484,2025-05-01,20741.83,4563.2,220,1037.09,14921.54
100485,2025-05-01,28986.75,6377.08,220,1449.34,20940.33
100486,2025-05-01,10518.33,2314.03,100,525.92,7578.38
100487,2025-05-01,4332.0,953.04,220,216.6,2942.36
100488,2025-05-01,6996.92,1539.32,100,349.85,5007.75
100489,2025-05-01,8936.5,1966.03,220,446.83,6303.64
100490,2025-05-01,7107.92,1563.74,220,355.4,4968.78
100491,2025-05-01,22139.5,4870.69,100,1106.98,16061.83
100492,2025-05-01,19722.83,4339.02,100,986.14,14297.67
100493,2025-05-01,4165.92,916.5,400,208.3,2641.12
100494,2025-05-01,6208.33,1365.83,100,310.42,4432.08
100495,2025-05-01,10684.67,2350.63,220,534.23,7579.81
100496,2025-05-01,9611.67,2114.57,220,480.58,6796.52
100497,2025-05-01,13683.25,3010.32,220,684.16,9768.77
100498,2025-05-01,9127.75,2008.1,100,456.39,6563.26
100499,2025-05-01,12481.5,2745.93,220,624.08,8891.49
100500,2025-05-01,18567.5,4084.85,100,928.38,13454.27
100501,2025-05-01,13638.25,3000.42,100,681.91,9855.92
100502,2025-05-01,9083.33,1998.33,220,454.17,6410.83
100503,2025-05-01,10600.33,2332.07,100,530.02,7638.24
100505,2025-05-01,11865.83,2610.48,100,593.29,8562.06
100506,2025-05-01,9954.08,2189.9,100,497.7,7166.48
100507,2025-05-01,5495.83,1209.08,400,274.79,3611.96
100508,2025-05-01,4751.42,1045.31,100,237.57,3368.54
100509,2025-05-01,11308.25,2487.82,220,565.41,8035.02
100510,2025-05-01,16412.0,3610.64,100,820.6,11880.76
100511,2025-05-01,9278.25,2041.22,220,463.91,6553.12
100512,2025-05-01,14866.58,3270.65,220,743.33,10632.6
100513,2025-05-01,17070.25,3755.46,100,853.51,12361.28
100514,2025-05-01,15397.5,3387.45,100,769.88,11140.17
100515,2025-05-01,8736.33,1921.99,400,436.82,5977.52
100516,2025-05-01,13814.58,3039.21,100,690.73,9984.64
100517,2025-05-01,7789.42,1713.67,220,389.47,5466.28
100518,2025-05-01,16871.5,3711.73,100,843.58,12216.19
100519,2025-05-01,4507.17,991.58,220,225.36,3070.23
100520,2025-05-01,20704.25,4554.94,100,1035.21,15014.1
100521,2025-05-01,11371.92,2501.82,400,568.6,7901.5
100522,2025-05-01,9523.42,2095.15,220,476.17,6732.1
100523,2025-05-01,3860.83,849.38,220,193.04,2598.41
100524,2025-05-01,10931.42,2404.91,100,546.57,7879.94
100525,2025-05-01,15705.17,3455.14,400,785.26,11064.77
100526,2025-05-01,11086.83,2439.1,100,554.34,7993.39
100527,2025-05-01,9280.08,2041.62,220,464.0,6554.46
100528,2025-05-01,7585.67,1668.85,400,379.28,5137.54
100529,2025-05-01,10539.17,2318.62,220,526.96,7473.59
100530,2025-05-01,6331.75,1392.98,100,316.59,4522.18
100531,2025-05-01,6288.75,1383.52,220,314.44,4370.79
100532,2025-05-01,6436.58,1416.05,220,321.83,4478.7
100533,2025-05-01,10703.58,2354.79,100,535.18,7713.61
100534,2025-05-01,15564.75,3424.24,400,778.24,10962.27
100535,2025-05-01,12543.25,2759.52,100,627.16,9056.57
100536,2025-05-01,7033.5,1547.37,400,351.68,4734.45
100537,2025-05-01,6512.92,1432.84,220,325.65,4534.43
100538,2025-05-01,5472.33,1203.91,400,273.62,3594.8
100539,2025-05-01,12355.33,2718.17,400,617.77,8619.39
100540,2025-05-01,5044.08,1109.7,220,252.2,3462.18
100541,2025-05-01,6569.92,1445.38,220,328.5,4576.04
100542,2025-05-01,22225.92,4889.7,400,1111.3,15824.92
100543,2025-05-01,12555.75,2762.26,100,627.79,9065.7
100544,2025-05-01,11292.5,2484.35,400,564.62,7843.53
100545,2025-05-01,8478.58,1865.29,100,423.93,6089.36
100546,2025-05-01,7117.33,1565.81,220,355.87,4975.65
100547,2025-05-01,9246.83,2034.3,400,462.34,6350.19
100548,2025-05-01,6679.83,1469.56,100,333.99,4776.28
100549,2025-05-01,8652.08,1903.46,220,432.6,6096.02
100550,2025-05-01,21459.0,4720.98,220,1072.95,15445.07
100551,2025-05-01,8769.83,1929.36,220,438.49,6181.98
100552,2025-05-01,9731.83,2141.0,100,486.59,7004.24
100553,2025-05-01,5298.58,1165.69,220,264.93,3647.96
100554,2025-05-01,11168.58,2457.09,220,558.43,7933.06
100555,2025-05-01,7331.17,1612.86,220,366.56,5131.75
100556,2025-05-01,13976.83,3074.9,400,698.84,9803.09
100557,2025-05-01,9183.25,2020.32,220,459.16,6483.77
100558,2025-05-01,12502.0,2750.44,220,625.1,8906.46
100559,2025-05-01,7180.0,1579.6,220,359.0,5021.4
100560,2025-05-01,6923.92,1523.26,220,346.2,4834.46
100561,2025-05-01,6688.5,1471.47,220,334.42,4662.61
100562,2025-05-01,6130.83,1348.78,220,306.54,4255.51
100563,2025-05-01,15867.17,3490.78,220,793.36,11363.03
100564,2025-05-01,14048.92,3090.76,220,702.45,10035.71
100565,2025-05-01,3489.08,767.6,400,174.45,2147.03
100566,2025-05-01,3719.83,818.36,220,185.99,2495.48
100567,2025-05-01,5492.33,1208.31,100,274.62,3909.4
100568,2025-05-01,20636.83,4540.1,220,1031.84,14844.89
100569,2025-05-01,11059.0,2432.98,220,552.95,7853.07
100570,2025-05-01,6357.42,1398.63,100,317.87,4540.92
100571,2025-05-01,6511.5,1432.53,400,325.58,4353.39
100572,2025-05-01,11632.75,2559.2,220,581.64,8271.91
100573,2025-05-01,11151.83,2453.4,100,557.59,8040.84
100574,2025-05-01,7134.92,1569.68,220,356.75,4988.49
100575,2025-05-01,6802.0,1496.44,220,340.1,4745.46
100576,2025-05-01,15596.5,3431.23,220,779.82,11165.45
100577,2025-05-01,11034.33,2427.55,400,551.72,7655.06
100579,2025-05-01,13670.92,3007.6,220,683.55,9759.77
100580,2025-05-01,21399.67,4707.93,220,1069.98,15401.76
100581,2025-05-01,7290.67,1603.95,220,364.53,5102.19
100582,2025-05-01,10169.0,2237.18,220,508.45,7203.37
100584,2025-05-01,9813.83,2159.04,400,490.69,6764.1
100585,2025-05-01,5403.25,1188.71,220,270.16,3724.38
100586,2025-05-01,4993.08,1098.48,400,249.65,3244.95
100587,2025-05-01,14336.25,3153.98,100,716.81,10365.46
100588,2025-05-01,10865.75,2390.46,220,543.29,7712.0
100589,2025-05-01,5273.5,1160.17,100,263.68,3749.65
100591,2025-05-01,7146.42,1572.21,220,357.32,4996.89
100592,2025-05-01,7969.25,1753.24,100,398.46,5717.55
100593,2025-05-01,11564.33,2544.15,220,578.22,8221.96
100594,2025-05-01,6371.5,1401.73,400,318.58,4251.19
100595,2025-05-01,6758.08,1486.78,220,337.9,4713.4
100596,2025-05-01,7398.83,1627.74,400,369.94,5001.15
100597,2025-05-01,8884.83,1954.66,100,444.24,6385.93
100598,2025-05-01,11014.08,2423.1,220,550.7,7820.28
100600,2025-05-01,11186.67,2461.07,100,559.33,8066.27
100601,2025-05-01,7966.67,1752.67,220,398.33,5595.67
100602,2025-05-01,5323.08,1171.08,220,266.15,3665.85
100603,2025-05-01,6669.75,1467.34,220,333.49,4648.92
100604,2025-05-01,15911.33,3500.49,100,795.57,11515.27
100605,2025-05-01,14222.5,3128.95,220,711.12,10162.43
100606,2025-05-01,10431.58,2294.95,220,521.58,7395.05
100607,2025-05-01,9007.83,1981.72,220,450.39,6355.72
100608,2025-05-01,8599.33,1891.85,400,429.97,5877.51
100609,2025-05-01,12166.17,2676.56,400,608.31,8481.3
100610,2025-05-01,13677.08,3008.96,220,683.85,9764.27
100611,2025-05-01,5678.17,1249.2,100,283.91,4045.06
100612,2025-05-01,8269.5,1819.29,100,413.48,5936.73
100613,2025-05-01,10397.92,2287.54,220,519.9,7370.48
100614,2025-05-01,9633.92,2119.46,100,481.7,6932.76
100615,2025-05-01,8612.75,1894.8,220,430.64,6067.31
100616,2025-05-01,10275.33,2260.57,220,513.77,7280.99
100617,2025-05-01,5405.92,1189.3,220,270.3,3726.32
100618,2025-05-01,9051.58,1991.35,100,452.58,6507.65
100619,2025-05-01,14271.58,3139.75,400,713.58,10018.25
100620,2025-05-01,7148.25,1572.62,220,357.41,4998.22
100621,2025-05-01,13400.0,2948.0,220,670.0,9562.0
100622,2025-05-01,5006.0,1101.32,100,250.3,3554.38
100623,2025-05-01,6891.83,1516.2,400,344.59,4631.04
100624,2025-05-01,8790.92,1934.0,400,439.55,6017.37
100625,2025-05-01,4367.75,960.9,400,218.39,2788.46
100627,2025-05-01,8589.42,1889.67,220,429.47,6050.28
100628,2025-05-01,6623.5,1457.17,100,331.18,4735.15
100629,2025-05-01,21609.08,4754.0,220,1080.45,15554.63
100631,2025-05-01,4311.0,948.42,100,215.55,3047.03
100632,2025-05-01,5496.5,1209.23,220,274.82,3792.45
100633,2025-05-01,9010.92,1982.4,220,450.55,6357.97
100634,2025-05-01,7452.08,1639.46,220,372.6,5220.02
100635,2025-05-01,7556.0,1662.32,400,377.8,5115.88
100636,2025-05-01,13139.75,2890.74,220,656.99,9372.02
100637,2025-05-01,5534.58,1217.61,100,276.73,3940.24
100638,2025-05-01,14081.42,3097.91,220,704.07,10059.44
100639,2025-05-01,10971.17,2413.66,220,548.56,7788.95
100640,2025-05-01,4788.25,1053.42,220,239.41,3275.42
100641,2025-05-01,10850.17,2387.04,100,542.51,7820.62
100642,2025-05-01,7286.0,1602.92,220,364.3,5098.78
100643,2025-05-01,9379.83,2063.56,100,468.99,6747.28
100644,2025-05-01,4487.58,987.27,220,224.38,3055.93
100645,2025-05-01,4781.42,1051.91,400,239.07,3090.44
100646,2025-05-01,10601.58,2332.35,100,530.08,7639.15
100647,2025-05-01,5975.83,1314.68,220,298.79,4142.36
100648,2025-05-01,15235.33,3351.77,220,761.77,10901.79
100649,2025-05-01,6967.92,1532.94,220,348.4,4866.58
100650,2025-05-01,7900.0,1738.0,100,395.0,5667.0
100651,2025-05-01,13625.25,2997.56,220,681.26,9726.43
100652,2025-05-01,6572.83,1446.02,100,328.64,4698.17
100653,2025-05-01,6903.58,1518.79,220,345.18,4819.61
100654,2025-05-01,6909.83,1520.16,100,345.49,4944.18
100655,2025-05-01,5909.58,1300.11,400,295.48,3913.99
100656,2025-05-01,6749.75,1484.94,220,337.49,4707.32
100658,2025-05-01,20255.42,4456.19,220,1012.77,14566.46
100659,2025-05-01,5462.17,1201.68,100,273.11,3887.38
100660,2025-05-01,8073.08,1776.08,100,403.65,5793.35
100661,2025-05-01,5278.58,1161.29,100,263.93,3753.36
100662,2025-05-01,5662.17,1245.68,100,283.11,4033.38
100663,2025-05-01,5972.33,1313.91,100,298.62,4259.8
100664,2025-05-01,13647.25,3002.4,220,682.36,9742.49
100665,2025-05-01,10021.0,2204.62,220,501.05,7095.33
100666,2025-05-01,18459.92,4061.18,100,923.0,13375.74
100667,2025-05-01,6191.83,1362.2,400,309.59,4120.04
100668,2025-05-01,6830.42,1502.69,100,341.52,4886.21
100669,2025-05-01,28616.42,6295.61,100,1430.82,20789.99
100670,2025-05-01,10721.25,2358.68,400,536.06,7426.51
100671,2025-05-01,7237.33,1592.21,220,361.87,5063.25
100672,2025-05-01,5587.83,1229.32,220,279.39,3859.12
100673,2025-05-01,10861.5,2389.53,100,543.08,7828.89
100674,2025-05-01,9412.92,2070.84,220,470.65,6651.43
100675,2025-05-01,12841.92,2825.22,100,642.1,9274.6
100676,2025-05-01,6429.75,1414.54,100,321.49,4593.72
100677,2025-05-01,11067.67,2434.89,100,553.38,7979.4
100678,2025-05-01,5059.25,1113.04,100,252.96,3593.25
100679,2025-05-01,10046.08,2210.14,100,502.3,7233.64
100680,2025-05-01,11313.75,2489.02,220,565.69,8039.04
100681,2025-05-01,9686.75,2131.08,220,484.34,6851.33
100682,2025-05-01,3700.92,814.2,220,185.05,2481.67
100683,2025-05-01,7107.42,1563.63,100,355.37,5088.42
100684,2025-05-01,17633.75,3879.42,100,881.69,12772.64
100685,2025-05-01,13335.75,2933.86,220,666.79,9515.1
100686,2025-05-01,9124.25,2007.34,400,456.21,6260.7
100687,2025-05-01,5105.58,1123.23,100,255.28,3627.07
100688,2025-05-01,9887.0,2175.14,100,494.35,7117.51
100689,2025-05-01,6372.67,1401.99,400,318.63,4252.05
100690,2025-05-01,12770.5,2809.51,100,638.53,9222.46
100691,2025-05-01,8893.67,1956.61,100,444.68,6392.38
100693,2025-05-01,7927.83,1744.12,400,396.39,5387.32
100694,2025-05-01,9824.92,2161.48,220,491.25,6952.19
100695,2025-05-01,7719.33,1698.25,220,385.97,5415.11
100696,2025-05-01,11767.92,2588.94,220,588.4,8370.58
100697,2025-05-01,7481.67,1645.97,100,374.08,5361.62
100698,2025-05-01,17003.42,3740.75,100,850.17,12312.5
100699,2025-05-01,6472.58,1423.97,400,323.63,4324.98
100700,2025-05-01,6858.0,1508.76,400,342.9,4606.34
100701,2025-05-01,5128.75,1128.32,100,256.44,3643.99
100702,2025-05-01,11160.75,2455.37,100,558.04,8047.34
100703,2025-05-01,8301.17,1826.26,220,415.06,5839.85
100704,2025-05-01,8548.83,1880.74,100,427.44,6140.65
100705,2025-05-01,7539.83,1658.76,400,376.99,5104.08
100706,2025-05-01,13665.17,3006.34,220,683.26,9755.57
100707,2025-05-01,4253.42,935.75,220,212.67,2885.0
100708,2025-05-01,10237.75,2252.3,220,511.89,7253.56
100711,2025-05-01,5284.42,1162.57,220,264.22,3637.63
100712,2025-05-01,5832.5,1283.15,220,291.62,4037.73
100713,2025-05-01,8020.17,1764.44,220,401.01,5634.72
100714,2025-05-01,6881.33,1513.89,220,344.07,4803.37
100715,2025-05-01,16336.08,3593.94,220,816.8,11705.34
100716,2025-05-01,5715.5,1257.41,220,285.78,3952.31
100717,2025-05-01,10722.58,2358.97,100,536.13,7727.48
100718,2025-05-01,3589.25,789.64,220,179.46,2400.15
100719,2025-05-01,5762.5,1267.75,220,288.12,3986.63
100720,2025-05-01,12895.25,2836.96,220,644.76,9193.53
100721,2025-05-01,9718.5,2138.07,220,485.92,6874.51
100722,2025-05-01,7115.75,1565.46,400,355.79,4794.5
100723,2025-05-01,18231.0,4010.82,220,911.55,13088.63
100724,2025-05-01,7477.67,1645.09,400,373.88,5058.7
100725,2025-05-01,9349.42,2056.87,220,467.47,6605.08
100726,2025-05-01,4778.83,1051.34,220,238.94,3268.55
100727,2025-05-01,3900.67,858.15,220,195.03,2627.49
100728,2025-05-01,4869.42,1071.27,400,243.47,3154.68
100729,2025-05-01,8068.67,1775.11,400,403.43,5490.13
100730,2025-05-01,14393.0,3166.46,100,719.65,10406.89
100731,2025-05-01,7066.92,1554.72,100,353.35,5058.85
100732,2025-05-01,6575.08,1446.52,220,328.75,4579.81
100733,2025-05-01,15349.33,3376.85,100,767.47,11105.01
100734,2025-05-01,19295.33,4244.97,100,964.77,13985.59
100735,2025-05-01,10597.42,2331.43,100,529.87,7636.12
100736,2025-05-01,7990.33,1757.87,100,399.52,5732.94
100737,2025-05-01,28877.42,6353.03,220,1443.87,20860.52
100738,2025-05-01,8669.25,1907.24,400,433.46,5928.55
100739,2025-05-01,11473.58,2524.19,220,573.68,8155.71
100740,2025-05-01,18796.0,4135.12,220,939.8,13501.08
100741,2025-05-01,8747.33,1924.41,220,437.37,6165.55
100742,2025-05-01,10662.75,2345.8,100,533.14,7683.81
100743,2025-05-01,10857.5,2388.65,220,542.88,7705.97
100744,2025-05-01,11943.08,2627.48,220,597.15,8498.45
100745,2025-05-01,8563.0,1883.86,100,428.15,6150.99
100746,2025-05-01,16333.5,3593.37,220,816.68,11703.45
100748,2025-05-01,9120.83,2006.58,400,456.04,6258.21
100749,2025-05-01,9089.17,1999.62,220,454.46,6415.09
100750,2025-05-01,12949.08,2848.8,400,647.45,9052.83
100751,2025-05-01,14411.92,3170.62,220,720.6,10300.7
100752,2025-05-01,7541.33,1659.09,220,377.07,5285.17
100753,2025-05-01,11386.33,2504.99,220,569.32,8092.02
100754,2025-05-01,6691.08,1472.04,220,334.55,4664.49
100755,2025-05-01,7360.33,1619.27,220,368.02,5153.04
100756,2025-05-01,3943.33,867.53,100,197.17,2778.63
100757,2025-05-01,5041.08,1109.04,220,252.05,3459.99
100759,2025-05-01,17015.92,3743.5,100,850.8,12321.62
100760,2025-05-01,8307.67,1827.69,220,415.38,5844.6
100761,2025-05-01,5731.83,1261.0,220,286.59,3964.24
100762,2025-05-01,7651.0,1683.22,220,382.55,5365.23
100763,2025-05-01,10894.83,2396.86,220,544.74,7733.23
100764,2025-05-01,5163.58,1135.99,220,258.18,3549.41
100765,2025-05-01,10450.58,2299.13,220,522.53,7408.92
100766,2025-05-01,4566.58,1004.65,220,228.33,3113.6
100767,2025-05-01,9073.25,1996.12,220,453.66,6403.47
100770,2025-05-01,10620.75,2336.56,220,531.04,7533.15
100771,2025-05-01,7740.42,1702.89,100,387.02,5550.51
100773,2025-05-01,9824.92,2161.48,220,491.25,6952.19
100774,2025-05-01,13224.67,2909.43,400,661.23,9254.01
100775,2025-05-01,8976.75,1974.88,100,448.84,6453.03
100776,2025-05-01,14167.5,3116.85,100,708.38,10242.27
100777,2025-05-01,15814.75,3479.24,400,790.74,11144.77
100778,2025-05-01,6709.92,1476.18,400,335.5,4498.24
100779,2025-05-01,6644.5,1461.79,100,332.22,4750.49
100780,2025-05-01,6580.0,1447.6,100,329.0,4703.4
100781,2025-05-01,7564.0,1664.08,220,378.2,5301.72
100782,2025-05-01,5515.25,1213.36,100,275.76,3926.13
100783,2025-05-01,12431.25,2734.88,100,621.56,8974.81
100784,2025-05-01,13279.08,2921.4,220,663.95,9473.73
100785,2025-05-01,9166.83,2016.7,400,458.34,6291.79
100787,2025-05-01,14134.67,3109.63,220,706.73,10098.31
100788,2025-05-01,5370.67,1181.55,100,268.53,3820.59
100790,2025-05-01,12598.25,2771.62,100,629.91,9096.72
100792,2025-05-01,9544.5,2099.79,220,477.22,6747.49
100793,2025-05-01,5498.42,1209.65,400,274.92,3613.85
100794,2025-05-01,6881.33,1513.89,100,344.07,4923.37
100795,2025-05-01,11137.67,2450.29,220,556.88,7910.5
100796,2025-05-01,20987.75,4617.3,220,1049.39,15101.06
100797,2025-05-01,8735.92,1921.9,100,436.8,6277.22
100798,2025-05-01,5085.75,1118.86,400,254.29,3312.6
100799,2025-05-01,8889.92,1955.78,220,444.5,6269.64
100800,2025-05-01,11780.17,2591.64,400,589.01,8199.52
100801,2025-05-01,10677.17,2348.98,220,533.86,7574.33
100802,2025-05-01,17031.33,3746.89,220,851.57,12212.87
100803,2025-05-01,5030.08,1106.62,400,251.5,3271.96
100804,2025-05-01,10401.5,2288.33,220,520.08,7373.09
100805,2025-05-01,11587.17,2549.18,100,579.36,8358.63
100806,2025-05-01,9466.83,2082.7,400,473.34,6510.79
100807,2025-05-01,19759.83,4347.16,100,987.99,14324.68
100808,2025-05-01,6321.58,1390.75,400,316.08,4214.75
100809,2025-05-01,4952.0,1089.44,220,247.6,3394.96
100810,2025-05-01,4651.25,1023.28,100,232.56,3295.41
100811,2025-05-01,5042.92,1109.44,100,252.15,3581.33
100812,2025-05-01,5706.17,1255.36,220,285.31,3945.5
100813,2025-05-01,14977.42,3295.03,400,748.87,10533.52
100814,2025-05-01,13966.0,3072.52,100,698.3,10095.18
100816,2025-05-01,6160.0,1355.2,100,308.0,4396.8
100817,2025-05-01,5951.75,1309.38,100,297.59,4244.78
100818,2025-05-01,9640.17,2120.84,100,482.01,6937.32
100819,2025-05-01,6680.75,1469.76,220,334.04,4656.95
100820,2025-05-01,5825.17,1281.54,400,291.26,3852.37
100821,2025-05-01,15120.75,3326.56,220,756.04,10818.15
100822,2025-05-01,19753.5,4345.77,400,987.68,14020.05
100823,2025-05-01,15616.33,3435.59,100,780.82,11299.92
100824,2025-05-01,11959.5,2631.09,220,597.98,8510.43
100825,2025-05-01,7927.75,1744.1,220,396.39,5567.26
100826,2025-05-01,4267.58,938.87,400,213.38,2715.33
100827,2025-05-01,17910.5,3940.31,400,895.53,12674.66
100828,2025-05-01,12841.67,2825.17,220,642.08,9154.42
100829,2025-05-01,12721.17,2798.66,220,636.06,9066.45
100830,2025-05-01,5933.92,1305.46,100,296.7,4231.76
100831,2025-05-01,8384.92,1844.68,100,419.25,6020.99
100832,2025-05-01,8237.0,1812.14,220,411.85,5793.01
100833,2025-05-01,10458.58,2300.89,220,522.93,7414.76
100834,2025-05-01,23143.92,5091.66,220,1157.2,16675.06
100835,2025-05-01,11365.08,2500.32,220,568.25,8076.51
100836,2025-05-01,8958.92,1970.96,220,447.95,6320.01
100837,2025-05-01,6999.0,1539.78,100,349.95,5009.27
100838,2025-05-01,9051.83,1991.4,220,452.59,6387.84
100839,2025-05-01,9129.42,2008.47,100,456.47,6564.48
100840,2025-05-01,8907.58,1959.67,100,445.38,6402.53
100841,2025-05-01,4770.83,1049.58,100,238.54,3382.71
100842,2025-05-01,5083.33,1118.33,220,254.17,3490.83
100843,2025-05-01,8734.5,1921.59,400,436.72,5976.19
100844,2025-05-01,9814.42,2159.17,100,490.72,7064.53
100845,2025-05-01,9737.75,2142.3,100,486.89,7008.56
100846,2025-05-01,17676.25,3888.78,220,883.81,12683.66
100847,2025-05-01,6279.25,1381.44,220,313.96,4363.85
100848,2025-05-01,20781.5,4571.93,220,1039.08,14950.49
100849,2025-05-01,25106.92,5523.52,400,1255.35,17928.05
100850,2025-05-01,7730.92,1700.8,220,386.55,5423.57
100851,2025-05-01,8574.25,1886.34,400,428.71,5859.2
100854,2025-05-01,7809.67,1718.13,220,390.48,5481.06
100855,2025-05-01,6721.75,1478.78,220,336.09,4686.88
100856,2025-05-01,21974.67,4834.43,220,1098.73,15821.51
100857,2025-05-01,9926.0,2183.72,220,496.3,7025.98
100858,2025-05-01,8628.42,1898.25,220,431.42,6078.75
100859,2025-05-01,6953.58,1529.79,220,347.68,4856.11
100860,2025-05-01,10628.83,2338.34,100,531.44,7659.05
100861,2025-05-01,11066.92,2434.72,100,553.35,7978.85
100862,2025-05-01,14668.58,3227.09,220,733.43,10488.06
100863,2025-05-01,5338.83,1174.54,220,266.94,3677.35
100864,2025-05-01,5181.58,1139.95,220,259.08,3562.55
100865,2025-05-01,8011.75,1762.58,220,400.59,5628.58
100866,2025-05-01,18225.75,4009.66,220,911.29,13084.8
100867,2025-05-01,6420.83,1412.58,220,321.04,4467.21
100868,2025-05-01,9945.5,2188.01,100,497.28,7160.21
100870,2025-05-01,10815.5,2379.41,400,540.78,7495.31
100871,2025-05-01,6888.33,1515.43,100,344.42,4928.48
100872,2025-05-01,11070.58,2435.53,220,553.53,7861.52
100873,2025-05-01,8938.58,1966.49,220,446.93,6305.16
100874,2025-05-01,9188.5,2021.47,220,459.42,6487.61
100875,2025-05-01,21603.5,4752.77,100,1080.18,15670.55
100876,2025-05-01,8292.17,1824.28,100,414.61,5953.28
100877,2025-05-01,4162.17,915.68,100,208.11,2938.38
100878,2025-05-01,8733.0,1921.26,220,436.65,6155.09
100879,2025-05-01,5834.67,1283.63,400,291.73,3859.31
100880,2025-05-01,5562.08,1223.66,220,278.1,3840.32
100881,2025-05-01,22260.92,4897.4,100,1113.05,16150.47
100882,2025-05-01,3750.08,825.02,100,187.5,2637.56
100883,2025-05-01,6962.92,1531.84,100,348.15,4982.93
100884,2025-05-01,8729.17,1920.42,220,436.46,6152.29
100885,2025-05-01,11146.67,2452.27,400,557.33,7737.07
100886,2025-05-01,11311.17,2488.46,100,565.56,8157.15
100887,2025-05-01,6701.25,1474.28,220,335.06,4671.91
100888,2025-05-01,6354.92,1398.08,100,317.75,4539.09
100890,2025-05-01,3719.42,818.27,220,185.97,2495.18
100891,2025-05-01,5098.42,1121.65,220,254.92,3501.85
100892,2025-05-01,6961.17,1531.46,220,348.06,4861.65
100894,2025-05-01,7097.17,1561.38,220,354.86,4960.93
100895,2025-05-01,10731.42,2360.91,220,536.57,7613.94
100896,2025-05-01,15648.92,3442.76,220,782.45,11203.71
100897,2025-05-01,11290.58,2483.93,220,564.53,8022.12
100898,2025-05-01,16916.08,3721.54,220,845.8,12128.74
100899,2025-05-01,8683.08,1910.28,100,434.15,6238.65
100900,2025-05-01,14499.0,3189.78,100,724.95,10484.27
100901,2025-05-01,6778.33,1491.23,100,338.92,4848.18
100902,2025-05-01,11987.92,2637.34,100,599.4,8651.18
100903,2025-05-01,12874.67,2832.43,220,643.73,9178.51
100904,2025-05-01,7067.0,1554.74,100,353.35,5058.91
100905,2025-05-01,8411.0,1850.42,100,420.55,6040.03
100906,2025-05-01,9419.75,2072.34,100,470.99,6776.42
100907,2025-05-01,13265.25,2918.36,220,663.26,9463.63
100908,2025-05-01,13520.58,2974.53,400,676.03,9470.02
100909,2025-05-01,9414.75,2071.24,220,470.74,6652.77
100910,2025-05-01,25594.67,5630.83,100,1279.73,18584.11
100911,2025-05-01,19951.33,4389.29,400,997.57,14164.47
100912,2025-05-01,7137.58,1570.27,220,356.88,4990.43
100913,2025-05-01,14766.17,3248.56,100,738.31,10679.3
100914,2025-05-01,8300.08,1826.02,400,415.0,5659.06
100915,2025-05-01,15221.17,3348.66,220,761.06,10891.45
100916,2025-05-01,5098.67,1121.71,100,254.93,3622.03
100917,2025-05-01,7762.75,1707.8,100,388.14,5566.81
100918,2025-05-01,16745.33,3683.97,100,837.27,12124.09
100919,2025-05-01,5196.83,1143.3,220,259.84,3573.69
100920,2025-05-01,16893.17,3716.5,100,844.66,12232.01
100921,2025-05-01,9997.25,2199.4,100,499.86,7197.99
100922,2025-05-01,13888.0,3055.36,100,694.4,10038.24
100924,2025-05-01,10791.5,2374.13,100,539.58,7777.79
100925,2025-05-01,4356.67,958.47,400,217.83,2780.37
100926,2025-05-01,6658.83,1464.94,220,332.94,4640.95
100928,2025-05-01,10847.17,2386.38,220,542.36,7698.43
100929,2025-05-01,6007.67,1321.69,400,300.38,3985.6
100931,2025-05-01,8027.83,1766.12,100,401.39,5760.32
100932,2025-05-01,6403.83,1408.84,100,320.19,4574.8
100933,2025-05-01,15466.08,3402.54,220,773.3,11070.24
100935,2025-05-01,8871.92,1951.82,220,443.6,6256.5
100936,2025-05-01,8303.75,1826.82,100,415.19,5961.74
100937,2025-05-01,15530.5,3416.71,220,776.53,11117.26
100938,2025-05-01,11627.92,2558.14,220,581.4,8268.38
100939,2025-05-01,6987.5,1537.25,400,349.38,4700.87
100940,2025-05-01,4348.33,956.63,220,217.42,2954.28
100941,2025-05-01,7600.17,1672.04,100,380.01,5448.12
100942,2025-05-01,9049.5,1990.89,220,452.48,6386.13
100943,2025-05-01,4076.67,896.87,220,203.83,2755.97
100944,2025-05-01,16798.42,3695.65,220,839.92,12042.85
100945,2025-05-01,6689.83,1471.76,100,334.49,4783.58
100946,2025-05-01,7126.92,1567.92,100,356.35,5102.65
100947,2025-05-01,8486.92,1867.12,400,424.35,5795.45
100948,2025-05-01,14359.67,3159.13,100,717.98,10382.56
100949,2025-05-01,6869.5,1511.29,220,343.48,4794.73
100950,2025-05-01,11342.0,2495.24,220,567.1,8059.66
100951,2025-05-01,13250.0,2915.0,220,662.5,9452.5
100952,2025-05-01,7852.83,1727.62,100,392.64,5632.57
100953,2025-05-01,9116.0,2005.52,400,455.8,6254.68
100954,2025-05-01,5438.25,1196.42,100,271.91,3869.92
100956,2025-05-01,13299.0,2925.78,100,664.95,9608.27
100957,2025-05-01,10134.0,2229.48,220,506.7,7177.82
100958,2025-05-01,16329.67,3592.53,220,816.48,11700.66
100960,2025-05-01,7139.33,1570.65,220,356.97,4991.71
100961,2025-05-01,6519.17,1434.22,220,325.96,4538.99
100962,2025-05-01,14009.17,3082.02,100,700.46,10126.69
100963,2025-05-01,12837.08,2824.16,400,641.85,8971.07
100964,2025-05-01,11015.67,2423.45,400,550.78,7641.44
100965,2025-05-01,6663.5,1465.97,100,333.18,4764.35
100966,2025-05-01,5765.83,1268.48,400,288.29,3809.06
100967,2025-05-01,13407.25,2949.6,220,670.36,9567.29
100968,2025-05-01,4563.83,1004.04,400,228.19,2931.6
100969,2025-05-01,6298.17,1385.6,220,314.91,4377.66
100970,2025-05-01,4118.0,905.96,220,205.9,2786.14
100971,2025-05-01,7013.42,1542.95,220,350.67,4899.8
100972,2025-05-01,4265.08,938.32,400,213.25,2713.51
100973,2025-05-01,8638.08,1900.38,220,431.9,6085.8
100974,2025-05-01,7069.0,1555.18,220,353.45,4940.37
100975,2025-05-01,20097.17,4421.38,100,1004.86,14570.93
100976,2025-05-01,6735.25,1481.76,100,336.76,4816.73
100977,2025-05-01,5529.92,1216.58,220,276.5,3816.84
100978,2025-05-01,18221.5,4008.73,400,911.08,12901.69
100979,2025-05-01,12539.08,2758.6,220,626.95,8933.53
100980,2025-05-01,18413.42,4050.95,220,920.67,13221.8
100981,2025-05-01,10210.17,2246.24,100,510.51,7353.42
100982,2025-05-01,10089.33,2219.65,100,504.47,7265.21
100983,2025-05-01,6881.58,1513.95,100,344.08,4923.55
100984,2025-05-01,8847.83,1946.52,220,442.39,6238.92
100985,2025-05-01,9924.25,2183.34,100,496.21,7144.7
100986,2025-05-01,7457.0,1640.54,100,372.85,5343.61
100987,2025-05-01,6619.08,1456.2,220,330.95,4611.93
100988,2025-05-01,4780.83,1051.78,220,239.04,3270.01
100989,2025-05-01,14109.08,3104.0,400,705.45,9899.63
100990,2025-05-01,7345.67,1616.05,220,367.28,5142.34
100991,2025-05-01,6780.0,1491.6,100,339.0,4849.4
100992,2025-05-01,5868.17,1291.0,100,293.41,4183.76
100993,2025-05-01,17372.83,3822.02,100,868.64,12582.17
100994,2025-05-01,10080.17,2217.64,220,504.01,7138.52
100995,2025-05-01,4545.5,1000.01,100,227.28,3218.21
100996,2025-05-01,12736.67,2802.07,220,636.83,9077.77
100997,2025-05-01,12621.75,2776.78,220,631.09,8993.88
100998,2025-05-01,15258.92,3356.96,220,762.95,10919.01
100999,2025-05-01,18214.58,4007.21,220,910.73,13076.64
100000,2025-06-01,8634.5,1899.59,100,431.72,6203.19
100001,2025-06-01,16137.42,3550.23,220,806.87,11560.32
100002,2025-06-01,5086.08,1118.94,100,254.3,3612.84
100003,2025-06-01,9789.25,2153.64,400,489.46,6746.15
100004,2025-06-01,15951.08,3509.24,100,797.55,11544.29
100005,2025-06-01,4656.08,1024.34,400,232.8,2998.94
100006,2025-06-01,7790.17,1713.84,100,389.51,5586.82
100007,2025-06-01,16709.25,3676.04,100,835.46,12097.75
100008,2025-06-01,9412.33,2070.71,220,470.62,6651.0
100009,2025-06-01,7084.5,1558.59,220,354.22,4951.69
100010,2025-06-01,8471.0,1863.62,220,423.55,5963.83
100012,2025-06-01,10079.67,2217.53,100,503.98,7258.16
100013,2025-06-01,12852.83,2827.62,220,642.64,9162.57
100014,2025-06-01,8400.17,1848.04,220,420.01,5912.12
100015,2025-06-01,6183.08,1360.28,400,309.15,4113.65
100016,2025-06-01,17014.17,3743.12,100,850.71,12320.34
100017,2025-06-01,14063.83,3094.04,220,703.19,10046.6
100018,2025-06-01,7063.17,1553.9,220,353.16,4936.11
100019,2025-06-01,12339.0,2714.58,400,616.95,8607.47
100020,2025-06-01,4972.67,1093.99,220,248.63,3410.05
100021,2025-06-01,6836.5,1504.03,220,341.83,4770.64
100022,2025-06-01,24155.0,5314.1,220,1207.75,17413.15
100023,2025-06-01,9539.17,2098.62,400,476.96,6563.59
100025,2025-06-01,11324.33,2491.35,100,566.22,8166.76
100026,2025-06-01,5174.42,1138.37,220,258.72,3557.33
100027,2025-06-01,8733.83,1921.44,220,436.69,6155.7
100028,2025-06-01,7272.67,1599.99,100,363.63,5209.05
100029,2025-06-01,7712.17,1696.68,220,385.61,5409.88
100030,2025-06-01,9045.25,1989.96,220,452.26,6383.03
100031,2025-06-01,8449.25,1858.84,100,422.46,6067.95
100032,2025-06-01,9260.5,2037.31,220,463.02,6540.17
100033,2025-06-01,9439.17,2076.62,220,471.96,6670.59
100034,2025-06-01,11798.58,2595.69,220,589.93,8392.96
100035,2025-06-01,6763.67,1488.01,100,338.18,4837.48
100036,2025-06-01,10319.5,2270.29,100,515.98,7433.23
100037,2025-06-01,11288.42,2483.45,400,564.42,7840.55
100038,2025-06-01,5835.42,1283.79,220,291.77,4039.86
100039,2025-06-01,4906.17,1079.36,220,245.31,3361.5
100040,2025-06-01,6856.75,1508.48,400,342.84,4605.43
100041,2025-06-01,8696.92,1913.32,220,434.85,6128.75
100042,2025-06-01,4742.33,1043.31,220,237.12,3241.9
100043,2025-06-01,8193.58,1802.59,100,409.68,5881.31
100044,2025-06-01,7168.42,1577.05,220,358.42,5012.95
100045,2025-06-01,9235.0,2031.7,100,461.75,6641.55
100046,2025-06-01,6222.92,1369.04,220,311.15,4322.73
100047,2025-06-01,14108.0,3103.76,100,705.4,10198.84
100048,2025-06-01,8936.17,1965.96,100,446.81,6423.4
100050,2025-06-01,10362.83,2279.82,220,518.14,7344.87
100051,2025-06-01,16638.08,3660.38,100,831.9,12045.8
100052,2025-06-01,8484.25,1866.54,100,424.21,6093.5
100053,2025-06-01,4110.08,904.22,220,205.5,2780.36
100054,2025-06-01,5169.08,1137.2,100,258.45,3673.43
100056,2025-06-01,10615.25,2335.36,100,530.76,7649.13
100057,2025-06-01,16211.0,3566.42,220,810.55,11614.03
100058,2025-06-01,10037.83,2208.32,220,501.89,7107.62
100059,2025-06-01,12835.92,2823.9,220,641.8,9150.22
100060,2025-06-01,5300.5,1166.11,400,265.03,3469.36
100061,2025-06-01,6342.0,1395.24,100,317.1,4529.66
100062,2025-06-01,10381.17,2283.86,100,519.06,7478.25
100063,2025-06-01,7765.17,1708.34,100,388.26,5568.57
100064,2025-06-01,6746.33,1484.19,100,337.32,4824.82
100065,2025-06-01,11200.25,2464.05,400,560.01,7776.19
100066,2025-06-01,7925.33,1743.57,220,396.27,5565.49
100067,2025-06-01,25528.33,5616.23,100,1276.42,18535.68
100068,2025-06-01,8752.25,1925.5,400,437.61,5989.14
100069,2025-06-01,20855.5,4588.21,220,1042.78,15004.51
100070,2025-06-01,7744.75,1703.84,220,387.24,5433.67
100071,2025-06-01,7463.92,1642.06,220,373.2,5228.66
100072,2025-06-01,6259.83,1377.16,220,312.99,4349.68
100073,2025-06-01,4660.5,1025.31,220,233.02,3182.17
100074,2025-06-01,20294.83,4464.86,100,1014.74,14715.23
100075,2025-06-01,12813.25,2818.92,100,640.66,9253.67
100076,2025-06-01,14578.17,3207.2,100,728.91,10542.06
100077,2025-06-01,8660.75,1905.36,220,433.04,6102.35
100078,2025-06-01,11055.5,2432.21,100,552.78,7970.51
100079,2025-06-01,13539.58,2978.71,220,676.98,9663.89
100080,2025-06-01,11411.58,2510.55,400,570.58,7930.45
100081,2025-06-01,11800.75,2596.16,220,590.04,8394.55
100082,2025-06-01,10287.17,2263.18,220,514.36,7289.63
100083,2025-06-01,10802.0,2376.44,220,540.1,7665.46
100084,2025-06-01,8781.92,1932.02,400,439.1,6010.8
100085,2025-06-01,12541.58,2759.15,220,627.08,8935.35
100086,2025-06-01,5842.5,1285.35,220,292.12,4045.03
100087,2025-06-01,5478.5,1205.27,100,273.92,3899.31
100088,2025-06-01,6688.58,1471.49,400,334.43,4482.66
100089,2025-06-01,11069.25,2435.24,220,553.46,7860.55
100090,2025-06-01,9376.0,2062.72,220,468.8,6624.48
100092,2025-06-01,8986.67,1977.07,220,449.33,6340.27
100093,2025-06-01,11522.08,2534.86,220,576.1,8191.12
100094,2025-06-01,9785.08,2152.72,220,489.25,6923.11
100095,2025-06-01,6487.33,1427.21,220,324.37,4515.75
100096,2025-06-01,22812.67,5018.79,220,1140.63,16433.25
100097,2025-06-01,5491.75,1208.18,100,274.59,3908.98
100098,2025-06-01,5096.75,1121.29,220,254.84,3500.62
100099,2025-06-01,14011.08,3082.44,220,700.55,10008.09
100100,2025-06-01,7144.17,1571.72,220,357.21,4995.24
100101,2025-06-01,6362.17,1399.68,100,318.11,4544.38
100102,2025-06-01,16178.33,3559.23,220,808.92,11590.18
100103,2025-06-01,7223.0,1589.06,220,361.15,5052.79
100104,2025-06-01,7169.67,1577.33,220,358.48,5013.86
100105,2025-06-01,7418.17,1632.0,220,370.91,5195.26
100106,2025-06-01,9888.83,2175.54,220,494.44,6998.85
100107,2025-06-01,6370.25,1401.46,400,318.51,4250.28
100108,2025-06-01,13558.33,2982.83,220,677.92,9677.58
100109,2025-06-01,12654.5,2783.99,400,632.72,8837.79
100110,2025-06-01,11339.83,2494.76,220,566.99,8058.08
100111,2025-06-01,6026.75,1325.88,220,301.34,4179.53
100112,2025-06-01,10207.42,2245.63,100,510.37,7351.42
100113,2025-06-01,4998.42,1099.65,220,249.92,3428.85
100114,2025-06-01,6137.92,1350.34,220,306.9,4260.68
100115,2025-06-01,7651.92,1683.42,100,382.6,5485.9
100116,2025-06-01,5195.42,1142.99,400,259.77,3392.66
100117,2025-06-01,11891.5,2616.13,400,594.58,8280.79
100118,2025-06-01,13555.58,2982.23,400,677.78,9495.57
100119,2025-06-01,10420.58,2292.53,400,521.03,7207.02
100120,2025-06-01,3567.75,784.9,400,178.39,2204.46
100121,2025-06-01,10012.58,2202.77,220,500.63,7089.18
100122,2025-06-01,7602.17,1672.48,400,380.11,5149.58
100123,2025-06-01,10340.17,2274.84,220,517.01,7328.32
100124,2025-06-01,13228.42,2910.25,100,661.42,9556.75
100125,2025-06-01,12154.0,2673.88,220,607.7,8652.42
100126,2025-06-01,5676.25,1248.78,220,283.81,3923.66
100127,2025-06-01,25075.33,5516.57,220,1253.77,18084.99
100128,2025-06-01,11193.67,2462.61,220,559.68,7951.38
100129,2025-06-01,16440.58,3616.93,220,822.03,11781.62
100130,2025-06-01,10896.5,2397.23,100,544.83,7854.44
100131,2025-06-01,12525.33,2755.57,400,626.27,8743.49
100132,2025-06-01,9177.42,2019.03,100,458.87,6599.52
100133,2025-06-01,8444.17,1857.72,220,422.21,5944.24
100134,2025-06-01,9862.08,2169.66,400,493.1,6799.32
100135,2025-06-01,5523.58,1215.19,220,276.18,3812.21
100136,2025-06-01,9853.58,2167.79,100,492.68,7093.11
100137,2025-06-01,6972.17,1533.88,220,348.61,4869.68
100138,2025-06-01,9389.42,2065.67,220,469.47,6634.28
100139,2025-06-01,10143.75,2231.62,220,507.19,7184.94
100140,2025-06-01,10941.42,2407.11,100,547.07,7887.24
100141,2025-06-01,6933.5,1525.37,100,346.68,4961.45
100142,2025-06-01,7076.17,1556.76,220,353.81,4945.6
100143,2025-06-01,17228.17,3790.2,100,861.41,12476.56
100144,2025-06-01,11069.0,2435.18,220,553.45,7860.37
100145,2025-06-01,9552.58,2101.57,400,477.63,6573.38
100146,2025-06-01,12071.67,2655.77,220,603.58,8592.32
100147,2025-06-01,11090.33,2439.87,220,554.52,7875.94
100148,2025-06-01,4850.5,1067.11,220,242.52,3320.87
100149,2025-06-01,6794.33,1494.75,400,339.72,4559.86
100150,2025-06-01,7383.0,1624.26,220,369.15,5169.59
100151,2025-06-01,13099.0,2881.78,220,654.95,9342.27
100152,2025-06-01,4273.25,940.12,400,213.66,2719.47
100153,2025-06-01,17239.0,3792.58,220,861.95,12364.47
100154,2025-06-01,12124.0,2667.28,100,606.2,8750.52
100155,2025-06-01,26937.08,5926.16,220,1346.85,19444.07
100156,2025-06-01,4702.33,1034.51,100,235.12,3332.7
100157,2025-06-01,14789.75,3253.74,220,739.49,10576.52
100158,2025-06-01,5152.92,1133.64,220,257.65,3541.63
100159,2025-06-01,6411.08,1410.44,100,320.55,4580.09
100160,2025-06-01,5053.67,1111.81,220,252.68,3469.18
100161,2025-06-01,10735.58,2361.83,400,536.78,7436.97
100162,2025-06-01,4844.92,1065.88,100,242.25,3436.79
100163,2025-06-01,10517.58,2313.87,100,525.88,7577.83
100164,2025-06-01,7714.08,1697.1,100,385.7,5531.28
100165,2025-06-01,18201.5,4004.33,100,910.08,13187.09
100166,2025-06-01,6613.33,1454.93,400,330.67,4427.73
100167,2025-06-01,21209.0,4665.98,400,1060.45,15082.57
100168,2025-06-01,11909.5,2620.09,220,595.48,8473.93
100169,2025-06-01,13005.08,2861.12,100,650.25,9393.71
100170,2025-06-01,8826.83,1941.9,220,441.34,6223.59
100171,2025-06-01,11299.92,2485.98,220,565.0,8028.94
100172,2025-06-01,11879.42,2613.47,220,593.97,8451.98
100173,2025-06-01,10318.67,2270.11,400,515.93,7132.63
100174,2025-06-01,8273.17,1820.1,100,413.66,5939.41
100175,2025-06-01,7211.75,1586.58,220,360.59,5044.58
100176,2025-06-01,4865.08,1070.32,220,243.25,3331.51
100177,2025-06-01,16508.83,3631.94,100,825.44,11951.45
100178,2025-06-01,16965.42,3732.39,100,848.27,12284.76
100179,2025-06-01,8912.08,1960.66,220,445.6,6285.82
100180,2025-06-01,7882.92,1734.24,220,394.15,5534.53
100181,2025-06-01,10669.58,2347.31,100,533.48,7688.79
100182,2025-06-01,4639.92,1020.78,100,232.0,3287.14
100183,2025-06-01,4644.67,1021.83,220,232.23,3170.61
100184,2025-06-01,8646.25,1902.18,100,432.31,6211.76
100185,2025-06-01,11065.67,2434.45,220,553.28,7857.94
100186,2025-06-01,14557.75,3202.7,400,727.89,10227.16
100187,2025-06-01,10984.92,2416.68,220,549.25,7798.99
100188,2025-06-01,5167.0,1136.74,220,258.35,3551.91
100189,2025-06-01,12544.33,2759.75,220,627.22,8937.36
100190,2025-06-01,4640.33,1020.87,100,232.02,3287.44
100191,2025-06-01,6214.0,1367.08,220,310.7,4316.22
100192,2025-06-01,12769.25,2809.24,100,638.46,9221.55
100193,2025-06-01,8469.0,1863.18,100,423.45,6082.37
100194,2025-06-01,7043.08,1549.48,220,352.15,4921.45
100196,2025-06-01,8453.67,1859.81,400,422.68,5771.18
100197,2025-06-01,15940.92,3507.0,220,797.05,11416.87
100198,2025-06-01,4162.75,915.8,100,208.14,2938.81
100200,2025-06-01,8587.58,1889.27,400,429.38,5868.93
100201,2025-06-01,7702.5,1694.55,220,385.12,5402.83
100202,2025-06-01,6533.0,1437.26,220,326.65,4549.09
100203,2025-06-01,13507.08,2971.56,100,675.35,9760.17
100204,2025-06-01,8746.67,1924.27,220,437.33,6165.07
100205,2025-06-01,17619.17,3876.22,100,880.96,12761.99
100206,2025-06-01,14223.25,3129.12,100,711.16,10282.97
100207,2025-06-01,5239.08,1152.6,400,261.95,3424.53
100208,2025-06-01,9035.08,1987.72,220,451.75,6375.61
100209,2025-06-01,14109.58,3104.11,220,705.48,10079.99
100210,2025-06-01,11131.92,2449.02,220,556.6,7906.3
100212,2025-06-01,7717.17,1697.78,100,385.86,5533.53
100213,2025-06-01,5507.5,1211.65,220,275.38,3800.47
100214,2025-06-01,13553.33,2981.73,100,677.67,9793.93
100215,2025-06-01,10638.17,2340.4,400,531.91,7365.86
100216,2025-06-01,9035.83,1987.88,220,451.79,6376.16
100217,2025-06-01,5439.33,1196.65,220,271.97,3750.71
100218,2025-06-01,10092.0,2220.24,220,504.6,7147.16
100219,2025-06-01,6189.75,1361.74,400,309.49,4118.52
100220,2025-06-01,6737.25,1482.2,220,336.86,4698.19
100221,2025-06-01,6704.33,1474.95,220,335.22,4674.16
100223,2025-06-01,6485.75,1426.86,220,324.29,4514.6
100224,2025-06-01,7126.67,1567.87,220,356.33,4982.47
100225,2025-06-01,4696.0,1033.12,400,234.8,3028.08
100226,2025-06-01,22964.17,5052.12,220,1148.21,16543.84
100227,2025-06-01,24424.17,5373.32,220,1221.21,17609.64
100228,2025-06-01,5764.33,1268.15,400,288.22,3807.96
100229,2025-06-01,8284.92,1822.68,220,414.25,5827.99
100230,2025-06-01,9858.0,2168.76,220,492.9,6976.34
100231,2025-06-01,21907.75,4819.7,400,1095.39,15592.66
100232,2025-06-01,13907.08,3059.56,100,695.35,10052.17
100233,2025-06-01,7628.92,1678.36,400,381.45,5169.11
100234,2025-06-01,10983.25,2416.32,220,549.16,7797.77
100235,2025-06-01,10457.0,2300.54,100,522.85,7533.61
100236,2025-06-01,6960.25,1531.26,220,348.01,4860.98
100237,2025-06-01,15665.0,3446.3,100,783.25,11335.45
100238,2025-06-01,18176.5,3998.83,220,908.82,13048.85
100239,2025-06-01,6390.5,1405.91,220,319.53,4445.06
100240,2025-06-01,8857.92,1948.74,100,442.9,6366.28
100241,2025-06-01,11418.08,2511.98,220,570.9,8115.2
100242,2025-06-01,6209.67,1366.13,220,310.48,4313.06
100243,2025-06-01,17175.58,3778.63,400,858.78,12138.17
100245,2025-06-01,6488.0,1427.36,400,324.4,4336.24
100246,2025-06-01,5163.42,1135.95,220,258.17,3549.3
100247,2025-06-01,11645.75,2562.06,400,582.29,8101.4
100248,2025-06-01,14052.75,3091.6,220,702.64,10038.51
100249,2025-06-01,12163.17,2675.9,220,608.16,8659.11
100250,2025-06-01,5934.58,1305.61,220,296.73,4112.24
100251,2025-06-01,4976.08,1094.74,220,248.8,3412.54
100252,2025-06-01,6214.83,1367.26,220,310.74,4316.83
100253,2025-06-01,7174.42,1578.37,220,358.72,5017.33
100254,2025-06-01,12119.25,2666.24,400,605.96,8447.05
100255,2025-06-01,10013.25,2202.92,220,500.66,7089.67
100256,2025-06-01,5495.08,1208.92,220,274.75,3791.41
100257,2025-06-01,4224.33,929.35,400,211.22,2683.76
100258,2025-06-01,7455.83,1640.28,100,372.79,5342.76
100259,2025-06-01,13166.75,2896.68,400,658.34,9211.73
100260,2025-06-01,7357.0,1618.54,220,367.85,5150.61
100261,2025-06-01,11283.83,2482.44,100,564.19,8137.2
100262,2025-06-01,5697.08,1253.36,100,284.85,4058.87
100263,2025-06-01,7128.33,1568.23,400,356.42,4803.68
100264,2025-06-01,10152.42,2233.53,100,507.62,7311.27
100265,2025-06-01,17689.0,3891.58,100,884.45,12812.97
100266,2025-06-01,20477.0,4504.94,400,1023.85,14548.21
100267,2025-06-01,21199.25,4663.84,220,1059.96,15255.45
100268,2025-06-01,9925.5,2183.61,220,496.28,7025.61
100269,2025-06-01,6351.92,1397.42,220,317.6,4416.9
100270,2025-06-01,6750.25,1485.06,100,337.51,4827.68
100271,2025-06-01,12144.0,2671.68,220,607.2,8645.12
100272,2025-06-01,4250.0,935.0,220,212.5,2882.5
100273,2025-06-01,21825.0,4801.5,220,1091.25,15712.25
100274,2025-06-01,10777.17,2370.98,220,538.86,7647.33
100275,2025-06-01,7929.5,1744.49,220,396.48,5568.53
100276,2025-06-01,5365.5,1180.41,100,268.28,3816.81
100277,2025-06-01,5255.75,1156.27,220,262.79,3616.69
100278,2025-06-01,5342.33,1175.31,400,267.12,3499.9
100280,2025-06-01,7919.58,1742.31,400,395.98,5381.29
100281,2025-06-01,7554.75,1662.04,220,377.74,5294.97
100282,2025-06-01,5111.08,1124.44,220,255.55,3511.09
100283,2025-06-01,20234.67,4451.63,220,1011.73,14551.31
100284,2025-06-01,11332.17,2493.08,100,566.61,8172.48
100285,2025-06-01,7055.67,1552.25,100,352.78,5050.64
100286,2025-06-01,11544.0,2539.68,100,577.2,8327.12
100287,2025-06-01,9047.33,1990.41,220,452.37,6384.55
100288,2025-06-01,6691.75,1472.18,220,334.59,4664.98
100289,2025-06-01,10945.92,2408.1,400,547.3,7590.52
100290,2025-06-01,9203.83,2024.84,100,460.19,6618.8
100291,2025-06-01,8549.83,1880.96,220,427.49,6021.38
100292,2025-06-01,11482.33,2526.11,220,574.12,8162.1
100293,2025-06-01,8212.42,1806.73,100,410.62,5895.07
100294,2025-06-01,11598.5,2551.67,220,579.93,8246.9
100295,2025-06-01,5425.58,1193.63,100,271.28,3860.67
100296,2025-06-01,15713.08,3456.88,400,785.65,11070.55
100297,2025-06-01,4085.17,898.74,400,204.26,2582.17
100299,2025-06-01,11854.33,2607.95,400,592.72,8253.66
100300,2025-06-01,8173.83,1798.24,220,408.69,5746.9
100301,2025-06-01,28848.33,6346.63,100,1442.42,20959.28
100302,2025-06-01,8272.33,1819.91,100,413.62,5938.8
100303,2025-06-01,14148.42,3112.65,400,707.42,9928.35
100304,2025-06-01,11227.83,2470.12,220,561.39,7976.32
100306,2025-06-01,8265.5,1818.41,100,413.28,5933.81
100307,2025-06-01,5964.0,1312.08,220,298.2,4133.72
100309,2025-06-01,12255.5,2696.21,400,612.78,8546.51
100310,2025-06-01,6095.17,1340.94,400,304.76,4049.47
100311,2025-06-01,5678.67,1249.31,220,283.93,3925.43
100312,2025-06-01,12294.92,2704.88,220,614.75,8755.29
100314,2025-06-01,8910.0,1960.2,400,445.5,6104.3
100315,2025-06-01,18362.92,4039.84,400,918.15,13004.93
100316,2025-06-01,13977.58,3075.07,400,698.88,9803.63
100317,2025-06-01,8609.0,1893.98,220,430.45,6064.57
100319,2025-06-01,8337.75,1834.3,100,416.89,5986.56
100320,2025-06-01,10739.75,2362.74,220,536.99,7620.02
100321,2025-06-01,16201.0,3564.22,100,810.05,11726.73
100323,2025-06-01,8329.5,1832.49,220,416.48,5860.53
100324,2025-06-01,9629.42,2118.47,100,481.47,6929.48
100325,2025-06-01,5043.75,1109.62,220,252.19,3461.94
100327,2025-06-01,5273.42,1160.15,100,263.67,3749.6
100328,2025-06-01,4123.25,907.12,400,206.16,2609.97
100329,2025-06-01,8509.17,1872.02,100,425.46,6111.69
100330,2025-06-01,8704.75,1915.04,220,435.24,6134.47
100331,2025-06-01,21192.17,4662.28,220,1059.61,15250.28
100332,2025-06-01,14142.75,3111.4,220,707.14,10104.21
100333,2025-06-01,10898.42,2397.65,100,544.92,7855.85
100334,2025-06-01,11141.17,2451.06,220,557.06,7913.05
100335,2025-06-01,14702.17,3234.48,400,735.11,10332.58
100336,2025-06-01,12309.58,2708.11,220,615.48,8765.99
100337,2025-06-01,5378.67,1183.31,100,268.93,3826.43
100338,2025-06-01,7001.58,1540.35,100,350.08,5011.15
100339,2025-06-01,7535.33,1657.77,220,376.77,5280.79
100340,2025-06-01,7128.33,1568.23,400,356.42,4803.68
100341,2025-06-01,19213.17,4226.9,220,960.66,13805.61
100342,2025-06-01,7946.08,1748.14,220,397.3,5580.64
100343,2025-06-01,5261.67,1157.57,220,263.08,3621.02
100344,2025-06-01,5419.0,1192.18,100,270.95,3855.87
100345,2025-06-01,11333.08,2493.28,220,566.65,8053.15
100346,2025-06-01,23735.17,5221.74,100,1186.76,17226.67
100347,2025-06-01,9260.42,2037.29,400,463.02,6360.11
100349,2025-06-01,17404.83,3829.06,220,870.24,12485.53
100350,2025-06-01,8471.33,1863.69,220,423.57,5964.07
100351,2025-06-01,5465.0,1202.3,220,273.25,3769.45
100352,2025-06-01,12191.58,2682.15,100,609.58,8799.85
100355,2025-06-01,15137.67,3330.29,100,756.88,10950.5
100356,2025-06-01,11326.0,2491.72,220,566.3,8047.98
100357,2025-06-01,16292.42,3584.33,100,814.62,11793.47
100358,2025-06-01,11765.58,2588.43,100,588.28,8488.87
100359,2025-06-01,6551.33,1441.29,400,327.57,4382.47
100360,2025-06-01,5030.92,1106.8,220,251.55,3452.57
100361,2025-06-01,13452.25,2959.5,220,672.61,9600.14
100362,2025-06-01,11416.67,2511.67,100,570.83,8234.17
100363,2025-06-01,4163.17,915.9,100,208.16,2939.11
100364,2025-06-01,10980.0,2415.6,220,549.0,7795.4
100365,2025-06-01,4754.67,1046.03,100,237.73,3370.91
100366,2025-06-01,4628.92,1018.36,220,231.45,3159.11
100367,2025-06-01,8761.92,1927.62,400,438.1,5996.2
100368,2025-06-01,11727.67,2580.09,400,586.38,8161.2
100369,2025-06-01,7525.67,1655.65,100,376.28,5393.74
100370,2025-06-01,6859.25,1509.04,220,342.96,4787.25
100371,2025-06-01,4646.75,1022.28,400,232.34,2992.13
100373,2025-06-01,13362.83,2939.82,400,668.14,9354.87
100374,2025-06-01,8870.08,1951.42,400,443.5,6075.16
100375,2025-06-01,14861.92,3269.62,220,743.1,10629.2
100376,2025-06-01,6452.08,1419.46,220,322.6,4490.02
100377,2025-06-01,8387.33,1845.21,220,419.37,5902.75
100378,2025-06-01,10925.25,2403.55,400,546.26,7575.44
100379,2025-06-01,13200.17,2904.04,400,660.01,9236.12
100380,2025-06-01,7795.83,1715.08,220,389.79,5470.96
100381,2025-06-01,6645.0,1461.9,220,332.25,4630.85
100382,2025-06-01,8230.58,1810.73,220,411.53,5788.32
100383,2025-06-01,16465.5,3622.41,100,823.28,11919.81
100384,2025-06-01,6836.0,1503.92,100,341.8,4890.28
100385,2025-06-01,11981.67,2635.97,220,599.08,8526.62
100386,2025-06-01,13429.83,2954.56,220,671.49,9583.78
100387,2025-06-01,20074.58,4416.41,400,1003.73,14254.44
100388,2025-06-01,5299.33,1165.85,100,264.97,3768.51
100389,2025-06-01,10807.33,2377.61,400,540.37,7489.35
100390,2025-06-01,20736.58,4562.05,400,1036.83,14737.7
100391,2025-06-01,14664.0,3226.08,100,733.2,10604.72
100392,2025-06-01,5633.33,1239.33,220,281.67,3892.33
100393,2025-06-01,5806.58,1277.45,400,290.33,3838.8
100394,2025-06-01,12777.25,2811.0,220,638.86,9107.39
100395,2025-06-01,8353.83,1837.84,220,417.69,5878.3
100396,2025-06-01,11433.17,2515.3,400,571.66,7946.21
100397,2025-06-01,6739.08,1482.6,400,336.95,4519.53
100398,2025-06-01,8436.83,1856.1,220,421.84,5938.89
100399,2025-06-01,15133.42,3329.35,220,756.67,10827.4
100400,2025-06-01,7609.92,1674.18,100,380.5,5455.24
100401,2025-06-01,13457.5,2960.65,100,672.88,9723.97
100402,2025-06-01,4426.25,973.78,220,221.31,3011.16
100403,2025-06-01,4028.0,886.16,100,201.4,2840.44
100405,2025-06-01,17189.75,3781.74,220,859.49,12328.52
100406,2025-06-01,8027.08,1765.96,400,401.35,5459.77
100407,2025-06-01,12490.25,2747.86,100,624.51,9017.88
100408,2025-06-01,8757.67,1926.69,220,437.88,6173.1
100409,2025-06-01,14636.67,3220.07,400,731.83,10284.77
100410,2025-06-01,8730.0,1920.6,100,436.5,6272.9
100411,2025-06-01,3583.42,788.35,400,179.17,2215.9
100412,2025-06-01,12239.25,2692.64,220,611.96,8714.65
100413,2025-06-01,16612.0,3654.64,220,830.6,11906.76
100414,2025-06-01,4423.75,973.22,220,221.19,3009.34
100415,2025-06-01,13280.75,2921.76,220,664.04,9474.95
100416,2025-06-01,9241.33,2033.09,100,462.07,6646.17
100417,2025-06-01,27291.58,6004.15,400,1364.58,19522.85
100418,2025-06-01,3911.42,860.51,400,195.57,2455.34
100419,2025-06-01,8207.08,1805.56,220,410.35,5771.17
100420,2025-06-01,20293.08,4464.48,220,1014.65,14593.95
100421,2025-06-01,5963.33,1311.93,220,298.17,4133.23
100422,2025-06-01,6662.33,1465.71,220,333.12,4643.5
100423,2025-06-01,7100.25,1562.06,220,355.01,4963.18
100424,2025-06-01,14501.17,3190.26,220,725.06,10365.85
100425,2025-06-01,12834.75,2823.64,220,641.74,9149.37
100426,2025-06-01,5672.17,1247.88,100,283.61,4040.68
100427,2025-06-01,7779.42,1711.47,100,388.97,5578.98
100428,2025-06-01,13813.0,3038.86,220,690.65,9863.49
100429,2025-06-01,6969.0,1533.18,220,348.45,4867.37
100430,2025-06-01,11171.17,2457.66,100,558.56,8054.95
100432,2025-06-01,8061.83,1773.6,220,403.09,5665.14
100433,2025-06-01,4374.92,962.48,220,218.75,2973.69
100434,2025-06-01,5030.0,1106.6,220,251.5,3451.9
100435,2025-06-01,10679.42,2349.47,400,533.97,7395.98
100436,2025-06-01,14910.08,3280.22,220,745.5,10664.36
100437,2025-06-01,10377.92,2283.14,220,518.9,7355.88
100438,2025-06-01,11229.58,2470.51,400,561.48,7797.59
100439,2025-06-01,5764.83,1268.26,220,288.24,3988.33
100440,2025-06-01,10589.08,2329.6,100,529.45,7630.03
100441,2025-06-01,14839.75,3264.74,220,741.99,10613.02
100442,2025-06-01,14335.92,3153.9,220,716.8,10245.22
100443,2025-06-01,4550.17,1001.04,100,227.51,3221.62
100444,2025-06-01,5179.42,1139.47,100,258.97,3680.98
100445,2025-06-01,7657.67,1684.69,100,382.88,5490.1
100446,2025-06-01,14090.75,3099.96,400,704.54,9886.25
100447,2025-06-01,6034.92,1327.68,220,301.75,4185.49
100449,2025-06-01,8351.17,1837.26,100,417.56,5996.35
100450,2025-06-01,17389.42,3825.67,220,869.47,12474.28
100451,2025-06-01,8488.33,1867.43,100,424.42,6096.48
100452,2025-06-01,5424.25,1193.34,100,271.21,3859.7
100453,2025-06-01,11200.0,2464.0,220,560.0,7956.0
100454,2025-06-01,14532.5,3197.15,220,726.62,10388.73
100455,2025-06-01,10522.92,2315.04,220,526.15,7461.73
100456,2025-06-01,7888.92,1735.56,100,394.45,5658.91
100457,2025-06-01,13024.58,2865.41,220,651.23,9287.94
100458,2025-06-01,6970.17,1533.44,400,348.51,4688.22
100459,2025-06-01,12037.33,2648.21,100,601.87,8687.25
100460,2025-06-01,3764.25,828.14,400,188.21,2347.9
100461,2025-06-01,6910.42,1520.29,220,345.52,4824.61
100462,2025-06-01,13275.25,2920.56,220,663.76,9470.93
100463,2025-06-01,13039.67,2868.73,220,651.98,9298.96
100464,2025-06-01,13098.17,2881.6,220,654.91,9341.66
100465,2025-06-01,13747.0,3024.34,100,687.35,9935.31
100466,2025-06-01,4358.33,958.83,400,217.92,2781.58
100467,2025-06-01,12767.42,2808.83,220,638.37,9100.22
100468,2025-06-01,11210.58,2466.33,220,560.53,7963.72
100469,2025-06-01,11224.0,2469.28,220,561.2,7973.52
100470,2025-06-01,17590.25,3869.86,220,879.51,12620.88
100471,2025-06-01,6671.5,1467.73,220,333.58,4650.19
100472,2025-06-01,7268.92,1599.16,220,363.45,5086.31
100473,2025-06-01,4759.67,1047.13,100,237.98,3374.56
100474,2025-06-01,10165.5,2236.41,220,508.28,7200.81
100475,2025-06-01,7222.33,1588.91,400,361.12,4872.3
100476,2025-06-01,10050.25,2211.05,100,502.51,7236.69
100477,2025-06-01,13931.17,3064.86,400,696.56,9769.75
100478,2025-06-01,6934.67,1525.63,100,346.73,4962.31
100479,2025-06-01,8244.5,1813.79,400,412.22,5618.49
100481,2025-06-01,11585.92,2548.9,400,579.3,8057.72
100482,2025-06-01,8086.92,1779.12,400,404.35,5503.45
100483,2025-06-01,8704.92,1915.08,400,435.25,5954.59
100484,2025-06-01,20878.83,4593.34,220,1043.94,15021.55
100485,2025-06-01,29218.75,6428.12,220,1460.94,21109.69
100486,2025-06-01,10538.33,2318.43,100,526.92,7592.98
100487,2025-06-01,4236.0,931.92,220,211.8,2872.28
100488,2025-06-01,6955.92,1530.3,100,347.8,4977.82
100489,2025-06-01,8995.5,1979.01,220,449.78,6346.71
100490,2025-06-01,6558.92,1442.96,220,327.95,4568.01
100491,2025-06-01,22201.5,4884.33,100,1110.08,16107.09
100492,2025-06-01,19334.83,4253.66,100,966.74,14014.43
100493,2025-06-01,3782.92,832.24,400,189.15,2361.53
100494,2025-06-01,6313.33,1388.93,100,315.67,4508.73
100495,2025-06-01,10905.67,2399.25,220,545.28,7741.14
100496,2025-06-01,9926.67,2183.87,220,496.33,7026.47
100497,2025-06-01,13873.25,3052.12,220,693.66,9907.47
100498,2025-06-01,8603.75,1892.82,100,430.19,6180.74
100499,2025-06-01,12430.5,2734.71,220,621.53,8854.26
100500,2025-06-01,18456.5,4060.43,100,922.82,13373.25
100501,2025-06-01,13733.25,3021.32,100,686.66,9925.27
100502,2025-06-01,9027.33,1986.01,220,451.37,6369.95
100503,2025-06-01,11121.33,2446.69,100,556.07,8018.57
100505,2025-06-01,11829.83,2602.56,100,591.49,8535.78
100506,2025-06-01,10237.08,2252.16,100,511.85,7373.07
100507,2025-06-01,5464.83,1202.26,400,273.24,3589.33
100508,2025-06-01,5159.42,1135.07,100,257.97,3666.38
100509,2025-06-01,11823.25,2601.12,220,591.16,8410.97
100510,2025-06-01,16422.0,3612.84,100,821.1,11888.06
100511,2025-06-01,9266.25,2038.58,220,463.31,6544.36
100512,2025-06-01,14906.58,3279.45,220,745.33,10661.8
100513,2025-06-01,17319.25,3810.24,100,865.96,12543.05
100514,2025-06-01,15783.5,3472.37,100,789.18,11421.95
100515,2025-06-01,8635.33,1899.77,400,431.77,5903.79
100516,2025-06-01,14067.58,3094.87,100,703.38,10169.33
100517,2025-06-01,7776.42,1710.81,220,388.82,5456.79
100518,2025-06-01,16920.5,3722.51,100,846.03,12251.96
100519,2025-06-01,4779.17,1051.42,220,238.96,3268.79
100520,2025-06-01,20577.25,4527.0,100,1028.86,14921.39
100521,2025-06-01,11455.92,2520.3,400,572.8,7962.82
100522,2025-06-01,9134.42,2009.57,220,456.72,6448.13
100523,2025-06-01,3837.83,844.32,220,191.89,2581.62
100524,2025-06-01,10679.42,2349.47,100,533.97,7695.98
100525,2025-06-01,16006.17,3521.36,400,800.31,11284.5
100526,2025-06-01,11504.83,2531.06,100,575.24,8298.53
100527,2025-06-01,8967.08,1972.76,220,448.35,6325.97
100528,2025-06-01,7406.67,1629.47,400,370.33,5006.87
100529,2025-06-01,10661.17,2345.46,220,533.06,7562.65
100530,2025-06-01,6599.75,1451.94,100,329.99,4717.82
100531,2025-06-01,6347.75,1396.5,220,317.39,4413.86
100532,2025-06-01,6732.58,1481.17,220,336.63,4694.78
100533,2025-06-01,11060.58,2433.33,100,553.03,7974.22
100534,2025-06-01,15678.75,3449.32,400,783.94,11045.49
100535,2025-06-01,12582.25,2768.1,100,629.11,9085.04
100536,2025-06-01,7137.5,1570.25,400,356.88,4810.37
100537,2025-06-01,6810.92,1498.4,220,340.55,4751.97
100538,2025-06-01,5561.33,1223.49,400,278.07,3659.77
100539,2025-06-01,12348.33,2716.63,400,617.42,8614.28
100540,2025-06-01,5600.08,1232.02,220,280.0,3868.06
100541,2025-06-01,6693.92,1472.66,220,334.7,4666.56
100542,2025-06-01,22221.92,4888.82,400,1111.1,15822.0
100543,2025-06-01,12348.75,2716.72,100,617.44,8914.59
100544,2025-06-01,10781.5,2371.93,400,539.08,7470.49
100545,2025-06-01,8118.58,1786.09,100,405.93,5826.56
100546,2025-06-01,7410.33,1630.27,220,370.52,5189.54
100547,2025-06-01,9123.83,2007.24,400,456.19,6260.4
100548,2025-06-01,6926.83,1523.9,100,346.34,4956.59
100549,2025-06-01,8561.08,1883.44,220,428.05,6029.59
100550,2025-06-01,21451.0,4719.22,220,1072.55,15439.23
100551,2025-06-01,8976.83,1974.9,220,448.84,6333.09
100552,2025-06-01,9717.83,2137.92,100,485.89,6994.02
100553,2025-06-01,5294.58,1164.81,220,264.73,3645.04
100554,2025-06-01,11002.58,2420.57,220,550.13,7811.88
100555,2025-06-01,7229.17,1590.42,220,361.46,5057.29
100556,2025-06-01,13766.83,3028.7,400,688.34,9649.79
100557,2025-06-01,9083.25,1998.32,220,454.16,6410.77
100558,2025-06-01,12254.0,2695.88,220,612.7,8725.42
100559,2025-06-01,7641.0,1681.02,220,382.05,5357.93
100560,2025-06-01,7097.92,1561.54,220,354.9,4961.48
100561,2025-06-01,6880.5,1513.71,220,344.02,4802.77
100562,2025-06-01,6726.83,1479.9,220,336.34,4690.59
100563,2025-06-01,16068.17,3535.0,220,803.41,11509.76
100564,2025-06-01,14112.92,3104.84,220,705.65,10082.43
100565,2025-06-01,3549.08,780.8,400,177.45,2190.83
100566,2025-06-01,3609.83,794.16,220,180.49,2415.18
100567,2025-06-01,5669.33,1247.25,100,283.47,4038.61
100568,2025-06-01,20546.83,4520.3,220,1027.34,14779.19
100569,2025-06-01,11211.0,2466.42,220,560.55,7964.03
100570,2025-06-01,6341.42,1395.11,100,317.07,4529.24
100571,2025-06-01,7056.5,1552.43,400,352.83,4751.24
100572,2025-06-01,11650.75,2563.16,220,582.54,8285.05
100573,2025-06-01,11107.83,2443.72,100,555.39,8008.72
100574,2025-06-01,7139.92,1570.78,220,357.0,4992.14
100575,2025-06-01,6631.0,1458.82,220,331.55,4620.63
100576,2025-06-01,15487.5,3407.25,220,774.38,11085.87
100577,2025-06-01,10767.33,2368.81,400,538.37,7460.15
100580,2025-06-01,21399.67,4707.93,220,1069.98,15401.76
100581,2025-06-01,7488.67,1647.51,220,374.43,5246.73
100582,2025-06-01,10394.0,2286.68,220,519.7,7367.62
100584,2025-06-01,9817.83,2159.92,400,490.89,6767.02
100585,2025-06-01,5148.25,1132.62,220,257.41,3538.22
100586,2025-06-01,5299.08,1165.8,400,264.95,3468.33
100587,2025-06-01,14584.25,3208.54,100,729.21,10546.5
100588,2025-06-01,10734.75,2361.64,220,536.74,7616.37
100589,2025-06-01,5045.5,1110.01,100,252.28,3583.21
100591,2025-06-01,7354.42,1617.97,220,367.72,5148.73
100592,2025-06-01,7703.25,1694.72,100,385.16,5523.37
100593,2025-06-01,11360.33,2499.27,220,568.02,8073.04
100594,2025-06-01,6603.5,1452.77,400,330.18,4420.55
100595,2025-06-01,6879.08,1513.4,220,343.95,4801.73
100596,2025-06-01,7412.83,1630.82,400,370.64,5011.37
100597,2025-06-01,8774.83,1930.46,100,438.74,6305.63
100598,2025-06-01,10911.08,2400.44,220,545.55,7745.09
100600,2025-06-01,11540.67,2538.95,100,577.03,8324.69
100601,2025-06-01,8085.67,1778.85,220,404.28,5682.54
100602,2025-06-01,5167.08,1136.76,220,258.35,3551.97
100603,2025-06-01,6686.75,1471.08,220,334.34,4661.33
100604,2025-06-01,16091.33,3540.09,100,804.57,11646.67
100605,2025-06-01,14133.5,3109.37,220,706.68,10097.45
100606,2025-06-01,10446.58,2298.25,220,522.33,7406.0
100607,2025-06-01,8827.83,1942.12,220,441.39,6224.32
100608,2025-06-01,8255.33,1816.17,400,412.77,5626.39
100609,2025-06-01,12130.17,2668.64,400,606.51,8455.02
100610,2025-06-01,13599.08,2991.8,220,679.95,9707.33
100611,2025-06-01,5622.17,1236.88,100,281.11,4004.18
100612,2025-06-01,8596.5,1891.23,100,429.83,6175.44
100613,2025-06-01,10358.92,2278.96,220,517.95,7342.01
100614,2025-06-01,9158.92,2014.96,100,457.95,6586.01
100615,2025-06-01,8646.75,1902.28,220,432.34,6092.13
100616,2025-06-01,9964.33,2192.15,220,498.22,7053.96
100617,2025-06-01,5378.92,1183.36,220,268.95,3706.61
100618,2025-06-01,8835.58,1943.83,100,441.78,6349.97
100619,2025-06-01,13998.58,3079.69,400,699.93,9818.96
100620,2025-06-01,6808.25,1497.82,220,340.41,4750.02
100621,2025-06-01,13025.0,2865.5,220,651.25,9288.25
100622,2025-06-01,5351.0,1177.22,100,267.55,3806.23
100623,2025-06-01,6729.83,1480.56,400,336.49,4512.78
100624,2025-06-01,9156.92,2014.52,400,457.85,6284.55
100625,2025-06-01,4281.75,941.98,400,214.09,2725.68
100627,2025-06-01,8135.42,1789.79,220,406.77,5718.86
100628,2025-06-01,6546.5,1440.23,100,327.33,4678.94
100629,2025-06-01,21211.08,4666.44,220,1060.55,15264.09
100631,2025-06-01,4402.0,968.44,100,220.1,3113.46
100632,2025-06-01,5222.5,1148.95,220,261.12,3592.43
100633,2025-06-01,8745.92,1924.1,220,437.3,6164.52
100634,2025-06-01,7400.08,1628.02,220,370.0,5182.06
100635,2025-06-01,7282.0,1602.04,400,364.1,4915.86
100636,2025-06-01,13164.75,2896.24,220,658.24,9390.27
100637,2025-06-01,5319.58,1170.31,100,265.98,3783.29
100638,2025-06-01,14383.42,3164.35,220,719.17,10279.9
100639,2025-06-01,10719.17,2358.22,220,535.96,7604.99
100640,2025-06-01,5132.25,1129.1,220,256.61,3526.54
100641,2025-06-01,11086.17,2438.96,100,554.31,7992.9
100642,2025-06-01,6818.0,1499.96,220,340.9,4757.14
100643,2025-06-01,9582.83,2108.22,100,479.14,6895.47
100644,2025-06-01,4486.58,987.05,220,224.33,3055.2
100645,2025-06-01,4721.42,1038.71,400,236.07,3046.64
100646,2025-06-01,11017.58,2423.87,100,550.88,7942.83
100647,2025-06-01,6237.83,1372.32,220,311.89,4333.62
100648,2025-06-01,15141.33,3331.09,220,757.07,10833.17
100649,2025-06-01,7186.92,1581.12,220,359.35,5026.45
100650,2025-06-01,8086.0,1778.92,100,404.3,5802.78
100651,2025-06-01,13953.25,3069.72,220,697.66,9965.87
100652,2025-06-01,6238.83,1372.54,100,311.94,4454.35
100653,2025-06-01,7043.58,1549.59,220,352.18,4921.81
100654,2025-06-01,7127.83,1568.12,100,356.39,5103.32
100655,2025-06-01,5712.58,1256.77,400,285.63,3770.18
100656,2025-06-01,6683.75,1470.42,220,334.19,4659.14
100658,2025-06-01,20361.42,4479.51,220,1018.07,14643.84
100659,2025-06-01,5006.17,1101.36,100,250.31,3554.5
100660,2025-06-01,7962.08,1751.66,100,398.1,5712.32
100661,2025-06-01,5059.58,1113.11,100,252.98,3593.49
100662,2025-06-01,5694.17,1252.72,100,284.71,4056.74
100663,2025-06-01,6519.33,1434.25,100,325.97,4659.11
100664,2025-06-01,13504.25,2970.94,220,675.21,9638.1
100665,2025-06-01,9956.0,2190.32,220,497.8,7047.88
100666,2025-06-01,18625.92,4097.7,100,931.3,13496.92
100667,2025-06-01,5934.83,1305.66,400,296.74,3932.43
100668,2025-06-01,7152.42,1573.53,100,357.62,5121.27
100669,2025-06-01,28948.42,6368.65,100,1447.42,21032.35
100670,2025-06-01,10645.25,2341.96,400,532.26,7371.03
100671,2025-06-01,7175.33,1578.57,220,358.77,5017.99
100672,2025-06-01,5566.83,1224.7,220,278.34,3843.79
100673,2025-06-01,10805.5,2377.21,100,540.28,7788.01
100674,2025-06-01,9806.92,2157.52,220,490.35,6939.05
100675,2025-06-01,12951.92,2849.42,100,647.6,9354.9
100676,2025-06-01,6439.75,1416.74,100,321.99,4601.02
100677,2025-06-01,11191.67,2462.17,100,559.58,8069.92
100678,2025-06-01,5546.25,1220.18,100,277.31,3948.76
100679,2025-06-01,10134.08,2229.5,100,506.7,7297.88
100680,2025-06-01,10957.75,2410.7,220,547.89,7779.16
100681,2025-06-01,9756.75,2146.48,220,487.84,6902.43
100682,2025-06-01,3816.92,839.72,220,190.85,2566.35
100683,2025-06-01,7055.42,1552.19,100,352.77,5050.46
100684,2025-06-01,17654.75,3884.04,100,882.74,12787.97
100685,2025-06-01,13160.75,2895.36,220,658.04,9387.35
100686,2025-06-01,9405.25,2069.16,400,470.26,6465.83
100687,2025-06-01,5625.58,1237.63,100,281.28,4006.67
100688,2025-06-01,10209.0,2245.98,100,510.45,7352.57
100689,2025-06-01,5796.67,1275.27,400,289.83,3831.57
100690,2025-06-01,12614.5,2775.19,100,630.72,9108.59
100691,2025-06-01,8927.67,1964.09,100,446.38,6417.2
100693,2025-06-01,8171.83,1797.8,400,408.59,5565.44
100694,2025-06-01,10179.92,2239.58,220,509.0,7211.34
100695,2025-06-01,7891.33,1736.09,220,394.57,5540.67
100696,2025-06-01,11869.92,2611.38,220,593.5,8445.04
100697,2025-06-01,7832.67,1723.19,100,391.63,5617.85
100698,2025-06-01,16780.42,3691.69,100,839.02,12149.71
100699,2025-06-01,6876.58,1512.85,400,343.83,4619.9
100700,2025-06-01,6437.0,1416.14,400,321.85,4299.01
100701,2025-06-01,5124.75,1127.44,100,256.24,3641.07
100702,2025-06-01,11249.75,2474.95,100,562.49,8112.31
100703,2025-06-01,8484.17,1866.52,220,424.21,5973.44
100704,2025-06-01,8489.83,1867.76,100,424.49,6097.58
100705,2025-06-01,7650.83,1683.18,400,382.54,5185.11
100706,2025-06-01,13336.17,2933.96,220,666.81,9515.4
100707,2025-06-01,4533.42,997.35,220,226.67,3089.4
100708,2025-06-01,9886.75,2175.08,220,494.34,6997.33
100711,2025-06-01,5169.42,1137.27,220,258.47,3553.68
100712,2025-06-01,5624.5,1237.39,220,281.23,3885.88
100713,2025-06-01,7780.17,1711.64,220,389.01,5459.52
100714,2025-06-01,7076.33,1556.79,220,353.82,4945.72
100715,2025-06-01,16437.08,3616.16,220,821.85,11779.07
100716,2025-06-01,5528.5,1216.27,220,276.42,3815.81
100717,2025-06-01,10738.58,2362.49,100,536.93,7739.16
100718,2025-06-01,3711.25,816.48,220,185.56,2489.21
100719,2025-06-01,5558.5,1222.87,220,277.92,3837.71
100720,2025-06-01,13120.25,2886.46,220,656.01,9357.78
100721,2025-06-01,10052.5,2211.55,220,502.62,7118.33
100722,2025-06-01,7627.75,1678.1,400,381.39,5168.26
100723,2025-06-01,18267.0,4018.74,220,913.35,13114.91
100724,2025-06-01,7120.67,1566.55,400,356.03,4798.09
100725,2025-06-01,9697.42,2133.43,220,484.87,6859.12
100726,2025-06-01,5199.83,1143.96,220,259.99,3575.88
100727,2025-06-01,4178.67,919.31,220,208.93,2830.43
100728,2025-06-01,5157.42,1134.63,400,257.87,3364.92
100729,2025-06-01,8033.67,1767.41,400,401.68,5464.58
100730,2025-06-01,14713.0,3236.86,100,735.65,10640.49
100731,2025-06-01,6713.92,1477.06,100,335.7,4801.16
100732,2025-06-01,6683.08,1470.28,220,334.15,4658.65
100733,2025-06-01,14833.33,3263.33,100,741.67,10728.33
100734,2025-06-01,19043.33,4189.53,100,952.17,13801.63
100735,2025-06-01,10203.42,2244.75,100,510.17,7348.5
100736,2025-06-01,8098.33,1781.63,100,404.92,5811.78
100737,2025-06-01,28966.42,6372.61,220,1448.32,20925.49
100738,2025-06-01,8843.25,1945.52,400,442.16,6055.57
100739,2025-06-01,11414.58,2511.21,220,570.73,8112.64
100740,2025-06-01,18273.0,4020.06,220,913.65,13119.29
100741,2025-06-01,8754.33,1925.95,220,437.72,6170.66
100742,2025-06-01,10933.75,2405.43,100,546.69,7881.63
100743,2025-06-01,10842.5,2385.35,220,542.12,7695.03
100744,2025-06-01,12094.08,2660.7,220,604.7,8608.68
100745,2025-06-01,8970.0,1973.4,100,448.5,6448.1
100746,2025-06-01,16402.5,3608.55,220,820.12,11753.83
100748,2025-06-01,9216.83,2027.7,400,460.84,6328.29
100749,2025-06-01,9024.17,1985.32,220,451.21,6367.64
100750,2025-06-01,13215.08,2907.32,400,660.75,9247.01
100751,2025-06-01,14370.92,3161.6,220,718.55,10270.77
100752,2025-06-01,7742.33,1703.31,220,387.12,5431.9
100753,2025-06-01,11474.33,2524.35,220,573.72,8156.26
100754,2025-06-01,7152.08,1573.46,220,357.6,5001.02
100755,2025-06-01,7240.33,1592.87,220,362.02,5065.44
100756,2025-06-01,4332.33,953.11,100,216.62,3062.6
100757,2025-06-01,4978.08,1095.18,220,248.9,3414.0
100759,2025-06-01,16584.92,3648.68,100,829.25,12006.99
100760,2025-06-01,8381.67,1843.97,220,419.08,5898.62
100761,2025-06-01,5560.83,1223.38,220,278.04,3839.41
100762,2025-06-01,7289.0,1603.58,220,364.45,5100.97
100763,2025-06-01,10879.83,2393.56,220,543.99,7722.28
100764,2025-06-01,4928.58,1084.29,220,246.43,3377.86
100765,2025-06-01,10214.58,2247.21,220,510.73,7236.64
100766,2025-06-01,4360.58,959.33,220,218.03,2963.22
100767,2025-06-01,8841.25,1945.08,220,442.06,6234.11
100770,2025-06-01,11079.75,2437.54,220,553.99,7868.22
100771,2025-06-01,7975.42,1754.59,100,398.77,5722.06
100773,2025-06-01,9543.92,2099.66,220,477.2,6747.06
100774,2025-06-01,13152.67,2893.59,400,657.63,9201.45
100775,2025-06-01,8848.75,1946.72,100,442.44,6359.59
100776,2025-06-01,14305.5,3147.21,100,715.28,10343.01
100777,2025-06-01,16269.75,3579.34,400,813.49,11476.92
100778,2025-06-01,6693.92,1472.66,400,334.7,4486.56
100779,2025-06-01,6429.5,1414.49,100,321.48,4593.53
100780,2025-06-01,6050.0,1331.0,100,302.5,4316.5
100781,2025-06-01,7843.0,1725.46,220,392.15,5505.39
100782,2025-06-01,5353.25,1177.71,100,267.66,3807.88
100783,2025-06-01,12783.25,2812.32,100,639.16,9231.77
100784,2025-06-01,13415.08,2951.32,220,670.75,9573.01
100785,2025-06-01,8754.83,1926.06,400,437.74,5991.03
100787,2025-06-01,13712.67,3016.79,220,685.63,9790.25
100788,2025-06-01,5522.67,1214.99,100,276.13,3931.55
100790,2025-06-01,12454.25,2739.94,100,622.71,8991.6
100792,2025-06-01,9478.5,2085.27,220,473.92,6699.31
100793,2025-06-01,5791.42,1274.11,400,289.57,3827.74
100794,2025-06-01,7098.33,1561.63,100,354.92,5081.78
100795,2025-06-01,11178.67,2459.31,220,558.93,7940.43
100796,2025-06-01,20795.75,4575.06,220,1039.79,14960.9
100797,2025-06-01,8488.92,1867.56,100,424.45,6096.91
100798,2025-06-01,5329.75,1172.54,400,266.49,3490.72
100799,2025-06-01,8892.92,1956.44,220,444.65,6271.83
100800,2025-06-01,11669.17,2567.22,400,583.46,8118.49
100801,2025-06-01,10821.17,2380.66,220,541.06,7679.45
100802,2025-06-01,17007.33,3741.61,220,850.37,12195.35
100803,2025-06-01,5225.08,1149.52,400,261.25,3414.31
100804,2025-06-01,10656.5,2344.43,220,532.83,7559.24
100805,2025-06-01,11230.17,2470.64,100,561.51,8098.02
100806,2025-06-01,9815.83,2159.48,400,490.79,6765.56
100807,2025-06-01,20192.83,4442.42,100,1009.64,14640.77
100808,2025-06-01,5957.58,1310.67,400,297.88,3949.03
100809,2025-06-01,5075.0,1116.5,220,253.75,3484.75
100810,2025-06-01,4154.25,913.94,100,207.71,2932.6
100811,2025-06-01,4540.92,999.0,100,227.05,3214.87
100812,2025-06-01,5476.17,1204.76,220,273.81,3777.6
100813,2025-06-01,15494.42,3408.77,400,774.72,10910.93
100814,2025-06-01,13610.0,2994.2,100,680.5,9835.3
100816,2025-06-01,5846.0,1286.12,100,292.3,4167.58
100817,2025-06-01,5525.75,1215.66,100,276.29,3933.8
100818,2025-06-01,9653.17,2123.7,100,482.66,6946.81
100819,2025-06-01,6617.75,1455.9,220,330.89,4610.96
100820,2025-06-01,5789.17,1273.62,400,289.46,3826.09
100821,2025-06-01,14985.75,3296.86,220,749.29,10719.6
100822,2025-06-01,19679.5,4329.49,400,983.98,13966.03
100823,2025-06-01,15688.33,3451.43,100,784.42,11352.48
100824,2025-06-01,11613.5,2554.97,220,580.68,8257.85
100826,2025-06-01,4414.58,971.21,400,220.73,2822.64
100827,2025-06-01,18021.5,3964.73,400,901.08,12755.69
100828,2025-06-01,12784.67,2812.63,220,639.23,9112.81
100829,2025-06-01,12711.17,2796.46,220,635.56,9059.15
100830,2025-06-01,5588.92,1229.56,100,279.45,3979.91
100831,2025-06-01,8322.92,1831.04,100,416.15,5975.73
100832,2025-06-01,8356.0,1838.32,220,417.8,5879.88
100833,2025-06-01,10743.58,2363.59,220,537.18,7622.81
100834,2025-06-01,23529.92,5176.58,220,1176.5,16956.84
100835,2025-06-01,10992.08,2418.26,220,549.6,7804.22
100836,2025-06-01,8917.92,1961.94,220,445.9,6290.08
100837,2025-06-01,7182.0,1580.04,100,359.1,5142.86
100838,2025-06-01,9514.83,2093.26,220,475.74,6725.83
100839,2025-06-01,8780.42,1931.69,100,439.02,6309.71
100840,2025-06-01,9012.58,1982.77,100,450.63,6479.18
100841,2025-06-01,4536.83,998.1,100,226.84,3211.89
100842,2025-06-01,4733.33,1041.33,220,236.67,3235.33
100843,2025-06-01,8587.5,1889.25,400,429.38,5868.87
100844,2025-06-01,9936.42,2186.01,100,496.82,7153.59
100845,2025-06-01,9999.75,2199.95,100,499.99,7199.81
100846,2025-06-01,17855.25,3928.16,220,892.76,12814.33
100847,2025-06-01,6302.25,1386.5,220,315.11,4380.64
100848,2025-06-01,20610.5,4534.31,220,1030.53,14825.66
100849,2025-06-01,24926.92,5483.92,400,1246.35,17796.65
100850,2025-06-01,7416.92,1631.72,220,370.85,5194.35
100851,2025-06-01,8759.25,1927.04,400,437.96,5994.25
100854,2025-06-01,8139.67,1790.73,220,406.98,5721.96
100855,2025-06-01,7145.75,1572.06,220,357.29,4996.4
100856,2025-06-01,21620.67,4756.55,220,1081.03,15563.09
100857,2025-06-01,10179.0,2239.38,220,508.95,7210.67
100858,2025-06-01,8576.42,1886.81,220,428.82,6040.79
100859,2025-06-01,6541.58,1439.15,220,327.08,4555.35
100860,2025-06-01,10472.83,2304.02,100,523.64,7545.17
100861,2025-06-01,11059.92,2433.18,100,553.0,7973.74
100862,2025-06-01,14760.58,3247.33,220,738.03,10555.22
100863,2025-06-01,5399.83,1187.96,220,269.99,3721.88
100864,2025-06-01,5095.58,1121.03,220,254.78,3499.77
100865,2025-06-01,7954.75,1750.04,220,397.74,5586.97
100866,2025-06-01,17817.75,3919.9,220,890.89,12786.96
100867,2025-06-01,6596.83,1451.3,220,329.84,4595.69
100868,2025-06-01,9891.5,2176.13,100,494.58,7120.79
100870,2025-06-01,11269.5,2479.29,400,563.48,7826.73
100871,2025-06-01,6825.33,1501.57,100,341.27,4882.49
100872,2025-06-01,10959.58,2411.11,220,547.98,7780.49
100873,2025-06-01,9026.58,1985.85,220,451.33,6369.4
100874,2025-06-01,9242.5,2033.35,220,462.12,6527.03
100875,2025-06-01,21476.5,4724.83,100,1073.82,15577.85
100876,2025-06-01,8823.17,1941.1,100,441.16,6340.91
100877,2025-06-01,4280.17,941.64,100,214.01,3024.52
100878,2025-06-01,8425.0,1853.5,220,421.25,5930.25
100879,2025-06-01,5860.67,1289.35,400,293.03,3878.29
100880,2025-06-01,5189.08,1141.6,220,259.45,3568.03
100881,2025-06-01,22258.92,4896.96,100,1112.95,16149.01
100882,2025-06-01,3679.08,809.4,100,183.95,2585.73
100883,2025-06-01,6792.92,1494.44,100,339.65,4858.83
100884,2025-06-01,9122.17,2006.88,220,456.11,6439.18
100885,2025-06-01,11312.67,2488.79,400,565.63,7858.25
100886,2025-06-01,11497.17,2529.38,100,574.86,8292.93
100887,2025-06-01,6602.25,1452.5,220,330.11,4599.64
100888,2025-06-01,6027.92,1326.14,100,301.4,4300.38
100890,2025-06-01,3741.42,823.11,220,187.07,2511.24
100891,2025-06-01,4907.42,1079.63,220,245.37,3362.42
100892,2025-06-01,7149.17,1572.82,220,357.46,4998.89
100894,2025-06-01,6667.17,1466.78,220,333.36,4647.03
100895,2025-06-01,10991.42,2418.11,220,549.57,7803.74
100896,2025-06-01,15621.92,3436.82,220,781.1,11184.0
100897,2025-06-01,11200.58,2464.13,220,560.03,7956.42
100898,2025-06-01,16954.08,3729.9,220,847.7,12156.48
100899,2025-06-01,8392.08,1846.26,100,419.6,6026.22
100900,2025-06-01,14592.0,3210.24,100,729.6,10552.16
100901,2025-06-01,6328.33,1392.23,100,316.42,4519.68
100902,2025-06-01,11859.92,2609.18,100,593.0,8557.74
100903,2025-06-01,12880.67,2833.75,220,644.03,9182.89
100904,2025-06-01,7183.0,1580.26,100,359.15,5143.59
100905,2025-06-01,8317.0,1829.74,100,415.85,5971.41
100906,2025-06-01,9498.75,2089.72,100,474.94,6834.09
100907,2025-06-01,13135.25,2889.76,220,656.76,9368.73
100908,2025-06-01,14003.58,3080.79,400,700.18,9822.61
100909,2025-06-01,9570.75,2105.56,220,478.54,6766.65
100910,2025-06-01,25492.67,5608.39,100,1274.63,18509.65
100911,2025-06-01,19809.33,4358.05,400,990.47,14060.81
100912,2025-06-01,6597.58,1451.47,220,329.88,4596.23
100913,2025-06-01,14844.17,3265.72,100,742.21,10736.24
100914,2025-06-01,8515.08,1873.32,400,425.75,5816.01
100915,2025-06-01,15351.17,3377.26,220,767.56,10986.35
100916,2025-06-01,4822.67,1060.99,100,241.13,3420.55
100917,2025-06-01,8077.75,1777.1,100,403.89,5796.76
100918,2025-06-01,16758.33,3686.83,100,837.92,12133.58
100919,2025-06-01,5543.83,1219.64,220,277.19,3827.0
100920,2025-06-01,16881.17,3713.86,100,844.06,12223.25
100921,2025-06-01,10107.25,2223.59,100,505.36,7278.3
100922,2025-06-01,13820.0,3040.4,100,691.0,9988.6
100924,2025-06-01,11014.5,2423.19,100,550.72,7940.59
100925,2025-06-01,4477.67,985.09,400,223.88,2868.7
100926,2025-06-01,6438.83,1416.54,220,321.94,4480.35
100928,2025-06-01,11228.17,2470.2,220,561.41,7976.56
100929,2025-06-01,6193.67,1362.61,400,309.68,4121.38
100931,2025-06-01,8091.83,1780.2,100,404.59,5807.04
100932,2025-06-01,6396.83,1407.3,100,319.84,4569.69
100933,2025-06-01,15771.08,3469.64,220,788.55,11292.89
100935,2025-06-01,8806.92,1937.52,220,440.35,6209.05
100936,2025-06-01,8429.75,1854.54,100,421.49,6053.72
100937,2025-06-01,15467.5,3402.85,220,773.38,11071.27
100939,2025-06-01,7108.5,1563.87,400,355.42,4789.21
100940,2025-06-01,4285.33,942.77,220,214.27,2908.29
100941,2025-06-01,7790.17,1713.84,100,389.51,5586.82
100942,2025-06-01,8700.5,1914.11,220,435.02,6131.37
100943,2025-06-01,4026.67,885.87,220,201.33,2719.47
100944,2025-06-01,17213.42,3786.95,220,860.67,12345.8
100945,2025-06-01,7122.83,1567.02,100,356.14,5099.67
100946,2025-06-01,7221.92,1588.82,100,361.1,5172.0
100947,2025-06-01,7965.92,1752.5,400,398.3,5415.12
100948,2025-06-01,14059.67,3093.13,100,702.98,10163.56
100949,2025-06-01,6641.5,1461.13,220,332.08,4628.29
100950,2025-06-01,11293.0,2484.46,220,564.65,8023.89
100951,2025-06-01,13113.0,2884.86,220,655.65,9352.49
100952,2025-06-01,7963.83,1752.04,100,398.19,5713.6
100953,2025-06-01,9114.0,2005.08,400,455.7,6253.22
100954,2025-06-01,5268.25,1159.02,100,263.41,3745.82
100956,2025-06-01,13299.0,2925.78,100,664.95,9608.27
100957,2025-06-01,10070.0,2215.4,220,503.5,7131.1
100958,2025-06-01,16317.67,3589.89,220,815.88,11691.9
100960,2025-06-01,6995.33,1538.97,220,349.77,4886.59
100961,2025-06-01,6763.17,1487.9,220,338.16,4717.11
100962,2025-06-01,13886.17,3054.96,100,694.31,10036.9
100963,2025-06-01,12973.08,2854.08,400,648.65,9070.35
100964,2025-06-01,10672.67,2347.99,400,533.63,7391.05
100965,2025-06-01,6520.5,1434.51,100,326.03,4659.96
100966,2025-06-01,5393.83,1186.64,400,269.69,3537.5
100967,2025-06-01,13291.25,2924.08,220,664.56,9482.61
100968,2025-06-01,4522.83,995.02,400,226.14,2901.67
100969,2025-06-01,6375.17,1402.54,220,318.76,4433.87
100970,2025-06-01,4389.0,965.58,220,219.45,2983.97
100971,2025-06-01,6583.42,1448.35,220,329.17,4585.9
100972,2025-06-01,4222.08,928.86,400,211.1,2682.12
100973,2025-06-01,9111.08,2004.44,220,455.55,6431.09
100974,2025-06-01,7176.0,1578.72,220,358.8,5018.48
100975,2025-06-01,19860.17,4369.24,100,993.01,14397.92
100976,2025-06-01,6940.25,1526.86,100,347.01,4966.38
100977,2025-06-01,5401.92,1188.42,220,270.1,3723.4
100978,2025-06-01,18319.5,4030.29,400,915.98,12973.23
100979,2025-06-01,12629.08,2778.4,220,631.45,8999.23
100980,2025-06-01,18671.42,4107.71,220,933.57,13410.14
100981,2025-06-01,10321.17,2270.66,100,516.06,7434.45
100982,2025-06-01,10441.33,2297.09,100,522.07,7522.17
100983,2025-06-01,6758.58,1486.89,100,337.93,4833.76
100984,2025-06-01,8667.83,1906.92,220,433.39,6107.52
100985,2025-06-01,10193.25,2242.52,100,509.66,7341.07
100986,2025-06-01,7336.0,1613.92,100,366.8,5255.28
100987,2025-06-01,6535.08,1437.72,220,326.75,4550.61
100988,2025-06-01,4925.83,1083.68,220,246.29,3375.86
100989,2025-06-01,14012.08,3082.66,400,700.6,9828.82
100990,2025-06-01,7291.67,1604.17,220,364.58,5102.92
100991,2025-06-01,6650.0,1463.0,100,332.5,4754.5
100992,2025-06-01,6073.17,1336.1,100,303.66,4333.41
100993,2025-06-01,17317.83,3809.92,100,865.89,12542.02
100994,2025-06-01,10118.17,2226.0,220,505.91,7166.26
100995,2025-06-01,4207.5,925.65,100,210.38,2971.47
100996,2025-06-01,12427.67,2734.09,220,621.38,8852.2
100997,2025-06-01,12948.75,2848.72,220,647.44,9232.59
100998,2025-06-01,15574.92,3426.48,220,778.75,11149.69
100999,2025-06-01,18120.58,3986.53,220,906.03,13008.02
100000,2025-07-01,9129.5,2008.49,100,456.48,6564.53
100001,2025-07-01,16037.42,3528.23,220,801.87,11487.32
100002,2025-07-01,5256.08,1156.34,100,262.8,3736.94
100003,2025-07-01,9698.25,2133.62,400,484.91,6679.72
100004,2025-07-01,15969.08,3513.2,100,798.45,11557.43
100005,2025-07-01,4771.08,1049.64,400,238.55,3082.89
100006,2025-07-01,7911.17,1740.46,100,395.56,5675.15
100007,2025-07-01,16480.25,3625.66,100,824.01,11930.58
100008,2025-07-01,9146.33,2012.19,220,457.32,6456.82
100009,2025-07-01,6618.5,1456.07,220,330.92,4611.51
100010,2025-07-01,8804.0,1936.88,220,440.2,6206.92
100012,2025-07-01,10166.67,2236.67,100,508.33,7321.67
100013,2025-07-01,12601.83,2772.4,220,630.09,8979.34
100014,2025-07-01,8827.17,1941.98,220,441.36,6223.83
100015,2025-07-01,6174.08,1358.3,400,308.7,4107.08
100016,2025-07-01,17131.17,3768.86,100,856.56,12405.75
100017,2025-07-01,13609.83,2994.16,220,680.49,9715.18
100018,2025-07-01,7081.17,1557.86,220,354.06,4949.25
100019,2025-07-01,12318.0,2709.96,400,615.9,8592.14
100020,2025-07-01,5144.67,1131.83,220,257.23,3535.61
100021,2025-07-01,6841.5,1505.13,220,342.08,4774.29
100022,2025-07-01,24124.0,5307.28,220,1206.2,17390.52
100023,2025-07-01,9569.17,2105.22,400,478.46,6585.49
100025,2025-07-01,11148.33,2452.63,100,557.42,8038.28
100026,2025-07-01,5255.42,1156.19,220,262.77,3616.46
100027,2025-07-01,8713.83,1917.04,220,435.69,6141.1
100028,2025-07-01,7064.67,1554.23,100,353.23,5057.21
100029,2025-07-01,7278.17,1601.2,220,363.91,5093.06
100030,2025-07-01,8823.25,1941.12,220,441.16,6220.97
100031,2025-07-01,8478.25,1865.22,100,423.91,6089.12
100032,2025-07-01,8900.5,1958.11,220,445.02,6277.37
100033,2025-07-01,9732.17,2141.08,220,486.61,6884.48
100034,2025-07-01,12160.58,2675.33,220,608.03,8657.22
100035,2025-07-01,6650.67,1463.15,100,332.53,4754.99
100036,2025-07-01,10339.5,2274.69,100,516.98,7447.83
100037,2025-07-01,11089.42,2439.67,400,554.47,7695.28
100038,2025-07-01,5847.42,1286.43,220,292.37,4048.62
100039,2025-07-01,4807.17,1057.58,220,240.36,3289.23
100040,2025-07-01,7171.75,1577.78,400,358.59,4835.38
100041,2025-07-01,8180.92,1799.8,220,409.05,5752.07
100042,2025-07-01,5031.33,1106.89,220,251.57,3452.87
100043,2025-07-01,8419.58,1852.31,100,420.98,6046.29
100044,2025-07-01,7115.42,1565.39,220,355.77,4974.26
100045,2025-07-01,9237.0,2032.14,100,461.85,6643.01
100046,2025-07-01,5990.92,1318.0,220,299.55,4153.37
100047,2025-07-01,13901.0,3058.22,100,695.05,10047.73
100048,2025-07-01,9088.17,1999.4,100,454.41,6534.36
100050,2025-07-01,10054.83,2212.06,220,502.74,7120.03
100052,2025-07-01,8221.25,1808.68,100,411.06,5901.51
100053,2025-07-01,4153.08,913.68,220,207.65,2811.75
100054,2025-07-01,5380.08,1183.62,100,269.0,3827.46
100056,2025-07-01,10821.25,2380.68,100,541.06,7799.51
100057,2025-07-01,16061.0,3533.42,220,803.05,11504.53
100058,2025-07-01,10110.83,2224.38,220,505.54,7160.91
100059,2025-07-01,13359.92,2939.18,220,668.0,9532.74
100060,2025-07-01,5312.5,1168.75,400,265.62,3478.13
100061,2025-07-01,6377.0,1402.94,100,318.85,4555.21
100062,2025-07-01,10557.17,2322.58,100,527.86,7606.73
100063,2025-07-01,7745.17,1703.94,100,387.26,5553.97
100064,2025-07-01,6896.33,1517.19,100,344.82,4934.32
100065,2025-07-01,11142.25,2451.3,400,557.11,7733.84
100066,2025-07-01,8158.33,1794.83,220,407.92,5735.58
100067,2025-07-01,25184.33,5540.55,100,1259.22,18284.56
100068,2025-07-01,8412.25,1850.7,400,420.61,5740.94
100069,2025-07-01,20383.5,4484.37,220,1019.18,14659.95
100070,2025-07-01,7650.75,1683.16,220,382.54,5365.05
100071,2025-07-01,7051.92,1551.42,220,352.6,4927.9
100072,2025-07-01,6621.83,1456.8,220,331.09,4613.94
100073,2025-07-01,4604.5,1012.99,220,230.23,3141.28
100074,2025-07-01,20361.83,4479.6,100,1018.09,14764.14
100075,2025-07-01,12649.25,2782.84,100,632.46,9133.95
100076,2025-07-01,14587.17,3209.18,100,729.36,10548.63
100077,2025-07-01,8324.75,1831.44,220,416.24,5857.07
100078,2025-07-01,11634.5,2559.59,100,581.72,8393.19
100079,2025-07-01,13752.58,3025.57,220,687.63,9819.38
100080,2025-07-01,11363.58,2499.99,400,568.18,7895.41
100081,2025-07-01,11857.75,2608.7,220,592.89,8436.16
100082,2025-07-01,9756.17,2146.36,220,487.81,6902.0
100083,2025-07-01,10923.0,2403.06,220,546.15,7753.79
100084,2025-07-01,8754.92,1926.08,400,437.75,5991.09
100085,2025-07-01,12442.58,2737.37,220,622.13,8863.08
100086,2025-07-01,6145.5,1352.01,220,307.28,4266.21
100087,2025-07-01,5019.5,1104.29,100,250.98,3564.23
100088,2025-07-01,7035.58,1547.83,400,351.78,4735.97
100089,2025-07-01,11404.25,2508.94,220,570.21,8105.1
100090,2025-07-01,9510.0,2092.2,220,475.5,6722.3
100092,2025-07-01,9074.67,1996.43,220,453.73,6404.51
100093,2025-07-01,11075.08,2436.52,220,553.75,7864.81
100094,2025-07-01,10168.08,2236.98,220,508.4,7202.7
100095,2025-07-01,6702.33,1474.51,220,335.12,4672.7
100096,2025-07-01,22411.67,4930.57,220,1120.58,16140.52
100097,2025-07-01,5096.75,1121.29,100,254.84,3620.62
100098,2025-07-01,5087.75,1119.3,220,254.39,3494.06
100099,2025-07-01,13975.08,3074.52,220,698.75,9981.81
100100,2025-07-01,7113.17,1564.9,220,355.66,4972.61
100101,2025-07-01,6217.17,1367.78,100,310.86,4438.53
100102,2025-07-01,16002.33,3520.51,220,800.12,11461.7
100103,2025-07-01,7352.0,1617.44,220,367.6,5146.96
100104,2025-07-01,7082.67,1558.19,220,354.13,4950.35
100105,2025-07-01,7369.17,1621.22,220,368.46,5159.49
100106,2025-07-01,9937.83,2186.32,220,496.89,7034.62
100107,2025-07-01,5913.25,1300.92,400,295.66,3916.67
100108,2025-07-01,13516.33,2973.59,220,675.82,9646.92
100109,2025-07-01,12658.5,2784.87,400,632.93,8840.7
100110,2025-07-01,11282.83,2482.22,220,564.14,8016.47
100111,2025-07-01,6186.75,1361.08,220,309.34,4296.33
100112,2025-07-01,10680.42,2349.69,100,534.02,7696.71
100113,2025-07-01,4987.42,1097.23,220,249.37,3420.82
100114,2025-07-01,6231.92,1371.02,220,311.6,4329.3
100115,2025-07-01,7424.92,1633.48,100,371.25,5320.19
100116,2025-07-01,5485.42,1206.79,400,274.27,3604.36
100117,2025-07-01,11629.5,2558.49,400,581.48,8089.53
100118,2025-07-01,13229.58,2910.51,400,661.48,9257.59
100119,2025-07-01,10634.58,2339.61,400,531.73,7363.24
100120,2025-07-01,3472.75,764.0,400,173.64,2135.11
100121,2025-07-01,9777.58,2151.07,220,488.88,6917.63
100122,2025-07-01,7621.17,1676.66,400,381.06,5163.45
100123,2025-07-01,10137.17,2230.18,220,506.86,7180.13
100124,2025-07-01,12715.42,2797.39,100,635.77,9182.26
100125,2025-07-01,12434.0,2735.48,220,621.7,8856.82
100126,2025-07-01,5747.25,1264.4,220,287.36,3975.49
100127,2025-07-01,24871.33,5471.69,220,1243.57,17936.07
100128,2025-07-01,11153.67,2453.81,220,557.68,7922.18
100129,2025-07-01,16189.58,3561.71,220,809.48,11598.39
100130,2025-07-01,10746.5,2364.23,100,537.33,7744.94
100131,2025-07-01,12261.33,2697.49,400,613.07,8550.77
100132,2025-07-01,9138.42,2010.45,100,456.92,6571.05
100133,2025-07-01,8185.17,1800.74,220,409.26,5755.17
100134,2025-07-01,10016.08,2203.54,400,500.8,6911.74
100135,2025-07-01,5350.58,1177.13,220,267.53,3685.92
100136,2025-07-01,9821.58,2160.75,100,491.08,7069.75
100137,2025-07-01,7130.17,1568.64,220,356.51,4985.02
100138,2025-07-01,9640.42,2120.89,220,482.02,6817.51
100139,2025-07-01,9793.75,2154.62,220,489.69,6929.44
100140,2025-07-01,10942.42,2407.33,100,547.12,7887.97
100141,2025-07-01,6632.5,1459.15,100,331.62,4741.73
100142,2025-07-01,7180.17,1579.64,220,359.01,5021.52
100143,2025-07-01,17246.17,3794.16,100,862.31,12489.7
100144,2025-07-01,11069.0,2435.18,220,553.45,7860.37
100145,2025-07-01,9727.58,2140.07,400,486.38,6701.13
100146,2025-07-01,12354.67,2718.03,220,617.73,8798.91
100147,2025-07-01,10812.33,2378.71,220,540.62,7673.0
100148,2025-07-01,4427.5,974.05,220,221.38,3012.07
100149,2025-07-01,6531.33,1436.89,400,326.57,4367.87
100150,2025-07-01,7586.0,1668.92,220,379.3,5317.78
100151,2025-07-01,13204.0,2904.88,220,660.2,9418.92
100152,2025-07-01,4514.25,993.14,400,225.71,2895.4
100153,2025-07-01,17224.0,3789.28,220,861.2,12353.52
100154,2025-07-01,11866.0,2610.52,100,593.3,8562.18
100155,2025-07-01,26977.08,5934.96,220,1348.85,19473.27
100156,2025-07-01,4616.33,1015.59,100,230.82,3269.92
100157,2025-07-01,14686.75,3231.08,220,734.34,10501.33
100158,2025-07-01,4841.92,1065.22,220,242.1,3314.6
100159,2025-07-01,6218.08,1367.98,100,310.9,4439.2
100160,2025-07-01,4634.67,1019.63,220,231.73,3163.31
100161,2025-07-01,10967.58,2412.87,400,548.38,7606.33
100162,2025-07-01,4956.92,1090.52,100,247.85,3518.55
100163,2025-07-01,10587.58,2329.27,100,529.38,7628.93
100164,2025-07-01,7654.08,1683.9,100,382.7,5487.48
100165,2025-07-01,17858.5,3928.87,100,892.92,12936.71
100166,2025-07-01,6093.33,1340.53,400,304.67,4048.13
100167,2025-07-01,20836.0,4583.92,400,1041.8,14810.28
100168,2025-07-01,12046.5,2650.23,220,602.33,8573.94
100169,2025-07-01,13560.08,2983.22,100,678.0,9798.86
100170,2025-07-01,8952.83,1969.62,220,447.64,6315.57
100171,2025-07-01,11184.92,2460.68,220,559.25,7944.99
100172,2025-07-01,11855.42,2608.19,220,592.77,8434.46
100173,2025-07-01,10448.67,2298.71,400,522.43,7227.53
100174,2025-07-01,8316.17,1829.56,100,415.81,5970.8
100175,2025-07-01,7196.75,1583.28,220,359.84,5033.63
100176,2025-07-01,4548.08,1000.58,220,227.4,3100.1
100177,2025-07-01,16811.83,3698.6,100,840.59,12172.64
100178,2025-07-01,16877.42,3713.03,100,843.87,12220.52
100179,2025-07-01,8923.08,1963.08,220,446.15,6293.85
100180,2025-07-01,7518.92,1654.16,220,375.95,5268.81
100181,2025-07-01,10592.58,2330.37,100,529.63,7632.58
100182,2025-07-01,4729.92,1040.58,100,236.5,3352.84
100183,2025-07-01,5170.67,1137.55,220,258.53,3554.59
100184,2025-07-01,8314.25,1829.14,100,415.71,5969.4
100185,2025-07-01,10636.67,2340.07,220,531.83,7544.77
100186,2025-07-01,14386.75,3165.08,400,719.34,10102.33
100187,2025-07-01,11123.92,2447.26,220,556.2,7900.46
100188,2025-07-01,4839.0,1064.58,220,241.95,3312.47
100189,2025-07-01,12540.33,2758.87,220,627.02,8934.44
100190,2025-07-01,5164.33,1136.15,100,258.22,3669.96
100191,2025-07-01,6095.0,1340.9,220,304.75,4229.35
100192,2025-07-01,13100.25,2882.06,100,655.01,9463.18
100193,2025-07-01,8055.0,1772.1,100,402.75,5780.15
100194,2025-07-01,6915.08,1521.32,220,345.75,4828.01
100196,2025-07-01,8605.67,1893.25,400,430.28,5882.14
100197,2025-07-01,15897.92,3497.54,220,794.9,11385.48
100198,2025-07-01,4364.75,960.24,100,218.24,3086.27
100200,2025-07-01,8286.58,1823.05,400,414.33,5649.2
100201,2025-07-01,7607.5,1673.65,220,380.38,5333.47
100202,2025-07-01,6061.0,1333.42,220,303.05,4204.53
100203,2025-07-01,13507.08,2971.56,100,675.35,9760.17
100204,2025-07-01,8754.67,1926.03,220,437.73,6170.91
100205,2025-07-01,17769.17,3909.22,100,888.46,12871.49
100206,2025-07-01,13758.25,3026.82,100,687.91,9943.52
100207,2025-07-01,5306.08,1167.34,400,265.3,3473.44
100208,2025-07-01,9409.08,2070.0,220,470.45,6648.63
100209,2025-07-01,13961.58,3071.55,220,698.08,9971.95
100210,2025-07-01,11333.92,2493.46,220,566.7,8053.76
100212,2025-07-01,7652.17,1683.48,100,382.61,5486.08
100213,2025-07-01,5837.5,1284.25,220,291.88,4041.37
100214,2025-07-01,13582.33,2988.11,100,679.12,9815.1
100215,2025-07-01,10387.17,2285.18,400,519.36,7182.63
100216,2025-07-01,8907.83,1959.72,220,445.39,6282.72
100217,2025-07-01,5300.33,1166.07,220,265.02,3649.24
100218,2025-07-01,9723.0,2139.06,220,486.15,6877.79
100219,2025-07-01,5865.75,1290.46,400,293.29,3882.0
100220,2025-07-01,6905.25,1519.16,220,345.26,4820.83
100221,2025-07-01,6853.33,1507.73,220,342.67,4782.93
100223,2025-07-01,6503.75,1430.82,220,325.19,4527.74
100224,2025-07-01,6971.67,1533.77,220,348.58,4869.32
100225,2025-07-01,4328.0,952.16,400,216.4,2759.44
100226,2025-07-01,23455.17,5160.14,220,1172.76,16902.27
100227,2025-07-01,24505.17,5391.14,220,1225.26,17668.77
100228,2025-07-01,5507.33,1211.61,400,275.37,3620.35
100229,2025-07-01,8554.92,1882.08,220,427.75,6025.09
100230,2025-07-01,9739.0,2142.58,220,486.95,6889.47
100231,2025-07-01,22116.75,4865.69,400,1105.84,15745.22
100232,2025-07-01,13944.08,3067.7,100,697.2,10079.18
100233,2025-07-01,7843.92,1725.66,400,392.2,5326.06
100234,2025-07-01,11264.25,2478.14,220,563.21,8002.9
100235,2025-07-01,10634.0,2339.48,100,531.7,7662.82
100236,2025-07-01,6640.25,1460.86,220,332.01,4627.38
100237,2025-07-01,15830.0,3482.6,100,791.5,11455.9
100238,2025-07-01,17982.5,3956.15,220,899.12,12907.23
100239,2025-07-01,5910.5,1300.31,220,295.53,4094.66
100240,2025-07-01,9058.92,1992.96,100,452.95,6513.01
100241,2025-07-01,11147.08,2452.36,220,557.35,7917.37
100242,2025-07-01,6328.67,1392.31,220,316.43,4399.93
100243,2025-07-01,17174.58,3778.41,400,858.73,12137.44
100245,2025-07-01,6087.0,1339.14,400,304.35,4043.51
100246,2025-07-01,5298.42,1165.65,220,264.92,3647.85
100247,2025-07-01,11533.75,2537.43,400,576.69,8019.63
100248,2025-07-01,13700.75,3014.16,220,685.04,9781.55
100249,2025-07-01,11933.17,2625.3,220,596.66,8491.21
100250,2025-07-01,5991.58,1318.15,220,299.58,4153.85
100251,2025-07-01,5045.08,1109.92,220,252.25,3462.91
100252,2025-07-01,6333.83,1393.44,220,316.69,4403.7
100253,2025-07-01,7159.42,1575.07,220,357.97,5006.38
100254,2025-07-01,11932.25,2625.1,400,596.61,8310.54
100255,2025-07-01,10037.25,2208.2,220,501.86,7107.19
100256,2025-07-01,5639.08,1240.6,220,281.95,3896.53
100257,2025-07-01,4033.33,887.33,400,201.67,2544.33
100258,2025-07-01,7551.83,1661.4,100,377.59,5412.84
100259,2025-07-01,13182.75,2900.2,400,659.14,9223.41
100260,2025-07-01,7529.0,1656.38,220,376.45,5276.17
100261,2025-07-01,11600.83,2552.18,100,580.04,8368.61
100262,2025-07-01,6017.08,1323.76,100,300.85,4292.47
100263,2025-07-01,7008.33,1541.83,400,350.42,4716.08
100264,2025-07-01,10512.42,2312.73,100,525.62,7574.07
100265,2025-07-01,17541.0,3859.02,100,877.05,12704.93
100266,2025-07-01,20545.0,4519.9,400,1027.25,14597.85
100267,2025-07-01,20954.25,4609.94,220,1047.71,15076.6
100268,2025-07-01,9840.5,2164.91,220,492.02,6963.57
100269,2025-07-01,6113.92,1345.06,220,305.7,4243.16
100270,2025-07-01,6941.25,1527.08,100,347.06,4967.11
100271,2025-07-01,11659.0,2564.98,220,582.95,8291.07
100272,2025-07-01,4692.0,1032.24,220,234.6,3205.16
100273,2025-07-01,21364.0,4700.08,220,1068.2,15375.72
100274,2025-07-01,10793.17,2374.5,220,539.66,7659.01
100275,2025-07-01,7995.5,1759.01,220,399.78,5616.71
100276,2025-07-01,5443.5,1197.57,100,272.18,3873.75
100277,2025-07-01,5258.75,1156.92,220,262.94,3618.89
100278,2025-07-01,5416.33,1191.59,400,270.82,3553.92
100280,2025-07-01,7811.58,1718.55,400,390.58,5302.45
100281,2025-07-01,7577.75,1667.1,220,378.89,5311.76
100282,2025-07-01,5466.08,1202.54,220,273.3,3770.24
100283,2025-07-01,20523.67,4515.21,220,1026.18,14762.28
100284,2025-07-01,11001.17,2420.26,100,550.06,7930.85
100285,2025-07-01,7400.67,1628.15,100,370.03,5302.49
100286,2025-07-01,11272.0,2479.84,100,563.6,8128.56
100287,2025-07-01,9445.33,2077.97,220,472.27,6675.09
100288,2025-07-01,6807.75,1497.7,220,340.39,4749.66
100289,2025-07-01,11059.92,2433.18,400,553.0,7673.74
100290,2025-07-01,9249.83,2034.96,100,462.49,6652.38
100291,2025-07-01,8615.83,1895.48,220,430.79,6069.56
100292,2025-07-01,11512.33,2532.71,220,575.62,8184.0
100293,2025-07-01,8235.42,1811.79,100,411.77,5911.86
100294,2025-07-01,11792.5,2594.35,220,589.62,8388.53
100295,2025-07-01,5252.58,1155.57,100,262.63,3734.38
100296,2025-07-01,15917.08,3501.76,400,795.85,11219.47
100297,2025-07-01,3974.17,874.32,400,198.71,2501.14
100299,2025-07-01,11680.33,2569.67,400,584.02,8126.64
100300,2025-07-01,8677.83,1909.12,220,433.89,6114.82
100301,2025-07-01,29211.33,6426.49,100,1460.57,21224.27
100302,2025-07-01,7968.33,1753.03,100,398.42,5716.88
100303,2025-07-01,13872.42,3051.93,400,693.62,9726.87
100304,2025-07-01,11315.83,2489.48,220,565.79,8040.56
100306,2025-07-01,8090.5,1779.91,100,404.52,5806.07
100307,2025-07-01,5949.0,1308.78,220,297.45,4122.77
100309,2025-07-01,12159.5,2675.09,400,607.98,8476.43
100310,2025-07-01,5621.17,1236.66,400,281.06,3703.45
100311,2025-07-01,5741.67,1263.17,220,287.08,3971.42
100312,2025-07-01,12309.92,2708.18,220,615.5,8766.24
100314,2025-07-01,8839.0,1944.58,400,441.95,6052.47
100315,2025-07-01,18189.92,4001.78,400,909.5,12878.64
100316,2025-07-01,14309.58,3148.11,400,715.48,10045.99
100317,2025-07-01,8362.0,1839.64,220,418.1,5884.26
100319,2025-07-01,8672.75,1908.0,100,433.64,6231.11
100320,2025-07-01,10557.75,2322.7,220,527.89,7487.16
100321,2025-07-01,16088.0,3539.36,100,804.4,11644.24
100323,2025-07-01,8486.5,1867.03,220,424.33,5975.14
100324,2025-07-01,9780.42,2151.69,100,489.02,7039.71
100325,2025-07-01,5165.75,1136.46,220,258.29,3551.0
100327,2025-07-01,4980.42,1095.69,100,249.02,3535.71
100328,2025-07-01,4209.25,926.04,400,210.46,2672.75
100329,2025-07-01,8435.17,1855.74,100,421.76,6057.67
100330,2025-07-01,8867.75,1950.9,220,443.39,6253.46
100331,2025-07-01,20910.17,4600.24,220,1045.51,15044.42
100332,2025-07-01,13844.75,3045.84,220,692.24,9886.67
100333,2025-07-01,11057.42,2432.63,100,552.87,7971.92
100334,2025-07-01,11409.17,2510.02,220,570.46,8108.69
100335,2025-07-01,14681.17,3229.86,400,734.06,10317.25
100336,2025-07-01,12329.58,2712.51,220,616.48,8780.59
100337,2025-07-01,5510.67,1212.35,100,275.53,3922.79
100338,2025-07-01,6606.58,1453.45,100,330.33,4722.8
100339,2025-07-01,7268.33,1599.03,220,363.42,5085.88
100340,2025-07-01,6842.33,1505.31,400,342.12,4594.9
100341,2025-07-01,19083.17,4198.3,220,954.16,13710.71
100342,2025-07-01,8364.08,1840.1,220,418.2,5885.78
100343,2025-07-01,5012.67,1102.79,220,250.63,3439.25
100344,2025-07-01,5119.0,1126.18,100,255.95,3636.87
100345,2025-07-01,11320.08,2490.42,220,566.0,8043.66
100346,2025-07-01,24097.17,5301.38,100,1204.86,17490.93
100347,2025-07-01,8869.42,1951.27,400,443.47,6074.68
100349,2025-07-01,17529.83,3856.56,220,876.49,12576.78
100350,2025-07-01,8041.33,1769.09,220,402.07,5650.17
100351,2025-07-01,5374.0,1182.28,220,268.7,3703.02
100352,2025-07-01,12212.58,2686.77,100,610.63,8815.18
100355,2025-07-01,15040.67,3308.95,100,752.03,10879.69
100356,2025-07-01,11291.0,2484.02,220,564.55,8022.43
100357,2025-07-01,16443.42,3617.55,100,822.17,11903.7
100358,2025-07-01,11677.58,2569.07,100,583.88,8424.63
100359,2025-07-01,6476.33,1424.79,400,323.82,4327.72
100360,2025-07-01,5202.92,1144.64,220,260.15,3578.13
100361,2025-07-01,13884.25,3054.54,220,694.21,9915.5
100362,2025-07-01,11063.67,2434.01,100,553.18,7976.48
100363,2025-07-01,3621.17,796.66,100,181.06,2543.45
100364,2025-07-01,11138.0,2450.36,220,556.9,7910.74
100365,2025-07-01,5018.67,1104.11,100,250.93,3563.63
100366,2025-07-01,4660.92,1025.4,220,233.05,3182.47
100367,2025-07-01,8765.92,1928.5,400,438.3,5999.12
100368,2025-07-01,12148.67,2672.71,400,607.43,8468.53
100369,2025-07-01,7744.67,1703.83,100,387.23,5553.61
100370,2025-07-01,6787.25,1493.2,220,339.36,4734.69
100371,2025-07-01,4824.75,1061.44,400,241.24,3122.07
100373,2025-07-01,13398.83,2947.74,400,669.94,9381.15
100374,2025-07-01,8993.08,1978.48,400,449.65,6164.95
100375,2025-07-01,15005.92,3301.3,220,750.3,10734.32
100376,2025-07-01,6208.08,1365.78,220,310.4,4311.9
100377,2025-07-01,8488.33,1867.43,220,424.42,5976.48
100378,2025-07-01,10842.25,2385.3,400,542.11,7514.84
100379,2025-07-01,13025.17,2865.54,400,651.26,9108.37
100380,2025-07-01,7600.83,1672.18,220,380.04,5328.61
100381,2025-07-01,6919.0,1522.18,220,345.95,4830.87
100382,2025-07-01,8429.58,1854.51,220,421.48,5933.59
100383,2025-07-01,16731.5,3680.93,100,836.58,12113.99
100384,2025-07-01,7199.0,1583.78,100,359.95,5155.27
100385,2025-07-01,12135.67,2669.85,220,606.78,8639.04
100386,2025-07-01,13312.83,2928.82,220,665.64,9498.37
100387,2025-07-01,19758.58,4346.89,400,987.93,14023.76
100388,2025-07-01,5455.33,1200.17,100,272.77,3882.39
100389,2025-07-01,10745.33,2363.97,400,537.27,7444.09
100390,2025-07-01,20462.58,4501.77,400,1023.13,14537.68
100391,2025-07-01,14990.0,3297.8,100,749.5,10842.7
100392,2025-07-01,5735.33,1261.77,220,286.77,3966.79
100393,2025-07-01,6051.58,1331.35,400,302.58,4017.65
100394,2025-07-01,12832.25,2823.1,220,641.61,9147.54
100395,2025-07-01,8268.83,1819.14,220,413.44,5816.25
100396,2025-07-01,11331.17,2492.86,400,566.56,7871.75
100397,2025-07-01,6968.08,1532.98,400,348.4,4686.7
100398,2025-07-01,8620.83,1896.58,220,431.04,6073.21
100399,2025-07-01,15308.42,3367.85,220,765.42,10955.15
100400,2025-07-01,7461.92,1641.62,100,373.1,5347.2
100401,2025-07-01,13189.5,2901.69,100,659.48,9528.33
100402,2025-07-01,4858.25,1068.82,220,242.91,3326.52
100403,2025-07-01,4202.0,924.44,100,210.1,2967.46
100405,2025-07-01,17168.75,3777.12,220,858.44,12313.19
100406,2025-07-01,7743.08,1703.48,400,387.15,5252.45
100407,2025-07-01,12041.25,2649.08,100,602.06,8690.11
100408,2025-07-01,8958.67,1970.91,220,447.93,6319.83
100409,2025-07-01,14471.67,3183.77,400,723.58,10164.32
100410,2025-07-01,8760.0,1927.2,100,438.0,6294.8
100411,2025-07-01,3581.42,787.91,400,179.07,2214.44
100412,2025-07-01,12149.25,2672.84,220,607.46,8648.95
100413,2025-07-01,16544.0,3639.68,220,827.2,11857.12
100414,2025-07-01,4781.75,1051.98,220,239.09,3270.68
100415,2025-07-01,13287.75,2923.3,220,664.39,9480.06
100416,2025-07-01,9147.33,2012.41,100,457.37,6577.55
100417,2025-07-01,27661.58,6085.55,400,1383.08,19792.95
100418,2025-07-01,3882.42,854.13,400,194.12,2434.17
100419,2025-07-01,8409.08,1850.0,220,420.45,5918.63
100420,2025-07-01,19957.08,4390.56,220,997.85,14348.67
100421,2025-07-01,5628.33,1238.23,220,281.42,3888.68
100422,2025-07-01,6563.33,1443.93,220,328.17,4571.23
100423,2025-07-01,7230.25,1590.66,220,361.51,5058.08
100424,2025-07-01,14969.17,3293.22,220,748.46,10707.49
100425,2025-07-01,12569.75,2765.34,220,628.49,8955.92
100426,2025-07-01,5339.17,1174.62,100,266.96,3797.59
100427,2025-07-01,7695.42,1692.99,100,384.77,5517.66
100428,2025-07-01,14282.0,3142.04,220,714.1,10205.86
100429,2025-07-01,7378.0,1623.16,220,368.9,5165.94
100430,2025-07-01,11419.17,2512.22,100,570.96,8235.99
100432,2025-07-01,7660.83,1685.38,220,383.04,5372.41
100433,2025-07-01,4125.92,907.7,220,206.3,2791.92
100434,2025-07-01,4769.0,1049.18,220,238.45,3261.37
100435,2025-07-01,10962.42,2411.73,400,548.12,7602.57
100436,2025-07-01,14870.08,3271.42,220,743.5,10635.16
100437,2025-07-01,10146.92,2232.32,220,507.35,7187.25
100438,2025-07-01,11107.58,2443.67,400,555.38,7708.53
100439,2025-07-01,5829.83,1282.56,220,291.49,4035.78
100440,2025-07-01,10881.08,2393.84,100,544.05,7843.19
100441,2025-07-01,14860.75,3269.36,220,743.04,10628.35
100442,2025-07-01,14580.92,3207.8,220,729.05,10424.07
100443,2025-07-01,4827.17,1061.98,100,241.36,3423.83
100444,2025-07-01,4849.42,1066.87,100,242.47,3440.08
100445,2025-07-01,7838.67,1724.51,100,391.93,5622.23
100446,2025-07-01,13851.75,3047.38,400,692.59,9711.78
100447,2025-07-01,6017.92,1323.94,220,300.9,4173.08
100449,2025-07-01,8206.17,1805.36,100,410.31,5890.5
100450,2025-07-01,17389.42,3825.67,220,869.47,12474.28
100451,2025-07-01,8347.33,1836.41,100,417.37,5993.55
100452,2025-07-01,5481.25,1205.88,100,274.06,3901.31
100453,2025-07-01,11444.0,2517.68,220,572.2,8134.12
100454,2025-07-01,14499.5,3189.89,220,724.98,10364.63
100455,2025-07-01,10705.92,2355.3,220,535.3,7595.32
100456,2025-07-01,7400.92,1628.2,100,370.05,5302.67
100457,2025-07-01,13530.58,2976.73,220,676.53,9657.32
100458,2025-07-01,6875.17,1512.54,400,343.76,4618.87
100459,2025-07-01,12029.33,2646.45,100,601.47,8681.41
100460,2025-07-01,3909.25,860.04,400,195.46,2453.75
100461,2025-07-01,6819.42,1500.27,220,340.97,4758.18
100462,2025-07-01,13552.25,2981.5,220,677.61,9673.14
100463,2025-07-01,13592.67,2990.39,220,679.63,9702.65
100464,2025-07-01,12785.17,2812.74,220,639.26,9113.17
100465,2025-07-01,13259.0,2916.98,100,662.95,9579.07
100466,2025-07-01,4591.33,1010.09,400,229.57,2951.67
100467,2025-07-01,12625.42,2777.59,220,631.27,8996.56
100468,2025-07-01,10895.58,2397.03,220,544.78,7733.77
100469,2025-07-01,10937.0,2406.14,220,546.85,7764.01
100470,2025-07-01,17623.25,3877.12,220,881.16,12644.97
100471,2025-07-01,6575.5,1446.61,220,328.78,4580.11
100472,2025-07-01,7000.92,1540.2,220,350.05,4890.67
100473,2025-07-01,4656.67,1024.47,100,232.83,3299.37
100474,2025-07-01,10209.5,2246.09,220,510.48,7232.93
100475,2025-07-01,7741.33,1703.09,400,387.07,5251.17
100476,2025-07-01,10051.25,2211.28,100,502.56,7237.41
100477,2025-07-01,13632.17,2999.08,400,681.61,9551.48
100478,2025-07-01,6476.67,1424.87,100,323.83,4627.97
100479,2025-07-01,8241.5,1813.13,400,412.08,5616.29
100481,2025-07-01,11489.92,2527.78,400,574.5,7987.64
100482,2025-07-01,7859.92,1729.18,400,393.0,5337.74
100483,2025-07-01,9180.92,2019.8,400,459.05,6302.07
100484,2025-07-01,20988.83,4617.54,220,1049.44,15101.85
100485,2025-07-01,29210.75,6426.36,220,1460.54,21103.85
100486,2025-07-01,10681.33,2349.89,100,534.07,7697.37
100487,2025-07-01,4301.0,946.22,220,215.05,2919.73
100488,2025-07-01,6817.92,1499.94,100,340.9,4877.08
100489,2025-07-01,9145.5,2012.01,220,457.28,6456.21
100490,2025-07-01,7030.92,1546.8,220,351.55,4912.57
100492,2025-07-01,19502.83,4290.62,100,975.14,14137.07
100493,2025-07-01,4074.92,896.48,400,203.75,2574.69
100494,2025-07-01,5972.33,1313.91,100,298.62,4259.8
100495,2025-07-01,10743.67,2363.61,220,537.18,7622.88
100496,2025-07-01,9573.67,2106.21,220,478.68,6768.78
100497,2025-07-01,13731.25,3020.88,220,686.56,9803.81
100498,2025-07-01,9049.75,1990.94,100,452.49,6506.32
100499,2025-07-01,12735.5,2801.81,220,636.78,9076.91
100500,2025-07-01,18285.5,4022.81,100,914.28,13248.41
100501,2025-07-01,13489.25,2967.64,100,674.46,9747.15
100502,2025-07-01,8980.33,1975.67,220,449.02,6335.64
100503,2025-07-01,10671.33,2347.69,100,533.57,7690.07
100505,2025-07-01,11643.83,2561.64,100,582.19,8400.0
100506,2025-07-01,10294.08,2264.7,100,514.7,7414.68
100507,2025-07-01,5894.83,1296.86,400,294.74,3903.23
100508,2025-07-01,5000.42,1100.09,100,250.02,3550.31
100509,2025-07-01,11612.25,2554.7,220,580.61,8256.94
100510,2025-07-01,16613.0,3654.86,100,830.65,12027.49
100511,2025-07-01,8775.25,1930.56,220,438.76,6185.93
100512,2025-07-01,15147.58,3332.47,220,757.38,10837.73
100513,2025-07-01,17017.25,3743.8,100,850.86,12322.59
100514,2025-07-01,15853.5,3487.77,100,792.68,11473.05
100515,2025-07-01,8935.33,1965.77,400,446.77,6122.79
100516,2025-07-01,14073.58,3096.19,100,703.68,10173.71
100517,2025-07-01,8136.42,1790.01,220,406.82,5719.59
100518,2025-07-01,17054.5,3751.99,100,852.72,12349.79
100519,2025-07-01,4919.17,1082.22,220,245.96,3370.99
100520,2025-07-01,20760.25,4567.26,100,1038.01,15054.98
100521,2025-07-01,11031.92,2427.02,400,551.6,7653.3
100522,2025-07-01,9374.42,2062.37,220,468.72,6623.33
100523,2025-07-01,3398.83,747.74,220,169.94,2261.15
100524,2025-07-01,10829.42,2382.47,100,541.47,7805.48
100525,2025-07-01,15952.17,3509.48,400,797.61,11245.08
100526,2025-07-01,11439.83,2516.76,100,571.99,8251.08
100527,2025-07-01,9127.08,2007.96,220,456.35,6442.77
100528,2025-07-01,7648.67,1682.71,400,382.43,5183.53
100529,2025-07-01,10300.17,2266.04,220,515.01,7299.12
100530,2025-07-01,6544.75,1439.84,100,327.24,4677.67
100531,2025-07-01,6491.75,1428.18,220,324.59,4518.98
100532,2025-07-01,6601.58,1452.35,220,330.08,4599.15
100533,2025-07-01,10598.58,2331.69,100,529.93,7636.96
100534,2025-07-01,15868.75,3491.12,400,793.44,11184.19
100535,2025-07-01,13114.25,2885.14,100,655.71,9473.4
100536,2025-07-01,6954.5,1529.99,400,347.72,4676.79
100537,2025-07-01,6951.92,1529.42,220,347.6,4854.9
100538,2025-07-01,5280.33,1161.67,400,264.02,3454.64
100539,2025-07-01,12323.33,2711.13,400,616.17,8596.03
100540,2025-07-01,5095.08,1120.92,220,254.75,3499.41
100541,2025-07-01,6728.92,1480.36,220,336.45,4692.11
100542,2025-07-01,22197.92,4883.54,400,1109.9,15804.48
100543,2025-07-01,12597.75,2771.5,100,629.89,9096.36
100544,2025-07-01,10958.5,2410.87,400,547.93,7599.7
100545,2025-07-01,8414.58,1851.21,100,420.73,6042.64
100546,2025-07-01,7106.33,1563.39,220,355.32,4967.62
100547,2025-07-01,9161.83,2015.6,400,458.09,6288.14
100548,2025-07-01,6809.83,1498.16,100,340.49,4871.18
100549,2025-07-01,8795.08,1934.92,220,439.75,6200.41
100550,2025-07-01,21341.0,4695.02,220,1067.05,15358.93
100551,2025-07-01,8876.83,1952.9,220,443.84,6260.09
100552,2025-07-01,9667.83,2126.92,100,483.39,6957.52
100553,2025-07-01,5255.58,1156.23,220,262.78,3616.57
100554,2025-07-01,11557.58,2542.67,220,577.88,8217.03
100555,2025-07-01,7288.17,1603.4,220,364.41,5100.36
100556,2025-07-01,13635.83,2999.88,400,681.79,9554.16
100557,2025-07-01,8930.25,1964.66,220,446.51,6299.08
100558,2025-07-01,12444.0,2737.68,220,622.2,8864.12
100559,2025-07-01,7216.0,1587.52,220,360.8,5047.68
100560,2025-07-01,6727.92,1480.14,220,336.4,4691.38
100561,2025-07-01,6684.5,1470.59,220,334.22,4659.69
100562,2025-07-01,6141.83,1351.2,220,307.09,4263.54
100563,2025-07-01,16132.17,3549.08,220,806.61,11556.48
100564,2025-07-01,14115.92,3105.5,220,705.8,10084.62
100565,2025-07-01,3808.08,837.78,400,190.4,2379.9
100566,2025-07-01,3829.83,842.56,220,191.49,2575.78
100567,2025-07-01,5759.33,1267.05,100,287.97,4104.31
100568,2025-07-01,20183.83,4440.44,220,1009.19,14514.2
100569,2025-07-01,11109.0,2443.98,220,555.45,7889.57
100570,2025-07-01,6352.42,1397.53,100,317.62,4537.27
100571,2025-07-01,6874.5,1512.39,400,343.72,4618.39
100572,2025-07-01,11372.75,2502.0,220,568.64,8082.11
100573,2025-07-01,11125.83,2447.68,100,556.29,8021.86
100574,2025-07-01,6961.92,1531.62,220,348.1,4862.2
100575,2025-07-01,6454.0,1419.88,220,322.7,4491.42
100576,2025-07-01,15525.5,3415.61,220,776.28,11113.61
100577,2025-07-01,10795.33,2374.97,400,539.77,7480.59
100580,2025-07-01,21411.67,4710.57,220,1070.58,15410.52
100581,2025-07-01,7056.67,1552.47,220,352.83,4931.37
100582,2025-07-01,10181.0,2239.82,220,509.05,7212.13
100584,2025-07-01,9764.83,2148.26,400,488.24,6728.33
100585,2025-07-01,4820.25,1060.46,220,241.01,3298.78
100586,2025-07-01,5167.08,1136.76,400,258.35,3371.97
100587,2025-07-01,14789.25,3253.64,100,739.46,10696.15
100588,2025-07-01,11042.75,2429.41,220,552.14,7841.2
100589,2025-07-01,5376.5,1182.83,100,268.82,3824.85
100591,2025-07-01,7037.42,1548.23,220,351.87,4917.32
100592,2025-07-01,8125.25,1787.56,100,406.26,5831.43
100593,2025-07-01,11155.33,2454.17,220,557.77,7923.39
100594,2025-07-01,6620.5,1456.51,400,331.02,4432.97
100595,2025-07-01,6720.08,1478.42,220,336.0,4685.66
100596,2025-07-01,7114.83,1565.26,400,355.74,4793.83
100597,2025-07-01,8959.83,1971.16,100,447.99,6440.68
100598,2025-07-01,11253.08,2475.68,220,562.65,7994.75
100600,2025-07-01,11577.67,2547.09,100,578.88,8351.7
100601,2025-07-01,8065.67,1774.45,220,403.28,5667.94
100602,2025-07-01,5081.08,1117.84,220,254.05,3489.19
100603,2025-07-01,6698.75,1473.72,220,334.94,4670.09
100604,2025-07-01,16137.33,3550.21,100,806.87,11680.25
100605,2025-07-01,14204.5,3124.99,220,710.22,10149.29
100606,2025-07-01,10669.58,2347.31,220,533.48,7568.79
100607,2025-07-01,9113.83,2005.04,220,455.69,6433.1
100608,2025-07-01,8505.33,1871.17,400,425.27,5808.89
100609,2025-07-01,12427.17,2733.98,400,621.36,8671.83
100610,2025-07-01,13646.08,3002.14,220,682.3,9741.64
100611,2025-07-01,5291.17,1164.06,100,264.56,3762.55
100612,2025-07-01,8299.5,1825.89,100,414.98,5958.63
100613,2025-07-01,10731.92,2361.02,220,536.6,7614.3
100614,2025-07-01,9356.92,2058.52,100,467.85,6730.55
100615,2025-07-01,8803.75,1936.82,220,440.19,6206.74
100616,2025-07-01,10315.33,2269.37,220,515.77,7310.19
100617,2025-07-01,5417.92,1191.94,220,270.9,3735.08
100618,2025-07-01,8782.58,1932.17,100,439.13,6311.28
100619,2025-07-01,14033.58,3087.39,400,701.68,9844.51
100620,2025-07-01,6741.25,1483.08,220,337.06,4701.11
100621,2025-07-01,12855.0,2828.1,220,642.75,9164.15
100622,2025-07-01,5135.0,1129.7,100,256.75,3648.55
100623,2025-07-01,6491.83,1428.2,400,324.59,4339.04
100624,2025-07-01,8741.92,1923.22,400,437.1,5981.6
100625,2025-07-01,4522.75,995.0,400,226.14,2901.61
100627,2025-07-01,8609.42,1894.07,220,430.47,6064.88
100628,2025-07-01,6247.5,1374.45,100,312.38,4460.67
100629,2025-07-01,21384.08,4704.5,220,1069.2,15390.38
100631,2025-07-01,4194.0,922.68,100,209.7,2961.62
100632,2025-07-01,5502.5,1210.55,220,275.12,3796.83
100633,2025-07-01,8643.92,1901.66,220,432.2,6090.06
100634,2025-07-01,7885.08,1734.72,220,394.25,5536.11
100635,2025-07-01,7338.0,1614.36,400,366.9,4956.74
100636,2025-07-01,13307.75,2927.7,220,665.39,9494.66
100637,2025-07-01,5693.58,1252.59,100,284.68,4056.31
100638,2025-07-01,14503.42,3190.75,220,725.17,10367.5
100639,2025-07-01,10682.17,2350.08,220,534.11,7577.98
100640,2025-07-01,4696.25,1033.18,220,234.81,3208.26
100641,2025-07-01,10596.17,2331.16,100,529.81,7635.2
100642,2025-07-01,7037.0,1548.14,220,351.85,4917.01
100643,2025-07-01,9256.83,2036.5,100,462.84,6657.49
100644,2025-07-01,4799.58,1055.91,220,239.98,3283.69
100645,2025-07-01,4723.42,1039.15,400,236.17,3048.1
100646,2025-07-01,10782.58,2372.17,100,539.13,7771.28
100647,2025-07-01,6320.83,1390.58,220,316.04,4394.21
100648,2025-07-01,15397.33,3387.41,220,769.87,11020.05
100649,2025-07-01,7208.92,1585.96,220,360.45,5042.51
100650,2025-07-01,7783.0,1712.26,100,389.15,5581.59
100651,2025-07-01,13787.25,3033.2,220,689.36,9844.69
100652,2025-07-01,6194.83,1362.86,100,309.74,4422.23
100653,2025-07-01,6685.58,1470.83,220,334.28,4660.47
100654,2025-07-01,7017.83,1543.92,100,350.89,5023.02
100655,2025-07-01,5950.58,1309.13,400,297.53,3943.92
100656,2025-07-01,6813.75,1499.02,220,340.69,4754.04
100658,2025-07-01,20554.42,4521.97,220,1027.72,14784.73
100659,2025-07-01,5211.17,1146.46,100,260.56,3704.15
100660,2025-07-01,8525.08,1875.52,100,426.25,6123.31
100661,2025-07-01,5271.58,1159.75,100,263.58,3748.25
100662,2025-07-01,5585.17,1228.74,100,279.26,3977.17
100663,2025-07-01,6435.33,1415.77,100,321.77,4597.79
100664,2025-07-01,13531.25,2976.88,220,676.56,9657.81
100665,2025-07-01,9820.0,2160.4,220,491.0,6948.6
100666,2025-07-01,18344.92,4035.88,100,917.25,13291.79
100667,2025-07-01,5892.83,1296.42,400,294.64,3901.77
100668,2025-07-01,6933.42,1525.35,100,346.67,4961.4
100669,2025-07-01,29189.42,6421.67,100,1459.47,21208.28
100670,2025-07-01,10680.25,2349.66,400,534.01,7396.58
100671,2025-07-01,7553.33,1661.73,220,377.67,5293.93
100672,2025-07-01,5499.83,1209.96,220,274.99,3794.88
100673,2025-07-01,11136.5,2450.03,100,556.83,8029.64
100674,2025-07-01,9790.92,2154.0,220,489.55,6927.37
100675,2025-07-01,13084.92,2878.68,100,654.25,9451.99
100676,2025-07-01,6094.75,1340.84,100,304.74,4349.17
100677,2025-07-01,11556.67,2542.47,100,577.83,8336.37
100678,2025-07-01,5357.25,1178.6,100,267.86,3810.79
100679,2025-07-01,10213.08,2246.88,100,510.65,7355.55
100680,2025-07-01,11410.75,2510.37,220,570.54,8109.84
100681,2025-07-01,9602.75,2112.6,220,480.14,6790.01
100682,2025-07-01,3876.92,852.92,220,193.85,2610.15
100683,2025-07-01,6897.42,1517.43,100,344.87,4935.12
100684,2025-07-01,17818.75,3920.12,100,890.94,12907.69
100685,2025-07-01,13608.75,2993.92,220,680.44,9714.39
100686,2025-07-01,9283.25,2042.32,400,464.16,6376.77
100687,2025-07-01,5447.58,1198.47,100,272.38,3876.73
100688,2025-07-01,9766.0,2148.52,100,488.3,7029.18
100689,2025-07-01,6167.67,1356.89,400,308.38,4102.4
100690,2025-07-01,12582.5,2768.15,100,629.12,9085.23
100691,2025-07-01,8530.67,1876.75,100,426.53,6127.39
100693,2025-07-01,7974.83,1754.46,400,398.74,5421.63
100694,2025-07-01,10360.92,2279.4,220,518.05,7343.47
100695,2025-07-01,7615.33,1675.37,220,380.77,5339.19
100696,2025-07-01,11683.92,2570.46,220,584.2,8309.26
100697,2025-07-01,8021.67,1764.77,100,401.08,5755.82
100698,2025-07-01,16670.42,3667.49,100,833.52,12069.41
100699,2025-07-01,6413.58,1410.99,400,320.68,4281.91
100700,2025-07-01,6761.0,1487.42,400,338.05,4535.53
100701,2025-07-01,5362.75,1179.8,100,268.14,3814.81
100702,2025-07-01,11111.75,2444.58,100,555.59,8011.58
100703,2025-07-01,8264.17,1818.12,220,413.21,5812.84
100704,2025-07-01,8603.83,1892.84,100,430.19,6180.8
100705,2025-07-01,7124.83,1567.46,400,356.24,4801.13
100706,2025-07-01,13432.17,2955.08,220,671.61,9585.48
100707,2025-07-01,4749.42,1044.87,220,237.47,3247.08
100708,2025-07-01,9747.75,2144.5,220,487.39,6895.86
100711,2025-07-01,5290.42,1163.89,220,264.52,3642.01
100712,2025-07-01,5594.5,1230.79,220,279.73,3863.98
100713,2025-07-01,7823.17,1721.1,220,391.16,5490.91
100714,2025-07-01,7243.33,1593.53,220,362.17,5067.63
100715,2025-07-01,16893.08,3716.48,220,844.65,12111.95
100716,2025-07-01,5372.5,1181.95,220,268.62,3701.93
100717,2025-07-01,11231.58,2470.95,100,561.58,8099.05
100718,2025-07-01,3694.25,812.74,220,184.71,2476.8
100719,2025-07-01,5697.5,1253.45,220,284.88,3939.17
100720,2025-07-01,12935.25,2845.76,220,646.76,9222.73
100721,2025-07-01,9895.5,2177.01,220,494.78,7003.71
100722,2025-07-01,7178.75,1579.32,400,358.94,4840.49
100723,2025-07-01,18414.0,4051.08,220,920.7,13222.22
100724,2025-07-01,7147.67,1572.49,400,357.38,4817.8
100725,2025-07-01,9623.42,2117.15,220,481.17,6805.1
100726,2025-07-01,5158.83,1134.94,220,257.94,3545.95
100727,2025-07-01,4051.67,891.37,220,202.58,2737.72
100728,2025-07-01,5221.42,1148.71,400,261.07,3411.64
100729,2025-07-01,8010.67,1762.35,400,400.53,5447.79
100730,2025-07-01,14194.0,3122.68,100,709.7,10261.62
100731,2025-07-01,7059.92,1553.18,100,353.0,5053.74
100732,2025-07-01,6557.08,1442.56,220,327.85,4566.67
100733,2025-07-01,15164.33,3336.15,100,758.22,10969.96
100734,2025-07-01,19530.33,4296.67,100,976.52,14157.14
100735,2025-07-01,10208.42,2245.85,100,510.42,7352.15
100736,2025-07-01,8295.33,1824.97,100,414.77,5955.59
100737,2025-07-01,29163.42,6415.95,220,1458.17,21069.3
100738,2025-07-01,8642.25,1901.3,400,432.11,5908.84
100739,2025-07-01,11538.58,2538.49,220,576.93,8203.16
100740,2025-07-01,18617.0,4095.74,220,930.85,13370.41
100741,2025-07-01,8545.33,1879.97,220,427.27,6018.09
100742,2025-07-01,10896.75,2397.28,100,544.84,7854.63
100743,2025-07-01,11188.5,2461.47,220,559.43,7947.6
100744,2025-07-01,12104.08,2662.9,220,605.2,8615.98
100745,2025-07-01,8696.0,1913.12,100,434.8,6248.08
100746,2025-07-01,16355.5,3598.21,220,817.78,11719.51
100748,2025-07-01,8720.83,1918.58,400,436.04,5966.21
100749,2025-07-01,8865.17,1950.34,220,443.26,6251.57
100750,2025-07-01,12923.08,2843.08,400,646.15,9033.85
100751,2025-07-01,14180.92,3119.8,220,709.05,10132.07
100752,2025-07-01,7820.33,1720.47,220,391.02,5488.84
100753,2025-07-01,11070.33,2435.47,220,553.52,7861.34
100754,2025-07-01,7148.08,1572.58,220,357.4,4998.1
100755,2025-07-01,7244.33,1593.75,220,362.22,5068.36
100756,2025-07-01,4451.33,979.29,100,222.57,3149.47
100757,2025-07-01,5299.08,1165.8,220,264.95,3648.33
100759,2025-07-01,16510.92,3632.4,100,825.55,11952.97
100760,2025-07-01,8370.67,1841.55,220,418.53,5890.59
100761,2025-07-01,5839.83,1284.76,220,291.99,4043.08
100762,2025-07-01,7499.0,1649.78,220,374.95,5254.27
100763,2025-07-01,10811.83,2378.6,220,540.59,7672.64
100764,2025-07-01,4963.58,1091.99,220,248.18,3403.41
100765,2025-07-01,10151.58,2233.35,220,507.58,7190.65
100766,2025-07-01,4820.58,1060.53,220,241.03,3299.02
100767,2025-07-01,8592.25,1890.3,220,429.61,6052.34
100770,2025-07-01,10940.75,2406.96,220,547.04,7766.75
100771,2025-07-01,7826.42,1721.81,100,391.32,5613.29
100773,2025-07-01,9976.92,2194.92,220,498.85,7063.15
100774,2025-07-01,13254.67,2916.03,400,662.73,9275.91
100775,2025-07-01,9071.75,1995.78,100,453.59,6522.38
100776,2025-07-01,14537.5,3198.25,100,726.88,10512.37
100777,2025-07-01,15863.75,3490.02,400,793.19,11180.54
100778,2025-07-01,7108.92,1563.96,400,355.45,4789.51
100779,2025-07-01,6664.5,1466.19,100,333.22,4765.09
100780,2025-07-01,6600.0,1452.0,100,330.0,4718.0
100781,2025-07-01,7891.0,1736.02,220,394.55,5540.43
100782,2025-07-01,5616.25,1235.58,100,280.81,3999.86
100783,2025-07-01,12291.25,2704.08,100,614.56,8872.61
100784,2025-07-01,13475.08,2964.52,220,673.75,9616.81
100785,2025-07-01,8887.83,1955.32,400,444.39,6088.12
100787,2025-07-01,13709.67,3016.13,220,685.48,9788.06
100788,2025-07-01,5301.67,1166.37,100,265.08,3770.22
100790,2025-07-01,12827.25,2822.0,100,641.36,9263.89
100792,2025-07-01,9214.5,2027.19,220,460.72,6506.59
100793,2025-07-01,5786.42,1273.01,400,289.32,3824.09
100794,2025-07-01,6796.33,1495.19,100,339.82,4861.32
100795,2025-07-01,11304.67,2487.03,220,565.23,8032.41
100796,2025-07-01,20773.75,4570.23,220,1038.69,14944.83
100797,2025-07-01,8682.92,1910.24,100,434.15,6238.53
100798,2025-07-01,4834.75,1063.64,400,241.74,3129.37
100799,2025-07-01,8573.92,1886.26,220,428.7,6038.96
100800,2025-07-01,11384.17,2504.52,400,569.21,7910.44
100801,2025-07-01,10568.17,2325.0,220,528.41,7494.76
100802,2025-07-01,17078.33,3757.23,220,853.92,12247.18
100803,2025-07-01,5036.08,1107.94,400,251.8,3276.34
100804,2025-07-01,10667.5,2346.85,220,533.38,7567.27
100805,2025-07-01,11389.17,2505.62,100,569.46,8214.09
100806,2025-07-01,9529.83,2096.56,400,476.49,6556.78
100807,2025-07-01,19904.83,4379.06,100,995.24,14430.53
100808,2025-07-01,6294.58,1384.81,400,314.73,4195.04
100809,2025-07-01,5245.0,1153.9,220,262.25,3608.85
100810,2025-07-01,4634.25,1019.54,100,231.71,3283.0
100811,2025-07-01,5101.92,1122.42,100,255.1,3624.4
100812,2025-07-01,5574.17,1226.32,220,278.71,3849.14
100813,2025-07-01,15217.42,3347.83,400,760.87,10708.72
100814,2025-07-01,13742.0,3023.24,100,687.1,9931.66
100816,2025-07-01,5882.0,1294.04,100,294.1,4193.86
100817,2025-07-01,5813.75,1279.03,100,290.69,4144.03
100818,2025-07-01,9478.17,2085.2,100,473.91,6819.06
100819,2025-07-01,6829.75,1502.54,220,341.49,4765.72
100820,2025-07-01,6027.17,1325.98,400,301.36,3999.83
100821,2025-07-01,14673.75,3228.22,220,733.69,10491.84
100822,2025-07-01,19649.5,4322.89,400,982.48,13944.13
100823,2025-07-01,15890.33,3495.87,100,794.52,11499.94
100824,2025-07-01,11970.5,2633.51,220,598.52,8518.47
100826,2025-07-01,4644.58,1021.81,400,232.23,2990.54
100827,2025-07-01,18044.5,3969.79,400,902.22,12772.49
100828,2025-07-01,13055.67,2872.25,220,652.78,9310.64
100829,2025-07-01,12891.17,2836.06,220,644.56,9190.55
100830,2025-07-01,5429.92,1194.58,100,271.5,3863.84
100831,2025-07-01,8141.92,1791.22,100,407.1,5843.6
100832,2025-07-01,8467.0,1862.74,220,423.35,5960.91
100833,2025-07-01,10466.58,2302.65,220,523.33,7420.6
100834,2025-07-01,23647.92,5202.54,220,1182.4,17042.98
100835,2025-07-01,11238.08,2472.38,220,561.9,7983.8
100836,2025-07-01,8736.92,1922.12,220,436.85,6157.95
100837,2025-07-01,6694.0,1472.68,100,334.7,4786.62
100838,2025-07-01,9123.83,2007.24,220,456.19,6440.4
100839,2025-07-01,8810.42,1938.29,100,440.52,6331.61
100840,2025-07-01,9049.58,1990.91,100,452.48,6506.19
100841,2025-07-01,4451.83,979.4,100,222.59,3149.84
100842,2025-07-01,4942.33,1087.31,220,247.12,3387.9
100843,2025-07-01,8457.5,1860.65,400,422.88,5773.97
100844,2025-07-01,10231.42,2250.91,100,511.57,7368.94
100845,2025-07-01,9706.75,2135.48,100,485.34,6985.93
100846,2025-07-01,18075.25,3976.56,220,903.76,12974.93
100847,2025-07-01,6093.25,1340.52,220,304.66,4228.07
100848,2025-07-01,20792.5,4574.35,220,1039.62,14958.53
100849,2025-07-01,25157.92,5534.74,400,1257.9,17965.28
100850,2025-07-01,7654.92,1684.08,220,382.75,5368.09
100851,2025-07-01,8810.25,1938.26,400,440.51,6031.48
100854,2025-07-01,7979.67,1755.53,220,398.98,5605.16
100855,2025-07-01,7071.75,1555.78,220,353.59,4942.38
100856,2025-07-01,22102.67,4862.59,220,1105.13,15914.95
100857,2025-07-01,10259.0,2256.98,220,512.95,7269.07
100858,2025-07-01,8340.42,1834.89,220,417.02,5868.51
100859,2025-07-01,6684.58,1470.61,220,334.23,4659.74
100860,2025-07-01,10515.83,2313.48,100,525.79,7576.56
100861,2025-07-01,11336.92,2494.12,100,566.85,8175.95
100862,2025-07-01,14273.58,3140.19,220,713.68,10199.71
100863,2025-07-01,5379.83,1183.56,220,268.99,3707.28
100864,2025-07-01,5020.58,1104.53,220,251.03,3445.02
100865,2025-07-01,7755.75,1706.26,220,387.79,5441.7
100866,2025-07-01,18043.75,3969.62,220,902.19,12951.94
100867,2025-07-01,6757.83,1486.72,220,337.89,4713.22
100868,2025-07-01,9877.5,2173.05,100,493.88,7110.57
100870,2025-07-01,11076.5,2436.83,400,553.83,7685.84
100871,2025-07-01,7010.33,1542.27,100,350.52,5017.54
100872,2025-07-01,10969.58,2413.31,220,548.48,7787.79
100873,2025-07-01,8654.58,1904.01,220,432.73,6097.84
100874,2025-07-01,8934.5,1965.59,220,446.72,6302.19
100875,2025-07-01,21311.5,4688.53,100,1065.58,15457.39
100876,2025-07-01,8757.17,1926.58,100,437.86,6292.73
100877,2025-07-01,4007.17,881.58,100,200.36,2825.23
100878,2025-07-01,8667.0,1906.74,220,433.35,6106.91
100879,2025-07-01,5659.67,1245.13,400,282.98,3731.56
100880,2025-07-01,5140.08,1130.82,220,257.0,3532.26
100881,2025-07-01,22108.92,4863.96,100,1105.45,16039.51
100882,2025-07-01,3793.08,834.48,100,189.65,2668.95
100883,2025-07-01,6617.92,1455.94,100,330.9,4731.08
100884,2025-07-01,8826.17,1941.76,220,441.31,6223.1
100885,2025-07-01,10861.67,2389.57,400,543.08,7529.02
100886,2025-07-01,11154.17,2453.92,100,557.71,8042.54
100887,2025-07-01,6500.25,1430.06,220,325.01,4525.18
100888,2025-07-01,6048.92,1330.76,100,302.45,4315.71
100890,2025-07-01,3738.42,822.45,220,186.92,2509.05
100891,2025-07-01,4863.42,1069.95,220,243.17,3330.3
100892,2025-07-01,7171.17,1577.66,220,358.56,5014.95
100894,2025-07-01,7149.17,1572.82,220,357.46,4998.89
100895,2025-07-01,10663.42,2345.95,220,533.17,7564.3
100896,2025-07-01,15809.92,3478.18,220,790.5,11321.24
100897,2025-07-01,11662.58,2565.77,220,583.13,8293.68
100898,2025-07-01,17234.08,3791.5,220,861.7,12360.88
100899,2025-07-01,8327.08,1831.96,100,416.35,5978.77
100900,2025-07-01,14469.0,3183.18,100,723.45,10462.37
100901,2025-07-01,6539.33,1438.65,100,326.97,4673.71
100902,2025-07-01,12344.92,2715.88,100,617.25,8911.79
100903,2025-07-01,12371.67,2721.77,220,618.58,8811.32
100904,2025-07-01,6972.0,1533.84,100,348.6,4989.56
100905,2025-07-01,8645.0,1901.9,100,432.25,6210.85
100906,2025-07-01,9549.75,2100.95,100,477.49,6871.31
100907,2025-07-01,13505.25,2971.16,220,675.26,9638.83
100908,2025-07-01,13734.58,3021.61,400,686.73,9626.24
100909,2025-07-01,9318.75,2050.12,220,465.94,6582.69
100910,2025-07-01,25544.67,5619.83,100,1277.23,18547.61
100911,2025-07-01,19938.33,4386.43,400,996.92,14154.98
100912,2025-07-01,6627.58,1458.07,220,331.38,4618.13
100913,2025-07-01,14879.17,3273.42,100,743.96,10761.79
100914,2025-07-01,8670.08,1907.42,400,433.5,5929.16
100915,2025-07-01,15516.17,3413.56,220,775.81,11106.8
100916,2025-07-01,4963.67,1092.01,100,248.18,3523.48
100917,2025-07-01,8058.75,1772.92,100,402.94,5782.89
100918,2025-07-01,16745.33,3683.97,100,837.27,12124.09
100919,2025-07-01,5319.83,1170.36,220,265.99,3663.48
100920,2025-07-01,16828.17,3702.2,100,841.41,12184.56
100921,2025-07-01,10199.25,2243.84,100,509.96,7345.45
100922,2025-07-01,14083.0,3098.26,100,704.15,10180.59
100924,2025-07-01,10901.5,2398.33,100,545.08,7858.09
100925,2025-07-01,4266.67,938.67,400,213.33,2714.67
100926,2025-07-01,6122.83,1347.02,220,306.14,4249.67
100928,2025-07-01,10942.17,2407.28,220,547.11,7767.78
100929,2025-07-01,5981.67,1315.97,400,299.08,3966.62
100931,2025-07-01,8119.83,1786.36,100,405.99,5827.48
100932,2025-07-01,6748.83,1484.74,100,337.44,4826.65
100933,2025-07-01,15547.08,3420.36,220,777.35,11129.37
100935,2025-07-01,8585.92,1888.9,220,429.3,6047.72
100936,2025-07-01,8459.75,1861.14,100,422.99,6075.62
100937,2025-07-01,15715.5,3457.41,220,785.78,11252.31
100939,2025-07-01,6821.5,1500.73,400,341.08,4579.69
100940,2025-07-01,3854.33,847.95,220,192.72,2593.66
100941,2025-07-01,7708.17,1695.8,100,385.41,5526.96
100942,2025-07-01,8903.5,1958.77,220,445.18,6279.55
100943,2025-07-01,4069.67,895.33,220,203.48,2750.86
100944,2025-07-01,17002.42,3740.53,220,850.12,12191.77
100945,2025-07-01,6819.83,1500.36,100,340.99,4878.48
100946,2025-07-01,7522.92,1655.04,100,376.15,5391.73
100947,2025-07-01,8076.92,1776.92,400,403.85,5496.15
100948,2025-07-01,14526.67,3195.87,100,726.33,10504.47
100949,2025-07-01,6716.5,1477.63,220,335.83,4683.04
100950,2025-07-01,11400.0,2508.0,220,570.0,8102.0
100951,2025-07-01,13008.0,2861.76,220,650.4,9275.84
100952,2025-07-01,7562.83,1663.82,100,378.14,5420.87
100953,2025-07-01,9371.0,2061.62,400,468.55,6440.83
100954,2025-07-01,5591.25,1230.08,100,279.56,3981.61
100956,2025-07-01,13295.0,2924.9,100,664.75,9605.35
100957,2025-07-01,10130.0,2228.6,220,506.5,7174.9
100958,2025-07-01,16115.67,3545.45,220,805.78,11544.44
100960,2025-07-01,6811.33,1498.49,220,340.57,4752.27
100961,2025-07-01,6706.17,1475.36,220,335.31,4675.5
100962,2025-07-01,13889.17,3055.62,100,694.46,10039.09
100963,2025-07-01,12969.08,2853.2,400,648.45,9067.43
100964,2025-07-01,10582.67,2328.19,400,529.13,7325.35
100965,2025-07-01,6383.5,1404.37,100,319.18,4559.95
100966,2025-07-01,5777.83,1271.12,400,288.89,3817.82
100967,2025-07-01,13310.25,2928.26,220,665.51,9496.48
100968,2025-07-01,4438.83,976.54,400,221.94,2840.35
100969,2025-07-01,6375.17,1402.54,220,318.76,4433.87
100970,2025-07-01,4205.0,925.1,220,210.25,2849.65
100971,2025-07-01,6926.42,1523.81,220,346.32,4836.29
100972,2025-07-01,4405.08,969.12,400,220.25,2815.71
100973,2025-07-01,8634.08,1899.5,220,431.7,6082.88
100974,2025-07-01,7301.0,1606.22,220,365.05,5109.73
100975,2025-07-01,19695.17,4332.94,100,984.76,14277.47
100976,2025-07-01,6738.25,1482.42,100,336.91,4818.92
100977,2025-07-01,5824.92,1281.48,220,291.25,4032.19
100978,2025-07-01,18116.5,3985.63,400,905.82,12825.05
100979,2025-07-01,12612.08,2774.66,220,630.6,8986.82
100980,2025-07-01,18309.42,4028.07,220,915.47,13145.88
100981,2025-07-01,10281.17,2261.86,100,514.06,7405.25
100982,2025-07-01,10439.33,2296.65,100,521.97,7520.71
100983,2025-07-01,6778.58,1491.29,100,338.93,4848.36
100984,2025-07-01,8521.83,1874.8,220,426.09,6000.94
100985,2025-07-01,9899.25,2177.84,100,494.96,7126.45
100986,2025-07-01,7394.0,1626.68,100,369.7,5297.62
100987,2025-07-01,6764.08,1488.1,220,338.2,4717.78
100988,2025-07-01,4956.83,1090.5,220,247.84,3398.49
100989,2025-07-01,14366.08,3160.54,400,718.3,10087.24
100990,2025-07-01,7072.67,1555.99,220,353.63,4943.05
100991,2025-07-01,6803.0,1496.66,100,340.15,4866.19
100992,2025-07-01,5801.17,1276.26,100,290.06,4134.85
100993,2025-07-01,17646.83,3882.3,100,882.34,12782.19
100994,2025-07-01,10267.17,2258.78,220,513.36,7275.03
100995,2025-07-01,4539.5,998.69,100,226.98,3213.83
100996,2025-07-01,12607.67,2773.69,220,630.38,8983.6
100997,2025-07-01,12922.75,2843.0,220,646.14,9213.61
100998,2025-07-01,15587.92,3429.34,220,779.4,11159.18
100999,2025-07-01,18657.58,4104.67,220,932.88,13400.03
100000,2025-08-01,9003.5,1980.77,100,450.18,6472.55
100001,2025-08-01,16154.42,3553.97,220,807.72,11572.73
100002,2025-08-01,4879.08,1073.4,100,243.95,3461.73
100003,2025-08-01,9687.25,2131.2,400,484.36,6671.69
100004,2025-08-01,16036.08,3527.94,100,801.8,11606.34
100005,2025-08-01,4408.08,969.78,400,220.4,2817.9
100007,2025-08-01,16536.25,3637.98,100,826.81,11971.46
100008,2025-08-01,9185.33,2020.77,220,459.27,6485.29
100009,2025-08-01,6835.5,1503.81,220,341.78,4769.91
100010,2025-08-01,8455.0,1860.1,220,422.75,5952.15
100012,2025-08-01,10157.67,2234.69,100,507.88,7315.1
100013,2025-08-01,12307.83,2707.72,220,615.39,8764.72
100014,2025-08-01,8408.17,1849.8,220,420.41,5917.96
100015,2025-08-01,5692.08,1252.26,400,284.6,3755.22
100016,2025-08-01,16956.17,3730.36,100,847.81,12278.0
100017,2025-08-01,13760.83,3027.38,220,688.04,9825.41
100018,2025-08-01,7266.17,1598.56,220,363.31,5084.3
100019,2025-08-01,11940.0,2626.8,400,597.0,8316.2
100020,2025-08-01,4999.67,1099.93,220,249.98,3429.76
100021,2025-08-01,6982.5,1536.15,220,349.12,4877.23
100022,2025-08-01,23765.0,5228.3,220,1188.25,17128.45
100023,2025-08-01,9475.17,2084.54,400,473.76,6516.87
100025,2025-08-01,10902.33,2398.51,100,545.12,7858.7
100026,2025-08-01,5118.42,1126.05,220,255.92,3516.45
100027,2025-08-01,8181.83,1800.0,220,409.09,5752.74
100028,2025-08-01,6787.67,1493.29,100,339.38,4855.0
100029,2025-08-01,7434.17,1635.52,220,371.71,5206.94
100030,2025-08-01,8573.25,1886.12,220,428.66,6038.47
100031,2025-08-01,8214.25,1807.14,100,410.71,5896.4
100032,2025-08-01,9088.5,1999.47,220,454.42,6414.61
100033,2025-08-01,9317.17,2049.78,220,465.86,6581.53
100034,2025-08-01,11821.58,2600.75,220,591.08,8409.75
100035,2025-08-01,6790.67,1493.95,100,339.53,4857.19
100036,2025-08-01,10037.5,2208.25,100,501.88,7227.37
100037,2025-08-01,11058.42,2432.85,400,552.92,7672.65
100038,2025-08-01,5457.42,1200.63,220,272.87,3763.92
100039,2025-08-01,5271.17,1159.66,220,263.56,3627.95
100040,2025-08-01,6875.75,1512.66,400,343.79,4619.3
100041,2025-08-01,8360.92,1839.4,220,418.05,5883.47
100042,2025-08-01,5004.33,1100.95,220,250.22,3433.16
100043,2025-08-01,8455.58,1860.23,100,422.78,6072.57
100044,2025-08-01,6800.42,1496.09,220,340.02,4744.31
100045,2025-08-01,9210.0,2026.2,100,460.5,6623.3
100046,2025-08-01,5942.92,1307.44,220,297.15,4118.33
100047,2025-08-01,14108.0,3103.76,100,705.4,10198.84
100048,2025-08-01,9188.17,2021.4,100,459.41,6607.36
100050,2025-08-01,10262.83,2257.82,220,513.14,7271.87
100052,2025-08-01,8522.25,1874.9,100,426.11,6121.24
100053,2025-08-01,4263.08,937.88,220,213.15,2892.05
100054,2025-08-01,4932.08,1085.06,100,246.6,3500.42
100056,2025-08-01,10827.25,2382.0,100,541.36,7803.89
100057,2025-08-01,16187.0,3561.14,220,809.35,11596.51
100058,2025-08-01,9765.83,2148.48,220,488.29,6909.06
100059,2025-08-01,12884.92,2834.68,220,644.25,9185.99
100060,2025-08-01,5367.5,1180.85,400,268.38,3518.27
100061,2025-08-01,6305.0,1387.1,100,315.25,4502.65
100062,2025-08-01,10408.17,2289.8,100,520.41,7497.96
100063,2025-08-01,7895.17,1736.94,100,394.76,5663.47
100064,2025-08-01,6676.33,1468.79,100,333.82,4773.72
100065,2025-08-01,10717.25,2357.8,400,535.86,7423.59
100066,2025-08-01,7960.33,1751.27,220,398.02,5591.04
100067,2025-08-01,25279.33,5561.45,100,1263.97,18353.91
100068,2025-08-01,8669.25,1907.24,400,433.46,5928.55
100069,2025-08-01,20392.5,4486.35,220,1019.62,14666.53
100070,2025-08-01,7607.75,1673.7,220,380.39,5333.66
100071,2025-08-01,7211.92,1586.62,220,360.6,5044.7
100072,2025-08-01,6410.83,1410.38,220,320.54,4459.91
100073,2025-08-01,4137.5,910.25,220,206.88,2800.37
100074,2025-08-01,20172.83,4438.02,100,1008.64,14626.17
100075,2025-08-01,12871.25,2831.68,100,643.56,9296.01
100076,2025-08-01,14510.17,3192.24,100,725.51,10492.42
100077,2025-08-01,8333.75,1833.42,220,416.69,5863.64
100078,2025-08-01,11393.5,2506.57,100,569.68,8217.25
100079,2025-08-01,13544.58,2979.81,220,677.23,9667.54
100080,2025-08-01,11650.58,2563.13,400,582.53,8104.92
100081,2025-08-01,11738.75,2582.52,220,586.94,8349.29
100082,2025-08-01,9932.17,2185.08,220,496.61,7030.48
100083,2025-08-01,10936.0,2405.92,220,546.8,7763.28
100084,2025-08-01,8437.92,1856.34,400,421.9,5759.68
100085,2025-08-01,12805.58,2817.23,220,640.28,9128.07
100086,2025-08-01,5983.5,1316.37,220,299.18,4147.95
100087,2025-08-01,5228.5,1150.27,100,261.42,3716.81
100088,2025-08-01,6795.58,1495.03,400,339.78,4560.77
100089,2025-08-01,10994.25,2418.74,220,549.71,7805.8
100090,2025-08-01,9716.0,2137.52,220,485.8,6872.68
100092,2025-08-01,9153.67,2013.81,220,457.68,6462.18
100093,2025-08-01,11182.08,2460.06,220,559.1,7942.92
100094,2025-08-01,9935.08,2185.72,220,496.75,7032.61
100095,2025-08-01,6346.33,1396.19,220,317.32,4412.82
100096,2025-08-01,22809.67,5018.13,220,1140.48,16431.06
100097,2025-08-01,5412.75,1190.8,100,270.64,3851.31
100098,2025-08-01,5086.75,1119.08,220,254.34,3493.33
100099,2025-08-01,14282.08,3142.06,220,714.1,10205.92
100100,2025-08-01,6883.17,1514.3,220,344.16,4804.71
100101,2025-08-01,6224.17,1369.32,100,311.21,4443.64
100102,2025-08-01,16193.33,3562.53,220,809.67,11601.13
100103,2025-08-01,7573.0,1666.06,220,378.65,5308.29
100104,2025-08-01,6923.67,1523.21,220,346.18,4834.28
100105,2025-08-01,7685.17,1690.74,220,384.26,5390.17
100106,2025-08-01,9891.83,2176.2,220,494.59,7001.04
100107,2025-08-01,6265.25,1378.36,400,313.26,4173.63
100108,2025-08-01,13841.33,3045.09,220,692.07,9884.17
100109,2025-08-01,12474.5,2744.39,400,623.72,8706.39
100110,2025-08-01,11329.83,2492.56,220,566.49,8050.78
100111,2025-08-01,6343.75,1395.62,220,317.19,4410.94
100112,2025-08-01,10603.42,2332.75,100,530.17,7640.5
100113,2025-08-01,5147.42,1132.43,220,257.37,3537.62
100114,2025-08-01,6395.92,1407.1,220,319.8,4449.02
100115,2025-08-01,7659.92,1685.18,100,383.0,5491.74
100116,2025-08-01,5455.42,1200.19,400,272.77,3582.46
100117,2025-08-01,11745.5,2584.01,400,587.28,8174.21
100118,2025-08-01,13424.58,2953.41,400,671.23,9399.94
100119,2025-08-01,10824.58,2381.41,400,541.23,7501.94
100120,2025-08-01,3868.75,851.12,400,193.44,2424.19
100121,2025-08-01,9484.58,2086.61,220,474.23,6703.74
100122,2025-08-01,7552.17,1661.48,400,377.61,5113.08
100123,2025-08-01,10546.17,2320.16,220,527.31,7478.7
100124,2025-08-01,12972.42,2853.93,100,648.62,9369.87
100125,2025-08-01,12181.0,2679.82,220,609.05,8672.13
100126,2025-08-01,6162.25,1355.7,220,308.11,4278.44
100127,2025-08-01,24709.33,5436.05,220,1235.47,17817.81
100128,2025-08-01,11343.67,2495.61,220,567.18,8060.88
100129,2025-08-01,16343.58,3595.59,220,817.18,11710.81
100130,2025-08-01,10953.5,2409.77,100,547.68,7896.05
100131,2025-08-01,12387.33,2725.21,400,619.37,8642.75
100132,2025-08-01,9045.42,1989.99,100,452.27,6503.16
100133,2025-08-01,8592.17,1890.28,220,429.61,6052.28
100134,2025-08-01,9816.08,2159.54,400,490.8,6765.74
100135,2025-08-01,5736.58,1262.05,220,286.83,3967.7
100136,2025-08-01,10317.58,2269.87,100,515.88,7431.83
100137,2025-08-01,7034.17,1547.52,220,351.71,4914.94
100138,2025-08-01,9573.42,2106.15,220,478.67,6768.6
100139,2025-08-01,9763.75,2148.02,220,488.19,6907.54
100140,2025-08-01,10827.42,2382.03,100,541.37,7804.02
100141,2025-08-01,6751.5,1485.33,100,337.58,4828.59
100142,2025-08-01,6692.17,1472.28,220,334.61,4665.28
100143,2025-08-01,17263.17,3797.9,100,863.16,12502.11
100144,2025-08-01,10830.0,2382.6,220,541.5,7685.9
100145,2025-08-01,9338.58,2054.49,400,466.93,6417.16
100146,2025-08-01,11976.67,2634.87,220,598.83,8522.97
100147,2025-08-01,10945.33,2407.97,220,547.27,7770.09
100148,2025-08-01,4579.5,1007.49,220,228.98,3123.03
100149,2025-08-01,6439.33,1416.65,400,321.97,4300.71
100150,2025-08-01,7367.0,1620.74,220,368.35,5157.91
100151,2025-08-01,12990.0,2857.8,220,649.5,9262.7
100152,2025-08-01,4245.25,933.96,400,212.26,2699.03
100153,2025-08-01,16856.0,3708.32,220,842.8,12084.88
100154,2025-08-01,11656.0,2564.32,100,582.8,8408.88
100155,2025-08-01,26697.08,5873.36,220,1334.85,19268.87
100156,2025-08-01,4599.33,1011.85,100,229.97,3257.51
100157,2025-08-01,15022.75,3305.0,220,751.14,10746.61
100158,2025-08-01,5028.92,1106.36,220,251.45,3451.11
100159,2025-08-01,6705.08,1475.12,100,335.25,4794.71
100160,2025-08-01,4479.67,985.53,220,223.98,3050.16
100161,2025-08-01,11034.58,2427.61,400,551.73,7655.24
100162,2025-08-01,4740.92,1043.0,100,237.05,3360.87
100163,2025-08-01,10292.58,2264.37,100,514.63,7413.58
100164,2025-08-01,7666.08,1686.54,100,383.3,5496.24
100165,2025-08-01,18196.5,4003.23,100,909.82,13183.45
100166,2025-08-01,6140.33,1350.87,400,307.02,4082.44
100167,2025-08-01,21118.0,4645.96,400,1055.9,15016.14
100168,2025-08-01,11991.5,2638.13,220,599.58,8533.79
100169,2025-08-01,13485.08,2966.72,100,674.25,9744.11
100170,2025-08-01,8638.83,1900.54,220,431.94,6086.35
100171,2025-08-01,11157.92,2454.74,220,557.9,7925.28
100172,2025-08-01,11643.42,2561.55,220,582.17,8279.7
100173,2025-08-01,10465.67,2302.45,400,523.28,7239.94
100174,2025-08-01,7878.17,1733.2,100,393.91,5651.06
100175,2025-08-01,7113.75,1565.02,220,355.69,4973.04
100176,2025-08-01,4801.08,1056.24,220,240.05,3284.79
100177,2025-08-01,16438.83,3616.54,100,821.94,11900.35
100178,2025-08-01,16936.42,3726.01,100,846.82,12263.59
100179,2025-08-01,8692.08,1912.26,220,434.6,6125.22
100180,2025-08-01,7888.92,1735.56,220,394.45,5538.91
100181,2025-08-01,10507.58,2311.67,100,525.38,7570.53
100182,2025-08-01,4891.92,1076.22,100,244.6,3471.1
100183,2025-08-01,4673.67,1028.21,220,233.68,3191.78
100184,2025-08-01,8427.25,1854.0,100,421.36,6051.89
100185,2025-08-01,10805.67,2377.25,220,540.28,7668.14
100186,2025-08-01,13974.75,3074.44,400,698.74,9801.57
100187,2025-08-01,10705.92,2355.3,220,535.3,7595.32
100188,2025-08-01,4864.0,1070.08,220,243.2,3330.72
100189,2025-08-01,12927.33,2844.01,220,646.37,9216.95
100190,2025-08-01,5120.33,1126.47,100,256.02,3637.84
100191,2025-08-01,5974.0,1314.28,220,298.7,4141.02
100192,2025-08-01,12903.25,2838.72,100,645.16,9319.37
100193,2025-08-01,8042.0,1769.24,100,402.1,5770.66
100194,2025-08-01,7289.08,1603.6,220,364.45,5101.03
100196,2025-08-01,8401.67,1848.37,400,420.08,5733.22
100197,2025-08-01,16217.92,3567.94,220,810.9,11619.08
100198,2025-08-01,4488.75,987.52,100,224.44,3176.79
100200,2025-08-01,8365.58,1840.43,400,418.28,5706.87
100201,2025-08-01,7685.5,1690.81,220,384.28,5390.41
100202,2025-08-01,6286.0,1382.92,220,314.3,4368.78
100203,2025-08-01,13244.08,2913.7,100,662.2,9568.18
100204,2025-08-01,8615.67,1895.45,220,430.78,6069.44
100205,2025-08-01,17580.17,3867.64,100,879.01,12733.52
100206,2025-08-01,14015.25,3083.36,100,700.76,10131.13
100207,2025-08-01,4846.08,1066.14,400,242.3,3137.64
100208,2025-08-01,9188.08,2021.38,220,459.4,6487.3
100209,2025-08-01,14441.58,3177.15,220,722.08,10322.35
100210,2025-08-01,11631.92,2559.02,220,581.6,8271.3
100212,2025-08-01,7898.17,1737.6,100,394.91,5665.66
100213,2025-08-01,5916.5,1301.63,220,295.82,4099.05
100214,2025-08-01,13304.33,2926.95,100,665.22,9612.16
100215,2025-08-01,10473.17,2304.1,400,523.66,7245.41
100216,2025-08-01,9022.83,1985.02,220,451.14,6366.67
100217,2025-08-01,5162.33,1135.71,220,258.12,3548.5
100218,2025-08-01,10027.0,2205.94,220,501.35,7099.71
100219,2025-08-01,6048.75,1330.72,400,302.44,4015.59
100220,2025-08-01,6766.25,1488.58,220,338.31,4719.36
100221,2025-08-01,6516.33,1433.59,220,325.82,4536.92
100223,2025-08-01,6878.75,1513.32,220,343.94,4801.49
100225,2025-08-01,4335.0,953.7,400,216.75,2764.55
100226,2025-08-01,22990.17,5057.84,220,1149.51,16562.82
100227,2025-08-01,24209.17,5326.02,220,1210.46,17452.69
100228,2025-08-01,5491.33,1208.09,400,274.57,3608.67
100229,2025-08-01,8190.92,1802.0,220,409.55,5759.37
100230,2025-08-01,9647.0,2122.34,220,482.35,6822.31
100231,2025-08-01,21942.75,4827.4,400,1097.14,15618.21
100232,2025-08-01,13523.08,2975.08,100,676.15,9771.85
100233,2025-08-01,7907.92,1739.74,400,395.4,5372.78
100234,2025-08-01,10754.25,2365.94,220,537.71,7630.6
100235,2025-08-01,10315.0,2269.3,100,515.75,7429.95
100236,2025-08-01,7055.25,1552.16,220,352.76,4930.33
100237,2025-08-01,15635.0,3439.7,100,781.75,11313.55
100238,2025-08-01,18505.5,4071.21,220,925.28,13289.01
100239,2025-08-01,6382.5,1404.15,220,319.12,4439.23
100240,2025-08-01,8563.92,1884.06,100,428.2,6151.66
100241,2025-08-01,10950.08,2409.02,220,547.5,7773.56
100242,2025-08-01,6241.67,1373.17,220,312.08,4336.42
100243,2025-08-01,17551.58,3861.35,400,877.58,12412.65
100245,2025-08-01,6153.0,1353.66,400,307.65,4091.69
100246,2025-08-01,5587.42,1229.23,220,279.37,3858.82
100247,2025-08-01,11172.75,2458.0,400,558.64,7756.11
100248,2025-08-01,13753.75,3025.82,220,687.69,9820.24
100249,2025-08-01,11807.17,2597.58,220,590.36,8399.23
100250,2025-08-01,6126.58,1347.85,220,306.33,4252.4
100251,2025-08-01,4985.08,1096.72,220,249.25,3419.11
100252,2025-08-01,6327.83,1392.12,220,316.39,4399.32
100253,2025-08-01,7466.42,1642.61,220,373.32,5230.49
100254,2025-08-01,12024.25,2645.34,400,601.21,8377.7
100255,2025-08-01,10254.25,2255.94,220,512.71,7265.6
100256,2025-08-01,5319.08,1170.2,220,265.95,3662.93
100257,2025-08-01,4241.33,933.09,400,212.07,2696.17
100258,2025-08-01,7574.83,1666.46,100,378.74,5429.63
100259,2025-08-01,12980.75,2855.76,400,649.04,9075.95
100260,2025-08-01,7483.0,1646.26,220,374.15,5242.59
100261,2025-08-01,11024.83,2425.46,100,551.24,7948.13
100262,2025-08-01,6094.08,1340.7,100,304.7,4348.68
100263,2025-08-01,6972.33,1533.91,400,348.62,4689.8
100264,2025-08-01,10564.42,2324.17,100,528.22,7612.03
100265,2025-08-01,17358.0,3818.76,100,867.9,12571.34
100266,2025-08-01,20725.0,4559.5,400,1036.25,14729.25
100267,2025-08-01,21211.25,4666.48,220,1060.56,15264.21
100268,2025-08-01,10011.5,2202.53,220,500.58,7088.39
100269,2025-08-01,5894.92,1296.88,220,294.75,4083.29
100270,2025-08-01,6850.25,1507.06,100,342.51,4900.68
100271,2025-08-01,11706.0,2575.32,220,585.3,8325.38
100272,2025-08-01,4651.0,1023.22,220,232.55,3175.23
100273,2025-08-01,21795.0,4794.9,220,1089.75,15690.35
100274,2025-08-01,11103.17,2442.7,220,555.16,7885.31
100275,2025-08-01,8180.5,1799.71,220,409.02,5751.77
100276,2025-08-01,5059.5,1113.09,100,252.98,3593.43
100277,2025-08-01,5023.75,1105.22,220,251.19,3447.34
100278,2025-08-01,5060.33,1113.27,400,253.02,3294.04
100280,2025-08-01,7547.58,1660.47,400,377.38,5109.73
100281,2025-08-01,8093.75,1780.62,220,404.69,5688.44
100282,2025-08-01,5078.08,1117.18,220,253.9,3487.0
100283,2025-08-01,20522.67,4514.99,220,1026.13,14761.55
100284,2025-08-01,11061.17,2433.46,100,553.06,7974.65
100285,2025-08-01,6997.67,1539.49,100,349.88,5008.3
100286,2025-08-01,11616.0,2555.52,100,580.8,8379.68
100287,2025-08-01,9550.33,2101.07,220,477.52,6751.74
100288,2025-08-01,7197.75,1583.5,220,359.89,5034.36
100289,2025-08-01,10858.92,2388.96,400,542.95,7527.01
100290,2025-08-01,9398.83,2067.74,100,469.94,6761.15
100291,2025-08-01,8609.83,1894.16,220,430.49,6065.18
100292,2025-08-01,11596.33,2551.19,220,579.82,8245.32
100293,2025-08-01,8418.42,1852.05,100,420.92,6045.45
100294,2025-08-01,11512.5,2532.75,220,575.62,8184.13
100295,2025-08-01,4979.58,1095.51,100,248.98,3535.09
100296,2025-08-01,15747.08,3464.36,400,787.35,11095.37
100297,2025-08-01,4246.17,934.16,400,212.31,2699.7
100299,2025-08-01,11861.33,2609.49,400,593.07,8258.77
100300,2025-08-01,8558.83,1882.94,220,427.94,6027.95
100301,2025-08-01,28715.33,6317.37,100,1435.77,20862.19
100302,2025-08-01,8147.33,1792.41,100,407.37,5847.55
100303,2025-08-01,13932.42,3065.13,400,696.62,9770.67
100304,2025-08-01,11125.83,2447.68,220,556.29,7901.86
100306,2025-08-01,8402.5,1848.55,100,420.12,6033.83
100307,2025-08-01,5534.0,1217.48,220,276.7,3819.82
100309,2025-08-01,12254.5,2695.99,400,612.72,8545.79
100310,2025-08-01,5807.17,1277.58,400,290.36,3839.23
100311,2025-08-01,5917.67,1301.89,220,295.88,4099.9
100312,2025-08-01,12225.92,2689.7,220,611.3,8704.92
100314,2025-08-01,9006.0,1981.32,400,450.3,6174.38
100315,2025-08-01,18198.92,4003.76,400,909.95,12885.21
100316,2025-08-01,14210.58,3126.33,400,710.53,9973.72
100317,2025-08-01,8301.0,1826.22,220,415.05,5839.73
100319,2025-08-01,8309.75,1828.14,100,415.49,5966.12
100320,2025-08-01,10699.75,2353.95,220,534.99,7590.81
100321,2025-08-01,16035.0,3527.7,100,801.75,11605.55
100323,2025-08-01,8449.5,1858.89,220,422.48,5948.13
100324,2025-08-01,9477.42,2085.03,100,473.87,6818.52
100325,2025-08-01,5159.75,1135.14,220,257.99,3546.62
100327,2025-08-01,5271.42,1159.71,100,263.57,3748.14
100328,2025-08-01,3708.25,815.82,400,185.41,2307.02
100329,2025-08-01,8090.17,1779.84,100,404.51,5805.82
100330,2025-08-01,9073.75,1996.22,220,453.69,6403.84
100331,2025-08-01,21114.17,4645.12,220,1055.71,15193.34
100332,2025-08-01,14034.75,3087.64,220,701.74,10025.37
100333,2025-08-01,11087.42,2439.23,100,554.37,7993.82
100334,2025-08-01,10987.17,2417.18,220,549.36,7800.63
100335,2025-08-01,14540.17,3198.84,400,727.01,10214.32
100336,2025-08-01,12019.58,2644.31,220,600.98,8554.29
100337,2025-08-01,5076.67,1116.87,100,253.83,3605.97
100338,2025-08-01,6902.58,1518.57,100,345.13,4938.88
100339,2025-08-01,7482.33,1646.11,220,374.12,5242.1
100340,2025-08-01,7381.33,1623.89,400,369.07,4988.37
100341,2025-08-01,19414.17,4271.12,220,970.71,13952.34
100342,2025-08-01,8142.08,1791.26,220,407.1,5723.72
100343,2025-08-01,4931.67,1084.97,220,246.58,3380.12
100344,2025-08-01,5293.0,1164.46,100,264.65,3763.89
100345,2025-08-01,11241.08,2473.04,220,562.05,7985.99
100346,2025-08-01,23838.17,5244.4,100,1191.91,17301.86
100347,2025-08-01,9176.42,2018.81,400,458.82,6298.79
100349,2025-08-01,17654.83,3884.06,220,882.74,12668.03
100350,2025-08-01,8324.33,1831.35,220,416.22,5856.76
100351,2025-08-01,5339.0,1174.58,220,266.95,3677.47
100352,2025-08-01,12160.58,2675.33,100,608.03,8777.22
100355,2025-08-01,14944.67,3287.83,100,747.23,10809.61
100356,2025-08-01,11460.0,2521.2,220,573.0,8145.8
100357,2025-08-01,16388.42,3605.45,100,819.42,11863.55
100358,2025-08-01,11889.58,2615.71,100,594.48,8579.39
100359,2025-08-01,6823.33,1501.13,400,341.17,4581.03
100360,2025-08-01,5035.92,1107.9,220,251.8,3456.22
100361,2025-08-01,13494.25,2968.74,220,674.71,9630.8
100362,2025-08-01,11200.67,2464.15,100,560.03,8076.49
100363,2025-08-01,3675.17,808.54,100,183.76,2582.87
100364,2025-08-01,11433.0,2515.26,220,571.65,8126.09
100365,2025-08-01,5288.67,1163.51,100,264.43,3760.73
100366,2025-08-01,4283.92,942.46,220,214.2,2907.26
100367,2025-08-01,8709.92,1916.18,400,435.5,5958.24
100368,2025-08-01,11604.67,2553.03,400,580.23,8071.41
100369,2025-08-01,7807.67,1717.69,100,390.38,5599.6
100370,2025-08-01,6633.25,1459.32,220,331.66,4622.27
100371,2025-08-01,4706.75,1035.48,400,235.34,3035.93
100373,2025-08-01,13376.83,2942.9,400,668.84,9365.09
100374,2025-08-01,8875.08,1952.52,400,443.75,6078.81
100375,2025-08-01,14853.92,3267.86,220,742.7,10623.36
100376,2025-08-01,6037.08,1328.16,220,301.85,4187.07
100377,2025-08-01,8617.33,1895.81,220,430.87,6070.65
100378,2025-08-01,10476.25,2304.78,400,523.81,7247.66
100379,2025-08-01,13328.17,2932.2,400,666.41,9329.56
100380,2025-08-01,7788.83,1713.54,220,389.44,5465.85
100381,2025-08-01,6703.0,1474.66,220,335.15,4673.19
100382,2025-08-01,7972.58,1753.97,220,398.63,5599.98
100383,2025-08-01,16644.5,3661.79,100,832.22,12050.49
100384,2025-08-01,6817.0,1499.74,100,340.85,4876.41
100385,2025-08-01,11884.67,2614.63,220,594.23,8455.81
100386,2025-08-01,13534.83,2977.66,220,676.74,9660.43
100387,2025-08-01,19742.58,4343.37,400,987.13,14012.08
100388,2025-08-01,5251.33,1155.29,100,262.57,3733.47
100389,2025-08-01,10543.33,2319.53,400,527.17,7296.63
100390,2025-08-01,20854.58,4588.01,400,1042.73,14823.84
100391,2025-08-01,15172.0,3337.84,100,758.6,10975.56
100392,2025-08-01,5724.33,1259.35,220,286.22,3958.76
100393,2025-08-01,5747.58,1264.47,400,287.38,3795.73
100394,2025-08-01,12935.25,2845.76,220,646.76,9222.73
100395,2025-08-01,8120.83,1786.58,220,406.04,5708.21
100396,2025-08-01,11094.17,2440.72,400,554.71,7698.74
100397,2025-08-01,6625.08,1457.52,400,331.25,4436.31
100398,2025-08-01,8352.83,1837.62,220,417.64,5877.57
100399,2025-08-01,15585.42,3428.79,220,779.27,11157.36
100400,2025-08-01,7618.92,1676.16,100,380.95,5461.81
100401,2025-08-01,13130.5,2888.71,100,656.53,9485.26
100402,2025-08-01,4500.25,990.06,220,225.01,3065.18
100403,2025-08-01,4164.0,916.08,100,208.2,2939.72
100405,2025-08-01,17303.75,3806.82,220,865.19,12411.74
100406,2025-08-01,7704.08,1694.9,400,385.2,5223.98
100407,2025-08-01,12080.25,2657.66,100,604.01,8718.58
100408,2025-08-01,8895.67,1957.05,220,444.78,6273.84
100409,2025-08-01,14515.67,3193.45,400,725.78,10196.44
100410,2025-08-01,8899.0,1957.78,100,444.95,6396.27
100411,2025-08-01,3658.42,804.85,400,182.92,2270.65
100412,2025-08-01,12372.25,2721.9,220,618.61,8811.74
100413,2025-08-01,16750.0,3685.0,220,837.5,12007.5
100414,2025-08-01,4741.75,1043.18,220,237.09,3241.48
100415,2025-08-01,12809.75,2818.14,220,640.49,9131.12
100416,2025-08-01,8875.33,1952.57,100,443.77,6378.99
100417,2025-08-01,27447.58,6038.47,400,1372.38,19636.73
100418,2025-08-01,4146.42,912.21,400,207.32,2626.89
100419,2025-08-01,7982.08,1756.06,220,399.1,5606.92
100420,2025-08-01,20147.08,4432.36,220,1007.35,14487.37
100421,2025-08-01,5768.33,1269.03,220,288.42,3990.88
100422,2025-08-01,6947.33,1528.41,220,347.37,4851.55
100423,2025-08-01,7038.25,1548.42,220,351.91,4917.92
100424,2025-08-01,14696.17,3233.16,220,734.81,10508.2
100425,2025-08-01,12995.75,2859.06,220,649.79,9266.9
100426,2025-08-01,5636.17,1239.96,100,281.81,4014.4
100427,2025-08-01,7597.42,1671.43,100,379.87,5446.12
100428,2025-08-01,14204.0,3124.88,220,710.2,10148.92
100429,2025-08-01,7111.0,1564.42,220,355.55,4971.03
100430,2025-08-01,11442.17,2517.28,100,572.11,8252.78
100432,2025-08-01,7690.83,1691.98,220,384.54,5394.31
100433,2025-08-01,4290.92,944.0,220,214.55,2912.37
100434,2025-08-01,4771.0,1049.62,220,238.55,3262.83
100435,2025-08-01,10558.42,2322.85,400,527.92,7307.65
100436,2025-08-01,14711.08,3236.44,220,735.55,10519.09
100437,2025-08-01,10194.92,2242.88,220,509.75,7222.29
100438,2025-08-01,11459.58,2521.11,400,572.98,7965.49
100439,2025-08-01,6082.83,1338.22,220,304.14,4220.47
100440,2025-08-01,10768.08,2368.98,100,538.4,7760.7
100441,2025-08-01,14986.75,3297.08,220,749.34,10720.33
100442,2025-08-01,14474.92,3184.48,220,723.75,10346.69
100443,2025-08-01,4751.17,1045.26,100,237.56,3368.35
100444,2025-08-01,5309.42,1168.07,100,265.47,3775.88
100445,2025-08-01,7702.67,1694.59,100,385.13,5522.95
100446,2025-08-01,13842.75,3045.4,400,692.14,9705.21
100447,2025-08-01,6309.92,1388.18,220,315.5,4386.24
100449,2025-08-01,8295.17,1824.94,100,414.76,5955.47
100450,2025-08-01,17133.42,3769.35,220,856.67,12287.4
100451,2025-08-01,8167.33,1796.81,100,408.37,5862.15
100452,2025-08-01,4997.25,1099.4,100,249.86,3547.99
100453,2025-08-01,11708.0,2575.76,220,585.4,8326.84
100454,2025-08-01,14115.5,3105.41,220,705.78,10084.31
100455,2025-08-01,10699.92,2353.98,220,535.0,7590.94
100456,2025-08-01,7635.92,1679.9,100,381.8,5474.22
100457,2025-08-01,13470.58,2963.53,220,673.53,9613.52
100458,2025-08-01,6808.17,1497.8,400,340.41,4569.96
100459,2025-08-01,12295.33,2704.97,100,614.77,8875.59
100460,2025-08-01,3981.25,875.88,400,199.06,2506.31
100461,2025-08-01,6825.42,1501.59,220,341.27,4762.56
100462,2025-08-01,13532.25,2977.1,220,676.61,9658.54
100463,2025-08-01,13196.67,2903.27,220,659.83,9413.57
100464,2025-08-01,12718.17,2798.0,220,635.91,9064.26
100465,2025-08-01,13286.0,2922.92,100,664.3,9598.78
100466,2025-08-01,4473.33,984.13,400,223.67,2865.53
100467,2025-08-01,12811.42,2818.51,220,640.57,9132.34
100468,2025-08-01,11137.58,2450.27,220,556.88,7910.43
100469,2025-08-01,11281.0,2481.82,220,564.05,8015.13
100470,2025-08-01,17424.25,3833.34,220,871.21,12499.7
100471,2025-08-01,6720.5,1478.51,220,336.02,4685.97
100472,2025-08-01,7229.92,1590.58,220,361.5,5057.84
100473,2025-08-01,4760.67,1047.35,100,238.03,3375.29
100474,2025-08-01,10033.5,2207.37,220,501.68,7104.45
100475,2025-08-01,7213.33,1586.93,400,360.67,4865.73
100476,2025-08-01,10415.25,2291.36,100,520.76,7503.13
100477,2025-08-01,14204.17,3124.92,400,710.21,9969.04
100478,2025-08-01,6817.67,1499.89,100,340.88,4876.9
100479,2025-08-01,8410.5,1850.31,400,420.52,5739.67
100481,2025-08-01,11558.92,2542.96,400,577.95,8038.01
100482,2025-08-01,8309.92,1828.18,400,415.5,5666.24
100483,2025-08-01,8787.92,1933.34,400,439.4,6015.18
100484,2025-08-01,20903.83,4598.84,220,1045.19,15039.8
100485,2025-08-01,28980.75,6375.76,220,1449.04,20935.95
100486,2025-08-01,10488.33,2307.43,100,524.42,7556.48
100487,2025-08-01,4701.0,1034.22,220,235.05,3211.73
100488,2025-08-01,6742.92,1483.44,100,337.15,4822.33
100489,2025-08-01,9173.5,2018.17,220,458.68,6476.65
100490,2025-08-01,6993.92,1538.66,220,349.7,4885.56
100492,2025-08-01,19636.83,4320.1,100,981.84,14234.89
100493,2025-08-01,3881.92,854.02,400,194.1,2433.8
100494,2025-08-01,6010.33,1322.27,100,300.52,4287.54
100495,2025-08-01,10898.67,2397.71,220,544.93,7736.03
100496,2025-08-01,9757.67,2146.69,220,487.88,6903.1
100497,2025-08-01,13666.25,3006.58,220,683.31,9756.36
100498,2025-08-01,9007.75,1981.7,100,450.39,6475.66
100499,2025-08-01,12369.5,2721.29,220,618.48,8809.73
100500,2025-08-01,18418.5,4052.07,100,920.92,13345.51
100501,2025-08-01,13917.25,3061.8,100,695.86,10059.59
100502,2025-08-01,8950.33,1969.07,220,447.52,6313.74
100503,2025-08-01,11068.33,2435.03,100,553.42,7979.88
100505,2025-08-01,11952.83,2629.62,100,597.64,8625.57
100506,2025-08-01,10043.08,2209.48,100,502.15,7231.45
100507,2025-08-01,5724.83,1259.46,400,286.24,3779.13
100508,2025-08-01,4702.42,1034.53,100,235.12,3332.77
100509,2025-08-01,11534.25,2537.54,220,576.71,8200.0
100510,2025-08-01,16372.0,3601.84,100,818.6,11851.56
100511,2025-08-01,8901.25,1958.28,220,445.06,6277.91
100512,2025-08-01,15067.58,3314.87,220,753.38,10779.33
100513,2025-08-01,16850.25,3707.06,100,842.51,12200.68
100514,2025-08-01,15919.5,3502.29,100,795.98,11521.23
100515,2025-08-01,8845.33,1945.97,400,442.27,6057.09
100516,2025-08-01,14333.58,3153.39,100,716.68,10363.51
100517,2025-08-01,8020.42,1764.49,220,401.02,5634.91
100518,2025-08-01,17393.5,3826.57,100,869.68,12597.25
100519,2025-08-01,4900.17,1078.04,220,245.01,3357.12
100520,2025-08-01,20404.25,4488.94,100,1020.21,14795.1
100521,2025-08-01,11423.92,2513.26,400,571.2,7939.46
100522,2025-08-01,9380.42,2063.69,220,469.02,6627.71
100523,2025-08-01,3621.83,796.8,220,181.09,2423.94
100524,2025-08-01,11031.42,2426.91,100,551.57,7952.94
100525,2025-08-01,15617.17,3435.78,400,780.86,11000.53
100526,2025-08-01,11117.83,2445.92,100,555.89,8016.02
100527,2025-08-01,8942.08,1967.26,220,447.1,6307.72
100528,2025-08-01,7229.67,1590.53,400,361.48,4877.66
100529,2025-08-01,10219.17,2248.22,220,510.96,7239.99
100530,2025-08-01,6545.75,1440.06,100,327.29,4678.4
100531,2025-08-01,6433.75,1415.42,220,321.69,4476.64
100532,2025-08-01,6820.58,1500.53,220,341.03,4759.02
100533,2025-08-01,10871.58,2391.75,100,543.58,7836.25
100534,2025-08-01,15771.75,3469.78,400,788.59,11113.38
100535,2025-08-01,12790.25,2813.86,100,639.51,9236.88
100536,2025-08-01,7002.5,1540.55,400,350.12,4711.83
100537,2025-08-01,6844.92,1505.88,220,342.25,4776.79
100538,2025-08-01,5711.33,1256.49,400,285.57,3769.27
100539,2025-08-01,12732.33,2801.11,400,636.62,8894.6
100540,2025-08-01,5492.08,1208.26,220,274.6,3789.22
100541,2025-08-01,6305.92,1387.3,220,315.3,4383.32
100542,2025-08-01,22050.92,4851.2,400,1102.55,15697.17
100543,2025-08-01,12228.75,2690.32,100,611.44,8826.99
100544,2025-08-01,11166.5,2456.63,400,558.33,7751.54
100545,2025-08-01,8489.58,1867.71,100,424.48,6097.39
100546,2025-08-01,7420.33,1632.47,220,371.02,5196.84
100547,2025-08-01,9154.83,2014.06,400,457.74,6283.03
100548,2025-08-01,7002.83,1540.62,100,350.14,5012.07
100549,2025-08-01,8706.08,1915.34,220,435.3,6135.44
100550,2025-08-01,21522.0,4734.84,220,1076.1,15491.06
100551,2025-08-01,8730.83,1920.78,220,436.54,6153.51
100552,2025-08-01,10117.83,2225.92,100,505.89,7286.02
100553,2025-08-01,5134.58,1129.61,220,256.73,3528.24
100554,2025-08-01,11313.58,2488.99,220,565.68,8038.91
100555,2025-08-01,7402.17,1628.48,220,370.11,5183.58
100556,2025-08-01,13450.83,2959.18,400,672.54,9419.11
100557,2025-08-01,8842.25,1945.3,220,442.11,6234.84
100558,2025-08-01,12267.0,2698.74,220,613.35,8734.91
100559,2025-08-01,7545.0,1659.9,220,377.25,5287.85
100560,2025-08-01,6859.92,1509.18,220,343.0,4787.74
100561,2025-08-01,6767.5,1488.85,220,338.38,4720.27
100562,2025-08-01,6627.83,1458.12,220,331.39,4618.32
100563,2025-08-01,15825.17,3481.54,220,791.26,11332.37
100564,2025-08-01,14236.92,3132.12,220,711.85,10172.95
100565,2025-08-01,3398.08,747.58,400,169.9,2080.6
100566,2025-08-01,3941.83,867.2,220,197.09,2657.54
100567,2025-08-01,5953.33,1309.73,100,297.67,4245.93
100568,2025-08-01,20404.83,4489.06,220,1020.24,14675.53
100569,2025-08-01,11014.0,2423.08,220,550.7,7820.22
100570,2025-08-01,5966.42,1312.61,100,298.32,4255.49
100571,2025-08-01,6526.5,1435.83,400,326.33,4364.34
100572,2025-08-01,11376.75,2502.89,220,568.84,8085.02
100573,2025-08-01,10821.83,2380.8,100,541.09,7799.94
100574,2025-08-01,6872.92,1512.04,220,343.65,4797.23
100575,2025-08-01,6797.0,1495.34,220,339.85,4741.81
100576,2025-08-01,15888.5,3495.47,220,794.42,11378.61
100577,2025-08-01,10908.33,2399.83,400,545.42,7563.08
100580,2025-08-01,21344.67,4695.83,220,1067.23,15361.61
100581,2025-08-01,7110.67,1564.35,220,355.53,4970.79
100582,2025-08-01,9898.0,2177.56,220,494.9,7005.54
100584,2025-08-01,9741.83,2143.2,400,487.09,6711.54
100585,2025-08-01,5042.25,1109.3,220,252.11,3460.84
100586,2025-08-01,5561.08,1223.44,400,278.05,3659.59
100587,2025-08-01,14839.25,3264.64,100,741.96,10732.65
100588,2025-08-01,10690.75,2351.96,220,534.54,7584.25
100589,2025-08-01,5453.5,1199.77,100,272.68,3881.05
100591,2025-08-01,7539.42,1658.67,220,376.97,5283.78
100592,2025-08-01,7690.25,1691.86,100,384.51,5513.88
100593,2025-08-01,11622.33,2556.91,220,581.12,8264.3
100594,2025-08-01,6738.5,1482.47,400,336.92,4519.11
100595,2025-08-01,6986.08,1536.94,220,349.3,4879.84
100596,2025-08-01,7187.83,1581.32,400,359.39,4847.12
100597,2025-08-01,9105.83,2003.28,100,455.29,6547.26
100598,2025-08-01,11496.08,2529.14,220,574.8,8172.14
100600,2025-08-01,11201.67,2464.37,100,560.08,8077.22
100601,2025-08-01,8344.67,1835.83,220,417.23,5871.61
100602,2025-08-01,5214.08,1147.1,220,260.7,3586.28
100603,2025-08-01,6925.75,1523.66,220,346.29,4835.8
100604,2025-08-01,16242.33,3573.31,100,812.12,11756.9
100605,2025-08-01,13850.5,3047.11,220,692.53,9890.86
100606,2025-08-01,10516.58,2313.65,220,525.83,7457.1
100607,2025-08-01,9019.83,1984.36,220,450.99,6364.48
100608,2025-08-01,8667.33,1906.81,400,433.37,5927.15
100609,2025-08-01,12231.17,2690.86,400,611.56,8528.75
100610,2025-08-01,13914.08,3061.1,220,695.7,9937.28
100611,2025-08-01,5383.17,1184.3,100,269.16,3829.71
100612,2025-08-01,8450.5,1859.11,100,422.52,6068.87
100613,2025-08-01,10243.92,2253.66,220,512.2,7258.06
100614,2025-08-01,9599.92,2111.98,100,480.0,6907.94
100615,2025-08-01,8763.75,1928.02,220,438.19,6177.54
100616,2025-08-01,9907.33,2179.61,220,495.37,7012.35
100617,2025-08-01,5228.92,1150.36,220,261.45,3597.11
100618,2025-08-01,8807.58,1937.67,100,440.38,6329.53
100619,2025-08-01,14436.58,3176.05,400,721.83,10138.7
100620,2025-08-01,6852.25,1507.5,220,342.61,4782.14
100621,2025-08-01,13312.0,2928.64,220,665.6,9497.76
100622,2025-08-01,5131.0,1128.82,100,256.55,3645.63
100623,2025-08-01,6585.83,1448.88,400,329.29,4407.66
100624,2025-08-01,8777.92,1931.14,400,438.9,6007.88
100625,2025-08-01,4397.75,967.5,400,219.89,2810.36
100627,2025-08-01,8599.42,1891.87,220,429.97,6057.58
100628,2025-08-01,6250.5,1375.11,100,312.53,4462.86
100629,2025-08-01,21382.08,4704.06,220,1069.1,15388.92
100631,2025-08-01,4483.0,986.26,100,224.15,3172.59
100632,2025-08-01,5689.5,1251.69,220,284.48,3933.33
100633,2025-08-01,8776.92,1930.92,220,438.85,6187.15
100634,2025-08-01,7645.08,1681.92,220,382.25,5360.91
100635,2025-08-01,7081.0,1557.82,400,354.05,4769.13
100636,2025-08-01,13541.75,2979.18,220,677.09,9665.48
100637,2025-08-01,5440.58,1196.93,100,272.03,3871.62
100638,2025-08-01,14135.42,3109.79,220,706.77,10098.86
100639,2025-08-01,10462.17,2301.68,220,523.11,7417.38
100640,2025-08-01,5143.25,1131.52,220,257.16,3534.57
100641,2025-08-01,10792.17,2374.28,100,539.61,7778.28
100642,2025-08-01,7299.0,1605.78,220,364.95,5108.27
100643,2025-08-01,9598.83,2111.74,100,479.94,6907.15
100644,2025-08-01,4634.58,1019.61,220,231.73,3163.24
100645,2025-08-01,5189.42,1141.67,400,259.47,3388.28
100646,2025-08-01,10614.58,2335.21,100,530.73,7648.64
100647,2025-08-01,6371.83,1401.8,220,318.59,4431.44
100648,2025-08-01,15408.33,3389.83,220,770.42,11028.08
100649,2025-08-01,6841.92,1505.22,220,342.1,4774.6
100650,2025-08-01,7778.0,1711.16,100,388.9,5577.94
100651,2025-08-01,13448.25,2958.62,220,672.41,9597.22
100652,2025-08-01,6526.83,1435.9,100,326.34,4664.59
100653,2025-08-01,7022.58,1544.97,220,351.13,4906.48
100654,2025-08-01,6835.83,1503.88,100,341.79,4890.16
100655,2025-08-01,5941.58,1307.15,400,297.08,3937.35
100656,2025-08-01,6991.75,1538.18,220,349.59,4883.98
100658,2025-08-01,20446.42,4498.21,220,1022.32,14705.89
100659,2025-08-01,5294.17,1164.72,100,264.71,3764.74
100660,2025-08-01,8037.08,1768.16,100,401.85,5767.07
100661,2025-08-01,5301.58,1166.35,100,265.08,3770.15
100662,2025-08-01,5557.17,1222.58,100,277.86,3956.73
100663,2025-08-01,6206.33,1365.39,100,310.32,4430.62
100664,2025-08-01,13535.25,2977.76,220,676.76,9660.73
100665,2025-08-01,9812.0,2158.64,220,490.6,6942.76
100666,2025-08-01,18317.92,4029.94,100,915.9,13272.08
100667,2025-08-01,5885.83,1294.88,400,294.29,3896.66
100668,2025-08-01,7144.42,1571.77,100,357.22,5115.43
100669,2025-08-01,28624.42,6297.37,100,1431.22,20795.83
100670,2025-08-01,10716.25,2357.57,400,535.81,7422.87
100671,2025-08-01,7062.33,1553.71,220,353.12,4935.5
100672,2025-08-01,5588.83,1229.54,220,279.44,3859.85
100673,2025-08-01,10723.5,2359.17,100,536.18,7728.15
100674,2025-08-01,9807.92,2157.74,220,490.4,6939.78
100675,2025-08-01,12976.92,2854.92,100,648.85,9373.15
100676,2025-08-01,6149.75,1352.94,100,307.49,4389.32
100677,2025-08-01,11504.67,2531.03,100,575.23,8298.41
100678,2025-08-01,5014.25,1103.14,100,250.71,3560.4
100679,2025-08-01,10170.08,2237.42,100,508.5,7324.16
100680,2025-08-01,11167.75,2456.91,220,558.39,7932.45
100681,2025-08-01,9986.75,2197.08,220,499.34,7070.33
100682,2025-08-01,4068.92,895.16,220,203.45,2750.31
100683,2025-08-01,6989.42,1537.67,100,349.47,5002.28
100684,2025-08-01,17695.75,3893.06,100,884.79,12817.9
100685,2025-08-01,13609.75,2994.14,220,680.49,9715.12
100686,2025-08-01,9143.25,2011.52,400,457.16,6274.57
100687,2025-08-01,5584.58,1228.61,100,279.23,3976.74
100688,2025-08-01,9852.0,2167.44,100,492.6,7091.96
100689,2025-08-01,6323.67,1391.21,400,316.18,4216.28
100690,2025-08-01,12814.5,2819.19,100,640.72,9254.59
100691,2025-08-01,8354.67,1838.03,100,417.73,5998.91
100693,2025-08-01,8240.83,1812.98,400,412.04,5615.81
100694,2025-08-01,10386.92,2285.12,220,519.35,7362.45
100695,2025-08-01,7422.33,1632.91,220,371.12,5198.3
100696,2025-08-01,11932.92,2625.24,220,596.65,8491.03
100697,2025-08-01,7951.67,1749.37,100,397.58,5704.72
100698,2025-08-01,16997.42,3739.43,100,849.87,12308.12
100699,2025-08-01,6807.58,1497.67,400,340.38,4569.53
100700,2025-08-01,6694.0,1472.68,400,334.7,4486.62
100701,2025-08-01,5325.75,1171.66,100,266.29,3787.8
100702,2025-08-01,11171.75,2457.78,100,558.59,8055.38
100703,2025-08-01,8668.17,1907.0,220,433.41,6107.76
100704,2025-08-01,8132.83,1789.22,100,406.64,5836.97
100705,2025-08-01,7269.83,1599.36,400,363.49,4906.98
100706,2025-08-01,13212.17,2906.68,220,660.61,9424.88
100707,2025-08-01,4249.42,934.87,220,212.47,2882.08
100708,2025-08-01,10224.75,2249.45,220,511.24,7244.06
100711,2025-08-01,4970.42,1093.49,220,248.52,3408.41
100712,2025-08-01,5756.5,1266.43,220,287.82,3982.25
100713,2025-08-01,7722.17,1698.88,220,386.11,5417.18
100714,2025-08-01,7217.33,1587.81,220,360.87,5048.65
100715,2025-08-01,16748.08,3684.58,220,837.4,12006.1
100716,2025-08-01,5442.5,1197.35,220,272.12,3753.03
100717,2025-08-01,10960.58,2411.33,100,548.03,7901.22
100718,2025-08-01,3891.25,856.08,220,194.56,2620.61
100719,2025-08-01,5634.5,1239.59,220,281.73,3893.18
100720,2025-08-01,13005.25,2861.16,220,650.26,9273.83
100721,2025-08-01,10135.5,2229.81,220,506.78,7178.91
100722,2025-08-01,7073.75,1556.22,400,353.69,4763.84
100723,2025-08-01,18709.0,4115.98,220,935.45,13437.57
100724,2025-08-01,7545.67,1660.05,400,377.28,5108.34
100725,2025-08-01,9660.42,2125.29,220,483.02,6832.11
100726,2025-08-01,4806.83,1057.5,220,240.34,3288.99
100727,2025-08-01,3875.67,852.65,220,193.78,2609.24
100728,2025-08-01,5221.42,1148.71,400,261.07,3411.64
100729,2025-08-01,8119.67,1786.33,400,405.98,5527.36
100730,2025-08-01,14654.0,3223.88,100,732.7,10597.42
100731,2025-08-01,6567.92,1444.94,100,328.4,4694.58
100732,2025-08-01,6521.08,1434.64,220,326.05,4540.39
100733,2025-08-01,14826.33,3261.79,100,741.32,10723.22
100734,2025-08-01,19276.33,4240.79,100,963.82,13971.72
100735,2025-08-01,10499.42,2309.87,100,524.97,7564.58
100736,2025-08-01,8167.33,1796.81,100,408.37,5862.15
100737,2025-08-01,28700.42,6314.09,220,1435.02,20731.31
100738,2025-08-01,8960.25,1971.26,400,448.01,6140.98
100739,2025-08-01,11374.58,2502.41,220,568.73,8083.44
100740,2025-08-01,18372.0,4041.84,220,918.6,13191.56
100741,2025-08-01,8859.33,1949.05,220,442.97,6247.31
100742,2025-08-01,11089.75,2439.74,100,554.49,7995.52
100743,2025-08-01,11107.5,2443.65,220,555.38,7888.47
100744,2025-08-01,12112.08,2664.66,220,605.6,8621.82
100745,2025-08-01,8535.0,1877.7,100,426.75,6130.55
100746,2025-08-01,16312.5,3588.75,220,815.62,11688.13
100748,2025-08-01,8937.83,1966.32,400,446.89,6124.62
100749,2025-08-01,8920.17,1962.44,220,446.01,6291.72
100750,2025-08-01,13170.08,2897.42,400,658.5,9214.16
100751,2025-08-01,14315.92,3149.5,220,715.8,10230.62
100752,2025-08-01,7629.33,1678.45,220,381.47,5349.41
100753,2025-08-01,11422.33,2512.91,220,571.12,8118.3
100754,2025-08-01,7213.08,1586.88,220,360.65,5045.55
100755,2025-08-01,7776.33,1710.79,220,388.82,5456.72
100756,2025-08-01,4374.33,962.35,100,218.72,3093.26
100757,2025-08-01,5252.08,1155.46,220,262.6,3614.02
100759,2025-08-01,16714.92,3677.28,100,835.75,12101.89
100760,2025-08-01,8291.67,1824.17,220,414.58,5832.92
100761,2025-08-01,5489.83,1207.76,220,274.49,3787.58
100762,2025-08-01,7355.0,1618.1,220,367.75,5149.15
100763,2025-08-01,10988.83,2417.54,220,549.44,7801.85
100764,2025-08-01,5305.58,1167.23,220,265.28,3653.07
100765,2025-08-01,10388.58,2285.49,220,519.43,7363.66
100766,2025-08-01,4778.58,1051.29,220,238.93,3268.36
100767,2025-08-01,9052.25,1991.5,220,452.61,6388.14
100770,2025-08-01,10922.75,2403.0,220,546.14,7753.61
100771,2025-08-01,7634.42,1679.57,100,381.72,5473.13
100773,2025-08-01,9615.92,2115.5,220,480.8,6799.62
100774,2025-08-01,13370.67,2941.55,400,668.53,9360.59
100775,2025-08-01,8790.75,1933.96,100,439.54,6317.25
100776,2025-08-01,14353.5,3157.77,100,717.68,10378.05
100777,2025-08-01,15801.75,3476.38,400,790.09,11135.28
100778,2025-08-01,6804.92,1497.08,400,340.25,4567.59
100779,2025-08-01,6717.5,1477.85,100,335.88,4803.77
100780,2025-08-01,6586.0,1448.92,100,329.3,4707.78
100781,2025-08-01,7606.0,1673.32,220,380.3,5332.38
100782,2025-08-01,5265.25,1158.36,100,263.26,3743.63
100783,2025-08-01,12267.25,2698.8,100,613.36,8855.09
100784,2025-08-01,13497.08,2969.36,220,674.85,9632.87
100785,2025-08-01,8992.83,1978.42,400,449.64,6164.77
100787,2025-08-01,13760.67,3027.35,220,688.03,9825.29
100788,2025-08-01,5759.67,1267.13,100,287.98,4104.56
100790,2025-08-01,12899.25,2837.84,100,644.96,9316.45
100792,2025-08-01,9646.5,2122.23,220,482.33,6821.94
100793,2025-08-01,5751.42,1265.31,400,287.57,3798.54
100794,2025-08-01,6806.33,1497.39,100,340.32,4868.62
100795,2025-08-01,11665.67,2566.45,220,583.28,8295.94
100796,2025-08-01,20707.75,4555.7,220,1035.39,14896.66
100797,2025-08-01,8877.92,1953.14,100,443.9,6380.88
100798,2025-08-01,4950.75,1089.16,400,247.54,3214.05
100799,2025-08-01,8602.92,1892.64,220,430.15,6060.13
100800,2025-08-01,11426.17,2513.76,400,571.31,7941.1
100801,2025-08-01,10314.17,2269.12,220,515.71,7309.34
100802,2025-08-01,16952.33,3729.51,220,847.62,12155.2
100803,2025-08-01,5196.08,1143.14,400,259.8,3393.14
100804,2025-08-01,10602.5,2332.55,220,530.12,7519.83
100805,2025-08-01,11602.17,2552.48,100,580.11,8369.58
100806,2025-08-01,9794.83,2154.86,400,489.74,6750.23
100807,2025-08-01,19819.83,4360.36,100,990.99,14368.48
100808,2025-08-01,6553.58,1441.79,400,327.68,4384.11
100809,2025-08-01,5247.0,1154.34,220,262.35,3610.31
100810,2025-08-01,4174.25,918.34,100,208.71,2947.2
100811,2025-08-01,4590.92,1010.0,100,229.55,3251.37
100812,2025-08-01,5603.17,1232.7,220,280.16,3870.31
100813,2025-08-01,15040.42,3308.89,400,752.02,10579.51
100814,2025-08-01,13814.0,3039.08,100,690.7,9984.22
100816,2025-08-01,6421.0,1412.62,100,321.05,4587.33
100817,2025-08-01,6038.75,1328.52,100,301.94,4308.29
100818,2025-08-01,9590.17,2109.84,100,479.51,6900.82
100819,2025-08-01,6510.75,1432.36,220,325.54,4532.85
100820,2025-08-01,5752.17,1265.48,400,287.61,3799.08
100821,2025-08-01,14974.75,3294.44,220,748.74,10711.57
100822,2025-08-01,19825.5,4361.61,400,991.28,14072.61
100823,2025-08-01,15803.33,3476.73,100,790.17,11436.43
100824,2025-08-01,11836.5,2604.03,220,591.83,8420.64
100826,2025-08-01,4828.58,1062.29,400,241.43,3124.86
100827,2025-08-01,17470.5,3843.51,400,873.53,12353.46
100828,2025-08-01,13067.67,2874.89,220,653.38,9319.4
100829,2025-08-01,12883.17,2834.3,220,644.16,9184.71
100830,2025-08-01,5444.92,1197.88,100,272.25,3874.79
100831,2025-08-01,8495.92,1869.1,100,424.8,6102.02
100832,2025-08-01,8371.0,1841.62,220,418.55,5890.83
100833,2025-08-01,10876.58,2392.85,220,543.83,7719.9
100834,2025-08-01,23118.92,5086.16,220,1155.95,16656.81
100835,2025-08-01,11327.08,2491.96,220,566.35,8048.77
100836,2025-08-01,8803.92,1936.86,220,440.2,6206.86
100837,2025-08-01,6670.0,1467.4,100,333.5,4769.1
100838,2025-08-01,9477.83,2085.12,220,473.89,6698.82
100839,2025-08-01,9053.42,1991.75,100,452.67,6509.0
100840,2025-08-01,9106.58,2003.45,100,455.33,6547.8
100841,2025-08-01,4784.83,1052.66,100,239.24,3392.93
100842,2025-08-01,5253.33,1155.73,220,262.67,3614.93
100843,2025-08-01,8616.5,1895.63,400,430.83,5890.04
100844,2025-08-01,10093.42,2220.55,100,504.67,7268.2
100845,2025-08-01,9618.75,2116.12,100,480.94,6921.69
100846,2025-08-01,17753.25,3905.72,220,887.66,12739.87
100847,2025-08-01,6200.25,1364.06,220,310.01,4306.18
100848,2025-08-01,20384.5,4484.59,220,1019.22,14660.69
100849,2025-08-01,25077.92,5517.14,400,1253.9,17906.88
100850,2025-08-01,7266.92,1598.72,220,363.35,5084.85
100851,2025-08-01,8669.25,1907.24,400,433.46,5928.55
100854,2025-08-01,8301.67,1826.37,220,415.08,5840.22
100855,2025-08-01,6862.75,1509.8,220,343.14,4789.81
100856,2025-08-01,21897.67,4817.49,220,1094.88,15765.3
100857,2025-08-01,10031.0,2206.82,220,501.55,7102.63
100858,2025-08-01,8442.42,1857.33,220,422.12,5942.97
100859,2025-08-01,6713.58,1476.99,220,335.68,4680.91
100860,2025-08-01,10880.83,2393.78,100,544.04,7843.01
100861,2025-08-01,11373.92,2502.26,100,568.7,8202.96
100862,2025-08-01,14350.58,3157.13,220,717.53,10255.92
100863,2025-08-01,5374.83,1182.46,220,268.74,3703.63
100864,2025-08-01,4992.58,1098.37,220,249.63,3424.58
100865,2025-08-01,7487.75,1647.3,220,374.39,5246.06
100866,2025-08-01,17894.75,3936.84,220,894.74,12843.17
100867,2025-08-01,6760.83,1487.38,220,338.04,4715.41
100868,2025-08-01,9849.5,2166.89,100,492.48,7090.13
100870,2025-08-01,10942.5,2407.35,400,547.12,7588.03
100871,2025-08-01,6914.33,1521.15,100,345.72,4947.46
100872,2025-08-01,10886.58,2395.05,220,544.33,7727.2
100873,2025-08-01,8997.58,1979.47,220,449.88,6348.23
100874,2025-08-01,8964.5,1972.19,220,448.22,6324.09
100875,2025-08-01,21374.5,4702.39,100,1068.73,15503.38
100876,2025-08-01,8613.17,1894.9,100,430.66,6187.61
100877,2025-08-01,3851.17,847.26,100,192.56,2711.35
100878,2025-08-01,8767.0,1928.74,220,438.35,6179.91
100879,2025-08-01,5499.67,1209.93,400,274.98,3614.76
100880,2025-08-01,5478.08,1205.18,220,273.9,3779.0
100881,2025-08-01,22078.92,4857.36,100,1103.95,16017.61
100882,2025-08-01,3908.08,859.78,100,195.4,2752.9
100883,2025-08-01,6725.92,1479.7,100,336.3,4809.92
100884,2025-08-01,9067.17,1994.78,220,453.36,6399.03
100885,2025-08-01,10854.67,2388.03,400,542.73,7523.91
100886,2025-08-01,11538.17,2538.4,100,576.91,8322.86
100887,2025-08-01,6373.25,1402.12,220,318.66,4432.47
100888,2025-08-01,6192.92,1362.44,100,309.65,4420.83
100890,2025-08-01,4036.42,888.01,220,201.82,2726.59
100891,2025-08-01,5140.42,1130.89,220,257.02,3532.51
100892,2025-08-01,7255.17,1596.14,220,362.76,5076.27
100894,2025-08-01,6957.17,1530.58,220,347.86,4858.73
100895,2025-08-01,10679.42,2349.47,220,533.97,7575.98
100896,2025-08-01,15849.92,3486.98,220,792.5,11350.44
100897,2025-08-01,11601.58,2552.35,220,580.08,8249.15
100898,2025-08-01,16905.08,3719.12,220,845.25,12120.71
100899,2025-08-01,8577.08,1886.96,100,428.85,6161.27
100900,2025-08-01,14408.0,3169.76,100,720.4,10417.84
100901,2025-08-01,6276.33,1380.79,100,313.82,4481.72
100902,2025-08-01,12180.92,2679.8,100,609.05,8792.07
100903,2025-08-01,12666.67,2786.67,220,633.33,9026.67
100904,2025-08-01,6973.0,1534.06,100,348.65,4990.29
100905,2025-08-01,8654.0,1903.88,100,432.7,6217.42
100906,2025-08-01,9579.75,2107.54,100,478.99,6893.22
100907,2025-08-01,13389.25,2945.64,220,669.46,9554.15
100908,2025-08-01,13717.58,3017.87,400,685.88,9613.83
100909,2025-08-01,9218.75,2028.12,220,460.94,6509.69
100910,2025-08-01,25643.67,5641.61,100,1282.18,18619.88
100911,2025-08-01,19877.33,4373.01,400,993.87,14110.45
100912,2025-08-01,6930.58,1524.73,220,346.53,4839.32
100913,2025-08-01,14416.17,3171.56,100,720.81,10423.8
100914,2025-08-01,8343.08,1835.48,400,417.15,5690.45
100915,2025-08-01,15224.17,3349.32,220,761.21,10893.64
100916,2025-08-01,4900.67,1078.15,100,245.03,3477.49
100917,2025-08-01,7836.75,1724.08,100,391.84,5620.83
100918,2025-08-01,16962.33,3731.71,100,848.12,12282.5
100919,2025-08-01,4988.83,1097.54,220,249.44,3421.85
100920,2025-08-01,16740.17,3682.84,100,837.01,12120.32
100921,2025-08-01,9943.25,2187.52,100,497.16,7158.57
100922,2025-08-01,13807.0,3037.54,100,690.35,9979.11
100924,2025-08-01,10587.5,2329.25,100,529.38,7628.87
100925,2025-08-01,4307.67,947.69,400,215.38,2744.6
100926,2025-08-01,6117.83,1345.92,220,305.89,4246.02
100928,2025-08-01,10695.17,2352.94,220,534.76,7587.47
100929,2025-08-01,5768.67,1269.11,400,288.43,3811.13
100931,2025-08-01,8255.83,1816.28,100,412.79,5926.76
100932,2025-08-01,6895.83,1517.08,100,344.79,4933.96
100933,2025-08-01,15936.08,3505.94,220,796.8,11413.34
100935,2025-08-01,8628.92,1898.36,220,431.45,6079.11
100936,2025-08-01,8312.75,1828.8,100,415.64,5968.31
100937,2025-08-01,15229.5,3350.49,220,761.48,10897.53
100939,2025-08-01,7114.5,1565.19,400,355.72,4793.59
100940,2025-08-01,4034.33,887.55,220,201.72,2725.06
100941,2025-08-01,7496.17,1649.16,100,374.81,5372.2
100942,2025-08-01,8741.5,1923.13,220,437.08,6161.29
100943,2025-08-01,4294.67,944.83,220,214.73,2915.11
100944,2025-08-01,16758.42,3686.85,220,837.92,12013.65
100945,2025-08-01,6912.83,1520.82,100,345.64,4946.37
100946,2025-08-01,7473.92,1644.26,100,373.7,5355.96
100947,2025-08-01,8114.92,1785.28,400,405.75,5523.89
100948,2025-08-01,14275.67,3140.65,100,713.78,10321.24
100949,2025-08-01,6670.5,1467.51,220,333.52,4649.47
100950,2025-08-01,11331.0,2492.82,220,566.55,8051.63
100951,2025-08-01,13062.0,2873.64,220,653.1,9315.26
100952,2025-08-01,8046.83,1770.3,100,402.34,5774.19
100953,2025-08-01,9554.0,2101.88,400,477.7,6574.42
100954,2025-08-01,5228.25,1150.21,100,261.41,3716.63
100956,2025-08-01,13377.0,2942.94,100,668.85,9665.21
100957,2025-08-01,10207.0,2245.54,220,510.35,7231.11
100958,2025-08-01,16193.67,3562.61,220,809.68,11601.38
100961,2025-08-01,6970.17,1533.44,220,348.51,4868.22
100962,2025-08-01,14210.17,3126.24,100,710.51,10273.42
100963,2025-08-01,13151.08,2893.24,400,657.55,9200.29
100964,2025-08-01,10947.67,2408.49,400,547.38,7591.8
100965,2025-08-01,6701.5,1474.33,100,335.08,4792.09
100966,2025-08-01,5852.83,1287.62,400,292.64,3872.57
100967,2025-08-01,13246.25,2914.18,220,662.31,9449.76
100968,2025-08-01,4351.83,957.4,400,217.59,2776.84
100969,2025-08-01,5993.17,1318.5,220,299.66,4155.01
100970,2025-08-01,4170.0,917.4,220,208.5,2824.1
100971,2025-08-01,6750.42,1485.09,220,337.52,4707.81
100972,2025-08-01,4106.08,903.34,400,205.3,2597.44
100973,2025-08-01,8771.08,1929.64,220,438.55,6182.89
100974,2025-08-01,7150.0,1573.0,220,357.5,4999.5
100975,2025-08-01,20017.17,4403.78,100,1000.86,14512.53
100976,2025-08-01,7211.25,1586.48,100,360.56,5164.21
100977,2025-08-01,5737.92,1262.34,220,286.9,3968.68
100978,2025-08-01,18043.5,3969.57,400,902.18,12771.75
100979,2025-08-01,13043.08,2869.48,220,652.15,9301.45
100980,2025-08-01,18419.42,4052.27,220,920.97,13226.18
100981,2025-08-01,10136.17,2229.96,100,506.81,7299.4
100982,2025-08-01,10120.33,2226.47,100,506.02,7287.84
100983,2025-08-01,6657.58,1464.67,100,332.88,4760.03
100984,2025-08-01,8537.83,1878.32,220,426.89,6012.62
100985,2025-08-01,10049.25,2210.84,100,502.46,7235.95
100986,2025-08-01,7389.0,1625.58,100,369.45,5293.97
100987,2025-08-01,6985.08,1536.72,220,349.25,4879.11
100988,2025-08-01,4964.83,1092.26,220,248.24,3404.33
100989,2025-08-01,14058.08,3092.78,400,702.9,9862.4
100990,2025-08-01,7177.67,1579.09,220,358.88,5019.7
100991,2025-08-01,6898.0,1517.56,100,344.9,4935.54
100992,2025-08-01,5934.17,1305.52,100,296.71,4231.94
100993,2025-08-01,17441.83,3837.2,100,872.09,12632.54
100994,2025-08-01,10443.17,2297.5,220,522.16,7403.51
100995,2025-08-01,4384.5,964.59,100,219.23,3100.68
100996,2025-08-01,12356.67,2718.47,220,617.83,8800.37
100997,2025-08-01,12925.75,2843.66,220,646.29,9215.8
100998,2025-08-01,15149.92,3332.98,220,757.5,10839.44
100999,2025-08-01,18599.58,4091.91,220,929.98,13357.69
100000,2025-09-01,8888.5,1955.47,100,444.42,6388.61
100001,2025-09-01,15901.42,3498.31,220,795.07,11388.04
100002,2025-09-01,4956.08,1090.34,100,247.8,3517.94
100003,2025-09-01,9877.25,2173.0,400,493.86,6810.39
100004,2025-09-01,16181.08,3559.84,100,809.05,11712.19
100005,2025-09-01,4871.08,1071.64,400,243.55,3155.89
100007,2025-09-01,16788.25,3693.42,100,839.41,12155.42
100008,2025-09-01,9689.33,2131.65,220,484.47,6853.21
100009,2025-09-01,6997.5,1539.45,220,349.88,4888.17
100010,2025-09-01,8401.0,1848.22,220,420.05,5912.73
100012,2025-09-01,9768.67,2149.11,100,488.43,7031.13
100013,2025-09-01,12842.83,2825.42,220,642.14,9155.27
100014,2025-09-01,8709.17,1916.02,220,435.46,6137.69
100015,2025-09-01,5768.08,1268.98,400,288.4,3810.7
100016,2025-09-01,17429.17,3834.42,100,871.46,12623.29
100017,2025-09-01,13778.83,3031.34,220,688.94,9838.55
100018,2025-09-01,7274.17,1600.32,220,363.71,5090.14
100019,2025-09-01,12342.0,2715.24,400,617.1,8609.66
100020,2025-09-01,4723.67,1039.21,220,236.18,3228.28
100021,2025-09-01,6533.5,1437.37,220,326.68,4549.45
100022,2025-09-01,23687.0,5211.14,220,1184.35,17071.51
100023,2025-09-01,9224.17,2029.32,400,461.21,6333.64
100025,2025-09-01,10879.33,2393.45,100,543.97,7841.91
100026,2025-09-01,4879.42,1073.47,220,243.97,3341.98
100027,2025-09-01,8701.83,1914.4,220,435.09,6132.34
100028,2025-09-01,6965.67,1532.45,100,348.28,4984.94
100029,2025-09-01,7275.17,1600.54,220,363.76,5090.87
100030,2025-09-01,8796.25,1935.18,220,439.81,6201.26
100031,2025-09-01,8064.25,1774.14,100,403.21,5786.9
100032,2025-09-01,8973.5,1974.17,220,448.68,6330.65
100033,2025-09-01,9740.17,2142.84,220,487.01,6890.32
100034,2025-09-01,11853.58,2607.79,220,592.68,8433.11
100035,2025-09-01,6491.67,1428.17,100,324.58,4638.92
100036,2025-09-01,10015.5,2203.41,100,500.78,7211.31
100037,2025-09-01,11333.42,2493.35,400,566.67,7873.4
100038,2025-09-01,5694.42,1252.77,220,284.72,3936.93
100039,2025-09-01,4739.17,1042.62,220,236.96,3239.59
100040,2025-09-01,7009.75,1542.14,400,350.49,4717.12
100041,2025-09-01,8361.92,1839.62,220,418.1,5884.2
100042,2025-09-01,4528.33,996.23,220,226.42,3085.68
100043,2025-09-01,8215.58,1807.43,100,410.78,5897.37
100044,2025-09-01,7319.42,1610.27,220,365.97,5123.18
100045,2025-09-01,8781.0,1931.82,100,439.05,6310.13
100046,2025-09-01,5953.92,1309.86,220,297.7,4126.36
100047,2025-09-01,13756.0,3026.32,100,687.8,9941.88
100048,2025-09-01,9069.17,1995.22,100,453.46,6520.49
100050,2025-09-01,10189.83,2241.76,220,509.49,7218.58
100052,2025-09-01,8589.25,1889.64,100,429.46,6170.15
100053,2025-09-01,4355.08,958.12,220,217.75,2959.21
100054,2025-09-01,5192.08,1142.26,100,259.6,3690.22
100056,2025-09-01,10800.25,2376.05,100,540.01,7784.19
100057,2025-09-01,16333.0,3593.26,220,816.65,11703.09
100058,2025-09-01,9967.83,2192.92,220,498.39,7056.52
100059,2025-09-01,13360.92,2939.4,220,668.05,9533.47
100060,2025-09-01,5390.5,1185.91,400,269.53,3535.06
100061,2025-09-01,6215.0,1367.3,100,310.75,4436.95
100062,2025-09-01,10705.17,2355.14,100,535.26,7714.77
100063,2025-09-01,8040.17,1768.84,100,402.01,5769.32
100064,2025-09-01,6911.33,1520.49,100,345.57,4945.27
100065,2025-09-01,11030.25,2426.66,400,551.51,7652.08
100066,2025-09-01,8092.33,1780.31,220,404.62,5687.4
100067,2025-09-01,25687.33,5651.21,100,1284.37,18651.75
100068,2025-09-01,8898.25,1957.62,400,444.91,6095.72
100069,2025-09-01,20879.5,4593.49,220,1043.98,15022.03
100070,2025-09-01,7320.75,1610.56,220,366.04,5124.15
100071,2025-09-01,7350.92,1617.2,220,367.55,5146.17
100072,2025-09-01,6453.83,1419.84,220,322.69,4491.3
100073,2025-09-01,4452.5,979.55,220,222.62,3030.33
100074,2025-09-01,20110.83,4424.38,100,1005.54,14580.91
100075,2025-09-01,12912.25,2840.7,100,645.61,9325.94
100076,2025-09-01,14571.17,3205.66,100,728.56,10536.95
100077,2025-09-01,8553.75,1881.82,220,427.69,6024.24
100078,2025-09-01,11156.5,2454.43,100,557.83,8044.24
100079,2025-09-01,13676.58,3008.85,220,683.83,9763.9
100080,2025-09-01,11755.58,2586.23,400,587.78,8181.57
100081,2025-09-01,11886.75,2615.08,220,594.34,8457.33
100082,2025-09-01,10030.17,2206.64,220,501.51,7102.02
100083,2025-09-01,10692.0,2352.24,220,534.6,7585.16
100084,2025-09-01,8711.92,1916.62,400,435.6,5959.7
100085,2025-09-01,12613.58,2774.99,220,630.68,8987.91
100086,2025-09-01,6231.5,1370.93,220,311.58,4328.99
100087,2025-09-01,5166.5,1136.63,100,258.32,3671.55
100088,2025-09-01,6772.58,1489.97,400,338.63,4543.98
100089,2025-09-01,11141.25,2451.07,220,557.06,7913.12
100090,2025-09-01,9524.0,2095.28,220,476.2,6732.52
100092,2025-09-01,8873.67,1952.21,220,443.68,6257.78
100093,2025-09-01,11547.08,2540.36,220,577.35,8209.37
100094,2025-09-01,9947.08,2188.36,220,497.35,7041.37
100095,2025-09-01,6262.33,1377.71,220,313.12,4351.5
100096,2025-09-01,22437.67,4936.29,220,1121.88,16159.5
100097,2025-09-01,5165.75,1136.46,100,258.29,3671.0
100098,2025-09-01,4970.75,1093.56,220,248.54,3408.65
100099,2025-09-01,14191.08,3122.04,220,709.55,10139.49
100100,2025-09-01,6972.17,1533.88,220,348.61,4869.68
100101,2025-09-01,6298.17,1385.6,100,314.91,4497.66
100102,2025-09-01,15963.33,3511.93,220,798.17,11433.23
100103,2025-09-01,7329.0,1612.38,220,366.45,5130.17
100104,2025-09-01,7189.67,1581.73,220,359.48,5028.46
100105,2025-09-01,7814.17,1719.12,220,390.71,5484.34
100106,2025-09-01,9466.83,2082.7,220,473.34,6690.79
100107,2025-09-01,6415.25,1411.36,400,320.76,4283.13
100108,2025-09-01,13562.33,2983.71,220,678.12,9680.5
100109,2025-09-01,12355.5,2718.21,400,617.78,8619.51
100110,2025-09-01,11401.83,2508.4,220,570.09,8103.34
100111,2025-09-01,5992.75,1318.4,220,299.64,4154.71
100113,2025-09-01,5337.42,1174.23,220,266.87,3676.32
100114,2025-09-01,6301.92,1386.42,220,315.1,4380.4
100115,2025-09-01,7786.92,1713.12,100,389.35,5584.45
100116,2025-09-01,5056.42,1112.41,400,252.82,3291.19
100117,2025-09-01,11700.5,2574.11,400,585.02,8141.37
100118,2025-09-01,13677.58,3009.07,400,683.88,9584.63
100119,2025-09-01,10770.58,2369.53,400,538.53,7462.52
100120,2025-09-01,3961.75,871.58,400,198.09,2492.08
100121,2025-09-01,9825.58,2161.63,220,491.28,6952.67
100122,2025-09-01,7380.17,1623.64,400,369.01,4987.52
100123,2025-09-01,10059.17,2213.02,220,502.96,7123.19
100124,2025-09-01,12986.42,2857.01,100,649.32,9380.09
100125,2025-09-01,12381.0,2723.82,220,619.05,8818.13
100126,2025-09-01,6044.25,1329.74,220,302.21,4192.3
100127,2025-09-01,25053.33,5511.73,220,1252.67,18068.93
100128,2025-09-01,11364.67,2500.23,220,568.23,8076.21
100129,2025-09-01,16267.58,3578.87,220,813.38,11655.33
100130,2025-09-01,10658.5,2344.87,100,532.93,7680.7
100131,2025-09-01,12427.33,2734.01,400,621.37,8671.95
100132,2025-09-01,9024.42,1985.37,100,451.22,6487.83
100133,2025-09-01,8504.17,1870.92,220,425.21,5988.04
100134,2025-09-01,9955.08,2190.12,400,497.75,6867.21
100135,2025-09-01,5414.58,1191.21,220,270.73,3732.64
100136,2025-09-01,10133.58,2229.39,100,506.68,7297.51
100137,2025-09-01,6727.17,1479.98,220,336.36,4690.83
100139,2025-09-01,9958.75,2190.93,220,497.94,7049.88
100140,2025-09-01,10848.42,2386.65,100,542.42,7819.35
100141,2025-09-01,6556.5,1442.43,100,327.83,4686.24
100142,2025-09-01,6617.17,1455.78,220,330.86,4610.53
100143,2025-09-01,17177.17,3778.98,100,858.86,12439.33
100144,2025-09-01,10729.0,2360.38,220,536.45,7612.17
100145,2025-09-01,9325.58,2051.63,400,466.28,6407.67
100146,2025-09-01,12041.67,2649.17,220,602.08,8570.42
100147,2025-09-01,11030.33,2426.67,220,551.52,7832.14
100148,2025-09-01,4511.5,992.53,220,225.58,3073.39
100149,2025-09-01,6670.33,1467.47,400,333.52,4469.34
100150,2025-09-01,7310.0,1608.2,220,365.5,5116.3
100151,2025-09-01,13120.0,2886.4,220,656.0,9357.6
100152,2025-09-01,4356.25,958.38,400,217.81,2780.06
100153,2025-09-01,16884.0,3714.48,220,844.2,12105.32
100154,2025-09-01,11887.0,2615.14,100,594.35,8577.51
100155,2025-09-01,27089.08,5959.6,220,1354.45,19555.03
100156,2025-09-01,4597.33,1011.41,100,229.87,3256.05
100157,2025-09-01,15047.75,3310.5,220,752.39,10764.86
100158,2025-09-01,5201.92,1144.42,220,260.1,3577.4
100159,2025-09-01,6612.08,1454.66,100,330.6,4726.82
100160,2025-09-01,4664.67,1026.23,220,233.23,3185.21
100161,2025-09-01,11033.58,2427.39,400,551.68,7654.51
100162,2025-09-01,4698.92,1033.76,100,234.95,3330.21
100163,2025-09-01,10537.58,2318.27,100,526.88,7592.43
100164,2025-09-01,7387.08,1625.16,100,369.35,5292.57
100165,2025-09-01,18144.5,3991.79,100,907.22,13145.49
100166,2025-09-01,6099.33,1341.85,400,304.97,4052.51
100167,2025-09-01,21359.0,4698.98,400,1067.95,15192.07
100168,2025-09-01,11898.5,2617.67,220,594.93,8465.9
100169,2025-09-01,13307.08,2927.56,100,665.35,9614.17
100170,2025-09-01,9192.83,2022.42,220,459.64,6490.77
100171,2025-09-01,10838.92,2384.56,220,541.95,7692.41
100172,2025-09-01,11991.42,2638.11,220,599.57,8533.74
100173,2025-09-01,10588.67,2329.51,400,529.43,7329.73
100174,2025-09-01,7857.17,1728.58,100,392.86,5635.73
100175,2025-09-01,6854.75,1508.04,220,342.74,4783.97
100176,2025-09-01,4738.08,1042.38,220,236.9,3238.8
100177,2025-09-01,16602.83,3652.62,100,830.14,12020.07
100178,2025-09-01,16876.42,3712.81,100,843.82,12219.79
100179,2025-09-01,8730.08,1920.62,220,436.5,6152.96
100180,2025-09-01,7459.92,1641.18,220,373.0,5225.74
100181,2025-09-01,10942.58,2407.37,100,547.13,7888.08
100182,2025-09-01,4959.92,1091.18,100,248.0,3520.74
100183,2025-09-01,4906.67,1079.47,220,245.33,3361.87
100184,2025-09-01,8701.25,1914.28,100,435.06,6251.91
100185,2025-09-01,11039.67,2428.73,220,551.98,7838.96
100186,2025-09-01,14372.75,3162.0,400,718.64,10092.11
100187,2025-09-01,10863.92,2390.06,220,543.2,7710.66
100188,2025-09-01,4898.0,1077.56,220,244.9,3355.54
100189,2025-09-01,12479.33,2745.45,220,623.97,8889.91
100190,2025-09-01,4834.33,1063.55,100,241.72,3429.06
100191,2025-09-01,5851.0,1287.22,220,292.55,4051.23
100192,2025-09-01,13218.25,2908.02,100,660.91,9549.32
100193,2025-09-01,7981.0,1755.82,100,399.05,5726.13
100194,2025-09-01,6913.08,1520.88,220,345.65,4826.55
100196,2025-09-01,8253.67,1815.81,400,412.68,5625.18
100197,2025-09-01,15971.92,3513.82,220,798.6,11439.5
100198,2025-09-01,4510.75,992.36,100,225.54,3192.85
100200,2025-09-01,8423.58,1853.19,400,421.18,5749.21
100201,2025-09-01,7787.5,1713.25,220,389.38,5464.87
100202,2025-09-01,6398.0,1407.56,220,319.9,4450.54
100203,2025-09-01,13261.08,2917.44,100,663.05,9580.59
100204,2025-09-01,8368.67,1841.11,220,418.43,5889.13
100205,2025-09-01,17427.17,3833.98,100,871.36,12621.83
100206,2025-09-01,13677.25,3009.0,100,683.86,9884.39
100207,2025-09-01,5354.08,1177.9,400,267.7,3508.48
100208,2025-09-01,9549.08,2100.8,220,477.45,6750.83
100209,2025-09-01,13886.58,3055.05,220,694.33,9917.2
100210,2025-09-01,11635.92,2559.9,220,581.8,8274.22
100212,2025-09-01,7734.17,1701.52,100,386.71,5545.94
100213,2025-09-01,5755.5,1266.21,220,287.78,3981.51
100214,2025-09-01,13461.33,2961.49,100,673.07,9726.77
100215,2025-09-01,10289.17,2263.62,400,514.46,7111.09
100216,2025-09-01,8925.83,1963.68,220,446.29,6295.86
100217,2025-09-01,5072.33,1115.91,220,253.62,3482.8
100218,2025-09-01,9922.0,2182.84,220,496.1,7023.06
100219,2025-09-01,6052.75,1331.6,400,302.64,4018.51
100220,2025-09-01,7042.25,1549.3,220,352.11,4920.84
100221,2025-09-01,6546.33,1440.19,220,327.32,4558.82
100223,2025-09-01,6650.75,1463.16,220,332.54,4635.05
100225,2025-09-01,4284.0,942.48,400,214.2,2727.32
100226,2025-09-01,23008.17,5061.8,220,1150.41,16575.96
100227,2025-09-01,24249.17,5334.82,220,1212.46,17481.89
100228,2025-09-01,5911.33,1300.49,400,295.57,3915.27
100229,2025-09-01,8533.92,1877.46,220,426.7,6009.76
100230,2025-09-01,10163.0,2235.86,220,508.15,7198.99
100231,2025-09-01,21849.75,4806.94,400,1092.49,15550.32
100232,2025-09-01,13836.08,3043.94,100,691.8,10000.34
100233,2025-09-01,7505.92,1651.3,400,375.3,5079.32
100234,2025-09-01,10870.25,2391.46,220,543.51,7715.28
100235,2025-09-01,10540.0,2318.8,100,527.0,7594.2
100236,2025-09-01,6577.25,1447.0,220,328.86,4581.39
100237,2025-09-01,15475.0,3404.5,100,773.75,11196.75
100238,2025-09-01,17955.5,3950.21,220,897.78,12887.51
100239,2025-09-01,6268.5,1379.07,220,313.42,4356.01
100240,2025-09-01,8714.92,1917.28,100,435.75,6261.89
100241,2025-09-01,11009.08,2422.0,220,550.45,7816.63
100242,2025-09-01,6200.67,1364.15,220,310.03,4306.49
100243,2025-09-01,17415.58,3831.43,400,870.78,12313.37
100245,2025-09-01,6622.0,1456.84,400,331.1,4434.06
100246,2025-09-01,5737.42,1262.23,220,286.87,3968.32
100247,2025-09-01,11367.75,2500.91,400,568.39,7898.45
100248,2025-09-01,13562.75,2983.8,220,678.14,9680.81
100249,2025-09-01,11897.17,2617.38,220,594.86,8464.93
100250,2025-09-01,5877.58,1293.07,220,293.88,4070.63
100251,2025-09-01,5025.08,1105.52,220,251.25,3448.31
100252,2025-09-01,6159.83,1355.16,220,307.99,4276.68
100253,2025-09-01,7168.42,1577.05,220,358.42,5012.95
100254,2025-09-01,11784.25,2592.54,400,589.21,8202.5
100255,2025-09-01,10453.25,2299.72,220,522.66,7410.87
100256,2025-09-01,5710.08,1256.22,220,285.5,3948.36
100257,2025-09-01,3861.33,849.49,400,193.07,2418.77
100258,2025-09-01,7561.83,1663.6,100,378.09,5420.14
100259,2025-09-01,13369.75,2941.34,400,668.49,9359.92
100260,2025-09-01,7063.0,1553.86,220,353.15,4935.99
100261,2025-09-01,11192.83,2462.42,100,559.64,8070.77
100262,2025-09-01,5936.08,1305.94,100,296.8,4233.34
100263,2025-09-01,7072.33,1555.91,400,353.62,4762.8
100264,2025-09-01,10279.42,2261.47,100,513.97,7403.98
100265,2025-09-01,17513.0,3852.86,100,875.65,12684.49
100266,2025-09-01,20532.0,4517.04,400,1026.6,14588.36
100267,2025-09-01,21000.25,4620.06,220,1050.01,15110.18
100268,2025-09-01,10128.5,2228.27,220,506.42,7173.81
100269,2025-09-01,6020.92,1324.6,220,301.05,4175.27
100270,2025-09-01,6412.25,1410.7,100,320.61,4580.94
100271,2025-09-01,11804.0,2596.88,220,590.2,8396.92
100272,2025-09-01,4497.0,989.34,220,224.85,3062.81
100273,2025-09-01,21564.0,4744.08,220,1078.2,15521.72
100274,2025-09-01,10863.17,2389.9,220,543.16,7710.11
100275,2025-09-01,7909.5,1740.09,220,395.48,5553.93
100276,2025-09-01,5403.5,1188.77,100,270.18,3844.55
100277,2025-09-01,5142.75,1131.4,220,257.14,3534.21
100278,2025-09-01,5346.33,1176.19,400,267.32,3502.82
100280,2025-09-01,7529.58,1656.51,400,376.48,5096.59
100281,2025-09-01,7858.75,1728.92,220,392.94,5516.89
100282,2025-09-01,5650.08,1243.02,220,282.5,3904.56
100283,2025-09-01,20663.67,4546.01,220,1033.18,14864.48
100284,2025-09-01,10823.17,2381.1,100,541.16,7800.91
100285,2025-09-01,7188.67,1581.51,100,359.43,5147.73
100286,2025-09-01,11213.0,2466.86,100,560.65,8085.49
100287,2025-09-01,9304.33,2046.95,220,465.22,6572.16
100288,2025-09-01,6877.75,1513.1,220,343.89,4800.76
100289,2025-09-01,11385.92,2504.9,400,569.3,7911.72
100290,2025-09-01,9354.83,2058.06,100,467.74,6729.03
100291,2025-09-01,8408.83,1849.94,220,420.44,5918.45
100292,2025-09-01,11492.33,2528.31,220,574.62,8169.4
100293,2025-09-01,8124.42,1787.37,100,406.22,5830.83
100294,2025-09-01,11579.5,2547.49,220,578.98,8233.03
100295,2025-09-01,4984.58,1096.61,100,249.23,3538.74
100296,2025-09-01,15452.08,3399.46,400,772.6,10880.02
100299,2025-09-01,11439.33,2516.65,400,571.97,7950.71
100300,2025-09-01,8309.83,1828.16,220,415.49,5846.18
100301,2025-09-01,29131.33,6408.89,100,1456.57,21165.87
100302,2025-09-01,7805.33,1717.17,100,390.27,5597.89
100303,2025-09-01,13906.42,3059.41,400,695.32,9751.69
100304,2025-09-01,11043.83,2429.64,220,552.19,7842.0
100306,2025-09-01,8418.5,1852.07,100,420.92,6045.51
100307,2025-09-01,5860.0,1289.2,220,293.0,4057.8
100309,2025-09-01,12092.5,2660.35,400,604.62,8427.53
100310,2025-09-01,6034.17,1327.52,400,301.71,4004.94
100311,2025-09-01,5722.67,1258.99,220,286.13,3957.55
100312,2025-09-01,12429.92,2734.58,220,621.5,8853.84
100314,2025-09-01,8900.0,1958.0,400,445.0,6097.0
100315,2025-09-01,18482.92,4066.24,400,924.15,13092.53
100316,2025-09-01,14013.58,3082.99,400,700.68,9829.91
100317,2025-09-01,8305.0,1827.1,220,415.25,5842.65
100319,2025-09-01,8314.75,1829.24,100,415.74,5969.77
100320,2025-09-01,10538.75,2318.52,220,526.94,7473.29
100321,2025-09-01,16274.0,3580.28,100,813.7,11780.02
100323,2025-09-01,8559.5,1883.09,220,427.98,6028.43
100324,2025-09-01,9923.42,2183.15,100,496.17,7144.1
100325,2025-09-01,5191.75,1142.18,220,259.59,3569.98
100327,2025-09-01,5250.42,1155.09,100,262.52,3732.81
100328,2025-09-01,4089.25,899.64,400,204.46,2585.15
100329,2025-09-01,8240.17,1812.84,100,412.01,5915.32
100330,2025-09-01,8941.75,1967.18,220,447.09,6307.48
100331,2025-09-01,21086.17,4638.96,220,1054.31,15172.9
100332,2025-09-01,14195.75,3123.06,220,709.79,10142.9
100333,2025-09-01,10566.42,2324.61,100,528.32,7613.49
100334,2025-09-01,11117.17,2445.78,220,555.86,7895.53
100335,2025-09-01,14758.17,3246.8,400,737.91,10373.46
100336,2025-09-01,12128.58,2668.29,220,606.43,8633.86
100337,2025-09-01,5506.67,1211.47,100,275.33,3919.87
100338,2025-09-01,7050.58,1551.13,100,352.53,5046.92
100339,2025-09-01,7528.33,1656.23,220,376.42,5275.68
100340,2025-09-01,6982.33,1536.11,400,349.12,4697.1
100341,2025-09-01,19326.17,4251.76,220,966.31,13888.1
100342,2025-09-01,8152.08,1793.46,220,407.6,5731.02
100343,2025-09-01,5020.67,1104.55,220,251.03,3445.09
100344,2025-09-01,4985.0,1096.7,100,249.25,3539.05
100345,2025-09-01,10991.08,2418.04,220,549.55,7803.49
100346,2025-09-01,23946.17,5268.16,100,1197.31,17380.7
100347,2025-09-01,9334.42,2053.57,400,466.72,6414.13
100349,2025-09-01,17735.83,3901.88,220,886.79,12727.16
100350,2025-09-01,7990.33,1757.87,220,399.52,5612.94
100351,2025-09-01,5269.0,1159.18,220,263.45,3626.37
100352,2025-09-01,12211.58,2686.55,100,610.58,8814.45
100355,2025-09-01,14839.67,3264.73,100,741.98,10732.96
100356,2025-09-01,11260.0,2477.2,220,563.0,7999.8
100357,2025-09-01,16005.42,3521.19,100,800.27,11583.96
100358,2025-09-01,11880.58,2613.73,100,594.03,8572.82
100359,2025-09-01,6844.33,1505.75,400,342.22,4596.36
100360,2025-09-01,4869.92,1071.38,220,243.5,3335.04
100361,2025-09-01,13655.25,3004.16,220,682.76,9748.33
100362,2025-09-01,11357.67,2498.69,100,567.88,8191.1
100363,2025-09-01,3766.17,828.56,100,188.31,2649.3
100364,2025-09-01,11215.0,2467.3,220,560.75,7966.95
100365,2025-09-01,5314.67,1169.23,100,265.73,3779.71
100366,2025-09-01,4454.92,980.08,220,222.75,3032.09
100367,2025-09-01,8821.92,1940.82,400,441.1,6040.0
100368,2025-09-01,12122.67,2666.99,400,606.13,8449.55
100369,2025-09-01,7768.67,1709.11,100,388.43,5571.13
100370,2025-09-01,6719.25,1478.24,220,335.96,4685.05
100371,2025-09-01,5149.75,1132.94,400,257.49,3359.32
100373,2025-09-01,13307.83,2927.72,400,665.39,9314.72
100374,2025-09-01,9314.08,2049.1,400,465.7,6399.28
100375,2025-09-01,14851.92,3267.42,220,742.6,10621.9
100376,2025-09-01,6399.08,1407.8,220,319.95,4451.33
100377,2025-09-01,8547.33,1880.41,220,427.37,6019.55
100378,2025-09-01,10490.25,2307.86,400,524.51,7257.88
100379,2025-09-01,13119.17,2886.22,400,655.96,9176.99
100380,2025-09-01,7940.83,1746.98,220,397.04,5576.81
100381,2025-09-01,6842.0,1505.24,220,342.1,4774.66
100382,2025-09-01,8202.58,1804.57,220,410.13,5767.88
100383,2025-09-01,16589.5,3649.69,100,829.48,12010.33
100384,2025-09-01,7087.0,1559.14,100,354.35,5073.51
100385,2025-09-01,12164.67,2676.23,220,608.23,8660.21
100386,2025-09-01,13085.83,2878.88,220,654.29,9332.66
100387,2025-09-01,20047.58,4410.47,400,1002.38,14234.73
100388,2025-09-01,5386.33,1184.99,100,269.32,3832.02
100389,2025-09-01,10429.33,2294.45,400,521.47,7213.41
100390,2025-09-01,20938.58,4606.49,400,1046.93,14885.16
100391,2025-09-01,14791.0,3254.02,100,739.55,10697.43
100392,2025-09-01,6055.33,1332.17,220,302.77,4200.39
100393,2025-09-01,5909.58,1300.11,400,295.48,3913.99
100394,2025-09-01,12960.25,2851.26,220,648.01,9240.98
100395,2025-09-01,8123.83,1787.24,220,406.19,5710.4
100396,2025-09-01,11135.17,2449.74,400,556.76,7728.67
100397,2025-09-01,6628.08,1458.18,400,331.4,4438.5
100398,2025-09-01,8793.83,1934.64,220,439.69,6199.5
100399,2025-09-01,15568.42,3425.05,220,778.42,11144.95
100400,2025-09-01,7709.92,1696.18,100,385.5,5528.24
100401,2025-09-01,13228.5,2910.27,100,661.42,9556.81
100402,2025-09-01,4699.25,1033.84,220,234.96,3210.45
100403,2025-09-01,3947.0,868.34,100,197.35,2781.31
100405,2025-09-01,16891.75,3716.18,220,844.59,12110.98
100406,2025-09-01,8053.08,1771.68,400,402.65,5478.75
100407,2025-09-01,12112.25,2664.7,100,605.61,8741.94
100408,2025-09-01,8829.67,1942.53,220,441.48,6225.66
100409,2025-09-01,14770.67,3249.55,400,738.53,10382.59
100410,2025-09-01,8869.0,1951.18,100,443.45,6374.37
100411,2025-09-01,3438.42,756.45,400,171.92,2110.05
100412,2025-09-01,12228.25,2690.22,220,611.41,8706.62
100413,2025-09-01,16364.0,3600.08,220,818.2,11725.72
100414,2025-09-01,4329.75,952.54,220,216.49,2940.72
100415,2025-09-01,12730.75,2800.76,220,636.54,9073.45
100416,2025-09-01,9369.33,2061.25,100,468.47,6739.61
100417,2025-09-01,27175.58,5978.63,400,1358.78,19438.17
100418,2025-09-01,3879.42,853.47,400,193.97,2431.98
100419,2025-09-01,8371.08,1841.64,220,418.55,5890.89
100420,2025-09-01,20212.08,4446.66,220,1010.6,14534.82
100421,2025-09-01,6091.33,1340.09,220,304.57,4226.67
100422,2025-09-01,6585.33,1448.77,220,329.27,4587.29
100423,2025-09-01,7287.25,1603.2,220,364.36,5099.69
100424,2025-09-01,14614.17,3215.12,220,730.71,10448.34
100425,2025-09-01,13014.75,2863.24,220,650.74,9280.77
100426,2025-09-01,5217.17,1147.78,100,260.86,3708.53
100427,2025-09-01,7815.42,1719.39,100,390.77,5605.26
100428,2025-09-01,13780.0,3031.6,220,689.0,9839.4
100429,2025-09-01,7223.0,1589.06,220,361.15,5052.79
100430,2025-09-01,11241.17,2473.06,100,562.06,8106.05
100432,2025-09-01,8089.83,1779.76,220,404.49,5685.58
100433,2025-09-01,4602.92,1012.64,220,230.15,3140.13
100434,2025-09-01,5224.0,1149.28,220,261.2,3593.52
100435,2025-09-01,10884.42,2394.57,400,544.22,7545.63
100436,2025-09-01,14667.08,3226.76,220,733.35,10486.97
100437,2025-09-01,9874.92,2172.48,220,493.75,6988.69
100438,2025-09-01,11496.58,2529.25,400,574.83,7992.5
100439,2025-09-01,5641.83,1241.2,220,282.09,3898.54
100440,2025-09-01,10819.08,2380.2,100,540.95,7797.93
100441,2025-09-01,15186.75,3341.08,220,759.34,10866.33
100442,2025-09-01,14915.92,3281.5,220,745.8,10668.62
100443,2025-09-01,4549.17,1000.82,100,227.46,3220.89
100444,2025-09-01,5264.42,1158.17,100,263.22,3743.03
100445,2025-09-01,7940.67,1746.95,100,397.03,5696.69
100446,2025-09-01,14107.75,3103.7,400,705.39,9898.66
100447,2025-09-01,6214.92,1367.28,220,310.75,4316.89
100449,2025-09-01,8455.17,1860.14,100,422.76,6072.27
100450,2025-09-01,17339.42,3814.67,220,866.97,12437.78
100451,2025-09-01,8426.33,1853.79,100,421.32,6051.22
100452,2025-09-01,4928.25,1084.21,100,246.41,3497.63
100453,2025-09-01,11152.0,2453.44,220,557.6,7920.96
100454,2025-09-01,14481.5,3185.93,220,724.08,10351.49
100455,2025-09-01,10679.92,2349.58,220,534.0,7576.34
100456,2025-09-01,7503.92,1650.86,100,375.2,5377.86
100457,2025-09-01,13578.58,2987.29,220,678.93,9692.36
100458,2025-09-01,7142.17,1571.28,400,357.11,4813.78
100459,2025-09-01,12048.33,2650.63,100,602.42,8695.28
100460,2025-09-01,4064.25,894.14,400,203.21,2566.9
100461,2025-09-01,7010.42,1542.29,220,350.52,4897.61
100462,2025-09-01,13362.25,2939.7,220,668.11,9534.44
100463,2025-09-01,13161.67,2895.57,220,658.08,9388.02
100464,2025-09-01,12725.17,2799.54,220,636.26,9069.37
100465,2025-09-01,13617.0,2995.74,100,680.85,9840.41
100466,2025-09-01,4449.33,978.85,400,222.47,2848.01
100467,2025-09-01,12378.42,2723.25,220,618.92,8816.25
100468,2025-09-01,11122.58,2446.97,220,556.13,7899.48
100469,2025-09-01,11242.0,2473.24,220,562.1,7986.66
100470,2025-09-01,17426.25,3833.78,220,871.31,12501.16
100471,2025-09-01,6334.5,1393.59,220,316.73,4404.18
100472,2025-09-01,6859.92,1509.18,220,343.0,4787.74
100473,2025-09-01,4742.67,1043.39,100,237.13,3362.15
100474,2025-09-01,9807.5,2157.65,220,490.38,6939.47
100475,2025-09-01,7459.33,1641.05,400,372.97,5045.31
100476,2025-09-01,10137.25,2230.2,100,506.86,7300.19
100477,2025-09-01,14006.17,3081.36,400,700.31,9824.5
100478,2025-09-01,6727.67,1480.09,100,336.38,4811.2
100479,2025-09-01,8407.5,1849.65,400,420.38,5737.47
100481,2025-09-01,11099.92,2441.98,400,555.0,7702.94
100482,2025-09-01,8338.92,1834.56,400,416.95,5687.41
100483,2025-09-01,9159.92,2015.18,400,458.0,6286.74
100484,2025-09-01,20791.83,4574.2,220,1039.59,14958.04
100485,2025-09-01,28761.75,6327.58,220,1438.09,20776.08
100486,2025-09-01,10824.33,2381.35,100,541.22,7801.76
100487,2025-09-01,4349.0,956.78,220,217.45,2954.77
100488,2025-09-01,6807.92,1497.74,100,340.4,4869.78
100489,2025-09-01,8825.5,1941.61,220,441.28,6222.61
100490,2025-09-01,6891.92,1516.22,220,344.6,4811.1
100492,2025-09-01,19684.83,4330.66,100,984.24,14269.93
100493,2025-09-01,4170.92,917.6,400,208.55,2644.77
100494,2025-09-01,6382.33,1404.11,100,319.12,4559.1
100495,2025-09-01,11246.67,2474.27,220,562.33,7990.07
100496,2025-09-01,9692.67,2132.39,220,484.63,6855.65
100497,2025-09-01,13644.25,3001.74,220,682.21,9740.3
100498,2025-09-01,8928.75,1964.32,100,446.44,6417.99
100499,2025-09-01,12313.5,2708.97,220,615.68,8768.85
100500,2025-09-01,18708.5,4115.87,100,935.42,13557.21
100501,2025-09-01,13784.25,3032.54,100,689.21,9962.5
100502,2025-09-01,8835.33,1943.77,220,441.77,6229.79
100503,2025-09-01,11005.33,2421.17,100,550.27,7933.89
100505,2025-09-01,11935.83,2625.88,100,596.79,8613.16
100506,2025-09-01,10231.08,2250.84,100,511.55,7368.69
100507,2025-09-01,5972.83,1314.02,400,298.64,3960.17
100508,2025-09-01,4708.42,1035.85,100,235.42,3337.15
100509,2025-09-01,11699.25,2573.84,220,584.96,8320.45
100510,2025-09-01,16132.0,3549.04,100,806.6,11676.36
100511,2025-09-01,9121.25,2006.68,220,456.06,6438.51
100512,2025-09-01,14948.58,3288.69,220,747.43,10692.46
100513,2025-09-01,16850.25,3707.06,100,842.51,12200.68
100514,2025-09-01,15666.5,3446.63,100,783.32,11336.55
100515,2025-09-01,8637.33,1900.21,400,431.87,5905.25
100516,2025-09-01,13945.58,3068.03,100,697.28,10080.27
100517,2025-09-01,8015.42,1763.39,220,400.77,5631.26
100518,2025-09-01,16904.5,3718.99,100,845.22,12240.29
100519,2025-09-01,4343.17,955.5,220,217.16,2950.51
100520,2025-09-01,20527.25,4516.0,100,1026.36,14884.89
100521,2025-09-01,11050.92,2431.2,400,552.55,7667.17
100522,2025-09-01,9210.42,2026.29,220,460.52,6503.61
100523,2025-09-01,3425.83,753.68,220,171.29,2280.86
100524,2025-09-01,11036.42,2428.01,100,551.82,7956.59
100525,2025-09-01,16033.17,3527.3,400,801.66,11304.21
100526,2025-09-01,11394.83,2506.86,100,569.74,8218.23
100527,2025-09-01,9092.08,2000.26,220,454.6,6417.22
100528,2025-09-01,7430.67,1634.75,400,371.53,5024.39
100529,2025-09-01,10373.17,2282.1,220,518.66,7352.41
100530,2025-09-01,6074.75,1336.44,100,303.74,4334.57
100531,2025-09-01,6280.75,1381.76,220,314.04,4364.95
100532,2025-09-01,6485.58,1426.83,220,324.28,4514.47
100533,2025-09-01,10872.58,2391.97,100,543.63,7836.98
100534,2025-09-01,15699.75,3453.94,400,784.99,11060.82
100535,2025-09-01,13068.25,2875.02,100,653.41,9439.82
100536,2025-09-01,6729.5,1480.49,400,336.48,4512.53
100537,2025-09-01,6862.92,1509.84,220,343.15,4789.93
100538,2025-09-01,5450.33,1199.07,400,272.52,3578.74
100539,2025-09-01,12481.33,2745.89,400,624.07,8711.37
100540,2025-09-01,5551.08,1221.24,220,277.55,3832.29
100541,2025-09-01,6709.92,1476.18,220,335.5,4678.24
100542,2025-09-01,22151.92,4873.42,400,1107.6,15770.9
100543,2025-09-01,12231.75,2690.98,100,611.59,8829.18
100544,2025-09-01,10748.5,2364.67,400,537.43,7446.4
100545,2025-09-01,8308.58,1827.89,100,415.43,5965.26
100546,2025-09-01,7142.33,1571.31,220,357.12,4993.9
100547,2025-09-01,9085.83,1998.88,400,454.29,6232.66
100548,2025-09-01,6843.83,1505.64,100,342.19,4896.0
100549,2025-09-01,8854.08,1947.9,220,442.7,6243.48
100550,2025-09-01,21395.0,4706.9,220,1069.75,15398.35
100551,2025-09-01,9133.83,2009.44,220,456.69,6447.7
100552,2025-09-01,10017.83,2203.92,100,500.89,7213.02
100553,2025-09-01,5280.58,1161.73,220,264.03,3634.82
100554,2025-09-01,11501.58,2530.35,220,575.08,8176.15
100555,2025-09-01,7482.17,1646.08,220,374.11,5241.98
100556,2025-09-01,13415.83,2951.48,400,670.79,9393.56
100557,2025-09-01,8621.25,1896.68,220,431.06,6073.51
100558,2025-09-01,12408.0,2729.76,220,620.4,8837.84
100559,2025-09-01,7355.0,1618.1,220,367.75,5149.15
100560,2025-09-01,7064.92,1554.28,220,353.25,4937.39
100561,2025-09-01,6401.5,1408.33,220,320.08,4453.09
100562,2025-09-01,6707.83,1475.72,220,335.39,4676.72
100563,2025-09-01,16284.17,3582.52,220,814.21,11667.44
100564,2025-09-01,14194.92,3122.88,220,709.75,10142.29
100565,2025-09-01,3705.08,815.12,400,185.25,2304.71
100566,2025-09-01,3605.83,793.28,220,180.29,2412.26
100567,2025-09-01,5830.33,1282.67,100,291.52,4156.14
100568,2025-09-01,20613.83,4535.04,220,1030.69,14828.1
100569,2025-09-01,11197.0,2463.34,220,559.85,7953.81
100570,2025-09-01,5970.42,1313.49,100,298.52,4258.41
100571,2025-09-01,6985.5,1536.81,400,349.28,4699.41
100572,2025-09-01,11633.75,2559.43,220,581.69,8272.63
100573,2025-09-01,10867.83,2390.92,100,543.39,7833.52
100574,2025-09-01,6988.92,1537.56,220,349.45,4881.91
100575,2025-09-01,6722.0,1478.84,220,336.1,4687.06
100576,2025-09-01,15572.5,3425.95,220,778.62,11147.93
100577,2025-09-01,10811.33,2378.49,400,540.57,7492.27
100580,2025-09-01,21234.67,4671.63,220,1061.73,15281.31
100581,2025-09-01,7163.67,1576.01,220,358.18,5009.48
100582,2025-09-01,9907.0,2179.54,220,495.35,7012.11
100584,2025-09-01,9981.83,2196.0,400,499.09,6886.74
100585,2025-09-01,5365.25,1180.36,220,268.26,3696.63
100586,2025-09-01,5055.08,1112.12,400,252.75,3290.21
100587,2025-09-01,14438.25,3176.42,100,721.91,10439.92
100588,2025-09-01,10547.75,2320.5,220,527.39,7479.86
100589,2025-09-01,5253.5,1155.77,100,262.68,3735.05
100591,2025-09-01,7256.42,1596.41,220,362.82,5077.19
100592,2025-09-01,8207.25,1805.6,100,410.36,5891.29
100593,2025-09-01,11407.33,2509.61,220,570.37,8107.35
100594,2025-09-01,6335.5,1393.81,400,316.78,4224.91
100595,2025-09-01,6780.08,1491.62,220,339.0,4729.46
100596,2025-09-01,7267.83,1598.92,400,363.39,4905.52
100597,2025-09-01,9002.83,1980.62,100,450.14,6472.07
100598,2025-09-01,11120.08,2446.42,220,556.0,7897.66
100600,2025-09-01,11273.67,2480.21,100,563.68,8129.78
100601,2025-09-01,8221.67,1808.77,220,411.08,5781.82
100602,2025-09-01,5089.08,1119.6,220,254.45,3495.03
100603,2025-09-01,6489.75,1427.74,220,324.49,4517.52
100604,2025-09-01,16159.33,3555.05,100,807.97,11696.31
100605,2025-09-01,13851.5,3047.33,220,692.58,9891.59
100606,2025-09-01,10570.58,2325.53,220,528.53,7496.52
100607,2025-09-01,8924.83,1963.46,220,446.24,6295.13
100608,2025-09-01,8451.33,1859.29,400,422.57,5769.47
100609,2025-09-01,12063.17,2653.9,400,603.16,8406.11
100610,2025-09-01,13861.08,3049.44,220,693.05,9898.59
100611,2025-09-01,5408.17,1189.8,100,270.41,3847.96
100612,2025-09-01,8784.5,1932.59,100,439.22,6312.69
100613,2025-09-01,10741.92,2363.22,220,537.1,7621.6
100614,2025-09-01,9521.92,2094.82,100,476.1,6851.0
100615,2025-09-01,8997.75,1979.5,220,449.89,6348.36
100616,2025-09-01,9992.33,2198.31,220,499.62,7074.4
100617,2025-09-01,4943.92,1087.66,220,247.2,3389.06
100618,2025-09-01,9132.58,2009.17,100,456.63,6566.78
100619,2025-09-01,14556.58,3202.45,400,727.83,10226.3
100620,2025-09-01,6707.25,1475.6,220,335.36,4676.29
100621,2025-09-01,13406.0,2949.32,220,670.3,9566.38
100622,2025-09-01,4997.0,1099.34,100,249.85,3547.81
100623,2025-09-01,6699.83,1473.96,400,334.99,4490.88
100624,2025-09-01,9047.92,1990.54,400,452.4,6204.98
100625,2025-09-01,4540.75,998.96,400,227.04,2914.75
100627,2025-09-01,8070.42,1775.49,220,403.52,5671.41
100628,2025-09-01,6462.5,1421.75,100,323.12,4617.63
100629,2025-09-01,21505.08,4731.12,220,1075.25,15478.71
100631,2025-09-01,4172.0,917.84,100,208.6,2945.56
100632,2025-09-01,5309.5,1168.09,220,265.48,3655.93
100633,2025-09-01,9178.92,2019.36,220,458.95,6480.61
100634,2025-09-01,7823.08,1721.08,220,391.15,5490.85
100635,2025-09-01,7494.0,1648.68,400,374.7,5070.62
100636,2025-09-01,13469.75,2963.34,220,673.49,9612.92
100637,2025-09-01,5336.58,1174.05,100,266.83,3795.7
100638,2025-09-01,14633.42,3219.35,220,731.67,10462.4
100639,2025-09-01,10537.17,2318.18,220,526.86,7472.13
100640,2025-09-01,4803.25,1056.71,220,240.16,3286.38
100641,2025-09-01,11070.17,2435.44,100,553.51,7981.22
100642,2025-09-01,7106.0,1563.32,220,355.3,4967.38
100643,2025-09-01,9663.83,2126.04,100,483.19,6954.6
100644,2025-09-01,4585.58,1008.83,220,229.28,3127.47
100645,2025-09-01,5237.42,1152.23,400,261.87,3423.32
100646,2025-09-01,10541.58,2319.15,100,527.08,7595.35
100647,2025-09-01,6283.83,1382.44,220,314.19,4367.2
100648,2025-09-01,15611.33,3434.49,220,780.57,11176.27
100649,2025-09-01,7153.92,1573.86,220,357.7,5002.36
100650,2025-09-01,8116.0,1785.52,100,405.8,5824.68
100651,2025-09-01,13744.25,3023.74,220,687.21,9813.3
100652,2025-09-01,6466.83,1422.7,100,323.34,4620.79
100653,2025-09-01,6917.58,1521.87,220,345.88,4829.83
100654,2025-09-01,6805.83,1497.28,100,340.29,4868.26
100655,2025-09-01,5908.58,1299.89,400,295.43,3913.26
100656,2025-09-01,7018.75,1544.12,220,350.94,4903.69
100658,2025-09-01,20175.42,4438.59,220,1008.77,14508.06
100659,2025-09-01,5194.17,1142.72,100,259.71,3691.74
100660,2025-09-01,8265.08,1818.32,100,413.25,5933.51
100661,2025-09-01,4988.58,1097.49,100,249.43,3541.66
100662,2025-09-01,5592.17,1230.28,100,279.61,3982.28
100663,2025-09-01,6151.33,1353.29,100,307.57,4390.47
100664,2025-09-01,13631.25,2998.88,220,681.56,9730.81
100665,2025-09-01,10012.0,2202.64,220,500.6,7088.76
100666,2025-09-01,18570.92,4085.6,100,928.55,13456.77
100667,2025-09-01,5919.83,1302.36,400,295.99,3921.48
100668,2025-09-01,7092.42,1560.33,100,354.62,5077.47
100669,2025-09-01,29107.42,6403.63,100,1455.37,21148.42
100670,2025-09-01,10665.25,2346.36,400,533.26,7385.63
100671,2025-09-01,7551.33,1661.29,220,377.57,5292.47
100672,2025-09-01,5563.83,1224.04,220,278.19,3841.6
100673,2025-09-01,11259.5,2477.09,100,562.98,8119.43
100674,2025-09-01,9836.92,2164.12,220,491.85,6960.95
100675,2025-09-01,12793.92,2814.66,100,639.7,9239.56
100676,2025-09-01,6388.75,1405.52,100,319.44,4563.79
100677,2025-09-01,11268.67,2479.11,100,563.43,8126.13
100678,2025-09-01,5516.25,1213.58,100,275.81,3926.86
100679,2025-09-01,9972.08,2193.86,100,498.6,7179.62
100680,2025-09-01,11050.75,2431.16,220,552.54,7847.05
100681,2025-09-01,9532.75,2097.2,220,476.64,6738.91
100682,2025-09-01,3708.92,815.96,220,185.45,2487.51
100683,2025-09-01,7336.42,1614.01,100,366.82,5255.59
100684,2025-09-01,17713.75,3897.02,100,885.69,12831.04
100685,2025-09-01,13586.75,2989.08,220,679.34,9698.33
100686,2025-09-01,8935.25,1965.76,400,446.76,6122.73
100687,2025-09-01,5305.58,1167.23,100,265.28,3773.07
100688,2025-09-01,10088.0,2219.36,100,504.4,7264.24
100689,2025-09-01,5797.67,1275.49,400,289.88,3832.3
100690,2025-09-01,12684.5,2790.59,100,634.22,9159.69
100691,2025-09-01,8673.67,1908.21,100,433.68,6231.78
100693,2025-09-01,8268.83,1819.14,400,413.44,5636.25
100694,2025-09-01,10187.92,2241.34,220,509.4,7217.18
100695,2025-09-01,7626.33,1677.79,220,381.32,5347.22
100696,2025-09-01,11706.92,2575.52,220,585.35,8326.05
100697,2025-09-01,7761.67,1707.57,100,388.08,5566.02
100698,2025-09-01,16776.42,3690.81,100,838.82,12146.79
100699,2025-09-01,6822.58,1500.97,400,341.13,4580.48
100700,2025-09-01,6540.0,1438.8,400,327.0,4374.2
100701,2025-09-01,5472.75,1204.01,100,273.64,3895.1
100702,2025-09-01,11461.75,2521.58,100,573.09,8267.08
100703,2025-09-01,8161.17,1795.46,220,408.06,5737.65
100704,2025-09-01,8251.83,1815.4,100,412.59,5923.84
100705,2025-09-01,7473.83,1644.24,400,373.69,5055.9
100706,2025-09-01,13493.17,2968.5,220,674.66,9630.01
100707,2025-09-01,4410.42,970.29,220,220.52,2999.61
100708,2025-09-01,10018.75,2204.12,220,500.94,7093.69
100711,2025-09-01,4942.42,1087.33,220,247.12,3387.97
100712,2025-09-01,5711.5,1256.53,220,285.58,3949.39
100713,2025-09-01,7870.17,1731.44,220,393.51,5525.22
100714,2025-09-01,7143.33,1571.53,220,357.17,4994.63
100715,2025-09-01,16727.08,3679.96,220,836.35,11990.77
100716,2025-09-01,5307.5,1167.65,220,265.38,3654.47
100717,2025-09-01,11011.58,2422.55,100,550.58,7938.45
100718,2025-09-01,3579.25,787.44,220,178.96,2392.85
100719,2025-09-01,5649.5,1242.89,220,282.48,3904.13
100720,2025-09-01,12908.25,2839.82,220,645.41,9203.02
100721,2025-09-01,9793.5,2154.57,220,489.68,6929.25
100722,2025-09-01,7618.75,1676.12,400,380.94,5161.69
100723,2025-09-01,18228.0,4010.16,220,911.4,13086.44
100724,2025-09-01,7375.67,1622.65,400,368.78,4984.24
100725,2025-09-01,9483.42,2086.35,220,474.17,6702.9
100726,2025-09-01,5013.83,1103.04,220,250.69,3440.1
100727,2025-09-01,3915.67,861.45,220,195.78,2638.44
100728,2025-09-01,4814.42,1059.17,400,240.72,3114.53
100729,2025-09-01,8130.67,1788.75,400,406.53,5535.39
100730,2025-09-01,14591.0,3210.02,100,729.55,10551.43
100731,2025-09-01,6689.92,1471.78,100,334.5,4783.64
100732,2025-09-01,6582.08,1448.06,220,329.1,4584.92
100733,2025-09-01,15263.33,3357.93,100,763.17,11042.23
100734,2025-09-01,19293.33,4244.53,100,964.67,13984.13
100735,2025-09-01,10297.42,2265.43,100,514.87,7417.12
100736,2025-09-01,8231.33,1810.89,100,411.57,5908.87
100737,2025-09-01,29063.42,6393.95,220,1453.17,20996.3
100738,2025-09-01,8705.25,1915.16,400,435.26,5954.83
100739,2025-09-01,11263.58,2477.99,220,563.18,8002.41
100740,2025-09-01,18425.0,4053.5,220,921.25,13230.25
100741,2025-09-01,8563.33,1883.93,220,428.17,6031.23
100742,2025-09-01,10702.75,2354.6,100,535.14,7713.01
100743,2025-09-01,11291.5,2484.13,220,564.58,8022.79
100744,2025-09-01,12151.08,2673.24,220,607.55,8650.29
100745,2025-09-01,8595.0,1890.9,100,429.75,6174.35
100746,2025-09-01,16400.5,3608.11,220,820.03,11752.36
100748,2025-09-01,9040.83,1988.98,400,452.04,6199.81
100749,2025-09-01,9010.17,1982.24,220,450.51,6357.42
100750,2025-09-01,13044.08,2869.7,400,652.2,9122.18
100751,2025-09-01,14290.92,3144.0,220,714.55,10212.37
100752,2025-09-01,7370.33,1621.47,220,368.52,5160.34
100753,2025-09-01,11310.33,2488.27,220,565.52,8036.54
100754,2025-09-01,6847.08,1506.36,220,342.35,4778.37
100755,2025-09-01,7513.33,1652.93,220,375.67,5264.73
100756,2025-09-01,4293.33,944.53,100,214.67,3034.13
100757,2025-09-01,5347.08,1176.36,220,267.35,3683.37
100759,2025-09-01,16897.92,3717.54,100,844.9,12235.48
100760,2025-09-01,8423.67,1853.21,220,421.18,5929.28
100761,2025-09-01,5974.83,1314.46,220,298.74,4141.63
100762,2025-09-01,7277.0,1600.94,220,363.85,5092.21
100763,2025-09-01,11201.83,2464.4,220,560.09,7957.34
100764,2025-09-01,5062.58,1113.77,220,253.13,3475.68
100765,2025-09-01,10386.58,2285.05,220,519.33,7362.2
100766,2025-09-01,4337.58,954.27,220,216.88,2946.43
100767,2025-09-01,9062.25,1993.7,220,453.11,6395.44
100770,2025-09-01,10547.75,2320.5,220,527.39,7479.86
100771,2025-09-01,8098.42,1781.65,100,404.92,5811.85
100773,2025-09-01,9904.92,2179.08,220,495.25,7010.59
100774,2025-09-01,13273.67,2920.21,400,663.68,9289.78
100775,2025-09-01,9266.75,2038.68,100,463.34,6664.73
100776,2025-09-01,14164.5,3116.19,100,708.22,10240.09
100777,2025-09-01,15895.75,3497.06,400,794.79,11203.9
100778,2025-09-01,6679.92,1469.58,400,334.0,4476.34
100779,2025-09-01,6837.5,1504.25,100,341.88,4891.37
100780,2025-09-01,6278.0,1381.16,100,313.9,4482.94
100781,2025-09-01,7982.0,1756.04,220,399.1,5606.86
100782,2025-09-01,5477.25,1205.0,100,273.86,3898.39
100783,2025-09-01,12728.25,2800.22,100,636.41,9191.62
100784,2025-09-01,13505.08,2971.12,220,675.25,9638.71
100785,2025-09-01,9048.83,1990.74,400,452.44,6205.65
100787,2025-09-01,14049.67,3090.93,220,702.48,10036.26
100788,2025-09-01,5728.67,1260.31,100,286.43,4081.93
100790,2025-09-01,12908.25,2839.82,100,645.41,9323.02
100792,2025-09-01,9350.5,2057.11,220,467.52,6605.87
100793,2025-09-01,5345.42,1175.99,400,267.27,3502.16
100794,2025-09-01,7043.33,1549.53,100,352.17,5041.63
100795,2025-09-01,11283.67,2482.41,220,564.18,8017.08
100796,2025-09-01,20841.75,4585.19,220,1042.09,14994.47
100797,2025-09-01,8361.92,1839.62,100,418.1,6004.2
100798,2025-09-01,4953.75,1089.82,400,247.69,3216.24
100799,2025-09-01,8579.92,1887.58,220,429.0,6043.34
100800,2025-09-01,11223.17,2469.1,400,561.16,7792.91
100801,2025-09-01,10412.17,2290.68,220,520.61,7380.88
100802,2025-09-01,17492.33,3848.31,220,874.62,12549.4
100803,2025-09-01,5011.08,1102.44,400,250.55,3258.09
100804,2025-09-01,10460.5,2301.31,220,523.02,7416.17
100805,2025-09-01,11455.17,2520.14,100,572.76,8262.27
100806,2025-09-01,9473.83,2084.24,400,473.69,6515.9
100807,2025-09-01,20223.83,4449.24,100,1011.19,14663.4
100808,2025-09-01,6496.58,1429.25,400,324.83,4342.5
100809,2025-09-01,5455.0,1200.1,220,272.75,3762.15
100810,2025-09-01,4348.25,956.62,100,217.41,3074.22
100811,2025-09-01,5089.92,1119.78,100,254.5,3615.64
100812,2025-09-01,5510.17,1212.24,220,275.51,3802.42
100813,2025-09-01,15230.42,3350.69,400,761.52,10718.21
100814,2025-09-01,13584.0,2988.48,100,679.2,9816.32
100816,2025-09-01,6387.0,1405.14,100,319.35,4562.51
100817,2025-09-01,5967.75,1312.9,100,298.39,4256.46
100818,2025-09-01,9417.17,2071.78,100,470.86,6774.53
100819,2025-09-01,6489.75,1427.74,220,324.49,4517.52
100820,2025-09-01,5952.17,1309.48,400,297.61,3945.08
100821,2025-09-01,14971.75,3293.78,220,748.59,10709.38
100822,2025-09-01,19793.5,4354.57,400,989.68,14049.25
100823,2025-09-01,15558.33,3422.83,100,777.92,11257.58
100824,2025-09-01,11799.5,2595.89,220,589.98,8393.63
100826,2025-09-01,4744.58,1043.81,400,237.23,3063.54
100827,2025-09-01,17608.5,3873.87,400,880.42,12454.21
100828,2025-09-01,12681.67,2789.97,220,634.08,9037.62
100829,2025-09-01,12919.17,2842.22,220,645.96,9210.99
100830,2025-09-01,5618.92,1236.16,100,280.95,4001.81
100831,2025-09-01,8065.92,1774.5,100,403.3,5788.12
100832,2025-09-01,8550.0,1881.0,220,427.5,6021.5
100833,2025-09-01,11005.58,2421.23,220,550.28,7814.07
100834,2025-09-01,23467.92,5162.94,220,1173.4,16911.58
100835,2025-09-01,11227.08,2469.96,220,561.35,7975.77
100836,2025-09-01,8954.92,1970.08,220,447.75,6317.09
100837,2025-09-01,6975.0,1534.5,100,348.75,4991.75
100838,2025-09-01,9378.83,2063.34,220,468.94,6626.55
100839,2025-09-01,8964.42,1972.17,100,448.22,6444.03
100840,2025-09-01,9312.58,2048.77,100,465.63,6698.18
100841,2025-09-01,4521.83,994.8,100,226.09,3200.94
100842,2025-09-01,4748.33,1044.63,220,237.42,3246.28
100843,2025-09-01,8564.5,1884.19,400,428.22,5852.09
100844,2025-09-01,10079.42,2217.47,100,503.97,7257.98
100845,2025-09-01,10034.75,2207.64,100,501.74,7225.37
100846,2025-09-01,17937.25,3946.2,220,896.86,12874.19
100847,2025-09-01,6470.25,1423.46,220,323.51,4503.28
100848,2025-09-01,20482.5,4506.15,220,1024.12,14732.23
100849,2025-09-01,25293.92,5564.66,400,1264.7,18064.56
100850,2025-09-01,7699.92,1693.98,220,385.0,5400.94
100851,2025-09-01,9018.25,1984.02,400,450.91,6183.32
100854,2025-09-01,8218.67,1808.11,220,410.93,5779.63
100855,2025-09-01,6698.75,1473.72,220,334.94,4670.09
100856,2025-09-01,21698.67,4773.71,220,1084.93,15620.03
100857,2025-09-01,9917.0,2181.74,220,495.85,7019.41
100858,2025-09-01,8348.42,1836.65,220,417.42,5874.35
100859,2025-09-01,6802.58,1496.57,220,340.13,4745.88
100860,2025-09-01,10462.83,2301.82,100,523.14,7537.87
100861,2025-09-01,11323.92,2491.26,100,566.2,8166.46
100862,2025-09-01,14570.58,3205.53,220,728.53,10416.52
100863,2025-09-01,5608.83,1233.94,220,280.44,3874.45
100865,2025-09-01,7804.75,1717.04,220,390.24,5477.47
100866,2025-09-01,18143.75,3991.62,220,907.19,13024.94
100867,2025-09-01,6773.83,1490.24,220,338.69,4724.9
100868,2025-09-01,9748.5,2144.67,100,487.42,7016.41
100870,2025-09-01,11243.5,2473.57,400,562.18,7807.75
100871,2025-09-01,6724.33,1479.35,100,336.22,4808.76
100872,2025-09-01,10590.58,2329.93,220,529.53,7511.12
100873,2025-09-01,8527.58,1876.07,220,426.38,6005.13
100874,2025-09-01,9194.5,2022.79,220,459.72,6491.99
100875,2025-09-01,21564.5,4744.19,100,1078.23,15642.08
100876,2025-09-01,8712.17,1916.68,100,435.61,6259.88
100877,2025-09-01,4036.17,887.96,100,201.81,2846.4
100878,2025-09-01,8449.0,1858.78,220,422.45,5947.77
100879,2025-09-01,5415.67,1191.45,400,270.78,3553.44
100880,2025-09-01,5542.08,1219.26,220,277.1,3825.72
100881,2025-09-01,22102.92,4862.64,100,1105.15,16035.13
100882,2025-09-01,3528.08,776.18,100,176.4,2475.5
100883,2025-09-01,6605.92,1453.3,100,330.3,4722.32
100884,2025-09-01,8647.17,1902.38,220,432.36,6092.43
100885,2025-09-01,10920.67,2402.55,400,546.03,7572.09
100886,2025-09-01,11382.17,2504.08,100,569.11,8208.98
100887,2025-09-01,6380.25,1403.66,220,319.01,4437.58
100888,2025-09-01,6074.92,1336.48,100,303.75,4334.69
100890,2025-09-01,4114.42,905.17,220,205.72,2783.53
100891,2025-09-01,4884.42,1074.57,220,244.22,3345.63
100892,2025-09-01,7190.17,1581.84,220,359.51,5028.82
100894,2025-09-01,6775.17,1490.54,220,338.76,4725.87
100895,2025-09-01,10688.42,2351.45,220,534.42,7582.55
100896,2025-09-01,15894.92,3496.88,220,794.75,11383.29
100897,2025-09-01,11486.58,2527.05,220,574.33,8165.2
100898,2025-09-01,16977.08,3734.96,220,848.85,12173.27
100899,2025-09-01,8555.08,1882.12,100,427.75,6145.21
100900,2025-09-01,14368.0,3160.96,100,718.4,10388.64
100901,2025-09-01,6540.33,1438.87,100,327.02,4674.44
100902,2025-09-01,12082.92,2658.24,100,604.15,8720.53
100903,2025-09-01,12772.67,2809.99,220,638.63,9104.05
100904,2025-09-01,7117.0,1565.74,100,355.85,5095.41
100905,2025-09-01,8738.0,1922.36,100,436.9,6278.74
100906,2025-09-01,9577.75,2107.1,100,478.89,6891.76
100907,2025-09-01,13545.25,2979.96,220,677.26,9668.03
100908,2025-09-01,13618.58,2996.09,400,680.93,9541.56
100909,2025-09-01,9335.75,2053.87,220,466.79,6595.09
100910,2025-09-01,25547.67,5620.49,100,1277.38,18549.8
100911,2025-09-01,19863.33,4369.93,400,993.17,14100.23
100912,2025-09-01,6751.58,1485.35,220,337.58,4708.65
100913,2025-09-01,14932.17,3285.08,100,746.61,10800.48
100914,2025-09-01,8623.08,1897.08,400,431.15,5894.85
100915,2025-09-01,15071.17,3315.66,220,753.56,10781.95
100916,2025-09-01,4752.67,1045.59,100,237.63,3369.45
100917,2025-09-01,8001.75,1760.38,100,400.09,5741.28
100918,2025-09-01,17126.33,3767.79,100,856.32,12402.22
100919,2025-09-01,5305.83,1167.28,220,265.29,3653.26
100920,2025-09-01,17129.17,3768.42,100,856.46,12404.29
100921,2025-09-01,10263.25,2257.92,100,513.16,7392.17
100922,2025-09-01,13847.0,3046.34,100,692.35,10008.31
100924,2025-09-01,10681.5,2349.93,100,534.08,7697.49
100925,2025-09-01,4015.67,883.45,400,200.78,2531.44
100926,2025-09-01,6321.83,1390.8,220,316.09,4394.94
100928,2025-09-01,10702.17,2354.48,220,535.11,7592.58
100929,2025-09-01,6013.67,1323.01,400,300.68,3989.98
100931,2025-09-01,8525.83,1875.68,100,426.29,6123.86
100932,2025-09-01,6616.83,1455.7,100,330.84,4730.29
100933,2025-09-01,15367.08,3380.76,220,768.35,10997.97
100935,2025-09-01,8895.92,1957.1,220,444.8,6274.02
100936,2025-09-01,8763.75,1928.02,100,438.19,6297.54
100937,2025-09-01,15782.5,3472.15,220,789.12,11301.23
100939,2025-09-01,6646.5,1462.23,400,332.33,4451.94
100940,2025-09-01,4194.33,922.75,220,209.72,2841.86
100941,2025-09-01,7963.17,1751.9,100,398.16,5713.11
100942,2025-09-01,9079.5,1997.49,220,453.98,6408.03
100943,2025-09-01,4507.67,991.69,220,225.38,3070.6
100944,2025-09-01,16784.42,3692.57,220,839.22,12032.63
100945,2025-09-01,6601.83,1452.4,100,330.09,4719.34
100946,2025-09-01,7308.92,1607.96,100,365.45,5235.51
100947,2025-09-01,8119.92,1786.38,400,406.0,5527.54
100948,2025-09-01,14503.67,3190.81,100,725.18,10487.68
100949,2025-09-01,6629.5,1458.49,220,331.48,4619.53
100950,2025-09-01,11025.0,2425.5,220,551.25,7828.25
100951,2025-09-01,13514.0,2973.08,220,675.7,9645.22
100952,2025-09-01,7504.83,1651.06,100,375.24,5378.53
100953,2025-09-01,9224.0,2029.28,400,461.2,6333.52
100954,2025-09-01,5275.25,1160.56,100,263.76,3750.93
100956,2025-09-01,13541.0,2979.02,100,677.05,9784.93
100957,2025-09-01,10067.0,2214.74,220,503.35,7128.91
100958,2025-09-01,16056.67,3532.47,220,802.83,11501.37
100961,2025-09-01,6807.17,1497.58,220,340.36,4749.23
100962,2025-09-01,14339.17,3154.62,100,716.96,10367.59
100963,2025-09-01,12848.08,2826.58,400,642.4,8979.1
100964,2025-09-01,11069.67,2435.33,400,553.48,7680.86
100965,2025-09-01,6592.5,1450.35,100,329.62,4712.53
100966,2025-09-01,5681.83,1250.0,400,284.09,3747.74
100967,2025-09-01,13183.25,2900.32,220,659.16,9403.77
100968,2025-09-01,4674.83,1028.46,400,233.74,3012.63
100969,2025-09-01,6384.17,1404.52,220,319.21,4440.44
100970,2025-09-01,4208.0,925.76,220,210.4,2851.84
100971,2025-09-01,6898.42,1517.65,220,344.92,4815.85
100972,2025-09-01,3945.08,867.92,400,197.25,2479.91
100973,2025-09-01,8621.08,1896.64,220,431.05,6073.39
100974,2025-09-01,7278.0,1601.16,220,363.9,5092.94
100975,2025-09-01,19931.17,4384.86,100,996.56,14449.75
100976,2025-09-01,7210.25,1586.26,100,360.51,5163.48
100977,2025-09-01,5650.92,1243.2,220,282.55,3905.17
100978,2025-09-01,17770.5,3909.51,400,888.53,12572.46
100979,2025-09-01,12882.08,2834.06,220,644.1,9183.92
100980,2025-09-01,18139.42,3990.67,220,906.97,13021.78
100981,2025-09-01,10172.17,2237.88,100,508.61,7325.68
100982,2025-09-01,10467.33,2302.81,100,523.37,7541.15
100983,2025-09-01,6656.58,1464.45,100,332.83,4759.3
100984,2025-09-01,8981.83,1976.0,220,449.09,6336.74
100985,2025-09-01,10125.25,2227.55,100,506.26,7291.44
100986,2025-09-01,7454.0,1639.88,100,372.7,5341.42
100987,2025-09-01,7017.08,1543.76,220,350.85,4902.47
100988,2025-09-01,5033.83,1107.44,220,251.69,3454.7
100989,2025-09-01,14232.08,3131.06,400,711.6,9989.42
100990,2025-09-01,6926.67,1523.87,220,346.33,4836.47
100991,2025-09-01,6915.0,1521.3,100,345.75,4947.95
100992,2025-09-01,5601.17,1232.26,100,280.06,3988.85
100993,2025-09-01,17629.83,3878.56,100,881.49,12769.78
100994,2025-09-01,10517.17,2313.78,220,525.86,7457.53
100995,2025-09-01,4417.5,971.85,100,220.88,3124.77
100996,2025-09-01,12229.67,2690.53,220,611.48,8707.66
100997,2025-09-01,12504.75,2751.04,220,625.24,8908.47
100998,2025-09-01,15249.92,3354.98,220,762.5,10912.44
100999,2025-09-01,18124.58,3987.41,220,906.23,13010.94
100000,2025-10-01,8933.5,1965.37,100,446.68,6421.45
100001,2025-10-01,15800.42,3476.09,220,790.02,11314.31
100002,2025-10-01,5321.08,1170.64,100,266.05,3784.39
100003,2025-10-01,9597.25,2111.4,400,479.86,6605.99
100004,2025-10-01,15808.08,3477.78,100,790.4,11439.9
100005,2025-10-01,4624.08,1017.3,400,231.2,2975.58
100007,2025-10-01,16720.25,3678.46,100,836.01,12105.78
100008,2025-10-01,9143.33,2011.53,220,457.17,6454.63
100009,2025-10-01,6967.5,1532.85,220,348.38,4866.27
100010,2025-10-01,8410.0,1850.2,220,420.5,5919.3
100012,2025-10-01,9944.67,2187.83,100,497.23,7159.61
100013,2025-10-01,12803.83,2816.84,220,640.19,9126.8
100014,2025-10-01,8497.17,1869.38,220,424.86,5982.93
100015,2025-10-01,5918.08,1301.98,400,295.9,3920.2
100016,2025-10-01,17244.17,3793.72,100,862.21,12488.24
100017,2025-10-01,13764.83,3028.26,220,688.24,9828.33
100018,2025-10-01,7160.17,1575.24,220,358.01,5006.92
100019,2025-10-01,11780.0,2591.6,400,589.0,8199.4
100020,2025-10-01,5067.67,1114.89,220,253.38,3479.4
100021,2025-10-01,6469.5,1423.29,220,323.48,4502.73
100022,2025-10-01,23738.0,5222.36,220,1186.9,17108.74
100023,2025-10-01,9193.17,2022.5,400,459.66,6311.01
100025,2025-10-01,11286.33,2482.99,100,564.32,8139.02
100026,2025-10-01,4937.42,1086.23,220,246.87,3384.32
100027,2025-10-01,8474.83,1864.46,220,423.74,5966.63
100028,2025-10-01,6945.67,1528.05,100,347.28,4970.34
100029,2025-10-01,7461.17,1641.46,220,373.06,5226.65
100030,2025-10-01,8570.25,1885.46,220,428.51,6036.28
100031,2025-10-01,8474.25,1864.34,100,423.71,6086.2
100032,2025-10-01,9391.5,2066.13,220,469.58,6635.79
100033,2025-10-01,9641.17,2121.06,220,482.06,6818.05
100034,2025-10-01,12015.58,2643.43,220,600.78,8551.37
100035,2025-10-01,6531.67,1436.97,100,326.58,4668.12
100036,2025-10-01,10247.5,2254.45,100,512.38,7380.67
100037,2025-10-01,11125.42,2447.59,400,556.27,7721.56
100038,2025-10-01,5872.42,1291.93,220,293.62,4066.87
100039,2025-10-01,4994.17,1098.72,220,249.71,3425.74
100040,2025-10-01,6690.75,1471.96,400,334.54,4484.25
100041,2025-10-01,8677.92,1909.14,220,433.9,6114.88
100042,2025-10-01,4581.33,1007.89,220,229.07,3124.37
100043,2025-10-01,8653.58,1903.79,100,432.68,6217.11
100044,2025-10-01,7358.42,1618.85,220,367.92,5151.65
100045,2025-10-01,8702.0,1914.44,100,435.1,6252.46
100046,2025-10-01,5936.92,1306.12,220,296.85,4113.95
100047,2025-10-01,14026.0,3085.72,100,701.3,10138.98
100048,2025-10-01,9135.17,2009.74,100,456.76,6568.67
100050,2025-10-01,10501.83,2310.4,220,525.09,7446.34
100052,2025-10-01,8717.25,1917.8,100,435.86,6263.59
100053,2025-10-01,4176.08,918.74,220,208.8,2828.54
100054,2025-10-01,5305.08,1167.12,100,265.25,3772.71
100056,2025-10-01,11037.25,2428.2,100,551.86,7957.19
100057,2025-10-01,16023.0,3525.06,220,801.15,11476.79
100058,2025-10-01,9963.83,2192.04,220,498.19,7053.6
100059,2025-10-01,12977.92,2855.14,220,648.9,9253.88
100060,2025-10-01,5375.5,1182.61,400,268.78,3524.11
100061,2025-10-01,6316.0,1389.52,100,315.8,4510.68
100062,2025-10-01,10793.17,2374.5,100,539.66,7779.01
100063,2025-10-01,7839.17,1724.62,100,391.96,5622.59
100064,2025-10-01,6843.33,1505.53,100,342.17,4895.63
100065,2025-10-01,10993.25,2418.52,400,549.66,7625.07
100066,2025-10-01,8180.33,1799.67,220,409.02,5751.64
100067,2025-10-01,25107.33,5523.61,100,1255.37,18228.35
100068,2025-10-01,8641.25,1901.08,400,432.06,5908.11
100069,2025-10-01,20380.5,4483.71,220,1019.03,14657.76
100070,2025-10-01,7553.75,1661.82,220,377.69,5294.24
100071,2025-10-01,7160.92,1575.4,220,358.05,5007.47
100072,2025-10-01,6365.83,1400.48,220,318.29,4427.06
100073,2025-10-01,4462.5,981.75,220,223.12,3037.63
100074,2025-10-01,20146.83,4432.3,100,1007.34,14607.19
100075,2025-10-01,12629.25,2778.44,100,631.46,9119.35
100076,2025-10-01,14135.17,3109.74,100,706.76,10218.67
100077,2025-10-01,8293.75,1824.62,220,414.69,5834.44
100078,2025-10-01,11121.5,2446.73,100,556.08,8018.69
100079,2025-10-01,13907.58,3059.67,220,695.38,9932.53
100080,2025-10-01,11454.58,2520.01,400,572.73,7961.84
100081,2025-10-01,11810.75,2598.37,220,590.54,8401.84
100082,2025-10-01,10077.17,2216.98,220,503.86,7136.33
100083,2025-10-01,11245.0,2473.9,220,562.25,7988.85
100084,2025-10-01,8772.92,1930.04,400,438.65,6004.23
100085,2025-10-01,12660.58,2785.33,220,633.03,9022.22
100086,2025-10-01,6127.5,1348.05,220,306.38,4253.07
100087,2025-10-01,4972.5,1093.95,100,248.62,3529.93
100088,2025-10-01,6552.58,1441.57,400,327.63,4383.38
100089,2025-10-01,11007.25,2421.59,220,550.36,7815.3
100090,2025-10-01,9433.0,2075.26,220,471.65,6666.09
100092,2025-10-01,9108.67,2003.91,220,455.43,6429.33
100093,2025-10-01,11451.08,2519.24,220,572.55,8139.29
100094,2025-10-01,9918.08,2181.98,220,495.9,7020.2
100095,2025-10-01,6498.33,1429.63,220,324.92,4523.78
100096,2025-10-01,22639.67,4980.73,220,1131.98,16306.96
100097,2025-10-01,5563.75,1224.03,100,278.19,3961.53
100098,2025-10-01,5237.75,1152.3,220,261.89,3603.56
100099,2025-10-01,13987.08,3077.16,220,699.35,9990.57
100100,2025-10-01,6817.17,1499.78,220,340.86,4756.53
100101,2025-10-01,6002.17,1320.48,100,300.11,4281.58
100102,2025-10-01,15960.33,3511.27,220,798.02,11431.04
100103,2025-10-01,7046.0,1550.12,220,352.3,4923.58
100104,2025-10-01,6947.67,1528.49,220,347.38,4851.8
100105,2025-10-01,7662.17,1685.68,220,383.11,5373.38
100106,2025-10-01,9648.83,2122.74,220,482.44,6823.65
100107,2025-10-01,6194.25,1362.74,400,309.71,4121.8
100108,2025-10-01,13613.33,2994.93,220,680.67,9717.73
100109,2025-10-01,12801.5,2816.33,400,640.08,8945.09
100110,2025-10-01,11305.83,2487.28,220,565.29,8033.26
100111,2025-10-01,6187.75,1361.3,220,309.39,4297.06
100113,2025-10-01,5393.42,1186.55,220,269.67,3717.2
100114,2025-10-01,6071.92,1335.82,220,303.6,4212.5
100115,2025-10-01,7683.92,1690.46,100,384.2,5509.26
100116,2025-10-01,5190.42,1141.89,400,259.52,3389.01
100117,2025-10-01,11466.5,2522.63,400,573.33,7970.54
100118,2025-10-01,13632.58,2999.17,400,681.63,9551.78
100119,2025-10-01,10383.58,2284.39,400,519.18,7180.01
100120,2025-10-01,3830.75,842.76,400,191.54,2396.45
100121,2025-10-01,9458.58,2080.89,220,472.93,6684.76
100122,2025-10-01,7256.17,1596.36,400,362.81,4897.0
100123,2025-10-01,10512.17,2312.68,220,525.61,7453.88
100124,2025-10-01,12843.42,2825.55,100,642.17,9275.7
100125,2025-10-01,12615.0,2775.3,220,630.75,8988.95
100126,2025-10-01,6067.25,1334.8,220,303.36,4209.09
100127,2025-10-01,24770.33,5449.47,220,1238.52,17862.34
100128,2025-10-01,11329.67,2492.53,220,566.48,8050.66
100129,2025-10-01,16291.58,3584.15,220,814.58,11672.85
100130,2025-10-01,10790.5,2373.91,100,539.52,7777.07
100131,2025-10-01,12110.33,2664.27,400,605.52,8440.54
100132,2025-10-01,8857.42,1948.63,100,442.87,6365.92
100133,2025-10-01,8622.17,1896.88,220,431.11,6074.18
100134,2025-10-01,9859.08,2169.0,400,492.95,6797.13
100135,2025-10-01,5417.58,1191.87,220,270.88,3734.83
100136,2025-10-01,10195.58,2243.03,100,509.78,7342.77
100137,2025-10-01,7115.17,1565.34,220,355.76,4974.07
100139,2025-10-01,10352.75,2277.6,220,517.64,7337.51
100140,2025-10-01,11044.42,2429.77,100,552.22,7962.43
100141,2025-10-01,6870.5,1511.51,100,343.52,4915.47
100142,2025-10-01,6894.17,1516.72,220,344.71,4812.74
100143,2025-10-01,16824.17,3701.32,100,841.21,12181.64
100144,2025-10-01,10999.0,2419.78,220,549.95,7809.27
100145,2025-10-01,9444.58,2077.81,400,472.23,6494.54
100146,2025-10-01,11860.67,2609.35,220,593.03,8438.29
100147,2025-10-01,11090.33,2439.87,220,554.52,7875.94
100148,2025-10-01,4731.5,1040.93,220,236.58,3233.99
100149,2025-10-01,6549.33,1440.85,400,327.47,4381.01
100150,2025-10-01,7201.0,1584.22,220,360.05,5036.73
100151,2025-10-01,13454.0,2959.88,220,672.7,9601.42
100152,2025-10-01,4199.25,923.84,400,209.96,2665.45
100153,2025-10-01,16970.0,3733.4,220,848.5,12168.1
100154,2025-10-01,12123.0,2667.06,100,606.15,8749.79
100155,2025-10-01,26888.08,5915.38,220,1344.4,19408.3
100156,2025-10-01,5028.33,1106.23,100,251.42,3570.68
100157,2025-10-01,14543.75,3199.62,220,727.19,10396.94
100158,2025-10-01,5061.92,1113.62,220,253.1,3475.2
100159,2025-10-01,6384.08,1404.5,100,319.2,4560.38
100160,2025-10-01,4835.67,1063.85,220,241.78,3310.04
100161,2025-10-01,11070.58,2435.53,400,553.53,7681.52
100162,2025-10-01,4646.92,1022.32,100,232.35,3292.25
100163,2025-10-01,10355.58,2278.23,100,517.78,7459.57
100164,2025-10-01,7645.08,1681.92,100,382.25,5480.91
100165,2025-10-01,17828.5,3922.27,100,891.42,12914.81
100166,2025-10-01,6351.33,1397.29,400,317.57,4236.47
100167,2025-10-01,20835.0,4583.7,400,1041.75,14809.55
100168,2025-10-01,11779.5,2591.49,220,588.98,8379.03
100169,2025-10-01,13279.08,2921.4,100,663.95,9593.73
100170,2025-10-01,8649.83,1902.96,220,432.49,6094.38
100171,2025-10-01,10860.92,2389.4,220,543.05,7708.47
100172,2025-10-01,11525.42,2535.59,220,576.27,8193.56
100173,2025-10-01,10353.67,2277.81,400,517.68,7158.18
100174,2025-10-01,7842.17,1725.28,100,392.11,5624.78
100175,2025-10-01,6677.75,1469.1,220,333.89,4654.76
100176,2025-10-01,4801.08,1056.24,220,240.05,3284.79
100177,2025-10-01,16647.83,3662.52,100,832.39,12052.92
100178,2025-10-01,17181.42,3779.91,100,859.07,12442.44
100179,2025-10-01,9145.08,2011.92,220,457.25,6455.91
100180,2025-10-01,7806.92,1717.52,220,390.35,5479.05
100181,2025-10-01,10594.58,2330.81,100,529.73,7634.04
100182,2025-10-01,5174.92,1138.48,100,258.75,3677.69
100183,2025-10-01,5165.67,1136.45,220,258.28,3550.94
100184,2025-10-01,8342.25,1835.3,100,417.11,5989.84
100185,2025-10-01,11128.67,2448.31,220,556.43,7903.93
100186,2025-10-01,14214.75,3127.24,400,710.74,9976.77
100187,2025-10-01,10727.92,2360.14,220,536.4,7611.38
100188,2025-10-01,5029.0,1106.38,220,251.45,3451.17
100189,2025-10-01,12729.33,2800.45,220,636.47,9072.41
100190,2025-10-01,4745.33,1043.97,100,237.27,3364.09
100191,2025-10-01,6293.0,1384.46,220,314.65,4373.89
100192,2025-10-01,13001.25,2860.28,100,650.06,9390.91
100193,2025-10-01,7958.0,1750.76,100,397.9,5709.34
100194,2025-10-01,7139.08,1570.6,220,356.95,4991.53
100196,2025-10-01,8210.67,1806.35,400,410.53,5593.79
100197,2025-10-01,16214.92,3567.28,220,810.75,11616.89
100198,2025-10-01,4648.75,1022.72,100,232.44,3293.59
100200,2025-10-01,8613.58,1894.99,400,430.68,5887.91
100201,2025-10-01,7554.5,1661.99,220,377.72,5294.79
100202,2025-10-01,6475.0,1424.5,220,323.75,4506.75
100203,2025-10-01,13230.08,2910.62,100,661.5,9557.96
100204,2025-10-01,8308.67,1827.91,220,415.43,5845.33
100205,2025-10-01,17356.17,3818.36,100,867.81,12570.0
100206,2025-10-01,14172.25,3117.9,100,708.61,10245.74
100207,2025-10-01,5336.08,1173.94,400,266.8,3495.34
100208,2025-10-01,9075.08,1996.52,220,453.75,6404.81
100209,2025-10-01,13935.58,3065.83,220,696.78,9952.97
100210,2025-10-01,11139.92,2450.78,220,557.0,7912.14
100212,2025-10-01,7604.17,1672.92,100,380.21,5451.04
100213,2025-10-01,5583.5,1228.37,220,279.18,3855.95
100214,2025-10-01,13479.33,2965.45,100,673.97,9739.91
100215,2025-10-01,10452.17,2299.48,400,522.61,7230.08
100216,2025-10-01,9187.83,2021.32,220,459.39,6487.12
100217,2025-10-01,5282.33,1162.11,220,264.12,3636.1
100218,2025-10-01,9995.0,2198.9,220,499.75,7076.35
100219,2025-10-01,6203.75,1364.82,400,310.19,4128.74
100220,2025-10-01,6751.25,1485.28,220,337.56,4708.41
100221,2025-10-01,6498.33,1429.63,220,324.92,4523.78
100223,2025-10-01,6415.75,1411.46,220,320.79,4463.5
100225,2025-10-01,4622.0,1016.84,400,231.1,2974.06
100226,2025-10-01,23035.17,5067.74,220,1151.76,16595.67
100227,2025-10-01,24037.17,5288.18,220,1201.86,17327.13
100228,2025-10-01,5942.33,1307.31,400,297.12,3937.9
100229,2025-10-01,8623.92,1897.26,220,431.2,6075.46
100230,2025-10-01,9880.0,2173.6,220,494.0,6992.4
100231,2025-10-01,21966.75,4832.69,400,1098.34,15635.72
100232,2025-10-01,13742.08,3023.26,100,687.1,9931.72
100233,2025-10-01,7840.92,1725.0,400,392.05,5323.87
100234,2025-10-01,11299.25,2485.84,220,564.96,8028.45
100235,2025-10-01,10590.0,2329.8,100,529.5,7630.7
100236,2025-10-01,6694.25,1472.74,220,334.71,4666.8
100237,2025-10-01,16017.0,3523.74,100,800.85,11592.41
100238,2025-10-01,18177.5,3999.05,220,908.88,13049.57
100239,2025-10-01,6068.5,1335.07,220,303.42,4210.01
100240,2025-10-01,8632.92,1899.24,100,431.65,6202.03
100241,2025-10-01,11331.08,2492.84,220,566.55,8051.69
100242,2025-10-01,6590.67,1449.95,220,329.53,4591.19
100243,2025-10-01,17232.58,3791.17,400,861.63,12179.78
100245,2025-10-01,6390.0,1405.8,400,319.5,4264.7
100246,2025-10-01,5200.42,1144.09,220,260.02,3576.31
100247,2025-10-01,11217.75,2467.91,400,560.89,7788.95
100248,2025-10-01,13790.75,3033.96,220,689.54,9847.25
100249,2025-10-01,11699.17,2573.82,220,584.96,8320.39
100250,2025-10-01,5939.58,1306.71,220,296.98,4115.89
100251,2025-10-01,4961.08,1091.44,220,248.05,3401.59
100252,2025-10-01,6302.83,1386.62,220,315.14,4381.07
100253,2025-10-01,7464.42,1642.17,220,373.22,5229.03
100254,2025-10-01,11873.25,2612.12,400,593.66,8267.47
100255,2025-10-01,10457.25,2300.59,220,522.86,7413.8
100256,2025-10-01,5228.08,1150.18,220,261.4,3596.5
100257,2025-10-01,3888.33,855.43,400,194.42,2438.48
100258,2025-10-01,7549.83,1660.96,100,377.49,5411.38
100259,2025-10-01,13536.75,2978.08,400,676.84,9481.83
100260,2025-10-01,7330.0,1612.6,220,366.5,5130.9
100261,2025-10-01,11524.83,2535.46,100,576.24,8313.13
100262,2025-10-01,6197.08,1363.36,100,309.85,4423.87
100263,2025-10-01,6679.33,1469.45,400,333.97,4475.91
100264,2025-10-01,10374.42,2282.37,100,518.72,7473.33
100265,2025-10-01,17577.0,3866.94,100,878.85,12731.21
100266,2025-10-01,20574.0,4526.28,400,1028.7,14619.02
100267,2025-10-01,20856.25,4588.38,220,1042.81,15005.06
100268,2025-10-01,9598.5,2111.67,220,479.92,6786.91
100269,2025-10-01,5911.92,1300.62,220,295.6,4095.7
100270,2025-10-01,6407.25,1409.6,100,320.36,4577.29
100271,2025-10-01,11620.0,2556.4,220,581.0,8262.6
100272,2025-10-01,4231.0,930.82,220,211.55,2868.63
100273,2025-10-01,21461.0,4721.42,220,1073.05,15446.53
100274,2025-10-01,10711.17,2356.46,220,535.56,7599.15
100275,2025-10-01,7734.5,1701.59,220,386.72,5426.19
100276,2025-10-01,5492.5,1208.35,100,274.62,3909.53
100277,2025-10-01,5302.75,1166.6,220,265.14,3651.01
100278,2025-10-01,5169.33,1137.25,400,258.47,3373.61
100280,2025-10-01,7917.58,1741.87,400,395.88,5379.83
100281,2025-10-01,7829.75,1722.54,220,391.49,5495.72
100282,2025-10-01,5543.08,1219.48,220,277.15,3826.45
100283,2025-10-01,20527.67,4516.09,220,1026.38,14765.2
100284,2025-10-01,11000.17,2420.04,100,550.01,7930.12
100285,2025-10-01,7436.67,1636.07,100,371.83,5328.77
100286,2025-10-01,11188.0,2461.36,100,559.4,8067.24
100287,2025-10-01,9279.33,2041.45,220,463.97,6553.91
100288,2025-10-01,7120.75,1566.56,220,356.04,4978.15
100289,2025-10-01,11380.92,2503.8,400,569.05,7908.07
100290,2025-10-01,9148.83,2012.74,100,457.44,6578.65
100291,2025-10-01,8203.83,1804.84,220,410.19,5768.8
100292,2025-10-01,11812.33,2598.71,220,590.62,8403.0
100293,2025-10-01,8117.42,1785.83,100,405.87,5825.72
100294,2025-10-01,11247.5,2474.45,220,562.38,7990.67
100295,2025-10-01,5059.58,1113.11,100,252.98,3593.49
100296,2025-10-01,15668.08,3446.98,400,783.4,11037.7
100299,2025-10-01,11383.33,2504.33,400,569.17,7909.83
100300,2025-10-01,8285.83,1822.88,220,414.29,5828.66
100301,2025-10-01,28918.33,6362.03,100,1445.92,21010.38
100302,2025-10-01,8245.33,1813.97,100,412.27,5919.09
100303,2025-10-01,13769.42,3029.27,400,688.47,9651.68
100304,2025-10-01,11132.83,2449.22,220,556.64,7906.97
100306,2025-10-01,8495.5,1869.01,100,424.78,6101.71
100307,2025-10-01,5957.0,1310.54,220,297.85,4128.61
100309,2025-10-01,12033.5,2647.37,400,601.68,8384.45
100310,2025-10-01,5812.17,1278.68,400,290.61,3842.88
100311,2025-10-01,5614.67,1235.23,220,280.73,3878.71
100312,2025-10-01,12423.92,2733.26,220,621.2,8849.46
100314,2025-10-01,9263.0,2037.86,400,463.15,6361.99
100315,2025-10-01,18452.92,4059.64,400,922.65,13070.63
100316,2025-10-01,14290.58,3143.93,400,714.53,10032.12
100317,2025-10-01,8440.0,1856.8,220,422.0,5941.2
100319,2025-10-01,8730.75,1920.76,100,436.54,6273.45
100320,2025-10-01,11100.75,2442.16,220,555.04,7883.55
100321,2025-10-01,16081.0,3537.82,100,804.05,11639.13
100323,2025-10-01,8406.5,1849.43,220,420.33,5916.74
100324,2025-10-01,9531.42,2096.91,100,476.57,6857.94
100325,2025-10-01,5364.75,1180.25,220,268.24,3696.26
100327,2025-10-01,4857.42,1068.63,100,242.87,3445.92
100328,2025-10-01,3779.25,831.44,400,188.96,2358.85
100330,2025-10-01,8851.75,1947.38,220,442.59,6241.78
100331,2025-10-01,20822.17,4580.88,220,1041.11,14980.18
100332,2025-10-01,14067.75,3094.9,220,703.39,10049.46
100333,2025-10-01,10891.42,2396.11,100,544.57,7850.74
100334,2025-10-01,11395.17,2506.94,220,569.76,8098.47
100335,2025-10-01,14718.17,3238.0,400,735.91,10344.26
100336,2025-10-01,12138.58,2670.49,220,606.93,8641.16
100337,2025-10-01,5191.67,1142.17,100,259.58,3689.92
100338,2025-10-01,6857.58,1508.67,100,342.88,4906.03
100339,2025-10-01,7522.33,1654.91,220,376.12,5271.3
100340,2025-10-01,7100.33,1562.07,400,355.02,4783.24
100341,2025-10-01,19046.17,4190.16,220,952.31,13683.7
100342,2025-10-01,8469.08,1863.2,220,423.45,5962.43
100343,2025-10-01,5141.67,1131.17,220,257.08,3533.42
100344,2025-10-01,5511.0,1212.42,100,275.55,3923.03
100345,2025-10-01,11230.08,2470.62,220,561.5,7977.96
100346,2025-10-01,24070.17,5295.44,100,1203.51,17471.22
100347,2025-10-01,9041.42,1989.11,400,452.07,6200.24
100349,2025-10-01,17454.83,3840.06,220,872.74,12522.03
100350,2025-10-01,8301.33,1826.29,220,415.07,5839.97
100351,2025-10-01,4958.0,1090.76,220,247.9,3399.34
100352,2025-10-01,12352.58,2717.57,100,617.63,8917.38
100355,2025-10-01,15029.67,3306.53,100,751.48,10871.66
100356,2025-10-01,11460.0,2521.2,220,573.0,8145.8
100357,2025-10-01,16369.42,3601.27,100,818.47,11849.68
100358,2025-10-01,11567.58,2544.87,100,578.38,8344.33
100359,2025-10-01,6885.33,1514.77,400,344.27,4626.29
100360,2025-10-01,5143.92,1131.66,220,257.2,3535.06
100361,2025-10-01,13401.25,2948.28,220,670.06,9562.91
100362,2025-10-01,11008.67,2421.91,100,550.43,7936.33
100363,2025-10-01,3965.17,872.34,100,198.26,2794.57
100364,2025-10-01,10958.0,2410.76,220,547.9,7779.34
100365,2025-10-01,4923.67,1083.21,100,246.18,3494.28
100366,2025-10-01,4568.92,1005.16,220,228.45,3115.31
100367,2025-10-01,8804.92,1937.08,400,440.25,6027.59
100368,2025-10-01,11647.67,2562.49,400,582.38,8102.8
100369,2025-10-01,7611.67,1674.57,100,380.58,5456.52
100370,2025-10-01,6599.25,1451.84,220,329.96,4597.45
100371,2025-10-01,5155.75,1134.27,400,257.79,3363.69
100373,2025-10-01,13444.83,2957.86,400,672.24,9414.73
100374,2025-10-01,9320.08,2050.42,400,466.0,6403.66
100375,2025-10-01,14680.92,3229.8,220,734.05,10497.07
100376,2025-10-01,6222.08,1368.86,220,311.1,4322.12
100377,2025-10-01,8623.33,1897.13,220,431.17,6075.03
100378,2025-10-01,10627.25,2338.0,400,531.36,7357.89
100379,2025-10-01,13299.17,2925.82,400,664.96,9308.39
100380,2025-10-01,8006.83,1761.5,220,400.34,5624.99
100381,2025-10-01,6780.0,1491.6,220,339.0,4729.4
100382,2025-10-01,8382.58,1844.17,220,419.13,5899.28
100383,2025-10-01,16909.5,3720.09,100,845.48,12243.93
100384,2025-10-01,7003.0,1540.66,100,350.15,5012.19
100385,2025-10-01,12339.67,2714.73,220,616.98,8787.96
100386,2025-10-01,13233.83,2911.44,220,661.69,9440.7
100387,2025-10-01,19589.58,4309.71,400,979.48,13900.39
100388,2025-10-01,5215.33,1147.37,100,260.77,3707.19
100389,2025-10-01,10865.33,2390.37,400,543.27,7531.69
100390,2025-10-01,20516.58,4513.65,400,1025.83,14577.1
100391,2025-10-01,15146.0,3332.12,100,757.3,10956.58
100392,2025-10-01,6117.33,1345.81,220,305.87,4245.65
100393,2025-10-01,5746.58,1264.25,400,287.33,3795.0
100394,2025-10-01,13075.25,2876.56,220,653.76,9324.93
100395,2025-10-01,8442.83,1857.42,220,422.14,5943.27
100396,2025-10-01,11132.17,2449.08,400,556.61,7726.48
100397,2025-10-01,6453.08,1419.68,400,322.65,4310.75
100398,2025-10-01,8627.83,1898.12,220,431.39,6078.32
100399,2025-10-01,15524.42,3415.37,220,776.22,11112.83
100400,2025-10-01,7498.92,1649.76,100,374.95,5374.21
100401,2025-10-01,13150.5,2893.11,100,657.53,9499.86
100402,2025-10-01,4963.25,1091.92,220,248.16,3403.17
100403,2025-10-01,4400.0,968.0,100,220.0,3112.0
100405,2025-10-01,17347.75,3816.5,220,867.39,12443.86
100406,2025-10-01,8036.08,1767.94,400,401.8,5466.34
100407,2025-10-01,12153.25,2673.72,100,607.66,8771.87
100408,2025-10-01,8589.67,1889.73,220,429.48,6050.46
100409,2025-10-01,14717.67,3237.89,400,735.88,10343.9
100410,2025-10-01,9138.0,2010.36,100,456.9,6570.74
100411,2025-10-01,3373.42,742.15,400,168.67,2062.6
100412,2025-10-01,12568.25,2765.02,220,628.41,8954.82
100413,2025-10-01,16461.0,3621.42,220,823.05,11796.53
100414,2025-10-01,4779.75,1051.54,220,238.99,3269.22
100415,2025-10-01,12792.75,2814.4,220,639.64,9118.71
100416,2025-10-01,9112.33,2004.71,100,455.62,6552.0
100417,2025-10-01,27223.58,5989.19,400,1361.18,19473.21
100418,2025-10-01,4159.42,915.07,400,207.97,2636.38
100419,2025-10-01,8172.08,1797.86,220,408.6,5745.62
100420,2025-10-01,20013.08,4402.88,220,1000.65,14389.55
100421,2025-10-01,5949.33,1308.85,220,297.47,4123.01
100422,2025-10-01,6915.33,1521.37,220,345.77,4828.19
100423,2025-10-01,6967.25,1532.8,220,348.36,4866.09
100424,2025-10-01,14660.17,3225.24,220,733.01,10481.92
100425,2025-10-01,13080.75,2877.76,220,654.04,9328.95
100426,2025-10-01,5792.17,1274.28,100,289.61,4128.28
100427,2025-10-01,7535.42,1657.79,100,376.77,5400.86
100428,2025-10-01,13900.0,3058.0,220,695.0,9927.0
100429,2025-10-01,7091.0,1560.02,220,354.55,4956.43
100430,2025-10-01,11097.17,2441.38,100,554.86,8000.93
100432,2025-10-01,7997.83,1759.52,220,399.89,5618.42
100433,2025-10-01,4410.92,970.4,220,220.55,2999.97
100434,2025-10-01,5212.0,1146.64,220,260.6,3584.76
100435,2025-10-01,10846.42,2386.21,400,542.32,7517.89
100436,2025-10-01,14635.08,3219.72,220,731.75,10463.61
100437,2025-10-01,10153.92,2233.86,220,507.7,7192.36
100438,2025-10-01,11503.58,2530.79,400,575.18,7997.61
100439,2025-10-01,5654.83,1244.06,220,282.74,3908.03
100440,2025-10-01,10998.08,2419.58,100,549.9,7928.6
100441,2025-10-01,14827.75,3262.1,220,741.39,10604.26
100442,2025-10-01,14456.92,3180.52,220,722.85,10333.55
100443,2025-10-01,4509.17,992.02,100,225.46,3191.69
100444,2025-10-01,4926.42,1083.81,100,246.32,3496.29
100446,2025-10-01,13801.75,3036.38,400,690.09,9675.28
100447,2025-10-01,6266.92,1378.72,220,313.35,4354.85
100449,2025-10-01,8684.17,1910.52,100,434.21,6239.44
100451,2025-10-01,8449.33,1858.85,100,422.47,6068.01
100452,2025-10-01,4908.25,1079.82,100,245.41,3483.02
100453,2025-10-01,11258.0,2476.76,220,562.9,7998.34
100454,2025-10-01,14619.5,3216.29,220,730.98,10452.23
100455,2025-10-01,10995.92,2419.1,220,549.8,7807.02
100456,2025-10-01,7575.92,1666.7,100,378.8,5430.42
100457,2025-10-01,13584.58,2988.61,220,679.23,9696.74
100458,2025-10-01,7127.17,1567.98,400,356.36,4802.83
100459,2025-10-01,12494.33,2748.75,100,624.72,9020.86
100460,2025-10-01,4027.25,886.0,400,201.36,2539.89
100461,2025-10-01,6759.42,1487.07,220,337.97,4714.38
100462,2025-10-01,13349.25,2936.84,220,667.46,9524.95
100463,2025-10-01,13357.67,2938.69,220,667.88,9531.1
100464,2025-10-01,12816.17,2819.56,220,640.81,9135.8
100465,2025-10-01,13849.0,3046.78,100,692.45,10009.77
100466,2025-10-01,4515.33,993.37,400,225.77,2896.19
100467,2025-10-01,12413.42,2730.95,220,620.67,8841.8
100468,2025-10-01,11195.58,2463.03,220,559.78,7952.77
100469,2025-10-01,10767.0,2368.74,220,538.35,7639.91
100470,2025-10-01,17579.25,3867.44,220,878.96,12612.85
100471,2025-10-01,6274.5,1380.39,220,313.73,4360.38
100472,2025-10-01,6855.92,1508.3,220,342.8,4784.82
100473,2025-10-01,4664.67,1026.23,100,233.23,3305.21
100474,2025-10-01,10173.5,2238.17,220,508.68,7206.65
100475,2025-10-01,7397.33,1627.41,400,369.87,5000.05
100476,2025-10-01,10264.25,2258.14,100,513.21,7392.9
100477,2025-10-01,13811.17,3038.46,400,690.56,9682.15
100478,2025-10-01,6548.67,1440.71,100,327.43,4680.53
100479,2025-10-01,8186.5,1801.03,400,409.33,5576.14
100481,2025-10-01,11545.92,2540.1,400,577.3,8028.52
100482,2025-10-01,7986.92,1757.12,400,399.35,5430.45
100483,2025-10-01,8851.92,1947.42,400,442.6,6061.9
100484,2025-10-01,20824.83,4581.46,220,1041.24,14982.13
100485,2025-10-01,28729.75,6320.54,220,1436.49,20752.72
100486,2025-10-01,10897.33,2397.41,100,544.87,7855.05
100487,2025-10-01,4446.0,978.12,220,222.3,3025.58
100488,2025-10-01,6780.92,1491.8,100,339.05,4850.07
100489,2025-10-01,9144.5,2011.79,220,457.22,6455.49
100490,2025-10-01,7123.92,1567.26,220,356.2,4980.46
100492,2025-10-01,19592.83,4310.42,100,979.64,14202.77
100493,2025-10-01,4282.92,942.24,400,214.15,2726.53
100494,2025-10-01,6266.33,1378.59,100,313.32,4474.42
100495,2025-10-01,11092.67,2440.39,220,554.63,7877.65
100496,2025-10-01,9793.67,2154.61,220,489.68,6929.38
100497,2025-10-01,13845.25,3045.96,220,692.26,9887.03
100498,2025-10-01,9178.75,2019.32,100,458.94,6600.49
100499,2025-10-01,12257.5,2696.65,220,612.88,8727.97
100500,2025-10-01,18315.5,4029.41,100,915.78,13270.31
100501,2025-10-01,14010.25,3082.26,100,700.51,10127.48
100502,2025-10-01,8867.33,1950.81,220,443.37,6253.15
100503,2025-10-01,11036.33,2427.99,100,551.82,7956.52
100505,2025-10-01,12096.83,2661.3,100,604.84,8730.69
100506,2025-10-01,10412.08,2290.66,100,520.6,7500.82
100507,2025-10-01,5486.83,1207.1,400,274.34,3605.39
100508,2025-10-01,4972.42,1093.93,100,248.62,3529.87
100509,2025-10-01,11507.25,2531.59,220,575.36,8180.3
100510,2025-10-01,16143.0,3551.46,100,807.15,11684.39
100511,2025-10-01,8772.25,1929.9,220,438.61,6183.74
100512,2025-10-01,15199.58,3343.91,220,759.98,10875.69
100513,2025-10-01,17164.25,3776.14,100,858.21,12429.9
100514,2025-10-01,15444.5,3397.79,100,772.22,11174.49
100515,2025-10-01,8607.33,1893.61,400,430.37,5883.35
100516,2025-10-01,14289.58,3143.71,100,714.48,10331.39
100517,2025-10-01,8251.42,1815.31,220,412.57,5803.54
100518,2025-10-01,17047.5,3750.45,100,852.38,12344.67
100519,2025-10-01,4746.17,1044.16,220,237.31,3244.7
100520,2025-10-01,20471.25,4503.68,100,1023.56,14844.01
100521,2025-10-01,11202.92,2464.64,400,560.15,7778.13
100522,2025-10-01,9267.42,2038.83,220,463.37,6545.22
100523,2025-10-01,3593.83,790.64,220,179.69,2403.5
100524,2025-10-01,10823.42,2381.15,100,541.17,7801.1
100525,2025-10-01,15606.17,3433.36,400,780.31,10992.5
100526,2025-10-01,11496.83,2529.3,100,574.84,8292.69
100527,2025-10-01,8704.08,1914.9,220,435.2,6133.98
100528,2025-10-01,7300.67,1606.15,400,365.03,4929.49
100529,2025-10-01,10528.17,2316.2,220,526.41,7465.56
100530,2025-10-01,6288.75,1383.52,100,314.44,4490.79
100531,2025-10-01,6223.75,1369.22,220,311.19,4323.34
100532,2025-10-01,6531.58,1436.95,220,326.58,4548.05
100533,2025-10-01,11071.58,2435.75,100,553.58,7982.25
100534,2025-10-01,15695.75,3453.06,400,784.79,11057.9
100535,2025-10-01,12954.25,2849.94,100,647.71,9356.6
100536,2025-10-01,6682.5,1470.15,400,334.12,4478.23
100537,2025-10-01,6812.92,1498.84,220,340.65,4753.43
100538,2025-10-01,5829.33,1282.45,400,291.47,3855.41
100539,2025-10-01,12341.33,2715.09,400,617.07,8609.17
100540,2025-10-01,5159.08,1135.0,220,257.95,3546.13
100541,2025-10-01,6713.92,1477.06,220,335.7,4681.16
100542,2025-10-01,22068.92,4855.16,400,1103.45,15710.31
100543,2025-10-01,12059.75,2653.14,100,602.99,8703.62
100544,2025-10-01,10904.5,2398.99,400,545.22,7560.29
100545,2025-10-01,8127.58,1788.07,100,406.38,5833.13
100546,2025-10-01,7092.33,1560.31,220,354.62,4957.4
100547,2025-10-01,8885.83,1954.88,400,444.29,6086.66
100548,2025-10-01,6747.83,1484.52,100,337.39,4825.92
100549,2025-10-01,8456.08,1860.34,220,422.8,5952.94
100550,2025-10-01,21393.0,4706.46,220,1069.65,15396.89
100551,2025-10-01,8659.83,1905.16,220,432.99,6101.68
100552,2025-10-01,9969.83,2193.36,100,498.49,7177.98
100553,2025-10-01,5327.58,1172.07,220,266.38,3669.13
100554,2025-10-01,11339.58,2494.71,220,566.98,8057.89
100555,2025-10-01,7494.17,1648.72,220,374.71,5250.74
100556,2025-10-01,13451.83,2959.4,400,672.59,9419.84
100557,2025-10-01,8838.25,1944.42,220,441.91,6231.92
100558,2025-10-01,12275.0,2700.5,220,613.75,8740.75
100559,2025-10-01,7332.0,1613.04,220,366.6,5132.36
100560,2025-10-01,6542.92,1439.44,220,327.15,4556.33
100561,2025-10-01,6856.5,1508.43,220,342.83,4785.24
100562,2025-10-01,6472.83,1424.02,220,323.64,4505.17
100563,2025-10-01,15939.17,3506.62,220,796.96,11415.59
100564,2025-10-01,14524.92,3195.48,220,726.25,10383.19
100565,2025-10-01,3554.08,781.9,400,177.7,2194.48
100566,2025-10-01,3395.83,747.08,220,169.79,2258.96
100567,2025-10-01,5694.33,1252.75,100,284.72,4056.86
100568,2025-10-01,20311.83,4468.6,220,1015.59,14607.64
100569,2025-10-01,11053.0,2431.66,220,552.65,7848.69
100570,2025-10-01,6281.42,1381.91,100,314.07,4485.44
100571,2025-10-01,6892.5,1516.35,400,344.62,4631.53
100572,2025-10-01,11215.75,2467.46,220,560.79,7967.5
100573,2025-10-01,11180.83,2459.78,100,559.04,8062.01
100574,2025-10-01,6843.92,1505.66,220,342.2,4776.06
100575,2025-10-01,6448.0,1418.56,220,322.4,4487.04
100576,2025-10-01,15893.5,3496.57,220,794.68,11382.25
100577,2025-10-01,11223.33,2469.13,400,561.17,7793.03
100580,2025-10-01,21000.67,4620.15,220,1050.03,15110.49
100581,2025-10-01,7219.67,1588.33,220,360.98,5050.36
100582,2025-10-01,10278.0,2261.16,220,513.9,7282.94
100584,2025-10-01,9836.83,2164.1,400,491.84,6780.89
100585,2025-10-01,5401.25,1188.28,220,270.06,3722.91
100586,2025-10-01,5217.08,1147.76,400,260.85,3408.47
100587,2025-10-01,14608.25,3213.82,100,730.41,10564.02
100588,2025-10-01,10581.75,2327.98,220,529.09,7504.68
100589,2025-10-01,4977.5,1095.05,100,248.88,3533.57
100591,2025-10-01,7031.42,1546.91,220,351.57,4912.94
100592,2025-10-01,8029.25,1766.44,100,401.46,5761.35
100593,2025-10-01,11136.33,2449.99,220,556.82,7909.52
100594,2025-10-01,6465.5,1422.41,400,323.28,4319.81
100595,2025-10-01,6880.08,1513.62,220,344.0,4802.46
100596,2025-10-01,7044.83,1549.86,400,352.24,4742.73
100597,2025-10-01,8560.83,1883.38,100,428.04,6149.41
100598,2025-10-01,11293.08,2484.48,220,564.65,8023.95
100600,2025-10-01,11473.67,2524.21,100,573.68,8275.78
100601,2025-10-01,8043.67,1769.61,220,402.18,5651.88
100602,2025-10-01,4990.08,1097.82,220,249.5,3422.76
100603,2025-10-01,6518.75,1434.12,220,325.94,4538.69
100604,2025-10-01,16135.33,3549.77,100,806.77,11678.79
100605,2025-10-01,14145.5,3112.01,220,707.28,10106.21
100606,2025-10-01,10880.58,2393.73,220,544.03,7722.82
100607,2025-10-01,8911.83,1960.6,220,445.59,6285.64
100608,2025-10-01,8665.33,1906.37,400,433.27,5925.69
100609,2025-10-01,12107.17,2663.58,400,605.36,8438.23
100610,2025-10-01,13681.08,3009.84,220,684.05,9767.19
100611,2025-10-01,5729.17,1260.42,100,286.46,4082.29
100612,2025-10-01,8483.5,1866.37,100,424.18,6092.95
100613,2025-10-01,10817.92,2379.94,220,540.9,7677.08
100614,2025-10-01,9702.92,2134.64,100,485.15,6983.13
100615,2025-10-01,9076.75,1996.88,220,453.84,6406.03
100616,2025-10-01,10052.33,2211.51,220,502.62,7118.2
100617,2025-10-01,5145.92,1132.1,220,257.3,3536.52
100618,2025-10-01,8648.58,1902.69,100,432.43,6213.46
100619,2025-10-01,14519.58,3194.31,400,725.98,10199.29
100620,2025-10-01,6825.25,1501.56,220,341.26,4762.43
100621,2025-10-01,13246.0,2914.12,220,662.3,9449.58
100622,2025-10-01,5320.0,1170.4,100,266.0,3783.6
100623,2025-10-01,6905.83,1519.28,400,345.29,4641.26
100624,2025-10-01,9171.92,2017.82,400,458.6,6295.5
100625,2025-10-01,4608.75,1013.92,400,230.44,2964.39
100627,2025-10-01,8611.42,1894.51,220,430.57,6066.34
100628,2025-10-01,6537.5,1438.25,100,326.88,4672.37
100629,2025-10-01,21075.08,4636.52,220,1053.75,15164.81
100631,2025-10-01,4114.0,905.08,100,205.7,2903.22
100632,2025-10-01,5671.5,1247.73,220,283.58,3920.19
100633,2025-10-01,9142.92,2011.44,220,457.15,6454.33
100634,2025-10-01,7963.08,1751.88,220,398.15,5593.05
100635,2025-10-01,7121.0,1566.62,400,356.05,4798.33
100636,2025-10-01,13455.75,2960.26,220,672.79,9602.7
100637,2025-10-01,5536.58,1218.05,100,276.83,3941.7
100638,2025-10-01,14553.42,3201.75,220,727.67,10404.0
100639,2025-10-01,10795.17,2374.94,220,539.76,7660.47
100640,2025-10-01,4820.25,1060.46,220,241.01,3298.78
100641,2025-10-01,10787.17,2373.18,100,539.36,7774.63
100642,2025-10-01,6768.0,1488.96,220,338.4,4720.64
100643,2025-10-01,9219.83,2028.36,100,460.99,6630.48
100644,2025-10-01,4486.58,987.05,220,224.33,3055.2
100645,2025-10-01,4825.42,1061.59,400,241.27,3122.56
100646,2025-10-01,11067.58,2434.87,100,553.38,7979.33
100647,2025-10-01,6254.83,1376.06,220,312.74,4346.03
100648,2025-10-01,15180.33,3339.67,220,759.02,10861.64
100649,2025-10-01,7079.92,1557.58,220,354.0,4948.34
100650,2025-10-01,7634.0,1679.48,100,381.7,5472.82
100651,2025-10-01,13560.25,2983.26,220,678.01,9678.98
100652,2025-10-01,6308.83,1387.94,100,315.44,4505.45
100653,2025-10-01,6898.58,1517.69,220,344.93,4815.96
100654,2025-10-01,6850.83,1507.18,100,342.54,4901.11
100655,2025-10-01,5912.58,1300.77,400,295.63,3916.18
100656,2025-10-01,7126.75,1567.88,220,356.34,4982.53
100658,2025-10-01,20042.42,4409.33,220,1002.12,14410.97
100659,2025-10-01,5032.17,1107.08,100,251.61,3573.48
100660,2025-10-01,8061.08,1773.44,100,403.05,5784.59
100661,2025-10-01,5175.58,1138.63,100,258.78,3678.17
100662,2025-10-01,5361.17,1179.46,100,268.06,3813.65
100663,2025-10-01,6278.33,1381.23,100,313.92,4483.18
100664,2025-10-01,13819.25,3040.24,220,690.96,9868.05
100665,2025-10-01,10183.0,2240.26,220,509.15,7213.59
100666,2025-10-01,18371.92,4041.82,100,918.6,13311.5
100667,2025-10-01,5599.83,1231.96,400,279.99,3687.88
100668,2025-10-01,6922.42,1522.93,100,346.12,4953.37
100669,2025-10-01,28989.42,6377.67,100,1449.47,21062.28
100670,2025-10-01,10777.25,2371.0,400,538.86,7467.39
100671,2025-10-01,7461.33,1641.49,220,373.07,5226.77
100672,2025-10-01,5148.83,1132.74,220,257.44,3538.65
100673,2025-10-01,10837.5,2384.25,100,541.88,7811.37
100674,2025-10-01,9388.92,2065.56,220,469.45,6633.91
100675,2025-10-01,13066.92,2874.72,100,653.35,9438.85
100676,2025-10-01,6256.75,1376.48,100,312.84,4467.43
100677,2025-10-01,11433.67,2515.41,100,571.68,8246.58
100678,2025-10-01,5001.25,1100.28,100,250.06,3550.91
100679,2025-10-01,10044.08,2209.7,100,502.2,7232.18
100680,2025-10-01,11040.75,2428.96,220,552.04,7839.75
100681,2025-10-01,10117.75,2225.91,220,505.89,7165.95
100682,2025-10-01,3932.92,865.24,220,196.65,2651.03
100683,2025-10-01,7236.42,1592.01,100,361.82,5182.59
100684,2025-10-01,17399.75,3827.94,100,869.99,12601.82
100685,2025-10-01,13601.75,2992.38,220,680.09,9709.28
100686,2025-10-01,9170.25,2017.46,400,458.51,6294.28
100687,2025-10-01,5627.58,1238.07,100,281.38,4008.13
100688,2025-10-01,9855.0,2168.1,100,492.75,7094.15
100689,2025-10-01,6143.67,1351.61,400,307.18,4084.88
100690,2025-10-01,12663.5,2785.97,100,633.18,9144.35
100691,2025-10-01,8870.67,1951.55,100,443.53,6375.59
100693,2025-10-01,7977.83,1755.12,400,398.89,5423.82
100694,2025-10-01,10167.92,2236.94,220,508.4,7202.58
100695,2025-10-01,7586.33,1668.99,220,379.32,5318.02
100696,2025-10-01,11812.92,2598.84,220,590.65,8403.43
100697,2025-10-01,7526.67,1655.87,100,376.33,5394.47
100698,2025-10-01,16976.42,3734.81,100,848.82,12292.79
100699,2025-10-01,6853.58,1507.79,400,342.68,4603.11
100700,2025-10-01,6452.0,1419.44,400,322.6,4309.96
100701,2025-10-01,5151.75,1133.38,100,257.59,3660.78
100702,2025-10-01,11166.75,2456.68,100,558.34,8051.73
100703,2025-10-01,8288.17,1823.4,220,414.41,5830.36
100704,2025-10-01,8152.83,1793.62,100,407.64,5851.57
100705,2025-10-01,7203.83,1584.84,400,360.19,4858.8
100706,2025-10-01,13514.17,2973.12,220,675.71,9645.34
100707,2025-10-01,4198.42,923.65,220,209.92,2844.85
100708,2025-10-01,9792.75,2154.41,220,489.64,6928.7
100711,2025-10-01,5052.42,1111.53,220,252.62,3468.27
100712,2025-10-01,6080.5,1337.71,220,304.03,4218.76
100713,2025-10-01,8004.17,1760.92,220,400.21,5623.04
100714,2025-10-01,7273.33,1600.13,220,363.67,5089.53
100715,2025-10-01,16581.08,3647.84,220,829.05,11884.19
100716,2025-10-01,5283.5,1162.37,220,264.18,3636.95
100717,2025-10-01,11054.58,2432.01,100,552.73,7969.84
100718,2025-10-01,3437.25,756.2,220,171.86,2289.19
100719,2025-10-01,5941.5,1307.13,220,297.08,4117.29
100720,2025-10-01,12969.25,2853.24,220,648.46,9247.55
100721,2025-10-01,10207.5,2245.65,220,510.38,7231.47
100722,2025-10-01,7212.75,1586.8,400,360.64,4865.31
100723,2025-10-01,18466.0,4062.52,220,923.3,13260.18
100724,2025-10-01,7554.67,1662.03,400,377.73,5114.91
100725,2025-10-01,9193.42,2022.55,220,459.67,6491.2
100726,2025-10-01,5240.83,1152.98,220,262.04,3605.81
100727,2025-10-01,4090.67,899.95,220,204.53,2766.19
100728,2025-10-01,5102.42,1122.53,400,255.12,3324.77
100729,2025-10-01,8155.67,1794.25,400,407.78,5553.64
100730,2025-10-01,14294.0,3144.68,100,714.7,10334.62
100731,2025-10-01,6823.92,1501.26,100,341.2,4881.46
100732,2025-10-01,6559.08,1443.0,220,327.95,4568.13
100733,2025-10-01,15125.33,3327.57,100,756.27,10941.49
100734,2025-10-01,19522.33,4294.91,100,976.12,14151.3
100735,2025-10-01,10279.42,2261.47,100,513.97,7403.98
100736,2025-10-01,8250.33,1815.07,100,412.52,5922.74
100737,2025-10-01,29200.42,6424.09,220,1460.02,21096.31
100738,2025-10-01,9052.25,1991.5,400,452.61,6208.14
100739,2025-10-01,11161.58,2455.55,220,558.08,7927.95
100740,2025-10-01,18725.0,4119.5,220,936.25,13449.25
100741,2025-10-01,8772.33,1929.91,220,438.62,6183.8
100742,2025-10-01,10881.75,2393.98,100,544.09,7843.68
100743,2025-10-01,11162.5,2455.75,220,558.12,7928.63
100744,2025-10-01,11759.08,2587.0,220,587.95,8364.13
100745,2025-10-01,8733.0,1921.26,100,436.65,6275.09
100746,2025-10-01,16371.5,3601.73,220,818.58,11731.19
100748,2025-10-01,8956.83,1970.5,400,447.84,6138.49
100749,2025-10-01,8722.17,1918.88,220,436.11,6147.18
100750,2025-10-01,12888.08,2835.38,400,644.4,9008.3
100751,2025-10-01,14297.92,3145.54,220,714.9,10217.48
100752,2025-10-01,7817.33,1719.81,220,390.87,5486.65
100753,2025-10-01,11342.33,2495.31,220,567.12,8059.9
100754,2025-10-01,6931.08,1524.84,220,346.55,4839.69
100755,2025-10-01,7468.33,1643.03,220,373.42,5231.88
100756,2025-10-01,4199.33,923.85,100,209.97,2965.51
100757,2025-10-01,4819.08,1060.2,220,240.95,3297.93
100759,2025-10-01,16911.92,3720.62,100,845.6,12245.7
100760,2025-10-01,7895.67,1737.05,220,394.78,5543.84
100761,2025-10-01,5762.83,1267.82,220,288.14,3986.87
100762,2025-10-01,7415.0,1631.3,220,370.75,5192.95
100763,2025-10-01,10703.83,2354.84,220,535.19,7593.8
100764,2025-10-01,4971.58,1093.75,220,248.58,3409.25
100765,2025-10-01,10031.58,2206.95,220,501.58,7103.05
100766,2025-10-01,4789.58,1053.71,220,239.48,3276.39
100767,2025-10-01,8876.25,1952.78,220,443.81,6259.66
100770,2025-10-01,10571.75,2325.78,220,528.59,7497.38
100771,2025-10-01,7870.42,1731.49,100,393.52,5645.41
100773,2025-10-01,9774.92,2150.48,220,488.75,6915.69
100774,2025-10-01,13473.67,2964.21,400,673.68,9435.78
100775,2025-10-01,8757.75,1926.7,100,437.89,6293.16
100776,2025-10-01,14591.5,3210.13,100,729.58,10551.79
100777,2025-10-01,16252.75,3575.6,400,812.64,11464.51
100778,2025-10-01,6579.92,1447.58,400,329.0,4403.34
100779,2025-10-01,6613.5,1454.97,100,330.68,4727.85
100780,2025-10-01,6201.0,1364.22,100,310.05,4426.73
100781,2025-10-01,7504.0,1650.88,220,375.2,5257.92
100782,2025-10-01,5435.25,1195.76,100,271.76,3867.73
100783,2025-10-01,12606.25,2773.38,100,630.31,9102.56
100784,2025-10-01,13448.08,2958.58,220,672.4,9597.1
100785,2025-10-01,8720.83,1918.58,400,436.04,5966.21
100787,2025-10-01,13863.67,3050.01,220,693.18,9900.48
100788,2025-10-01,5754.67,1266.03,100,287.73,4100.91
100790,2025-10-01,12527.25,2756.0,100,626.36,9044.89
100792,2025-10-01,9203.5,2024.77,220,460.18,6498.55
100793,2025-10-01,5819.42,1280.27,400,290.97,3848.18
100794,2025-10-01,6749.33,1484.85,100,337.47,4827.01
100795,2025-10-01,11340.67,2494.95,220,567.03,8058.69
100796,2025-10-01,20550.75,4521.16,220,1027.54,14782.05
100797,2025-10-01,8554.92,1882.08,100,427.75,6145.09
100798,2025-10-01,5087.75,1119.3,400,254.39,3314.06
100799,2025-10-01,9131.92,2009.02,220,456.6,6446.3
100800,2025-10-01,11811.17,2598.46,400,590.56,8222.15
100801,2025-10-01,10804.17,2376.92,220,540.21,7667.04
100802,2025-10-01,17354.33,3817.95,220,867.72,12448.66
100803,2025-10-01,4850.08,1067.02,400,242.5,3140.56
100804,2025-10-01,10809.5,2378.09,220,540.48,7670.93
100805,2025-10-01,11540.17,2538.84,100,577.01,8324.32
100806,2025-10-01,9915.83,2181.48,400,495.79,6838.56
100807,2025-10-01,20190.83,4441.98,100,1009.54,14639.31
100808,2025-10-01,6451.58,1419.35,400,322.58,4309.65
100809,2025-10-01,5395.0,1186.9,220,269.75,3718.35
100810,2025-10-01,4716.25,1037.58,100,235.81,3342.86
100811,2025-10-01,4773.92,1050.26,100,238.7,3384.96
100812,2025-10-01,5971.17,1313.66,220,298.56,4138.95
100813,2025-10-01,15111.42,3324.51,400,755.57,10631.34
100814,2025-10-01,14009.0,3081.98,100,700.45,10126.57
100816,2025-10-01,5915.0,1301.3,100,295.75,4217.95
100817,2025-10-01,5805.75,1277.27,100,290.29,4138.19
100818,2025-10-01,9279.17,2041.42,100,463.96,6673.79
100819,2025-10-01,6704.75,1475.04,220,335.24,4674.47
100820,2025-10-01,6163.17,1355.9,400,308.16,4099.11
100821,2025-10-01,14685.75,3230.86,220,734.29,10500.6
100822,2025-10-01,19406.5,4269.43,400,970.32,13766.75
100823,2025-10-01,15417.33,3391.81,100,770.87,11154.65
100824,2025-10-01,11952.5,2629.55,220,597.62,8505.33
100826,2025-10-01,4634.58,1019.61,400,231.73,2983.24
100827,2025-10-01,17467.5,3842.85,400,873.38,12351.27
100828,2025-10-01,12501.67,2750.37,220,625.08,8906.22
100829,2025-10-01,12745.17,2803.94,220,637.26,9083.97
100830,2025-10-01,5719.92,1258.38,100,286.0,4075.54
100831,2025-10-01,8381.92,1844.02,100,419.1,6018.8
100832,2025-10-01,8437.0,1856.14,220,421.85,5939.01
100833,2025-10-01,11019.58,2424.31,220,550.98,7824.29
100834,2025-10-01,23202.92,5104.64,220,1160.15,16718.13
100835,2025-10-01,11488.08,2527.38,220,574.4,8166.3
100836,2025-10-01,9146.92,2012.32,220,457.35,6457.25
100837,2025-10-01,6792.0,1494.24,100,339.6,4858.16
100838,2025-10-01,9407.83,2069.72,220,470.39,6647.72
100839,2025-10-01,8873.42,1952.15,100,443.67,6377.6
100840,2025-10-01,9196.58,2023.25,100,459.83,6613.5
100841,2025-10-01,4786.83,1053.1,100,239.34,3394.39
100842,2025-10-01,4785.33,1052.77,220,239.27,3273.29
100843,2025-10-01,8517.5,1873.85,400,425.88,5817.77
100844,2025-10-01,10191.42,2242.11,100,509.57,7339.74
100845,2025-10-01,9883.75,2174.43,100,494.19,7115.13
100846,2025-10-01,17661.25,3885.48,220,883.06,12672.71
100847,2025-10-01,6450.25,1419.06,220,322.51,4488.68
100848,2025-10-01,20404.5,4488.99,220,1020.22,14675.29
100849,2025-10-01,25283.92,5562.46,400,1264.2,18057.26
100850,2025-10-01,7636.92,1680.12,220,381.85,5354.95
100851,2025-10-01,8955.25,1970.16,400,447.76,6137.33
100854,2025-10-01,8242.67,1813.39,220,412.13,5797.15
100855,2025-10-01,6877.75,1513.1,220,343.89,4800.76
100856,2025-10-01,21912.67,4820.79,220,1095.63,15776.25
100857,2025-10-01,10192.0,2242.24,220,509.6,7220.16
100858,2025-10-01,8758.42,1926.85,220,437.92,6173.65
100859,2025-10-01,6988.58,1537.49,220,349.43,4881.66
100860,2025-10-01,10419.83,2292.36,100,520.99,7506.48
100861,2025-10-01,10902.92,2398.64,100,545.15,7859.13
100862,2025-10-01,14559.58,3203.11,220,727.98,10408.49
100863,2025-10-01,5528.83,1216.34,220,276.44,3816.05
100865,2025-10-01,7955.75,1750.26,220,397.79,5587.7
100866,2025-10-01,17747.75,3904.5,220,887.39,12735.86
100867,2025-10-01,6725.83,1479.68,220,336.29,4689.86
100868,2025-10-01,9791.5,2154.13,100,489.58,7047.79
100870,2025-10-01,10923.5,2403.17,400,546.18,7574.15
100871,2025-10-01,7196.33,1583.19,100,359.82,5153.32
100872,2025-10-01,10887.58,2395.27,220,544.38,7727.93
100873,2025-10-01,8955.58,1970.23,220,447.78,6317.57
100874,2025-10-01,8886.5,1955.03,220,444.33,6267.14
100875,2025-10-01,21259.5,4677.09,100,1062.98,15419.43
100876,2025-10-01,8475.17,1864.54,100,423.76,6086.87
100877,2025-10-01,4121.17,906.66,100,206.06,2908.45
100878,2025-10-01,8685.0,1910.7,220,434.25,6120.05
100879,2025-10-01,5453.67,1199.81,400,272.68,3581.18
100880,2025-10-01,5497.08,1209.36,220,274.85,3792.87
100881,2025-10-01,22065.92,4854.5,100,1103.3,16008.12
100882,2025-10-01,3685.08,810.72,100,184.25,2590.11
100883,2025-10-01,6586.92,1449.12,100,329.35,4708.45
100884,2025-10-01,9099.17,2001.82,220,454.96,6422.39
100885,2025-10-01,11110.67,2444.35,400,555.53,7710.79
100886,2025-10-01,11054.17,2431.92,100,552.71,7969.54
100887,2025-10-01,6510.25,1432.26,220,325.51,4532.48
100888,2025-10-01,6361.92,1399.62,100,318.1,4544.2
100890,2025-10-01,4050.42,891.09,220,202.52,2736.81
100891,2025-10-01,5257.42,1156.63,220,262.87,3617.92
100892,2025-10-01,7375.17,1622.54,220,368.76,5163.87
100894,2025-10-01,6789.17,1493.62,220,339.46,4736.09
100895,2025-10-01,10607.42,2333.63,220,530.37,7523.42
100896,2025-10-01,15975.92,3514.7,220,798.8,11442.42
100897,2025-10-01,11656.58,2564.45,220,582.83,8289.3
100898,2025-10-01,17130.08,3768.62,220,856.5,12284.96
100899,2025-10-01,8605.08,1893.12,100,430.25,6181.71
100900,2025-10-01,14520.0,3194.4,100,726.0,10499.6
100901,2025-10-01,6721.33,1478.69,100,336.07,4806.57
100902,2025-10-01,12123.92,2667.26,100,606.2,8750.46
100903,2025-10-01,12395.67,2727.05,220,619.78,8828.84
100904,2025-10-01,7286.0,1602.92,100,364.3,5218.78
100905,2025-10-01,8730.0,1920.6,100,436.5,6272.9
100906,2025-10-01,9244.75,2033.84,100,462.24,6648.67
100907,2025-10-01,13650.25,3003.06,220,682.51,9744.68
100908,2025-10-01,14029.58,3086.51,400,701.48,9841.59
100909,2025-10-01,9317.75,2049.91,220,465.89,6581.95
100910,2025-10-01,25605.67,5633.25,100,1280.28,18592.14
100911,2025-10-01,19382.33,4264.11,400,969.12,13749.1
100912,2025-10-01,7044.58,1549.81,220,352.23,4922.54
100913,2025-10-01,14595.17,3210.94,100,729.76,10554.47
100914,2025-10-01,8558.08,1882.78,400,427.9,5847.4
100915,2025-10-01,15152.17,3333.48,220,757.61,10841.08
100916,2025-10-01,4728.67,1040.31,100,236.43,3351.93
100917,2025-10-01,7898.75,1737.72,100,394.94,5666.09
100918,2025-10-01,16853.33,3707.73,100,842.67,12202.93
100919,2025-10-01,5012.83,1102.82,220,250.64,3439.37
100920,2025-10-01,16776.17,3690.76,100,838.81,12146.6
100921,2025-10-01,9978.25,2195.22,100,498.91,7184.12
100922,2025-10-01,14090.0,3099.8,100,704.5,10185.7
100924,2025-10-01,10801.5,2376.33,100,540.08,7785.09
100925,2025-10-01,4489.67,987.73,400,224.48,2877.46
100926,2025-10-01,6651.83,1463.4,220,332.59,4635.84
100928,2025-10-01,11178.17,2459.2,220,558.91,7940.06
100929,2025-10-01,6062.67,1333.79,400,303.13,4025.75
100931,2025-10-01,8476.83,1864.9,100,423.84,6088.09
100932,2025-10-01,6355.83,1398.28,100,317.79,4539.76
100933,2025-10-01,15570.08,3425.42,220,778.5,11146.16
100935,2025-10-01,8955.92,1970.3,220,447.8,6317.82
100936,2025-10-01,8732.75,1921.2,100,436.64,6274.91
100937,2025-10-01,15371.5,3381.73,220,768.58,11001.19
100939,2025-10-01,6897.5,1517.45,400,344.88,4635.17
100940,2025-10-01,4142.33,911.31,220,207.12,2803.9
100941,2025-10-01,7456.17,1640.36,100,372.81,5343.0
100942,2025-10-01,9205.5,2025.21,220,460.28,6500.01
100943,2025-10-01,4041.67,889.17,220,202.08,2730.42
100944,2025-10-01,16764.42,3688.17,220,838.22,12018.03
100945,2025-10-01,6909.83,1520.16,100,345.49,4944.18
100946,2025-10-01,7551.92,1661.42,100,377.6,5412.9
100947,2025-10-01,8148.92,1792.76,400,407.45,5548.71
100948,2025-10-01,14488.67,3187.51,100,724.43,10476.73
100949,2025-10-01,6905.5,1519.21,220,345.28,4821.01
100950,2025-10-01,11445.0,2517.9,220,572.25,8134.85
100951,2025-10-01,13412.0,2950.64,220,670.6,9570.76
100952,2025-10-01,7996.83,1759.3,100,399.84,5737.69
100953,2025-10-01,9471.0,2083.62,400,473.55,6513.83
100954,2025-10-01,5353.25,1177.71,100,267.66,3807.88
100956,2025-10-01,13550.0,2981.0,100,677.5,9791.5
100957,2025-10-01,9946.0,2188.12,220,497.3,7040.58
100958,2025-10-01,16237.67,3572.29,220,811.88,11633.5
100961,2025-10-01,6743.17,1483.5,220,337.16,4702.51
100962,2025-10-01,13848.17,3046.6,100,692.41,10009.16
100963,2025-10-01,12970.08,2853.42,400,648.5,9068.16
100964,2025-10-01,10585.67,2328.85,400,529.28,7327.54
100965,2025-10-01,6639.5,1460.69,100,331.98,4746.83
100966,2025-10-01,5763.83,1268.04,400,288.19,3807.6
100967,2025-10-01,13566.25,2984.58,220,678.31,9683.36
100968,2025-10-01,4523.83,995.24,400,226.19,2902.4
100969,2025-10-01,6170.17,1357.44,220,308.51,4284.22
100970,2025-10-01,3971.0,873.62,220,198.55,2678.83
100971,2025-10-01,6645.42,1461.99,220,332.27,4631.16
100972,2025-10-01,3882.08,854.06,400,194.1,2433.92
100973,2025-10-01,8685.08,1910.72,220,434.25,6120.11
100974,2025-10-01,7531.0,1656.82,220,376.55,5277.63
100975,2025-10-01,19845.17,4365.94,100,992.26,14386.97
100976,2025-10-01,7034.25,1547.54,100,351.71,5035.0
100977,2025-10-01,5383.92,1184.46,220,269.2,3710.26
100978,2025-10-01,18111.5,3984.53,400,905.58,12821.39
100979,2025-10-01,12921.08,2842.64,220,646.05,9212.39
100980,2025-10-01,18411.42,4050.51,220,920.57,13220.34
100981,2025-10-01,10152.17,2233.48,100,507.61,7311.08
100982,2025-10-01,9992.33,2198.31,100,499.62,7194.4
100983,2025-10-01,6948.58,1528.69,100,347.43,4972.46
100984,2025-10-01,8949.83,1968.96,220,447.49,6313.38
100985,2025-10-01,10350.25,2277.05,100,517.51,7455.69
100986,2025-10-01,7403.0,1628.66,100,370.15,5304.19
100987,2025-10-01,6885.08,1514.72,220,344.25,4806.11
100988,2025-10-01,4651.83,1023.4,220,232.59,3175.84
100989,2025-10-01,14337.08,3154.16,400,716.85,10066.07
100990,2025-10-01,7378.67,1623.31,220,368.93,5166.43
100991,2025-10-01,6732.0,1481.04,100,336.6,4814.36
100992,2025-10-01,5979.17,1315.42,100,298.96,4264.79
100993,2025-10-01,17157.83,3774.72,100,857.89,12425.22
100994,2025-10-01,10527.17,2315.98,220,526.36,7464.83
100995,2025-10-01,4470.5,983.51,100,223.52,3163.47
100996,2025-10-01,12327.67,2712.09,220,616.38,8779.2
100997,2025-10-01,12942.75,2847.4,220,647.14,9228.21
100998,2025-10-01,15444.92,3397.88,220,772.25,11054.79
100999,2025-10-01,18119.58,3986.31,220,905.98,13007.29
100000,2025-11-01,8666.5,1906.63,100,433.33,6226.54
100001,2025-11-01,16221.42,3568.71,220,811.07,11621.64
100002,2025-11-01,5126.08,1127.74,100,256.3,3642.04
100004,2025-11-01,15922.08,3502.86,100,796.1,11523.12
100005,2025-11-01,4896.08,1077.14,400,244.8,3174.14
100007,2025-11-01,17030.25,3746.66,100,851.51,12332.08
100008,2025-11-01,9148.33,2012.63,220,457.42,6458.28
100009,2025-11-01,6792.5,1494.35,220,339.62,4738.53
100010,2025-11-01,8778.0,1931.16,220,438.9,6187.94
100012,2025-11-01,9653.67,2123.81,100,482.68,6947.18
100013,2025-11-01,12660.83,2785.38,220,633.04,9022.41
100014,2025-11-01,8954.17,1969.92,220,447.71,6316.54
100015,2025-11-01,6042.08,1329.26,400,302.1,4010.72
100016,2025-11-01,17476.17,3844.76,100,873.81,12657.6
100017,2025-11-01,13619.83,2996.36,220,680.99,9722.48
100018,2025-11-01,6940.17,1526.84,220,347.01,4846.32
100019,2025-11-01,11960.0,2631.2,400,598.0,8330.8
100020,2025-11-01,4875.67,1072.65,220,243.78,3339.24
100021,2025-11-01,6946.5,1528.23,220,347.33,4850.94
100022,2025-11-01,23648.0,5202.56,220,1182.4,17043.04
100023,2025-11-01,9193.17,2022.5,400,459.66,6311.01
100025,2025-11-01,10800.33,2376.07,100,540.02,7784.24
100026,2025-11-01,5275.42,1160.59,220,263.77,3631.06
100027,2025-11-01,8328.83,1832.34,220,416.44,5860.05
100028,2025-11-01,7262.67,1597.79,100,363.13,5201.75
100029,2025-11-01,7552.17,1661.48,220,377.61,5293.08
100030,2025-11-01,8585.25,1888.76,220,429.26,6047.23
100031,2025-11-01,8345.25,1835.96,100,417.26,5992.03
100032,2025-11-01,9373.5,2062.17,220,468.68,6622.65
100033,2025-11-01,9628.17,2118.2,220,481.41,6808.56
100034,2025-11-01,12171.58,2677.75,220,608.58,8665.25
100035,2025-11-01,6839.67,1504.73,100,341.98,4892.96
100036,2025-11-01,10099.5,2221.89,100,504.98,7272.63
100037,2025-11-01,11426.42,2513.81,400,571.32,7941.29
100038,2025-11-01,6032.42,1327.13,220,301.62,4183.67
100039,2025-11-01,5080.17,1117.64,220,254.01,3488.52
100040,2025-11-01,7210.75,1586.36,400,360.54,4863.85
100041,2025-11-01,8238.92,1812.56,220,411.95,5794.41
100042,2025-11-01,5046.33,1110.19,220,252.32,3463.82
100043,2025-11-01,8105.58,1783.23,100,405.28,5817.07
100044,2025-11-01,7331.42,1612.91,220,366.57,5131.94
100045,2025-11-01,9068.0,1994.96,100,453.4,6519.64
100046,2025-11-01,6119.92,1346.38,220,306.0,4247.54
100047,2025-11-01,13908.0,3059.76,100,695.4,10052.84
100048,2025-11-01,8877.17,1952.98,100,443.86,6380.33
100050,2025-11-01,10075.83,2216.68,220,503.79,7135.36
100052,2025-11-01,8536.25,1877.98,100,426.81,6131.46
100053,2025-11-01,4466.08,982.54,220,223.3,3040.24
100054,2025-11-01,4959.08,1091.0,100,247.95,3520.13
100056,2025-11-01,10936.25,2405.98,100,546.81,7883.46
100057,2025-11-01,15993.0,3518.46,220,799.65,11454.89
100058,2025-11-01,10263.83,2258.04,220,513.19,7272.6
100059,2025-11-01,13037.92,2868.34,220,651.9,9297.68
100060,2025-11-01,5307.5,1167.65,400,265.38,3474.47
100061,2025-11-01,6202.0,1364.44,100,310.1,4427.46
100062,2025-11-01,10377.17,2282.98,100,518.86,7475.33
100063,2025-11-01,7939.17,1746.62,100,396.96,5695.59
100064,2025-11-01,6766.33,1488.59,100,338.32,4839.42
100065,2025-11-01,10637.25,2340.2,400,531.86,7365.19
100066,2025-11-01,7857.33,1728.61,220,392.87,5515.85
100067,2025-11-01,25112.33,5524.71,100,1255.62,18232.0
100068,2025-11-01,8551.25,1881.28,400,427.56,5842.41
100069,2025-11-01,20879.5,4593.49,220,1043.98,15022.03
100070,2025-11-01,7338.75,1614.52,220,366.94,5137.29
100071,2025-11-01,7359.92,1619.18,220,368.0,5152.74
100072,2025-11-01,6710.83,1476.38,220,335.54,4678.91
100073,2025-11-01,4336.5,954.03,220,216.82,2945.65
100074,2025-11-01,20046.83,4410.3,100,1002.34,14534.19
100075,2025-11-01,13139.25,2890.64,100,656.96,9491.65
100076,2025-11-01,14382.17,3164.08,100,719.11,10398.98
100077,2025-11-01,8426.75,1853.88,220,421.34,5931.53
100078,2025-11-01,11423.5,2513.17,100,571.18,8239.15
100079,2025-11-01,13713.58,3016.99,220,685.68,9790.91
100080,2025-11-01,11503.58,2530.79,400,575.18,7997.61
100081,2025-11-01,11912.75,2620.8,220,595.64,8476.31
100082,2025-11-01,10216.17,2247.56,220,510.81,7237.8
100083,2025-11-01,11219.0,2468.18,220,560.95,7969.87
100084,2025-11-01,8633.92,1899.46,400,431.7,5902.76
100085,2025-11-01,12656.58,2784.45,220,632.83,9019.3
100086,2025-11-01,5966.5,1312.63,220,298.32,4135.55
100087,2025-11-01,5367.5,1180.85,100,268.38,3818.27
100088,2025-11-01,6637.58,1460.27,400,331.88,4445.43
100089,2025-11-01,11050.25,2431.05,220,552.51,7846.69
100090,2025-11-01,9633.0,2119.26,220,481.65,6812.09
100092,2025-11-01,8922.67,1962.99,220,446.13,6293.55
100093,2025-11-01,11009.08,2422.0,220,550.45,7816.63
100094,2025-11-01,9891.08,2176.04,220,494.55,7000.49
100095,2025-11-01,6506.33,1431.39,220,325.32,4529.62
100096,2025-11-01,22522.67,4954.99,220,1126.13,16221.55
100097,2025-11-01,5304.75,1167.04,100,265.24,3772.47
100098,2025-11-01,5018.75,1104.12,220,250.94,3443.69
100099,2025-11-01,14071.08,3095.64,220,703.55,10051.89
100100,2025-11-01,7345.17,1615.94,220,367.26,5141.97
100101,2025-11-01,6044.17,1329.72,100,302.21,4312.24
100102,2025-11-01,15873.33,3492.13,220,793.67,11367.53
100103,2025-11-01,7557.0,1662.54,220,377.85,5296.61
100104,2025-11-01,6669.67,1467.33,220,333.48,4648.86
100105,2025-11-01,7757.17,1706.58,220,387.86,5442.73
100106,2025-11-01,9561.83,2103.6,220,478.09,6760.14
100107,2025-11-01,6065.25,1334.36,400,303.26,4027.63
100108,2025-11-01,13877.33,3053.01,220,693.87,9910.45
100109,2025-11-01,12602.5,2772.55,400,630.12,8799.83
100110,2025-11-01,11189.83,2461.76,220,559.49,7948.58
100111,2025-11-01,6014.75,1323.24,220,300.74,4170.77
100113,2025-11-01,5270.42,1159.49,220,263.52,3627.41
100114,2025-11-01,6288.92,1383.56,220,314.45,4370.91
100115,2025-11-01,7759.92,1707.18,100,388.0,5564.74
100116,2025-11-01,5319.42,1170.27,400,265.97,3483.18
100117,2025-11-01,11589.5,2549.69,400,579.48,8060.33
100118,2025-11-01,13540.58,2978.93,400,677.03,9484.62
100119,2025-11-01,10344.58,2275.81,400,517.23,7151.54
100120,2025-11-01,3642.75,801.4,400,182.14,2259.21
100121,2025-11-01,9947.58,2188.47,220,497.38,7041.73
100122,2025-11-01,7218.17,1588.0,400,360.91,4869.26
100123,2025-11-01,10195.17,2242.94,220,509.76,7222.47
100124,2025-11-01,13082.42,2878.13,100,654.12,9450.17
100125,2025-11-01,12145.0,2671.9,220,607.25,8645.85
100126,2025-11-01,5913.25,1300.92,220,295.66,4096.67
100127,2025-11-01,25065.33,5514.37,220,1253.27,18077.69
100128,2025-11-01,11207.67,2465.69,220,560.38,7961.6
100129,2025-11-01,16098.58,3541.69,220,804.93,11531.96
100130,2025-11-01,10681.5,2349.93,100,534.08,7697.49
100131,2025-11-01,12322.33,2710.91,400,616.12,8595.3
100132,2025-11-01,8943.42,1967.55,100,447.17,6428.7
100133,2025-11-01,8716.17,1917.56,220,435.81,6142.8
100134,2025-11-01,9763.08,2147.88,400,488.15,6727.05
100135,2025-11-01,5271.58,1159.75,220,263.58,3628.25
100136,2025-11-01,10140.58,2230.93,100,507.03,7302.62
100137,2025-11-01,7193.17,1582.5,220,359.66,5031.01
100139,2025-11-01,10275.75,2260.66,220,513.79,7281.3
100140,2025-11-01,11061.42,2433.51,100,553.07,7974.84
100141,2025-11-01,6901.5,1518.33,100,345.08,4938.09
100142,2025-11-01,6735.17,1481.74,220,336.76,4696.67
100143,2025-11-01,17145.17,3771.94,100,857.26,12415.97
100144,2025-11-01,11045.0,2429.9,220,552.25,7842.85
100145,2025-11-01,9348.58,2056.69,400,467.43,6424.46
100146,2025-11-01,12341.67,2715.17,220,617.08,8789.42
100147,2025-11-01,10870.33,2391.47,220,543.52,7715.34
100148,2025-11-01,4455.5,980.21,220,222.78,3032.51
100149,2025-11-01,6403.33,1408.73,400,320.17,4274.43
100150,2025-11-01,7567.0,1664.74,220,378.35,5303.91
100151,2025-11-01,13437.0,2956.14,220,671.85,9589.01
100152,2025-11-01,4384.25,964.54,400,219.21,2800.5
100153,2025-11-01,17313.0,3808.86,220,865.65,12418.49
100154,2025-11-01,11731.0,2580.82,100,586.55,8463.63
100155,2025-11-01,26677.08,5868.96,220,1333.85,19254.27
100156,2025-11-01,4785.33,1052.77,100,239.27,3393.29
100157,2025-11-01,14647.75,3222.5,220,732.39,10472.86
100158,2025-11-01,4908.92,1079.96,220,245.45,3363.51
100159,2025-11-01,6623.08,1457.08,100,331.15,4734.85
100160,2025-11-01,4910.67,1080.35,220,245.53,3364.79
100161,2025-11-01,10568.58,2325.09,400,528.43,7315.06
100162,2025-11-01,4977.92,1095.14,100,248.9,3533.88
100163,2025-11-01,10524.58,2315.41,100,526.23,7582.94
100164,2025-11-01,7790.08,1713.82,100,389.5,5586.76
100165,2025-11-01,17850.5,3927.11,100,892.53,12930.86
100166,2025-11-01,6579.33,1447.45,400,328.97,4402.91
100167,2025-11-01,20978.0,4615.16,400,1048.9,14913.94
100168,2025-11-01,12154.5,2673.99,220,607.72,8652.79
100169,2025-11-01,13151.08,2893.24,100,657.55,9500.29
100170,2025-11-01,9136.83,2010.1,220,456.84,6449.89
100171,2025-11-01,11164.92,2456.28,220,558.25,7930.39
100172,2025-11-01,11814.42,2599.17,220,590.72,8404.53
100173,2025-11-01,10335.67,2273.85,400,516.78,7145.04
100174,2025-11-01,7983.17,1756.3,100,399.16,5727.71
100175,2025-11-01,6764.75,1488.24,220,338.24,4718.27
100176,2025-11-01,4510.08,992.22,220,225.5,3072.36
100177,2025-11-01,16284.83,3582.66,100,814.24,11787.93
100178,2025-11-01,17211.42,3786.51,100,860.57,12464.34
100179,2025-11-01,8796.08,1935.14,220,439.8,6201.14
100180,2025-11-01,7921.92,1742.82,220,396.1,5563.0
100181,2025-11-01,10544.58,2319.81,100,527.23,7597.54
100182,2025-11-01,4654.92,1024.08,100,232.75,3298.09
100183,2025-11-01,4845.67,1066.05,220,242.28,3317.34
100184,2025-11-01,8358.25,1838.82,100,417.91,6001.52
100185,2025-11-01,11111.67,2444.57,220,555.58,7891.52
100186,2025-11-01,13983.75,3076.42,400,699.19,9808.14
100187,2025-11-01,10652.92,2343.64,220,532.65,7556.63
100188,2025-11-01,4856.0,1068.32,220,242.8,3324.88
100189,2025-11-01,12540.33,2758.87,220,627.02,8934.44
100190,2025-11-01,5167.33,1136.81,100,258.37,3672.15
100191,2025-11-01,5894.0,1296.68,220,294.7,4082.62
100192,2025-11-01,12931.25,2844.88,100,646.56,9339.81
100193,2025-11-01,8438.0,1856.36,100,421.9,6059.74
100194,2025-11-01,6868.08,1510.98,220,343.4,4793.7
100196,2025-11-01,8502.67,1870.59,400,425.13,5806.95
100197,2025-11-01,15837.92,3484.34,220,791.9,11341.68
100198,2025-11-01,4627.75,1018.1,100,231.39,3278.26
100200,2025-11-01,8298.58,1825.69,400,414.93,5657.96
100201,2025-11-01,7453.5,1639.77,220,372.68,5221.05
100202,2025-11-01,6536.0,1437.92,220,326.8,4551.28
100203,2025-11-01,13271.08,2919.64,100,663.55,9587.89
100204,2025-11-01,8508.67,1871.91,220,425.43,5991.33
100205,2025-11-01,17744.17,3903.72,100,887.21,12853.24
100206,2025-11-01,14238.25,3132.42,100,711.91,10293.92
100207,2025-11-01,4827.08,1061.96,400,241.35,3123.77
100208,2025-11-01,9097.08,2001.36,220,454.85,6420.87
100209,2025-11-01,13888.58,3055.49,220,694.43,9918.66
100210,2025-11-01,11331.92,2493.02,220,566.6,8052.3
100212,2025-11-01,8081.17,1777.86,100,404.06,5799.25
100213,2025-11-01,5720.5,1258.51,220,286.03,3955.96
100214,2025-11-01,13395.33,2946.97,100,669.77,9678.59
100215,2025-11-01,10134.17,2229.52,400,506.71,6997.94
100216,2025-11-01,9169.83,2017.36,220,458.49,6473.98
100217,2025-11-01,5135.33,1129.77,220,256.77,3528.79
100218,2025-11-01,9725.0,2139.5,220,486.25,6879.25
100219,2025-11-01,5881.75,1293.98,400,294.09,3893.68
100220,2025-11-01,7001.25,1540.28,220,350.06,4890.91
100221,2025-11-01,6559.33,1443.05,220,327.97,4568.31
100223,2025-11-01,6753.75,1485.82,220,337.69,4710.24
100225,2025-11-01,4744.0,1043.68,400,237.2,3063.12
100226,2025-11-01,23390.17,5145.84,220,1169.51,16854.82
100227,2025-11-01,24076.17,5296.76,220,1203.81,17355.6
100228,2025-11-01,5534.33,1217.55,400,276.72,3640.06
100229,2025-11-01,8385.92,1844.9,220,419.3,5901.72
100230,2025-11-01,9653.0,2123.66,220,482.65,6826.69
100231,2025-11-01,22020.75,4844.56,400,1101.04,15675.15
100232,2025-11-01,13378.08,2943.18,100,668.9,9666.0
100233,2025-11-01,7643.92,1681.66,400,382.2,5180.06
100234,2025-11-01,10877.25,2393.0,220,543.86,7720.39
100235,2025-11-01,10422.0,2292.84,100,521.1,7508.06
100236,2025-11-01,6585.25,1448.76,220,329.26,4587.23
100237,2025-11-01,16009.0,3521.98,100,800.45,11586.57
100238,2025-11-01,18425.5,4053.61,220,921.28,13230.61
100239,2025-11-01,6294.5,1384.79,220,314.73,4374.98
100240,2025-11-01,8940.92,1967.0,100,447.05,6426.87
100241,2025-11-01,10921.08,2402.64,220,546.05,7752.39
100242,2025-11-01,6250.67,1375.15,220,312.53,4342.99
100243,2025-11-01,17738.58,3902.49,400,886.93,12549.16
100245,2025-11-01,6115.0,1345.3,400,305.75,4063.95
100246,2025-11-01,5509.42,1212.07,220,275.47,3801.88
100247,2025-11-01,11723.75,2579.22,400,586.19,8158.34
100248,2025-11-01,13627.75,2998.1,220,681.39,9728.26
100249,2025-11-01,11656.17,2564.36,220,582.81,8289.0
100250,2025-11-01,5754.58,1266.01,220,287.73,3980.84
100251,2025-11-01,5009.08,1102.0,220,250.45,3436.63
100252,2025-11-01,6496.83,1429.3,220,324.84,4522.69
100253,2025-11-01,7619.42,1676.27,220,380.97,5342.18
100254,2025-11-01,11759.25,2587.04,400,587.96,8184.25
100255,2025-11-01,10030.25,2206.66,220,501.51,7102.08
100256,2025-11-01,5340.08,1174.82,220,267.0,3678.26
100257,2025-11-01,4146.33,912.19,400,207.32,2626.82
100259,2025-11-01,13307.75,2927.7,400,665.39,9314.66
100260,2025-11-01,7043.0,1549.46,220,352.15,4921.39
100261,2025-11-01,11244.83,2473.86,100,562.24,8108.73
100262,2025-11-01,5925.08,1303.52,100,296.25,4225.31
100263,2025-11-01,6642.33,1461.31,400,332.12,4448.9
100264,2025-11-01,10445.42,2297.99,100,522.27,7525.16
100265,2025-11-01,17532.0,3857.04,100,876.6,12698.36
100266,2025-11-01,20805.0,4577.1,400,1040.25,14787.65
100267,2025-11-01,21090.25,4639.86,220,1054.51,15175.88
100268,2025-11-01,9548.5,2100.67,220,477.42,6750.41
100269,2025-11-01,6213.92,1367.06,220,310.7,4316.16
100270,2025-11-01,6682.25,1470.1,100,334.11,4778.04
100271,2025-11-01,12003.0,2640.66,220,600.15,8542.19
100272,2025-11-01,4440.0,976.8,220,222.0,3021.2
100273,2025-11-01,21450.0,4719.0,220,1072.5,15438.5
100274,2025-11-01,11203.17,2464.7,220,560.16,7958.31
100275,2025-11-01,8201.5,1804.33,220,410.08,5767.09
100276,2025-11-01,5472.5,1203.95,100,273.62,3894.93
100277,2025-11-01,5317.75,1169.9,220,265.89,3661.96
100278,2025-11-01,5029.33,1106.45,400,251.47,3271.41
100280,2025-11-01,7819.58,1720.31,400,390.98,5308.29
100281,2025-11-01,8010.75,1762.36,220,400.54,5627.85
100282,2025-11-01,5516.08,1213.54,220,275.8,3806.74
100283,2025-11-01,20440.67,4496.95,220,1022.03,14701.69
100284,2025-11-01,10915.17,2401.34,100,545.76,7868.07
100285,2025-11-01,7130.67,1568.75,100,356.53,5105.39
100286,2025-11-01,11039.0,2428.58,100,551.95,7958.47
100287,2025-11-01,9370.33,2061.47,220,468.52,6620.34
100288,2025-11-01,6891.75,1516.18,220,344.59,4810.98
100289,2025-11-01,10985.92,2416.9,400,549.3,7619.72
100290,2025-11-01,9576.83,2106.9,100,478.84,6891.09
100291,2025-11-01,8659.83,1905.16,220,432.99,6101.68
100292,2025-11-01,11802.33,2596.51,220,590.12,8395.7
100293,2025-11-01,8155.42,1794.19,100,407.77,5853.46
100294,2025-11-01,11378.5,2503.27,220,568.93,8086.3
100295,2025-11-01,5505.58,1211.23,100,275.28,3919.07
100296,2025-11-01,15684.08,3450.5,400,784.2,11049.38
100299,2025-11-01,11576.33,2546.79,400,578.82,8050.72
100300,2025-11-01,8383.83,1844.44,220,419.19,5900.2
100301,2025-11-01,28640.33,6300.87,100,1432.02,20807.44
100302,2025-11-01,8138.33,1790.43,100,406.92,5840.98
100303,2025-11-01,13770.42,3029.49,400,688.52,9652.41
100304,2025-11-01,11003.83,2420.84,220,550.19,7812.8
100306,2025-11-01,8412.5,1850.75,100,420.62,6041.13
100307,2025-11-01,5829.0,1282.38,220,291.45,4035.17
100309,2025-11-01,11828.5,2602.27,400,591.43,8234.8
100310,2025-11-01,6104.17,1342.92,400,305.21,4056.04
100311,2025-11-01,5443.67,1197.61,220,272.18,3753.88
100312,2025-11-01,12263.92,2698.06,220,613.2,8732.66
100314,2025-11-01,9117.0,2005.74,400,455.85,6255.41
100315,2025-11-01,18601.92,4092.42,400,930.1,13179.4
100316,2025-11-01,14238.58,3132.49,400,711.93,9994.16
100317,2025-11-01,8066.0,1774.52,220,403.3,5668.18
100319,2025-11-01,8372.75,1842.0,100,418.64,6012.11
100320,2025-11-01,10727.75,2360.1,220,536.39,7611.26
100321,2025-11-01,15961.0,3511.42,100,798.05,11551.53
100323,2025-11-01,8479.5,1865.49,220,423.98,5970.03
100324,2025-11-01,9407.42,2069.63,100,470.37,6767.42
100325,2025-11-01,4997.75,1099.51,220,249.89,3428.35
100327,2025-11-01,4847.42,1066.43,100,242.37,3438.62
100328,2025-11-01,4086.25,898.98,400,204.31,2582.96
100330,2025-11-01,9029.75,1986.54,220,451.49,6371.72
100331,2025-11-01,20852.17,4587.48,220,1042.61,15002.08
100332,2025-11-01,13657.75,3004.7,220,682.89,9750.16
100333,2025-11-01,10495.42,2308.99,100,524.77,7561.66
100334,2025-11-01,11084.17,2438.52,220,554.21,7871.44
100335,2025-11-01,14317.17,3149.78,400,715.86,10051.53
100336,2025-11-01,12410.58,2730.33,220,620.53,8839.72
100337,2025-11-01,5247.67,1154.49,100,262.38,3730.8
100338,2025-11-01,7034.58,1547.61,100,351.73,5035.24
100339,2025-11-01,7341.33,1615.09,220,367.07,5139.17
100340,2025-11-01,7224.33,1589.35,400,361.22,4873.76
100341,2025-11-01,19427.17,4273.98,220,971.36,13961.83
100342,2025-11-01,8002.08,1760.46,220,400.1,5621.52
100343,2025-11-01,4770.67,1049.55,220,238.53,3262.59
100344,2025-11-01,5226.0,1149.72,100,261.3,3714.98
100345,2025-11-01,11183.08,2460.28,220,559.15,7943.65
100346,2025-11-01,23591.17,5190.06,100,1179.56,17121.55
100347,2025-11-01,8845.42,1945.99,400,442.27,6057.16
100349,2025-11-01,17383.83,3824.44,220,869.19,12470.2
100350,2025-11-01,8032.33,1767.11,220,401.62,5643.6
100351,2025-11-01,5144.0,1131.68,220,257.2,3535.12
100352,2025-11-01,12334.58,2713.61,100,616.73,8904.24
100355,2025-11-01,14847.67,3266.49,100,742.38,10738.8
100356,2025-11-01,11821.0,2600.62,220,591.05,8409.33
100357,2025-11-01,16061.42,3533.51,100,803.07,11624.84
100358,2025-11-01,11878.58,2613.29,100,593.93,8571.36
100359,2025-11-01,6860.33,1509.27,400,343.02,4608.04
100360,2025-11-01,5148.92,1132.76,220,257.45,3538.71
100361,2025-11-01,13444.25,2957.74,220,672.21,9594.3
100362,2025-11-01,11395.67,2507.05,100,569.78,8218.84
100363,2025-11-01,4046.17,890.16,100,202.31,2853.7
100364,2025-11-01,11021.0,2424.62,220,551.05,7825.33
100365,2025-11-01,4773.67,1050.21,100,238.68,3384.78
100366,2025-11-01,4420.92,972.6,220,221.05,3007.27
100367,2025-11-01,8715.92,1917.5,400,435.8,5962.62
100368,2025-11-01,11855.67,2608.25,400,592.78,8254.64
100369,2025-11-01,7537.67,1658.29,100,376.88,5402.5
100370,2025-11-01,6685.25,1470.76,220,334.26,4660.23
100371,2025-11-01,4646.75,1022.28,400,232.34,2992.13
100373,2025-11-01,13108.83,2883.94,400,655.44,9169.45
100374,2025-11-01,9327.08,2051.96,400,466.35,6408.77
100375,2025-11-01,15080.92,3317.8,220,754.05,10789.07
100376,2025-11-01,6325.08,1391.52,220,316.25,4397.31
100377,2025-11-01,8450.33,1859.07,220,422.52,5948.74
100378,2025-11-01,10812.25,2378.7,400,540.61,7492.94
100379,2025-11-01,13321.17,2930.66,400,666.06,9324.45
100380,2025-11-01,7894.83,1736.86,220,394.74,5543.23
100381,2025-11-01,6988.0,1537.36,220,349.4,4881.24
100382,2025-11-01,8472.58,1863.97,220,423.63,5964.98
100383,2025-11-01,16548.5,3640.67,100,827.42,11980.41
100384,2025-11-01,7303.0,1606.66,100,365.15,5231.19
100385,2025-11-01,12178.67,2679.31,220,608.93,8670.43
100386,2025-11-01,13055.83,2872.28,220,652.79,9310.76
100387,2025-11-01,19704.58,4335.01,400,985.23,13984.34
100388,2025-11-01,5609.33,1234.05,100,280.47,3994.81
100389,2025-11-01,10508.33,2311.83,400,525.42,7271.08
100390,2025-11-01,20400.58,4488.13,400,1020.03,14492.42
100391,2025-11-01,14984.0,3296.48,100,749.2,10838.32
100392,2025-11-01,5621.33,1236.69,220,281.07,3883.57
100393,2025-11-01,5911.58,1300.55,400,295.58,3915.45
100394,2025-11-01,13035.25,2867.76,220,651.76,9295.73
100395,2025-11-01,8434.83,1855.66,220,421.74,5937.43
100396,2025-11-01,11334.17,2493.52,400,566.71,7873.94
100397,2025-11-01,6993.08,1538.48,400,349.65,4704.95
100398,2025-11-01,8702.83,1914.62,220,435.14,6133.07
100399,2025-11-01,15345.42,3375.99,220,767.27,10982.16
100400,2025-11-01,7512.92,1652.84,100,375.65,5384.43
100401,2025-11-01,13468.5,2963.07,100,673.42,9732.01
100402,2025-11-01,4775.25,1050.56,220,238.76,3265.93
100403,2025-11-01,4105.0,903.1,100,205.25,2896.65
100405,2025-11-01,16985.75,3736.86,220,849.29,12179.6
100406,2025-11-01,7708.08,1695.78,400,385.4,5226.9
100407,2025-11-01,12056.25,2652.38,100,602.81,8701.06
100408,2025-11-01,8973.67,1974.21,220,448.68,6330.78
100409,2025-11-01,14567.67,3204.89,400,728.38,10234.4
100410,2025-11-01,9036.0,1987.92,100,451.8,6496.28
100411,2025-11-01,3883.42,854.35,400,194.17,2434.9
100412,2025-11-01,12400.25,2728.06,220,620.01,8832.18
100413,2025-11-01,16354.0,3597.88,220,817.7,11718.42
100414,2025-11-01,4691.75,1032.18,220,234.59,3204.98
100415,2025-11-01,13125.75,2887.66,220,656.29,9361.8
100416,2025-11-01,9204.33,2024.95,100,460.22,6619.16
100417,2025-11-01,27318.58,6010.09,400,1365.93,19542.56
100418,2025-11-01,4285.42,942.79,400,214.27,2728.36
100419,2025-11-01,8491.08,1868.04,220,424.55,5978.49
100420,2025-11-01,20499.08,4509.8,220,1024.95,14744.33
100421,2025-11-01,5598.33,1231.63,220,279.92,3866.78
100422,2025-11-01,6698.33,1473.63,220,334.92,4669.78
100423,2025-11-01,7218.25,1588.02,220,360.91,5049.32
100424,2025-11-01,14996.17,3299.16,220,749.81,10727.2
100425,2025-11-01,12983.75,2856.42,220,649.19,9258.14
100426,2025-11-01,5249.17,1154.82,100,262.46,3731.89
100427,2025-11-01,7574.42,1666.37,100,378.72,5429.33
100428,2025-11-01,13766.0,3028.52,220,688.3,9829.18
100429,2025-11-01,7421.0,1632.62,220,371.05,5197.33
100430,2025-11-01,11455.17,2520.14,100,572.76,8262.27
100432,2025-11-01,7726.83,1699.9,220,386.34,5420.59
100433,2025-11-01,4417.92,971.94,220,220.9,3005.08
100434,2025-11-01,4912.0,1080.64,220,245.6,3365.76
100435,2025-11-01,10594.42,2330.77,400,529.72,7333.93
100436,2025-11-01,14402.08,3168.46,220,720.1,10293.52
100437,2025-11-01,10178.92,2239.36,220,508.95,7210.61
100438,2025-11-01,11377.58,2503.07,400,568.88,7905.63
100439,2025-11-01,5662.83,1245.82,220,283.14,3913.87
100440,2025-11-01,10791.08,2374.04,100,539.55,7777.49
100441,2025-11-01,14835.75,3263.86,220,741.79,10610.1
100442,2025-11-01,14784.92,3252.68,220,739.25,10572.99
100443,2025-11-01,4636.17,1019.96,100,231.81,3284.4
100444,2025-11-01,5261.42,1157.51,100,263.07,3740.84
100446,2025-11-01,13831.75,3042.98,400,691.59,9697.18
100447,2025-11-01,6256.92,1376.52,220,312.85,4347.55
100449,2025-11-01,8344.17,1835.72,100,417.21,5991.24
100451,2025-11-01,8213.33,1806.93,100,410.67,5895.73
100452,2025-11-01,5033.25,1107.32,100,251.66,3574.27
100453,2025-11-01,11701.0,2574.22,220,585.05,8321.73
100454,2025-11-01,14466.5,3182.63,220,723.32,10340.55
100455,2025-11-01,11102.92,2442.64,220,555.15,7885.13
100456,2025-11-01,7360.92,1619.4,100,368.05,5273.47
100457,2025-11-01,13220.58,2908.53,220,661.03,9431.02
100458,2025-11-01,6672.17,1467.88,400,333.61,4470.68
100459,2025-11-01,11962.33,2631.71,100,598.12,8632.5
100460,2025-11-01,3884.25,854.54,400,194.21,2435.5
100461,2025-11-01,7001.42,1540.31,220,350.07,4891.04
100462,2025-11-01,13211.25,2906.48,220,660.56,9424.21
100463,2025-11-01,13102.67,2882.59,220,655.13,9344.95
100464,2025-11-01,12693.17,2792.5,220,634.66,9046.01
100465,2025-11-01,13486.0,2966.92,100,674.3,9744.78
100466,2025-11-01,4552.33,1001.51,400,227.62,2923.2
100467,2025-11-01,12486.42,2747.01,220,624.32,8895.09
100468,2025-11-01,11132.58,2449.17,220,556.63,7906.78
100469,2025-11-01,10793.0,2374.46,220,539.65,7658.89
100470,2025-11-01,17639.25,3880.64,220,881.96,12656.65
100471,2025-11-01,6492.5,1428.35,220,324.62,4519.53
100472,2025-11-01,7293.92,1604.66,220,364.7,5104.56
100473,2025-11-01,4464.67,982.23,100,223.23,3159.21
100474,2025-11-01,9886.5,2175.03,220,494.33,6997.14
100475,2025-11-01,7603.33,1672.73,400,380.17,5150.43
100476,2025-11-01,10057.25,2212.59,100,502.86,7241.8
100477,2025-11-01,13961.17,3071.46,400,698.06,9791.65
100478,2025-11-01,6392.67,1406.39,100,319.63,4566.65
100479,2025-11-01,8326.5,1831.83,400,416.33,5678.34
100481,2025-11-01,11513.92,2533.06,400,575.7,8005.16
100482,2025-11-01,7993.92,1758.66,400,399.7,5435.56
100483,2025-11-01,9173.92,2018.26,400,458.7,6296.96
100484,2025-11-01,20616.83,4535.7,220,1030.84,14830.29
100485,2025-11-01,29211.75,6426.58,220,1460.59,21104.58
100486,2025-11-01,10375.33,2282.57,100,518.77,7473.99
100487,2025-11-01,4139.0,910.58,220,206.95,2801.47
100488,2025-11-01,7202.92,1584.64,100,360.15,5158.13
100489,2025-11-01,8639.5,1900.69,220,431.98,6086.83
100490,2025-11-01,6957.92,1530.74,220,347.9,4859.28
100492,2025-11-01,19556.83,4302.5,100,977.84,14176.49
100493,2025-11-01,3977.92,875.14,400,198.9,2503.88
100494,2025-11-01,6073.33,1336.13,100,303.67,4333.53
100495,2025-11-01,11158.67,2454.91,220,557.93,7925.83
100496,2025-11-01,9937.67,2186.29,220,496.88,7034.5
100497,2025-11-01,13562.25,2983.7,220,678.11,9680.44
100498,2025-11-01,8928.75,1964.32,100,446.44,6417.99
100499,2025-11-01,12648.5,2782.67,220,632.43,9013.4
100500,2025-11-01,18658.5,4104.87,100,932.92,13520.71
100501,2025-11-01,13875.25,3052.56,100,693.76,10028.93
100502,2025-11-01,8731.33,1920.89,220,436.57,6153.87
100503,2025-11-01,10815.33,2379.37,100,540.77,7795.19
100505,2025-11-01,11550.83,2541.18,100,577.54,8332.11
100506,2025-11-01,10096.08,2221.14,100,504.8,7270.14
100507,2025-11-01,5529.83,1216.56,400,276.49,3636.78
100508,2025-11-01,4940.42,1086.89,100,247.02,3506.51
100509,2025-11-01,11386.25,2504.98,220,569.31,8091.96
100510,2025-11-01,16270.0,3579.4,100,813.5,11777.1
100511,2025-11-01,8987.25,1977.2,220,449.36,6340.69
100512,2025-11-01,15339.58,3374.71,220,766.98,10977.89
100513,2025-11-01,16785.25,3692.76,100,839.26,12153.23
100514,2025-11-01,15485.5,3406.81,100,774.28,11204.41
100515,2025-11-01,8939.33,1966.65,400,446.97,6125.71
100516,2025-11-01,14314.58,3149.21,100,715.73,10349.64
100517,2025-11-01,7851.42,1727.31,220,392.57,5511.54
100518,2025-11-01,17183.5,3780.37,100,859.18,12443.95
100519,2025-11-01,4450.17,979.04,220,222.51,3028.62
100520,2025-11-01,20671.25,4547.68,100,1033.56,14990.01
100521,2025-11-01,11489.92,2527.78,400,574.5,7987.64
100522,2025-11-01,9361.42,2059.51,220,468.07,6613.84
100523,2025-11-01,3797.83,835.52,220,189.89,2552.42
100524,2025-11-01,10507.42,2311.63,100,525.37,7570.42
100525,2025-11-01,15618.17,3436.0,400,780.91,11001.26
100526,2025-11-01,11438.83,2516.54,100,571.94,8250.35
100527,2025-11-01,9047.08,1990.36,220,452.35,6384.37
100528,2025-11-01,7270.67,1599.55,400,363.53,4907.59
100529,2025-11-01,10218.17,2248.0,220,510.91,7239.26
100530,2025-11-01,6204.75,1365.04,100,310.24,4429.47
100531,2025-11-01,6574.75,1446.44,220,328.74,4579.57
100532,2025-11-01,6519.58,1434.31,220,325.98,4539.29
100533,2025-11-01,10922.58,2402.97,100,546.13,7873.48
100534,2025-11-01,15521.75,3414.78,400,776.09,10930.88
100535,2025-11-01,13046.25,2870.18,100,652.31,9423.76
100536,2025-11-01,7167.5,1576.85,400,358.38,4832.27
100537,2025-11-01,6677.92,1469.14,220,333.9,4654.88
100538,2025-11-01,5646.33,1242.19,400,282.32,3721.82
100539,2025-11-01,12744.33,2803.75,400,637.22,8903.36
100540,2025-11-01,5504.08,1210.9,220,275.2,3797.98
100541,2025-11-01,6509.92,1432.18,220,325.5,4532.24
100542,2025-11-01,22129.92,4868.58,400,1106.5,15754.84
100543,2025-11-01,12620.75,2776.56,100,631.04,9113.15
100544,2025-11-01,11108.5,2443.87,400,555.43,7709.2
100545,2025-11-01,8145.58,1792.03,100,407.28,5846.27
100546,2025-11-01,7096.33,1561.19,220,354.82,4960.32
100547,2025-11-01,8815.83,1939.48,400,440.79,6035.56
100548,2025-11-01,6784.83,1492.66,100,339.24,4852.93
100549,2025-11-01,8819.08,1940.2,220,440.95,6217.93
100550,2025-11-01,21410.0,4710.2,220,1070.5,15409.3
100551,2025-11-01,8700.83,1914.18,220,435.04,6131.61
100552,2025-11-01,10018.83,2204.14,100,500.94,7213.75
100553,2025-11-01,5264.58,1158.21,220,263.23,3623.14
100554,2025-11-01,11242.58,2473.37,220,562.13,7987.08
100555,2025-11-01,7388.17,1625.4,220,369.41,5173.36
100556,2025-11-01,13424.83,2953.46,400,671.24,9400.13
100557,2025-11-01,8661.25,1905.48,220,433.06,6102.71
100558,2025-11-01,12231.0,2690.82,220,611.55,8708.63
100559,2025-11-01,7457.0,1640.54,220,372.85,5223.61
100560,2025-11-01,6743.92,1483.66,220,337.2,4703.06
100561,2025-11-01,6539.5,1438.69,220,326.98,4553.83
100562,2025-11-01,6392.83,1406.42,220,319.64,4446.77
100563,2025-11-01,16286.17,3582.96,220,814.31,11668.9
100564,2025-11-01,14153.92,3113.86,220,707.7,10112.36
100565,2025-11-01,3840.08,844.82,400,192.0,2403.26
100566,2025-11-01,3869.83,851.36,220,193.49,2604.98
100567,2025-11-01,5414.33,1191.15,100,270.72,3852.46
100568,2025-11-01,20419.83,4492.36,220,1020.99,14686.48
100569,2025-11-01,11153.0,2453.66,220,557.65,7921.69
100570,2025-11-01,6287.42,1383.23,100,314.37,4489.82
100571,2025-11-01,6970.5,1533.51,400,348.52,4688.47
100572,2025-11-01,11258.75,2476.93,220,562.94,7998.88
100573,2025-11-01,11370.83,2501.58,100,568.54,8200.71
100574,2025-11-01,7127.92,1568.14,220,356.4,4983.38
100575,2025-11-01,6615.0,1455.3,220,330.75,4608.95
100576,2025-11-01,15385.5,3384.81,220,769.28,11011.41
100577,2025-11-01,10888.33,2395.43,400,544.42,7548.48
100580,2025-11-01,21216.67,4667.67,220,1060.83,15268.17
100581,2025-11-01,7039.67,1548.73,220,351.98,4918.96
100582,2025-11-01,9893.0,2176.46,220,494.65,7001.89
100584,2025-11-01,9517.83,2093.92,400,475.89,6548.02
100585,2025-11-01,4824.25,1061.34,220,241.21,3301.7
100586,2025-11-01,5301.08,1166.24,400,265.05,3469.79
100587,2025-11-01,14617.25,3215.8,100,730.86,10570.59
100588,2025-11-01,10994.75,2418.84,220,549.74,7806.17
100589,2025-11-01,5522.5,1214.95,100,276.12,3931.43
100591,2025-11-01,7328.42,1612.25,220,366.42,5129.75
100592,2025-11-01,8188.25,1801.42,100,409.41,5877.42
100593,2025-11-01,11243.33,2473.53,220,562.17,7987.63
100594,2025-11-01,6319.5,1390.29,400,315.98,4213.23
100595,2025-11-01,7180.08,1579.62,220,359.0,5021.46
100596,2025-11-01,6927.83,1524.12,400,346.39,4657.32
100597,2025-11-01,8969.83,1973.36,100,448.49,6447.98
100598,2025-11-01,11212.08,2466.66,220,560.6,7964.82
100600,2025-11-01,11634.67,2559.63,100,581.73,8393.31
100601,2025-11-01,7985.67,1756.85,220,399.28,5609.54
100602,2025-11-01,5239.08,1152.6,220,261.95,3604.53
100604,2025-11-01,16375.33,3602.57,100,818.77,11853.99
100605,2025-11-01,14271.5,3139.73,220,713.58,10198.19
100606,2025-11-01,10804.58,2377.01,220,540.23,7667.34
100607,2025-11-01,8887.83,1955.32,220,444.39,6268.12
100608,2025-11-01,8257.33,1816.61,400,412.87,5627.85
100609,2025-11-01,11961.17,2631.46,400,598.06,8331.65
100610,2025-11-01,13895.08,3056.92,220,694.75,9923.41
100611,2025-11-01,5554.17,1221.92,100,277.71,3954.54
100612,2025-11-01,8730.5,1920.71,100,436.52,6273.27
100613,2025-11-01,10691.92,2352.22,220,534.6,7585.1
100614,2025-11-01,9603.92,2112.86,100,480.2,6910.86
100615,2025-11-01,8801.75,1936.38,220,440.09,6205.28
100616,2025-11-01,10336.33,2273.99,220,516.82,7325.52
100617,2025-11-01,5498.92,1209.76,220,274.95,3794.21
100618,2025-11-01,8856.58,1948.45,100,442.83,6365.3
100619,2025-11-01,14038.58,3088.49,400,701.93,9848.16
100620,2025-11-01,6574.25,1446.34,220,328.71,4579.2
100621,2025-11-01,12907.0,2839.54,220,645.35,9202.11
100622,2025-11-01,5189.0,1141.58,100,259.45,3687.97
100623,2025-11-01,6531.83,1437.0,400,326.59,4368.24
100624,2025-11-01,8816.92,1939.72,400,440.85,6036.35
100625,2025-11-01,4672.75,1028.01,400,233.64,3011.1
100627,2025-11-01,8251.42,1815.31,220,412.57,5803.54
100628,2025-11-01,6568.5,1445.07,100,328.42,4695.01
100629,2025-11-01,21600.08,4752.02,220,1080.0,15548.06
100631,2025-11-01,4436.0,975.92,100,221.8,3138.28
100632,2025-11-01,5525.5,1215.61,220,276.28,3813.61
100633,2025-11-01,8884.92,1954.68,220,444.25,6265.99
100634,2025-11-01,7749.08,1704.8,220,387.45,5436.83
100635,2025-11-01,7408.0,1629.76,400,370.4,5007.84
100636,2025-11-01,13178.75,2899.32,220,658.94,9400.49
100637,2025-11-01,5578.58,1227.29,100,278.93,3972.36
100638,2025-11-01,14418.42,3172.05,220,720.92,10305.45
100639,2025-11-01,10894.17,2396.72,220,544.71,7732.74
100640,2025-11-01,4687.25,1031.2,220,234.36,3201.69
100641,2025-11-01,10718.17,2358.0,100,535.91,7724.26
100642,2025-11-01,7261.0,1597.42,220,363.05,5080.53
100643,2025-11-01,9317.83,2049.92,100,465.89,6702.02
100644,2025-11-01,4797.58,1055.47,220,239.88,3282.23
100645,2025-11-01,5272.42,1159.93,400,263.62,3448.87
100646,2025-11-01,10782.58,2372.17,100,539.13,7771.28
100647,2025-11-01,6446.83,1418.3,220,322.34,4486.19
100648,2025-11-01,15608.33,3433.83,220,780.42,11174.08
100649,2025-11-01,6710.92,1476.4,220,335.55,4678.97
100650,2025-11-01,8130.0,1788.6,100,406.5,5834.9
100651,2025-11-01,13797.25,3035.4,220,689.86,9851.99
100652,2025-11-01,6516.83,1433.7,100,325.84,4657.29
100653,2025-11-01,6886.58,1515.05,220,344.33,4807.2
100654,2025-11-01,6544.83,1439.86,100,327.24,4677.73
100655,2025-11-01,5737.58,1262.27,400,286.88,3788.43
100656,2025-11-01,6916.75,1521.68,220,345.84,4829.23
100658,2025-11-01,20115.42,4425.39,220,1005.77,14464.26
100659,2025-11-01,4971.17,1093.66,100,248.56,3528.95
100660,2025-11-01,8092.08,1780.26,100,404.6,5807.22
100661,2025-11-01,5389.58,1185.71,100,269.48,3834.39
100662,2025-11-01,5619.17,1236.22,100,280.96,4001.99
100663,2025-11-01,6126.33,1347.79,100,306.32,4372.22
100664,2025-11-01,13294.25,2924.74,220,664.71,9484.8
100665,2025-11-01,9821.0,2160.62,220,491.05,6949.33
100666,2025-11-01,18187.92,4001.34,100,909.4,13177.18
100667,2025-11-01,5801.83,1276.4,400,290.09,3835.34
100668,2025-11-01,6981.42,1535.91,100,349.07,4996.44
100669,2025-11-01,28737.42,6322.23,100,1436.87,20878.32
100670,2025-11-01,10694.25,2352.74,400,534.71,7406.8
100671,2025-11-01,7267.33,1598.81,220,363.37,5085.15
100672,2025-11-01,5285.83,1162.88,220,264.29,3638.66
100673,2025-11-01,11257.5,2476.65,100,562.88,8117.97
100674,2025-11-01,9617.92,2115.94,220,480.9,6801.08
100675,2025-11-01,12866.92,2830.72,100,643.35,9292.85
100676,2025-11-01,5936.75,1306.08,100,296.84,4233.83
100677,2025-11-01,11449.67,2518.93,100,572.48,8258.26
100678,2025-11-01,5068.25,1115.02,100,253.41,3599.82
100679,2025-11-01,10083.08,2218.28,100,504.15,7260.65
100680,2025-11-01,11222.75,2469.0,220,561.14,7972.61
100681,2025-11-01,10105.75,2223.26,220,505.29,7157.2
100682,2025-11-01,3574.92,786.48,220,178.75,2389.69
100683,2025-11-01,7227.42,1590.03,100,361.37,5176.02
100684,2025-11-01,17616.75,3875.68,100,880.84,12760.23
100685,2025-11-01,13527.75,2976.1,220,676.39,9655.26
100686,2025-11-01,9351.25,2057.28,400,467.56,6426.41
100687,2025-11-01,5467.58,1202.87,100,273.38,3891.33
100688,2025-11-01,9888.0,2175.36,100,494.4,7118.24
100689,2025-11-01,5886.67,1295.07,400,294.33,3897.27
100690,2025-11-01,12380.5,2723.71,100,619.03,8937.76
100691,2025-11-01,8907.67,1959.69,100,445.38,6402.6
100693,2025-11-01,8161.83,1795.6,400,408.09,5558.14
100694,2025-11-01,10015.92,2203.5,220,500.8,7091.62
100695,2025-11-01,7481.33,1645.89,220,374.07,5241.37
100696,2025-11-01,11561.92,2543.62,220,578.1,8220.2
100697,2025-11-01,7475.67,1644.65,100,373.78,5357.24
100698,2025-11-01,16559.42,3643.07,100,827.97,11988.38
100699,2025-11-01,6410.58,1410.33,400,320.53,4279.72
100700,2025-11-01,6986.0,1536.92,400,349.3,4699.78
100701,2025-11-01,5494.75,1208.84,100,274.74,3911.17
100702,2025-11-01,10967.75,2412.91,100,548.39,7906.45
100703,2025-11-01,8147.17,1792.38,220,407.36,5727.43
100704,2025-11-01,8164.83,1796.26,100,408.24,5860.33
100705,2025-11-01,7687.83,1691.32,400,384.39,5212.12
100706,2025-11-01,13220.17,2908.44,220,661.01,9430.72
100707,2025-11-01,4319.42,950.27,220,215.97,2933.18
100708,2025-11-01,9891.75,2176.18,220,494.59,7000.98
100711,2025-11-01,5020.42,1104.49,220,251.02,3444.91
100712,2025-11-01,6048.5,1330.67,220,302.42,4195.41
100713,2025-11-01,8160.17,1795.24,220,408.01,5736.92
100714,2025-11-01,6888.33,1515.43,220,344.42,4808.48
100715,2025-11-01,16734.08,3681.5,220,836.7,11995.88
100716,2025-11-01,5445.5,1198.01,220,272.28,3755.21
100717,2025-11-01,10800.58,2376.13,100,540.03,7784.42
100718,2025-11-01,3441.25,757.08,220,172.06,2292.11
100719,2025-11-01,5854.5,1287.99,220,292.73,4053.78
100720,2025-11-01,13151.25,2893.28,220,657.56,9380.41
100721,2025-11-01,9777.5,2151.05,220,488.88,6917.57
100722,2025-11-01,7613.75,1675.02,400,380.69,5158.04
100723,2025-11-01,18513.0,4072.86,220,925.65,13294.49
100724,2025-11-01,7142.67,1571.39,400,357.13,4814.15
100725,2025-11-01,9271.42,2039.71,220,463.57,6548.14
100726,2025-11-01,5201.83,1144.4,220,260.09,3577.34
100727,2025-11-01,4365.67,960.45,220,218.28,2966.94
100728,2025-11-01,5301.42,1166.31,400,265.07,3470.04
100729,2025-11-01,8407.67,1849.69,400,420.38,5737.6
100730,2025-11-01,14518.0,3193.96,100,725.9,10498.14
100731,2025-11-01,6834.92,1503.68,100,341.75,4889.49
100732,2025-11-01,6794.08,1494.7,220,339.7,4739.68
100733,2025-11-01,15007.33,3301.61,100,750.37,10855.35
100734,2025-11-01,19593.33,4310.53,100,979.67,14203.13
100735,2025-11-01,10287.42,2263.23,100,514.37,7409.82
100736,2025-11-01,8195.33,1802.97,100,409.77,5882.59
100737,2025-11-01,29121.42,6406.71,220,1456.07,21038.64
100738,2025-11-01,9195.25,2022.96,400,459.76,6312.53
100739,2025-11-01,11300.58,2486.13,220,565.03,8029.42
100740,2025-11-01,18337.0,4034.14,220,916.85,13166.01
100741,2025-11-01,8879.33,1953.45,220,443.97,6261.91
100742,2025-11-01,11150.75,2453.16,100,557.54,8040.05
100743,2025-11-01,11070.5,2435.51,220,553.52,7861.47
100744,2025-11-01,12050.08,2651.02,220,602.5,8576.56
100745,2025-11-01,8596.0,1891.12,100,429.8,6175.08
100746,2025-11-01,16098.5,3541.67,220,804.92,11531.91
100748,2025-11-01,8855.83,1948.28,400,442.79,6064.76
100749,2025-11-01,8900.17,1958.04,220,445.01,6277.12
100750,2025-11-01,12856.08,2828.34,400,642.8,8984.94
100751,2025-11-01,14432.92,3175.24,220,721.65,10316.03
100752,2025-11-01,7728.33,1700.23,220,386.42,5421.68
100753,2025-11-01,11081.33,2437.89,220,554.07,7869.37
100754,2025-11-01,6809.08,1498.0,220,340.45,4750.63
100755,2025-11-01,7691.33,1692.09,220,384.57,5394.67
100756,2025-11-01,3994.33,878.75,100,199.72,2815.86
100757,2025-11-01,4900.08,1078.02,220,245.0,3357.06
100759,2025-11-01,16923.92,3723.26,100,846.2,12254.46
100760,2025-11-01,8454.67,1860.03,220,422.73,5951.91
100761,2025-11-01,5517.83,1213.92,220,275.89,3808.02
100762,2025-11-01,7589.0,1669.58,220,379.45,5319.97
100763,2025-11-01,10667.83,2346.92,220,533.39,7567.52
100764,2025-11-01,5326.58,1171.85,220,266.33,3668.4
100765,2025-11-01,10451.58,2299.35,220,522.58,7409.65
100766,2025-11-01,4268.58,939.09,220,213.43,2896.06
100767,2025-11-01,8966.25,1972.58,220,448.31,6325.36
100770,2025-11-01,11100.75,2442.16,220,555.04,7883.55
100771,2025-11-01,7818.42,1720.05,100,390.92,5607.45
100773,2025-11-01,10030.92,2206.8,220,501.55,7102.57
100774,2025-11-01,13496.67,2969.27,400,674.83,9452.57
100775,2025-11-01,9320.75,2050.56,100,466.04,6704.15
100776,2025-11-01,14679.5,3229.49,100,733.98,10616.03
100777,2025-11-01,16062.75,3533.8,400,803.14,11325.81
100778,2025-11-01,6728.92,1480.36,400,336.45,4512.11
100779,2025-11-01,6813.5,1498.97,100,340.68,4873.85
100780,2025-11-01,6286.0,1382.92,100,314.3,4488.78
100781,2025-11-01,7975.0,1754.5,220,398.75,5601.75
100782,2025-11-01,5211.25,1146.47,100,260.56,3704.22
100783,2025-11-01,12723.25,2799.12,100,636.16,9187.97
100784,2025-11-01,13393.08,2946.48,220,669.65,9556.95
100785,2025-11-01,9161.83,2015.6,400,458.09,6288.14
100787,2025-11-01,13604.67,2993.03,220,680.23,9711.41
100788,2025-11-01,5371.67,1181.77,100,268.58,3821.32
100790,2025-11-01,12919.25,2842.24,100,645.96,9331.05
100792,2025-11-01,9455.5,2080.21,220,472.78,6682.51
100793,2025-11-01,5781.42,1271.91,400,289.07,3820.44
100794,2025-11-01,6871.33,1511.69,100,343.57,4916.07
100795,2025-11-01,11319.67,2490.33,220,565.98,8043.36
100796,2025-11-01,20610.75,4534.36,220,1030.54,14825.85
100797,2025-11-01,8510.92,1872.4,100,425.55,6112.97
100798,2025-11-01,5199.75,1143.94,400,259.99,3395.82
100799,2025-11-01,8691.92,1912.22,220,434.6,6125.1
100800,2025-11-01,11228.17,2470.2,400,561.41,7796.56
100801,2025-11-01,10555.17,2322.14,220,527.76,7485.27
100802,2025-11-01,17049.33,3750.85,220,852.47,12226.01
100803,2025-11-01,5086.08,1118.94,400,254.3,3312.84
100804,2025-11-01,10831.5,2382.93,220,541.58,7686.99
100805,2025-11-01,11472.17,2523.88,100,573.61,8274.68
100806,2025-11-01,9670.83,2127.58,400,483.54,6659.71
100807,2025-11-01,19933.83,4385.44,100,996.69,14451.7
100808,2025-11-01,6063.58,1333.99,400,303.18,4026.41
100809,2025-11-01,5356.0,1178.32,220,267.8,3689.88
100810,2025-11-01,4546.25,1000.18,100,227.31,3218.76
100811,2025-11-01,5018.92,1104.16,100,250.95,3563.81
100812,2025-11-01,5474.17,1204.32,220,273.71,3776.14
100813,2025-11-01,15420.42,3392.49,400,771.02,10856.91
100814,2025-11-01,14005.0,3081.1,100,700.25,10123.65
100816,2025-11-01,6084.0,1338.48,100,304.2,4341.32
100817,2025-11-01,5571.75,1225.79,100,278.59,3967.37
100818,2025-11-01,9621.17,2116.66,100,481.06,6923.45
100819,2025-11-01,6763.75,1488.02,220,338.19,4717.54
100820,2025-11-01,6220.17,1368.44,400,311.01,4140.72
100821,2025-11-01,15051.75,3311.38,220,752.59,10767.78
100822,2025-11-01,19433.5,4275.37,400,971.68,13786.45
100823,2025-11-01,15590.33,3429.87,100,779.52,11280.94
100824,2025-11-01,11573.5,2546.17,220,578.68,8228.65
100826,2025-11-01,4671.58,1027.75,400,233.58,3010.25
100827,2025-11-01,17616.5,3875.63,400,880.82,12460.05
100828,2025-11-01,12868.67,2831.11,220,643.43,9174.13
100829,2025-11-01,12537.17,2758.18,220,626.86,8932.13
100830,2025-11-01,5536.92,1218.12,100,276.85,3941.95
100831,2025-11-01,8338.92,1834.56,100,416.95,5987.41
100832,2025-11-01,8128.0,1788.16,220,406.4,5713.44
100833,2025-11-01,10914.58,2401.21,220,545.73,7747.64
100834,2025-11-01,23522.92,5175.04,220,1176.15,16951.73
100835,2025-11-01,11165.08,2456.32,220,558.25,7930.51
100836,2025-11-01,9201.92,2024.42,220,460.1,6497.4
100837,2025-11-01,6869.0,1511.18,100,343.45,4914.37
100838,2025-11-01,9517.83,2093.92,220,475.89,6728.02
100839,2025-11-01,8954.42,1969.97,100,447.72,6436.73
100840,2025-11-01,9174.58,2018.41,100,458.73,6597.44
100841,2025-11-01,4660.83,1025.38,100,233.04,3302.41
100842,2025-11-01,4966.33,1092.59,220,248.32,3405.42
100843,2025-11-01,8535.5,1877.81,400,426.78,5830.91
100844,2025-11-01,9842.42,2165.33,100,492.12,7084.97
100845,2025-11-01,9716.75,2137.68,100,485.84,6993.23
100846,2025-11-01,17968.25,3953.02,220,898.41,12896.82
100847,2025-11-01,6370.25,1401.46,220,318.51,4430.28
100848,2025-11-01,20284.5,4462.59,220,1014.22,14587.69
100849,2025-11-01,24838.92,5464.56,400,1241.95,17732.41
100850,2025-11-01,7754.92,1706.08,220,387.75,5441.09
100851,2025-11-01,8908.25,1959.82,400,445.41,6103.02
100854,2025-11-01,7978.67,1755.31,220,398.93,5604.43
100855,2025-11-01,6838.75,1504.52,220,341.94,4772.29
100856,2025-11-01,21582.67,4748.19,220,1079.13,15535.35
100857,2025-11-01,10207.0,2245.54,220,510.35,7231.11
100858,2025-11-01,8335.42,1833.79,220,416.77,5864.86
100859,2025-11-01,6707.58,1475.67,220,335.38,4676.53
100860,2025-11-01,10660.83,2345.38,100,533.04,7682.41
100861,2025-11-01,11176.92,2458.92,100,558.85,8059.15
100862,2025-11-01,14513.58,3192.99,220,725.68,10374.91
100863,2025-11-01,5531.83,1217.0,220,276.59,3818.24
100865,2025-11-01,7804.75,1717.04,220,390.24,5477.47
100866,2025-11-01,18154.75,3994.04,220,907.74,13032.97
100867,2025-11-01,6582.83,1448.22,220,329.14,4585.47
100868,2025-11-01,9741.5,2143.13,100,487.08,7011.29
100870,2025-11-01,11161.5,2455.53,400,558.08,7747.89
100871,2025-11-01,6919.33,1522.25,100,345.97,4951.11
100872,2025-11-01,11068.58,2435.09,220,553.43,7860.06
100873,2025-11-01,8878.58,1953.29,220,443.93,6261.36
100874,2025-11-01,8914.5,1961.19,220,445.72,6287.59
100875,2025-11-01,21468.5,4723.07,100,1073.42,15572.01
100876,2025-11-01,8354.17,1837.92,100,417.71,5998.54
100877,2025-11-01,4265.17,938.34,100,213.26,3013.57
100878,2025-11-01,8727.0,1919.94,220,436.35,6150.71
100879,2025-11-01,5990.67,1317.95,400,299.53,3973.19
100880,2025-11-01,5435.08,1195.72,220,271.75,3747.61
100881,2025-11-01,22073.92,4856.26,100,1103.7,16013.96
100882,2025-11-01,3800.08,836.02,100,190.0,2674.06
100883,2025-11-01,6648.92,1462.76,100,332.45,4753.71
100884,2025-11-01,8564.17,1884.12,220,428.21,6031.84
100885,2025-11-01,10918.67,2402.11,400,545.93,7570.63
100886,2025-11-01,11474.17,2524.32,100,573.71,8276.14
100887,2025-11-01,6569.25,1445.24,220,328.46,4575.55
100888,2025-11-01,6247.92,1374.54,100,312.4,4460.98
100890,2025-11-01,3755.42,826.19,220,187.77,2521.46
100891,2025-11-01,4779.42,1051.47,220,238.97,3268.98
100892,2025-11-01,7286.17,1602.96,220,364.31,5098.9
100894,2025-11-01,6963.17,1531.9,220,348.16,4863.11
100895,2025-11-01,10869.42,2391.27,220,543.47,7714.68
100896,2025-11-01,15972.92,3514.04,220,798.65,11440.23
100897,2025-11-01,11468.58,2523.09,220,573.43,8152.06
100898,2025-11-01,17153.08,3773.68,220,857.65,12301.75
100899,2025-11-01,8352.08,1837.46,100,417.6,5997.02
100900,2025-11-01,14440.0,3176.8,100,722.0,10441.2
100901,2025-11-01,6493.33,1428.53,100,324.67,4640.13
100902,2025-11-01,11876.92,2612.92,100,593.85,8570.15
100903,2025-11-01,12596.67,2771.27,220,629.83,8975.57
100904,2025-11-01,6855.0,1508.1,100,342.75,4904.15
100905,2025-11-01,8496.0,1869.12,100,424.8,6102.08
100906,2025-11-01,9564.75,2104.24,100,478.24,6882.27
100907,2025-11-01,13452.25,2959.5,220,672.61,9600.14
100908,2025-11-01,13460.58,2961.33,400,673.03,9426.22
100909,2025-11-01,9266.75,2038.68,220,463.34,6544.73
100910,2025-11-01,25196.67,5543.27,100,1259.83,18293.57
100912,2025-11-01,7054.58,1552.01,220,352.73,4929.84
100913,2025-11-01,14828.17,3262.2,100,741.41,10724.56
100914,2025-11-01,8551.08,1881.24,400,427.55,5842.29
100915,2025-11-01,15573.17,3426.1,220,778.66,11148.41
100916,2025-11-01,5024.67,1105.43,100,251.23,3568.01
100917,2025-11-01,8000.75,1760.16,100,400.04,5740.55
100918,2025-11-01,17050.33,3751.07,100,852.52,12346.74
100919,2025-11-01,5133.83,1129.44,220,256.69,3527.7
100920,2025-11-01,16923.17,3723.1,100,846.16,12253.91
100921,2025-11-01,10285.25,2262.76,100,514.26,7408.23
100922,2025-11-01,14177.0,3118.94,100,708.85,10249.21
100924,2025-11-01,10622.5,2336.95,100,531.12,7654.43
100925,2025-11-01,4469.67,983.33,400,223.48,2862.86
100926,2025-11-01,6592.83,1450.42,220,329.64,4592.77
100928,2025-11-01,10778.17,2371.2,220,538.91,7648.06
100929,2025-11-01,5828.67,1282.31,400,291.43,3854.93
100931,2025-11-01,8408.83,1849.94,100,420.44,6038.45
100932,2025-11-01,6418.83,1412.14,100,320.94,4585.75
100933,2025-11-01,15579.08,3427.4,220,778.95,11152.73
100935,2025-11-01,8623.92,1897.26,220,431.2,6075.46
100936,2025-11-01,8491.75,1868.18,100,424.59,6098.98
100937,2025-11-01,15414.5,3391.19,220,770.72,11032.59
100939,2025-11-01,6830.5,1502.71,400,341.52,4586.27
100940,2025-11-01,4359.33,959.05,220,217.97,2962.31
100941,2025-11-01,7956.17,1750.36,100,397.81,5708.0
100942,2025-11-01,8807.5,1937.65,220,440.38,6209.47
100943,2025-11-01,4032.67,887.19,220,201.63,2723.85
100944,2025-11-01,17064.42,3754.17,220,853.22,12237.03
100945,2025-11-01,6709.83,1476.16,100,335.49,4798.18
100946,2025-11-01,7502.92,1650.64,100,375.15,5377.13
100947,2025-11-01,8322.92,1831.04,400,416.15,5675.73
100948,2025-11-01,13986.67,3077.07,100,699.33,10110.27
100949,2025-11-01,6653.5,1463.77,220,332.68,4637.05
100950,2025-11-01,11491.0,2528.02,220,574.55,8168.43
100951,2025-11-01,13377.0,2942.94,220,668.85,9545.21
100952,2025-11-01,7889.83,1735.76,100,394.49,5659.58
100953,2025-11-01,9547.0,2100.34,400,477.35,6569.31
100954,2025-11-01,5729.25,1260.44,100,286.46,4082.35
100956,2025-11-01,13155.0,2894.1,100,657.75,9503.15
100957,2025-11-01,10245.0,2253.9,220,512.25,7258.85
100958,2025-11-01,16187.67,3561.29,220,809.38,11597.0
100961,2025-11-01,6897.17,1517.38,220,344.86,4814.93
100962,2025-11-01,14245.17,3133.94,100,712.26,10298.97
100963,2025-11-01,13225.08,2909.52,400,661.25,9254.31
100964,2025-11-01,10623.67,2337.21,400,531.18,7355.28
100965,2025-11-01,6877.5,1513.05,100,343.88,4920.57
100966,2025-11-01,5392.83,1186.42,400,269.64,3536.77
100967,2025-11-01,13151.25,2893.28,220,657.56,9380.41
100968,2025-11-01,4635.83,1019.88,400,231.79,2984.16
100969,2025-11-01,6297.17,1385.38,220,314.86,4376.93
100970,2025-11-01,4368.0,960.96,220,218.4,2968.64
100971,2025-11-01,6499.42,1429.87,220,324.97,4524.58
100972,2025-11-01,3976.08,874.74,400,198.8,2502.54
100973,2025-11-01,9015.08,1983.32,220,450.75,6361.01
100974,2025-11-01,7093.0,1560.46,220,354.65,4957.89
100975,2025-11-01,20194.17,4442.72,100,1009.71,14641.74
100976,2025-11-01,6941.25,1527.08,100,347.06,4967.11
100977,2025-11-01,5501.92,1210.42,220,275.1,3796.4
100978,2025-11-01,17837.5,3924.25,400,891.88,12621.37
100979,2025-11-01,12563.08,2763.88,220,628.15,8951.05
100980,2025-11-01,18352.42,4037.53,220,917.62,13177.27
100981,2025-11-01,10018.17,2204.0,100,500.91,7213.26
100982,2025-11-01,10383.33,2284.33,100,519.17,7479.83
100983,2025-11-01,6777.58,1491.07,100,338.88,4847.63
100984,2025-11-01,8774.83,1930.46,220,438.74,6185.63
100985,2025-11-01,10264.25,2258.14,100,513.21,7392.9
100986,2025-11-01,7034.0,1547.48,100,351.7,5034.82
100987,2025-11-01,6686.08,1470.94,220,334.3,4660.84
100988,2025-11-01,5146.83,1132.3,220,257.34,3537.19
100989,2025-11-01,14513.08,3192.88,400,725.65,10194.55
100990,2025-11-01,7145.67,1572.05,220,357.28,4996.34
100991,2025-11-01,6847.0,1506.34,100,342.35,4898.31
100992,2025-11-01,6073.17,1336.1,100,303.66,4333.41
100993,2025-11-01,17606.83,3873.5,100,880.34,12752.99
100994,2025-11-01,10441.17,2297.06,220,522.06,7402.05
100995,2025-11-01,4268.5,939.07,100,213.42,3016.01
100996,2025-11-01,12333.67,2713.41,220,616.68,8783.58
100997,2025-11-01,12477.75,2745.1,220,623.89,8888.76
100998,2025-11-01,15574.92,3426.48,220,778.75,11149.69
100999,2025-11-01,18652.58,4103.57,220,932.63,13396.38
100000,2025-12-01,9139.5,2010.69,100,456.98,6571.83
100001,2025-12-01,16230.42,3570.69,220,811.52,11628.21
100002,2025-12-01,4865.08,1070.32,100,243.25,3451.51
100004,2025-12-01,15901.08,3498.24,100,795.05,11507.79
100005,2025-12-01,4901.08,1078.24,400,245.05,3177.79
100007,2025-12-01,16828.25,3702.22,100,841.41,12184.62
100008,2025-12-01,9127.33,2008.01,220,456.37,6442.95
100009,2025-12-01,7030.5,1546.71,220,351.52,4912.27
100010,2025-12-01,8318.0,1829.96,220,415.9,5852.14
100012,2025-12-01,9653.67,2123.81,100,482.68,6947.18
100013,2025-12-01,12761.83,2807.6,220,638.09,9096.14
100014,2025-12-01,8581.17,1887.86,220,429.06,6044.25
100015,2025-12-01,6157.08,1354.56,400,307.85,4094.67
100016,2025-12-01,17340.17,3814.84,100,867.01,12558.32
100017,2025-12-01,13526.83,2975.9,220,676.34,9654.59
100018,2025-12-01,6987.17,1537.18,220,349.36,4880.63
100019,2025-12-01,12207.0,2685.54,400,610.35,8511.11
100020,2025-12-01,4762.67,1047.79,220,238.13,3256.75
100021,2025-12-01,6965.5,1532.41,220,348.28,4864.81
100022,2025-12-01,24180.0,5319.6,220,1209.0,17431.4
100023,2025-12-01,9305.17,2047.14,400,465.26,6392.77
100025,2025-12-01,11076.33,2436.79,100,553.82,7985.72
100026,2025-12-01,4921.42,1082.71,220,246.07,3372.64
100027,2025-12-01,8603.83,1892.84,220,430.19,6060.8
100028,2025-12-01,7281.67,1601.97,100,364.08,5215.62
100029,2025-12-01,7516.17,1653.56,220,375.81,5266.8
100030,2025-12-01,8757.25,1926.6,220,437.86,6172.79
100031,2025-12-01,8307.25,1827.6,100,415.36,5964.29
100032,2025-12-01,9003.5,1980.77,220,450.18,6352.55
100033,2025-12-01,9641.17,2121.06,220,482.06,6818.05
100034,2025-12-01,11724.58,2579.41,220,586.23,8338.94
100035,2025-12-01,6651.67,1463.37,100,332.58,4755.72
100036,2025-12-01,9967.5,2192.85,100,498.38,7176.27
100037,2025-12-01,11445.42,2517.99,400,572.27,7955.16
100038,2025-12-01,5696.42,1253.21,220,284.82,3938.39
100039,2025-12-01,4787.17,1053.18,220,239.36,3274.63
100040,2025-12-01,6920.75,1522.56,400,346.04,4652.15
100041,2025-12-01,8260.92,1817.4,220,413.05,5810.47
100042,2025-12-01,5000.33,1100.07,220,250.02,3430.24
100043,2025-12-01,8565.58,1884.43,100,428.28,6152.87
100044,2025-12-01,6964.42,1532.17,220,348.22,4864.03
100045,2025-12-01,8803.0,1936.66,100,440.15,6326.19
100046,2025-12-01,5984.92,1316.68,220,299.25,4148.99
100047,2025-12-01,14119.0,3106.18,100,705.95,10206.87
100048,2025-12-01,9044.17,1989.72,100,452.21,6502.24
100050,2025-12-01,10566.83,2324.7,220,528.34,7493.79
100052,2025-12-01,8516.25,1873.58,100,425.81,6116.86
100053,2025-12-01,4602.08,1012.46,220,230.1,3139.52
100054,2025-12-01,5224.08,1149.3,100,261.2,3713.58
100056,2025-12-01,11026.25,2425.78,100,551.31,7949.16
100057,2025-12-01,16127.0,3547.94,220,806.35,11552.71
100058,2025-12-01,10267.83,2258.92,220,513.39,7275.52
100059,2025-12-01,12883.92,2834.46,220,644.2,9185.26
100060,2025-12-01,5310.5,1168.31,400,265.53,3476.66
100061,2025-12-01,6341.0,1395.02,100,317.05,4528.93
100062,2025-12-01,10589.17,2329.62,100,529.46,7630.09
100063,2025-12-01,7954.17,1749.92,100,397.71,5706.54
100064,2025-12-01,6707.33,1475.61,100,335.37,4796.35
100065,2025-12-01,10692.25,2352.3,400,534.61,7405.34
100066,2025-12-01,7877.33,1733.01,220,393.87,5530.45
100067,2025-12-01,25583.33,5628.33,100,1279.17,18575.83
100068,2025-12-01,8412.25,1850.7,400,420.61,5740.94
100069,2025-12-01,20645.5,4542.01,220,1032.28,14851.21
100070,2025-12-01,7271.75,1599.78,220,363.59,5088.38
100071,2025-12-01,7524.92,1655.48,220,376.25,5273.19
100072,2025-12-01,6540.83,1438.98,220,327.04,4554.81
100073,2025-12-01,4125.5,907.61,220,206.28,2791.61
100074,2025-12-01,20206.83,4445.5,100,1010.34,14650.99
100075,2025-12-01,12589.25,2769.64,100,629.46,9090.15
100076,2025-12-01,14155.17,3114.14,100,707.76,10233.27
100077,2025-12-01,8610.75,1894.36,220,430.54,6065.85
100078,2025-12-01,11088.5,2439.47,100,554.43,7994.6
100079,2025-12-01,13715.58,3017.43,220,685.78,9792.37
100080,2025-12-01,11828.58,2602.29,400,591.43,8234.86
100081,2025-12-01,11530.75,2536.76,220,576.54,8197.45
100082,2025-12-01,10152.17,2233.48,220,507.61,7191.08
100083,2025-12-01,10714.0,2357.08,220,535.7,7601.22
100084,2025-12-01,8622.92,1897.04,400,431.15,5894.73
100085,2025-12-01,12882.58,2834.17,220,644.13,9184.28
100086,2025-12-01,6194.5,1362.79,220,309.73,4301.98
100087,2025-12-01,5315.5,1169.41,100,265.78,3780.31
100088,2025-12-01,6786.58,1493.05,400,339.33,4554.2
100089,2025-12-01,11251.25,2475.28,220,562.56,7993.41
100090,2025-12-01,9484.0,2086.48,220,474.2,6703.32
100092,2025-12-01,9187.67,2021.29,220,459.38,6487.0
100093,2025-12-01,11249.08,2474.8,220,562.45,7991.83
100094,2025-12-01,10183.08,2240.28,220,509.15,7213.65
100095,2025-12-01,6212.33,1366.71,220,310.62,4315.0
100096,2025-12-01,22432.67,4935.19,220,1121.63,16155.85
100097,2025-12-01,5389.75,1185.75,100,269.49,3834.51
100098,2025-12-01,5040.75,1108.96,220,252.04,3459.75
100099,2025-12-01,13871.08,3051.64,220,693.55,9905.89
100100,2025-12-01,7183.17,1580.3,220,359.16,5023.71
100101,2025-12-01,6228.17,1370.2,100,311.41,4446.56
100102,2025-12-01,15850.33,3487.07,220,792.52,11350.74
100103,2025-12-01,7031.0,1546.82,220,351.55,4912.63
100104,2025-12-01,7022.67,1544.99,220,351.13,4906.55
100105,2025-12-01,7421.17,1632.66,220,371.06,5197.45
100106,2025-12-01,9965.83,2192.48,220,498.29,7055.06
100107,2025-12-01,6055.25,1332.16,400,302.76,4020.33
100108,2025-12-01,13479.33,2965.45,220,673.97,9619.91
100109,2025-12-01,12701.5,2794.33,400,635.08,8872.09
100110,2025-12-01,11432.83,2515.22,220,571.64,8125.97
100111,2025-12-01,6333.75,1393.42,220,316.69,4403.64
100113,2025-12-01,5428.42,1194.25,220,271.42,3742.75
100114,2025-12-01,5970.92,1313.6,220,298.55,4138.77
100115,2025-12-01,7361.92,1619.62,100,368.1,5274.2
100116,2025-12-01,5530.42,1216.69,400,276.52,3637.21
100117,2025-12-01,11564.5,2544.19,400,578.22,8042.09
100118,2025-12-01,13611.58,2994.55,400,680.58,9536.45
100119,2025-12-01,10560.58,2323.33,400,528.03,7309.22
100120,2025-12-01,3845.75,846.06,400,192.29,2407.4
100121,2025-12-01,9763.58,2147.99,220,488.18,6907.41
100122,2025-12-01,7425.17,1633.54,400,371.26,5020.37
100123,2025-12-01,10167.17,2236.78,220,508.36,7202.03
100124,2025-12-01,12769.42,2809.27,100,638.47,9221.68
100125,2025-12-01,12486.0,2746.92,220,624.3,8894.78
100126,2025-12-01,6049.25,1330.84,220,302.46,4195.95
100127,2025-12-01,25024.33,5505.35,220,1251.22,18047.76
100128,2025-12-01,11521.67,2534.77,220,576.08,8190.82
100129,2025-12-01,16616.58,3655.65,220,830.83,11910.1
100130,2025-12-01,10864.5,2390.19,100,543.22,7831.09
100131,2025-12-01,12110.33,2664.27,400,605.52,8440.54
100132,2025-12-01,9132.42,2009.13,100,456.62,6566.67
100133,2025-12-01,8652.17,1903.48,220,432.61,6096.08
100134,2025-12-01,9856.08,2168.34,400,492.8,6794.94
100135,2025-12-01,5304.58,1167.01,220,265.23,3652.34
100136,2025-12-01,9855.58,2168.23,100,492.78,7094.57
100137,2025-12-01,6619.17,1456.22,220,330.96,4611.99
100139,2025-12-01,9916.75,2181.68,220,495.84,7019.23
100140,2025-12-01,11202.42,2464.53,100,560.12,8077.77
100141,2025-12-01,6765.5,1488.41,100,338.28,4838.81
100142,2025-12-01,6717.17,1477.78,220,335.86,4683.53
100143,2025-12-01,16955.17,3730.14,100,847.76,12277.27
100144,2025-12-01,10877.0,2392.94,220,543.85,7720.21
100145,2025-12-01,9850.58,2167.13,400,492.53,6790.92
100146,2025-12-01,12346.67,2716.27,220,617.33,8793.07
100147,2025-12-01,10857.33,2388.61,220,542.87,7705.85
100148,2025-12-01,4470.5,983.51,220,223.52,3043.47
100149,2025-12-01,6893.33,1516.53,400,344.67,4632.13
100150,2025-12-01,7398.0,1627.56,220,369.9,5180.54
100151,2025-12-01,13484.0,2966.48,220,674.2,9623.32
100152,2025-12-01,4414.25,971.14,400,220.71,2822.4
100153,2025-12-01,17365.0,3820.3,220,868.25,12456.45
100155,2025-12-01,26802.08,5896.46,220,1340.1,19345.52
100156,2025-12-01,4773.33,1050.13,100,238.67,3384.53
100157,2025-12-01,14921.75,3282.78,220,746.09,10672.88
100158,2025-12-01,5061.92,1113.62,220,253.1,3475.2
100159,2025-12-01,6508.08,1431.78,100,325.4,4650.9
100160,2025-12-01,4536.67,998.07,220,226.83,3091.77
100161,2025-12-01,10924.58,2403.41,400,546.23,7574.94
100162,2025-12-01,5071.92,1115.82,100,253.6,3602.5
100163,2025-12-01,10341.58,2275.15,100,517.08,7449.35
100164,2025-12-01,7437.08,1636.16,100,371.85,5329.07
100165,2025-12-01,17899.5,3937.89,100,894.98,12966.63
100166,2025-12-01,6421.33,1412.69,400,321.07,4287.57
100167,2025-12-01,20929.0,4604.38,400,1046.45,14878.17
100168,2025-12-01,11953.5,2629.77,220,597.68,8506.05
100169,2025-12-01,13317.08,2929.76,100,665.85,9621.47
100170,2025-12-01,9022.83,1985.02,220,451.14,6366.67
100171,2025-12-01,10757.92,2366.74,220,537.9,7633.28
100172,2025-12-01,11922.42,2622.93,220,596.12,8483.37
100173,2025-12-01,10547.67,2320.49,400,527.38,7299.8
100174,2025-12-01,8182.17,1800.08,100,409.11,5872.98
100175,2025-12-01,6804.75,1497.04,220,340.24,4747.47
100176,2025-12-01,4666.08,1026.54,220,233.3,3186.24
100177,2025-12-01,16450.83,3619.18,100,822.54,11909.11
100178,2025-12-01,16824.42,3701.37,100,841.22,12181.83
100179,2025-12-01,9026.08,1985.74,220,451.3,6369.04
100180,2025-12-01,7434.92,1635.68,220,371.75,5207.49
100181,2025-12-01,10870.58,2391.53,100,543.53,7835.52
100182,2025-12-01,4723.92,1039.26,100,236.2,3348.46
100183,2025-12-01,4721.67,1038.77,220,236.08,3226.82
100184,2025-12-01,8631.25,1898.88,100,431.56,6200.81
100185,2025-12-01,10675.67,2348.65,220,533.78,7573.24
100186,2025-12-01,14068.75,3095.12,400,703.44,9870.19
100187,2025-12-01,11034.92,2427.68,220,551.75,7835.49
100188,2025-12-01,4768.0,1048.96,220,238.4,3260.64
100189,2025-12-01,12532.33,2757.11,220,626.62,8928.6
100190,2025-12-01,4869.33,1071.25,100,243.47,3454.61
100191,2025-12-01,6128.0,1348.16,220,306.4,4253.44
100192,2025-12-01,12756.25,2806.38,100,637.81,9212.06
100193,2025-12-01,8155.0,1794.1,100,407.75,5853.15
100194,2025-12-01,6876.08,1512.74,220,343.8,4799.54
100196,2025-12-01,8246.67,1814.27,400,412.33,5620.07
100197,2025-12-01,15969.92,3513.38,220,798.5,11438.04
100198,2025-12-01,4306.75,947.48,100,215.34,3043.93
100200,2025-12-01,8454.58,1860.01,400,422.73,5771.84
100201,2025-12-01,7563.5,1663.97,220,378.18,5301.35
100202,2025-12-01,6520.0,1434.4,220,326.0,4539.6
100203,2025-12-01,13507.08,2971.56,100,675.35,9760.17
100204,2025-12-01,8528.67,1876.31,220,426.43,6005.93
100205,2025-12-01,17646.17,3882.16,100,882.31,12781.7
100206,2025-12-01,13789.25,3033.64,100,689.46,9966.15
100207,2025-12-01,5099.08,1121.8,400,254.95,3322.33
100208,2025-12-01,9280.08,2041.62,220,464.0,6554.46
100209,2025-12-01,13966.58,3072.65,220,698.33,9975.6
100210,2025-12-01,11131.92,2449.02,220,556.6,7906.3
100212,2025-12-01,7991.17,1758.06,100,399.56,5733.55
100213,2025-12-01,5940.5,1306.91,220,297.03,4116.56
100214,2025-12-01,13582.33,2988.11,100,679.12,9815.1
100215,2025-12-01,10632.17,2339.08,400,531.61,7361.48
100216,2025-12-01,9056.83,1992.5,220,452.84,6391.49
100217,2025-12-01,5117.33,1125.81,220,255.87,3515.65
100218,2025-12-01,9978.0,2195.16,220,498.9,7063.94
100219,2025-12-01,6328.75,1392.32,400,316.44,4219.99
100220,2025-12-01,6759.25,1487.04,220,337.96,4714.25
100221,2025-12-01,6577.33,1447.01,220,328.87,4581.45
100223,2025-12-01,6582.75,1448.2,220,329.14,4585.41
100225,2025-12-01,4293.0,944.46,400,214.65,2733.89
100226,2025-12-01,22889.17,5035.62,220,1144.46,16489.09
100227,2025-12-01,24022.17,5284.88,220,1201.11,17316.18
100228,2025-12-01,5664.33,1246.15,400,283.22,3734.96
100229,2025-12-01,8066.92,1774.72,220,403.35,5668.85
100230,2025-12-01,9808.0,2157.76,220,490.4,6939.84
100231,2025-12-01,22240.75,4892.96,400,1112.04,15835.75
100232,2025-12-01,13809.08,3038.0,100,690.45,9980.63
100233,2025-12-01,7724.92,1699.48,400,386.25,5239.19
100234,2025-12-01,11040.25,2428.86,220,552.01,7839.38
100235,2025-12-01,10615.0,2335.3,100,530.75,7648.95
100236,2025-12-01,6981.25,1535.88,220,349.06,4876.31
100237,2025-12-01,15628.0,3438.16,100,781.4,11308.44
100238,2025-12-01,18078.5,3977.27,220,903.92,12977.31
100239,2025-12-01,6142.5,1351.35,220,307.12,4264.03
100240,2025-12-01,8873.92,1952.26,100,443.7,6377.96
100241,2025-12-01,10949.08,2408.8,220,547.45,7772.83
100242,2025-12-01,6298.67,1385.71,220,314.93,4378.03
100243,2025-12-01,17271.58,3799.75,400,863.58,12208.25
100245,2025-12-01,6249.0,1374.78,400,312.45,4161.77
100246,2025-12-01,5736.42,1262.01,220,286.82,3967.59
100247,2025-12-01,11553.75,2541.82,400,577.69,8034.24
100248,2025-12-01,14089.75,3099.74,220,704.49,10065.52
100249,2025-12-01,11909.17,2620.02,220,595.46,8473.69
100250,2025-12-01,6083.58,1338.39,220,304.18,4221.01
100251,2025-12-01,5242.08,1153.26,220,262.1,3606.72
100252,2025-12-01,6465.83,1422.48,220,323.29,4500.06
100253,2025-12-01,7247.42,1594.43,220,362.37,5070.62
100254,2025-12-01,12028.25,2646.22,400,601.41,8380.62
100255,2025-12-01,10206.25,2245.38,220,510.31,7230.56
100256,2025-12-01,5733.08,1261.28,220,286.65,3965.15
100257,2025-12-01,3858.33,848.83,400,192.92,2416.58
100259,2025-12-01,12994.75,2858.84,400,649.74,9086.17
100260,2025-12-01,7101.0,1562.22,220,355.05,4963.73
100261,2025-12-01,11219.83,2468.36,100,560.99,8090.48
100262,2025-12-01,5968.08,1312.98,100,298.4,4256.7
100263,2025-12-01,6707.33,1475.61,400,335.37,4496.35
100264,2025-12-01,10278.42,2261.25,100,513.92,7403.25
100265,2025-12-01,17426.0,3833.72,100,871.3,12620.98
100266,2025-12-01,20683.0,4550.26,400,1034.15,14698.59
100267,2025-12-01,21041.25,4629.08,220,1052.06,15140.11
100268,2025-12-01,10094.5,2220.79,220,504.72,7148.99
100269,2025-12-01,5861.92,1289.62,220,293.1,4059.2
100270,2025-12-01,6843.25,1505.52,100,342.16,4895.57
100271,2025-12-01,11615.0,2555.3,220,580.75,8258.95
100272,2025-12-01,4543.0,999.46,220,227.15,3096.39
100273,2025-12-01,21669.0,4767.18,220,1083.45,15598.37
100274,2025-12-01,10660.17,2345.24,220,533.01,7561.92
100275,2025-12-01,7824.5,1721.39,220,391.22,5491.89
100276,2025-12-01,5144.5,1131.79,100,257.23,3655.48
100277,2025-12-01,5367.75,1180.9,220,268.39,3698.46
100278,2025-12-01,5179.33,1139.45,400,258.97,3380.91
100280,2025-12-01,7634.58,1679.61,400,381.73,5173.24
100281,2025-12-01,8057.75,1772.7,220,402.89,5662.16
100282,2025-12-01,5209.08,1146.0,220,260.45,3582.63
100283,2025-12-01,20631.67,4538.97,220,1031.58,14841.12
100284,2025-12-01,10915.17,2401.34,100,545.76,7868.07
100285,2025-12-01,7224.67,1589.43,100,361.23,5174.01
100286,2025-12-01,11535.0,2537.7,100,576.75,8320.55
100287,2025-12-01,9275.33,2040.57,220,463.77,6550.99
100288,2025-12-01,6697.75,1473.5,220,334.89,4669.36
100289,2025-12-01,11283.92,2482.46,400,564.2,7837.26
100290,2025-12-01,9402.83,2068.62,100,470.14,6764.07
100291,2025-12-01,8603.83,1892.84,220,430.19,6060.8
100292,2025-12-01,11875.33,2612.57,220,593.77,8448.99
100293,2025-12-01,8318.42,1830.05,100,415.92,5972.45
100294,2025-12-01,11548.5,2540.67,220,577.43,8210.4
100295,2025-12-01,4943.58,1087.59,100,247.18,3508.81
100296,2025-12-01,15896.08,3497.14,400,794.8,11204.14
100299,2025-12-01,11459.33,2521.05,400,572.97,7965.31
100300,2025-12-01,8468.83,1863.14,220,423.44,5962.25
100301,2025-12-01,28928.33,6364.23,100,1446.42,21017.68
100302,2025-12-01,7871.33,1731.69,100,393.57,5646.07
100303,2025-12-01,14211.42,3126.51,400,710.57,9974.34
100304,2025-12-01,11348.83,2496.74,220,567.44,8064.65
100306,2025-12-01,8519.5,1874.29,100,425.98,6119.23
100307,2025-12-01,5536.0,1217.92,220,276.8,3821.28
100309,2025-12-01,11870.5,2611.51,400,593.52,8265.47
100310,2025-12-01,5569.17,1225.22,400,278.46,3665.49
100311,2025-12-01,5661.67,1245.57,220,283.08,3913.02
100312,2025-12-01,12219.92,2688.38,220,611.0,8700.54
100314,2025-12-01,8991.0,1978.02,400,449.55,6163.43
100315,2025-12-01,18630.92,4098.8,400,931.55,13200.57
100316,2025-12-01,14502.58,3190.57,400,725.13,10186.88
100317,2025-12-01,8494.0,1868.68,220,424.7,5980.62
100319,2025-12-01,8501.75,1870.38,100,425.09,6106.28
100320,2025-12-01,10614.75,2335.24,220,530.74,7528.77
100321,2025-12-01,16211.0,3566.42,100,810.55,11734.03
100323,2025-12-01,8383.5,1844.37,220,419.18,5899.95
100324,2025-12-01,9632.42,2119.13,100,481.62,6931.67
100325,2025-12-01,5319.75,1170.34,220,265.99,3663.42
100327,2025-12-01,5023.42,1105.15,100,251.17,3567.1
100328,2025-12-01,4108.25,903.82,400,205.41,2599.02
100330,2025-12-01,9021.75,1984.78,220,451.09,6365.88
100331,2025-12-01,20721.17,4558.66,220,1036.06,14906.45
100332,2025-12-01,14093.75,3100.62,220,704.69,10068.44
100333,2025-12-01,11076.42,2436.81,100,553.82,7985.79
100334,2025-12-01,11262.17,2477.68,220,563.11,8001.38
100335,2025-12-01,14192.17,3122.28,400,709.61,9960.28
100336,2025-12-01,11860.58,2609.33,220,593.03,8438.22
100337,2025-12-01,4968.67,1093.11,100,248.43,3527.13
100338,2025-12-01,6874.58,1512.41,100,343.73,4918.44
100339,2025-12-01,7430.33,1634.67,220,371.52,5204.14
100340,2025-12-01,6862.33,1509.71,400,343.12,4609.5
100341,2025-12-01,19420.17,4272.44,220,971.01,13956.72
100342,2025-12-01,8234.08,1811.5,220,411.7,5790.88
100343,2025-12-01,4980.67,1095.75,220,249.03,3415.89
100344,2025-12-01,5399.0,1187.78,100,269.95,3841.27
100345,2025-12-01,10907.08,2399.56,220,545.35,7742.17
100346,2025-12-01,23709.17,5216.02,100,1185.46,17207.69
100347,2025-12-01,8823.42,1941.15,400,441.17,6041.1
100349,2025-12-01,17853.83,3927.84,220,892.69,12813.3
100350,2025-12-01,8048.33,1770.63,220,402.42,5655.28
100351,2025-12-01,5166.0,1136.52,220,258.3,3551.18
100352,2025-12-01,12402.58,2728.57,100,620.13,8953.88
100355,2025-12-01,14913.67,3281.01,100,745.68,10786.98
100356,2025-12-01,11814.0,2599.08,220,590.7,8404.22
100357,2025-12-01,16330.42,3592.69,100,816.52,11821.21
100358,2025-12-01,11375.58,2502.63,100,568.78,8204.17
100359,2025-12-01,6496.33,1429.19,400,324.82,4342.32
100360,2025-12-01,4993.92,1098.66,220,249.7,3425.56
100361,2025-12-01,13875.25,3052.56,220,693.76,9908.93
100362,2025-12-01,11559.67,2543.13,100,577.98,8338.56
100363,2025-12-01,4152.17,913.48,100,207.61,2931.08
100364,2025-12-01,11392.0,2506.24,220,569.6,8096.16
100365,2025-12-01,4918.67,1082.11,100,245.93,3490.63
100366,2025-12-01,4340.92,955.0,220,217.05,2948.87
100367,2025-12-01,8808.92,1937.96,400,440.45,6030.51
100368,2025-12-01,11634.67,2559.63,400,581.73,8093.31
100369,2025-12-01,7919.67,1742.33,100,395.98,5681.36
100370,2025-12-01,7141.25,1571.08,220,357.06,4993.11
100371,2025-12-01,4674.75,1028.44,400,233.74,3012.57
100373,2025-12-01,13002.83,2860.62,400,650.14,9092.07
100374,2025-12-01,9284.08,2042.5,400,464.2,6377.38
100375,2025-12-01,14925.92,3283.7,220,746.3,10675.92
100376,2025-12-01,6444.08,1417.7,220,322.2,4484.18
100377,2025-12-01,8400.33,1848.07,220,420.02,5912.24
100378,2025-12-01,10690.25,2351.86,400,534.51,7403.88
100379,2025-12-01,13066.17,2874.56,400,653.31,9138.3
100380,2025-12-01,7953.83,1749.84,220,397.69,5586.3
100381,2025-12-01,6672.0,1467.84,220,333.6,4650.56
100382,2025-12-01,7932.58,1745.17,220,396.63,5570.78
100383,2025-12-01,16791.5,3694.13,100,839.58,12157.79
100384,2025-12-01,6924.0,1523.28,100,346.2,4954.52
100385,2025-12-01,11917.67,2621.89,220,595.88,8479.9
100386,2025-12-01,13224.83,2909.46,220,661.24,9434.13
100387,2025-12-01,20160.58,4435.33,400,1008.03,14317.22
100388,2025-12-01,5604.33,1232.95,100,280.22,3991.16
100389,2025-12-01,10512.33,2312.71,400,525.62,7274.0
100390,2025-12-01,20480.58,4505.73,400,1024.03,14550.82
100391,2025-12-01,15022.0,3304.84,100,751.1,10866.06
100392,2025-12-01,5809.33,1278.05,220,290.47,4020.81
100393,2025-12-01,6039.58,1328.71,400,301.98,4008.89
100394,2025-12-01,12984.25,2856.54,220,649.21,9258.5
100395,2025-12-01,8566.83,1884.7,220,428.34,6033.79
100396,2025-12-01,11440.17,2516.84,400,572.01,7951.32
100397,2025-12-01,6999.08,1539.8,400,349.95,4709.33
100398,2025-12-01,8239.83,1812.76,220,411.99,5795.08
100399,2025-12-01,15241.42,3353.11,220,762.07,10906.24
100400,2025-12-01,7277.92,1601.14,100,363.9,5212.88
100401,2025-12-01,13322.5,2930.95,100,666.12,9625.43
100402,2025-12-01,4963.25,1091.92,220,248.16,3403.17
100403,2025-12-01,4118.0,905.96,100,205.9,2906.14
100405,2025-12-01,17133.75,3769.42,220,856.69,12287.64
100406,2025-12-01,7510.08,1652.22,400,375.5,5082.36
100407,2025-12-01,12303.25,2706.72,100,615.16,8881.37
100408,2025-12-01,9121.67,2006.77,220,456.08,6438.82
100409,2025-12-01,14462.67,3181.79,400,723.13,10157.75
100410,2025-12-01,8875.0,1952.5,100,443.75,6378.75
100411,2025-12-01,3467.42,762.83,400,173.37,2131.22
100412,2025-12-01,12318.25,2710.02,220,615.91,8772.32
100413,2025-12-01,16482.0,3626.04,220,824.1,11811.86
100414,2025-12-01,4640.75,1020.96,220,232.04,3167.75
100415,2025-12-01,12883.75,2834.42,220,644.19,9185.14
100416,2025-12-01,9208.33,2025.83,100,460.42,6622.08
100417,2025-12-01,27695.58,6093.03,400,1384.78,19817.77
100418,2025-12-01,4110.42,904.29,400,205.52,2600.61
100419,2025-12-01,8445.08,1857.92,220,422.25,5944.91
100420,2025-12-01,19984.08,4396.5,220,999.2,14368.38
100421,2025-12-01,6030.33,1326.67,220,301.52,4182.14
100422,2025-12-01,6629.33,1458.45,220,331.47,4619.41
100423,2025-12-01,7287.25,1603.2,220,364.36,5099.69
100424,2025-12-01,14526.17,3195.76,220,726.31,10384.1
100425,2025-12-01,13061.75,2873.58,220,653.09,9315.08
100426,2025-12-01,5395.17,1186.94,100,269.76,3838.47
100427,2025-12-01,7766.42,1708.61,100,388.32,5569.49
100428,2025-12-01,13905.0,3059.1,220,695.25,9930.65
100429,2025-12-01,7299.0,1605.78,220,364.95,5108.27
100430,2025-12-01,11173.17,2458.1,100,558.66,8056.41
100432,2025-12-01,7929.83,1744.56,220,396.49,5568.78
100433,2025-12-01,4176.92,918.92,220,208.85,2829.15
100434,2025-12-01,4941.0,1087.02,220,247.05,3386.93
100435,2025-12-01,10592.42,2330.33,400,529.62,7332.47
100436,2025-12-01,14775.08,3250.52,220,738.75,10565.81
100437,2025-12-01,10218.92,2248.16,220,510.95,7239.81
100438,2025-12-01,11640.58,2560.93,400,582.03,8097.62
100439,2025-12-01,6160.83,1355.38,220,308.04,4277.41
100440,2025-12-01,10783.08,2372.28,100,539.15,7771.65
100441,2025-12-01,15044.75,3309.84,220,752.24,10762.67
100442,2025-12-01,14456.92,3180.52,220,722.85,10333.55
100443,2025-12-01,4596.17,1011.16,100,229.81,3255.2
100444,2025-12-01,5157.42,1134.63,100,257.87,3664.92
100446,2025-12-01,13823.75,3041.22,400,691.19,9691.34
100447,2025-12-01,6093.92,1340.66,220,304.7,4228.56
100449,2025-12-01,8564.17,1884.12,100,428.21,6151.84
100451,2025-12-01,8582.33,1888.11,100,429.12,6165.1
100452,2025-12-01,5480.25,1205.66,100,274.01,3900.58
100453,2025-12-01,11383.0,2504.26,220,569.15,8089.59
100454,2025-12-01,14553.5,3201.77,220,727.68,10404.05
100455,2025-12-01,10604.92,2333.08,220,530.25,7521.59
100456,2025-12-01,7653.92,1683.86,100,382.7,5487.36
100457,2025-12-01,13598.58,2991.69,220,679.93,9706.96
100458,2025-12-01,7070.17,1555.44,400,353.51,4761.22
100459,2025-12-01,12521.33,2754.69,100,626.07,9040.57
100460,2025-12-01,4171.25,917.68,400,208.56,2645.01
100461,2025-12-01,6427.42,1414.03,220,321.37,4472.02
100462,2025-12-01,13640.25,3000.86,220,682.01,9737.38
100463,2025-12-01,13622.67,2996.99,220,681.13,9724.55
100464,2025-12-01,13068.17,2875.0,220,653.41,9319.76
100465,2025-12-01,13345.0,2935.9,100,667.25,9641.85
100466,2025-12-01,4616.33,1015.59,400,230.82,2969.92
100467,2025-12-01,12506.42,2751.41,220,625.32,8909.69
100468,2025-12-01,10976.58,2414.85,220,548.83,7792.9
100469,2025-12-01,10951.0,2409.22,220,547.55,7774.23
100470,2025-12-01,17296.25,3805.18,220,864.81,12406.26
100471,2025-12-01,6204.5,1364.99,220,310.23,4309.28
100472,2025-12-01,6919.92,1522.38,220,346.0,4831.54
100473,2025-12-01,4397.67,967.49,100,219.88,3110.3
100474,2025-12-01,9835.5,2163.81,220,491.78,6959.91
100475,2025-12-01,7174.33,1578.35,400,358.72,4837.26
100476,2025-12-01,10388.25,2285.42,100,519.41,7483.42
100477,2025-12-01,14200.17,3124.04,400,710.01,9966.12
100478,2025-12-01,6966.67,1532.67,100,348.33,4985.67
100479,2025-12-01,8597.5,1891.45,400,429.88,5876.17
100481,2025-12-01,11309.92,2488.18,400,565.5,7856.24
100482,2025-12-01,7909.92,1740.18,400,395.5,5374.24
100483,2025-12-01,9048.92,1990.76,400,452.45,6205.71
100484,2025-12-01,20740.83,4562.98,220,1037.04,14920.81
100485,2025-12-01,28687.75,6311.3,220,1434.39,20722.06
100486,2025-12-01,10741.33,2363.09,100,537.07,7741.17
100487,2025-12-01,4378.0,963.16,220,218.9,2975.94
100488,2025-12-01,6889.92,1515.78,100,344.5,4929.64
100489,2025-12-01,8971.5,1973.73,220,448.58,6329.19
100490,2025-12-01,6897.92,1517.54,220,344.9,4815.48
100492,2025-12-01,19279.83,4241.56,100,963.99,13974.28
100493,2025-12-01,3827.92,842.14,400,191.4,2394.38
100494,2025-12-01,6017.33,1323.81,100,300.87,4292.65
100495,2025-12-01,10783.67,2372.41,220,539.18,7652.08
100496,2025-12-01,9789.67,2153.73,220,489.48,6926.46
100497,2025-12-01,13821.25,3040.68,220,691.06,9869.51
100498,2025-12-01,8864.75,1950.24,100,443.24,6371.27
100499,2025-12-01,12482.5,2746.15,220,624.12,8892.23
100500,2025-12-01,18703.5,4114.77,100,935.18,13553.55
100501,2025-12-01,13939.25,3066.64,100,696.96,10075.65
100502,2025-12-01,8796.33,1935.19,220,439.82,6201.32
100503,2025-12-01,11048.33,2430.63,100,552.42,7965.28
100505,2025-12-01,12062.83,2653.82,100,603.14,8705.87
100506,2025-12-01,10226.08,2249.74,100,511.3,7365.04
100507,2025-12-01,5917.83,1301.92,400,295.89,3920.02
100508,2025-12-01,5167.42,1136.83,100,258.37,3672.22
100509,2025-12-01,11488.25,2527.42,220,574.41,8166.42
100510,2025-12-01,16527.0,3635.94,100,826.35,11964.71
100511,2025-12-01,9018.25,1984.02,220,450.91,6363.32
100512,2025-12-01,15185.58,3340.83,220,759.28,10865.47
100513,2025-12-01,16783.25,3692.32,100,839.16,12151.77
100514,2025-12-01,15596.5,3431.23,100,779.82,11285.45
100515,2025-12-01,8749.33,1924.85,400,437.47,5987.01
100516,2025-12-01,14103.58,3102.79,100,705.18,10195.61
100517,2025-12-01,8162.42,1795.73,220,408.12,5738.57
100518,2025-12-01,17083.5,3758.37,100,854.18,12370.95
100519,2025-12-01,4803.17,1056.7,220,240.16,3286.31
100520,2025-12-01,20440.25,4496.86,100,1022.01,14821.38
100521,2025-12-01,11223.92,2469.26,400,561.2,7793.46
100522,2025-12-01,9237.42,2032.23,220,461.87,6523.32
100523,2025-12-01,3707.83,815.72,220,185.39,2486.72
100524,2025-12-01,10947.42,2408.43,100,547.37,7891.62
100525,2025-12-01,15536.17,3417.96,400,776.81,10941.4
100526,2025-12-01,11097.83,2441.52,100,554.89,8001.42
100527,2025-12-01,8917.08,1961.76,220,445.85,6289.47
100528,2025-12-01,7428.67,1634.31,400,371.43,5022.93
100529,2025-12-01,10312.17,2268.68,220,515.61,7307.88
100530,2025-12-01,6252.75,1375.6,100,312.64,4464.51
100531,2025-12-01,6587.75,1449.3,220,329.39,4589.06
100532,2025-12-01,6322.58,1390.97,220,316.13,4395.48
100533,2025-12-01,10631.58,2338.95,100,531.58,7661.05
100534,2025-12-01,15824.75,3481.44,400,791.24,11152.07
100535,2025-12-01,12638.25,2780.42,100,631.91,9125.92
100536,2025-12-01,6896.5,1517.23,400,344.83,4634.44
100537,2025-12-01,6868.92,1511.16,220,343.45,4794.31
100538,2025-12-01,5756.33,1266.39,400,287.82,3802.12
100539,2025-12-01,12656.33,2784.39,400,632.82,8839.12
100540,2025-12-01,5546.08,1220.14,220,277.3,3828.64
100541,2025-12-01,6739.92,1482.78,220,337.0,4700.14
100542,2025-12-01,22486.92,4947.12,400,1124.35,16015.45
100543,2025-12-01,12396.75,2727.28,100,619.84,8949.63
100544,2025-12-01,10806.5,2377.43,400,540.33,7488.74
100545,2025-12-01,8607.58,1893.67,100,430.38,6183.53
100546,2025-12-01,7463.33,1641.93,220,373.17,5228.23
100547,2025-12-01,9241.83,2033.2,400,462.09,6346.54
100548,2025-12-01,7044.83,1549.86,100,352.24,5042.73
100549,2025-12-01,8715.08,1917.32,220,435.75,6142.01
100550,2025-12-01,21484.0,4726.48,220,1074.2,15463.32
100551,2025-12-01,8766.83,1928.7,220,438.34,6179.79
100552,2025-12-01,9909.83,2180.16,100,495.49,7134.18
100553,2025-12-01,4822.58,1060.97,220,241.13,3300.48
100554,2025-12-01,11105.58,2443.23,220,555.28,7887.07
100555,2025-12-01,7547.17,1660.38,220,377.36,5289.43
100556,2025-12-01,13778.83,3031.34,400,688.94,9658.55
100557,2025-12-01,9081.25,1997.88,220,454.06,6409.31
100558,2025-12-01,12063.0,2653.86,220,603.15,8585.99
100559,2025-12-01,7089.0,1559.58,220,354.45,4954.97
100560,2025-12-01,6819.92,1500.38,220,341.0,4758.54
100561,2025-12-01,6414.5,1411.19,220,320.73,4462.58
100562,2025-12-01,6685.83,1470.88,220,334.29,4660.66
100563,2025-12-01,15925.17,3503.54,220,796.26,11405.37
100564,2025-12-01,14274.92,3140.48,220,713.75,10200.69
100565,2025-12-01,3774.08,830.3,400,188.7,2355.08
100566,2025-12-01,3504.83,771.06,220,175.24,2338.53
100567,2025-12-01,5926.33,1303.79,100,296.32,4226.22
100568,2025-12-01,20444.83,4497.86,220,1022.24,14704.73
100569,2025-12-01,10799.0,2375.78,220,539.95,7663.27
100570,2025-12-01,6041.42,1329.11,100,302.07,4310.24
100571,2025-12-01,7054.5,1551.99,400,352.72,4749.79
100572,2025-12-01,11285.75,2482.87,220,564.29,8018.59
100573,2025-12-01,10782.83,2372.22,100,539.14,7771.47
100574,2025-12-01,6670.92,1467.6,220,333.55,4649.77
100575,2025-12-01,6607.0,1453.54,220,330.35,4603.11
100576,2025-12-01,15615.5,3435.41,220,780.78,11179.31
100577,2025-12-01,11204.33,2464.95,400,560.22,7779.16
100580,2025-12-01,21015.67,4623.45,220,1050.78,15121.44
100581,2025-12-01,7107.67,1563.69,220,355.38,4968.6
100582,2025-12-01,10335.0,2273.7,220,516.75,7324.55
100584,2025-12-01,9536.83,2098.1,400,476.84,6561.89
100585,2025-12-01,5175.25,1138.56,220,258.76,3557.93
100586,2025-12-01,5513.08,1212.88,400,275.65,3624.55
100587,2025-12-01,14787.25,3253.2,100,739.36,10694.69
100588,2025-12-01,10623.75,2337.22,220,531.19,7535.34
100589,2025-12-01,5106.5,1123.43,100,255.32,3627.75
100591,2025-12-01,7035.42,1547.79,220,351.77,4915.86
100592,2025-12-01,8076.25,1776.78,100,403.81,5795.66
100593,2025-12-01,11603.33,2552.73,220,580.17,8250.43
100594,2025-12-01,6838.5,1504.47,400,341.92,4592.11
100595,2025-12-01,7123.08,1567.08,220,356.15,4979.85
100596,2025-12-01,7146.83,1572.3,400,357.34,4817.19
100597,2025-12-01,8961.83,1971.6,100,448.09,6442.14
100598,2025-12-01,10980.08,2415.62,220,549.0,7795.46
100600,2025-12-01,11257.67,2476.69,100,562.88,8118.1
100601,2025-12-01,8289.67,1823.73,220,414.48,5831.46
100602,2025-12-01,4917.08,1081.76,220,245.85,3369.47
100604,2025-12-01,16282.33,3582.11,100,814.12,11786.1
100605,2025-12-01,13810.5,3038.31,220,690.53,9861.66
100606,2025-12-01,10927.58,2404.07,220,546.38,7757.13
100607,2025-12-01,8771.83,1929.8,220,438.59,6183.44
100608,2025-12-01,8281.33,1821.89,400,414.07,5645.37
100609,2025-12-01,12407.17,2729.58,400,620.36,8657.23
100610,2025-12-01,13931.08,3064.84,220,696.55,9949.69
100611,2025-12-01,5684.17,1250.52,100,284.21,4049.44
100612,2025-12-01,8759.5,1927.09,100,437.98,6294.43
100613,2025-12-01,10352.92,2277.64,220,517.65,7337.63
100614,2025-12-01,9703.92,2134.86,100,485.2,6983.86
100615,2025-12-01,8908.75,1959.92,220,445.44,6283.39
100616,2025-12-01,9823.33,2161.13,220,491.17,6951.03
100617,2025-12-01,5012.92,1102.84,220,250.65,3439.43
100618,2025-12-01,8937.58,1966.27,100,446.88,6424.43
100619,2025-12-01,14045.58,3090.03,400,702.28,9853.27
100620,2025-12-01,6948.25,1528.62,220,347.41,4852.22
100621,2025-12-01,13392.0,2946.24,220,669.6,9556.16
100622,2025-12-01,4903.0,1078.66,100,245.15,3479.19
100623,2025-12-01,6932.83,1525.22,400,346.64,4660.97
100624,2025-12-01,8976.92,1974.92,400,448.85,6153.15
100625,2025-12-01,4334.75,953.64,400,216.74,2764.37
100627,2025-12-01,8156.42,1794.41,220,407.82,5734.19
100628,2025-12-01,6178.5,1359.27,100,308.92,4410.31
100629,2025-12-01,21363.08,4699.88,220,1068.15,15375.05
100631,2025-12-01,4195.0,922.9,100,209.75,2962.35
100632,2025-12-01,5500.5,1210.11,220,275.03,3795.36
100633,2025-12-01,9193.92,2022.66,220,459.7,6491.56
100634,2025-12-01,7896.08,1737.14,220,394.8,5544.14
100635,2025-12-01,7240.0,1592.8,400,362.0,4885.2
100636,2025-12-01,13384.75,2944.64,220,669.24,9550.87
100637,2025-12-01,5200.58,1144.13,100,260.03,3696.42
100638,2025-12-01,14187.42,3121.23,220,709.37,10136.82
100639,2025-12-01,10783.17,2372.3,220,539.16,7651.71
100640,2025-12-01,5196.25,1143.18,220,259.81,3573.26
100641,2025-12-01,11017.17,2423.78,100,550.86,7942.53
100642,2025-12-01,7030.0,1546.6,220,351.5,4911.9
100643,2025-12-01,9449.83,2078.96,100,472.49,6798.38
100644,2025-12-01,4855.58,1068.23,220,242.78,3324.57
100645,2025-12-01,4814.42,1059.17,400,240.72,3114.53
100646,2025-12-01,10893.58,2396.59,100,544.68,7852.31
100647,2025-12-01,6064.83,1334.26,220,303.24,4207.33
100648,2025-12-01,15240.33,3352.87,220,762.02,10905.44
100649,2025-12-01,7278.92,1601.36,220,363.95,5093.61
100650,2025-12-01,7774.0,1710.28,100,388.7,5575.02
100651,2025-12-01,13696.25,3013.18,220,684.81,9778.26
100652,2025-12-01,6744.83,1483.86,100,337.24,4823.73
100653,2025-12-01,6732.58,1481.17,220,336.63,4694.78
100654,2025-12-01,6844.83,1505.86,100,342.24,4896.73
100655,2025-12-01,6066.58,1334.65,400,303.33,4028.6
100656,2025-12-01,6780.75,1491.76,220,339.04,4729.95
100658,2025-12-01,20240.42,4452.89,220,1012.02,14555.51
100659,2025-12-01,5184.17,1140.52,100,259.21,3684.44
100660,2025-12-01,8537.08,1878.16,100,426.85,6132.07
100661,2025-12-01,5351.58,1177.35,100,267.58,3806.65
100662,2025-12-01,5467.17,1202.78,100,273.36,3891.03
100663,2025-12-01,6476.33,1424.79,100,323.82,4627.72
100664,2025-12-01,13400.25,2948.06,220,670.01,9562.18
100665,2025-12-01,9759.0,2146.98,220,487.95,6904.07
100666,2025-12-01,18538.92,4078.56,100,926.95,13433.41
100667,2025-12-01,5851.83,1287.4,400,292.59,3871.84
100668,2025-12-01,6699.42,1473.87,100,334.97,4790.58
100669,2025-12-01,28658.42,6304.85,100,1432.92,20820.65
100670,2025-12-01,10351.25,2277.28,400,517.56,7156.41
100671,2025-12-01,7587.33,1669.21,220,379.37,5318.75
100672,2025-12-01,5721.83,1258.8,220,286.09,3956.94
100673,2025-12-01,11278.5,2481.27,100,563.93,8133.3
100674,2025-12-01,9553.92,2101.86,220,477.7,6754.36
100675,2025-12-01,12746.92,2804.32,100,637.35,9205.25
100676,2025-12-01,6066.75,1334.68,100,303.34,4328.73
100677,2025-12-01,11548.67,2540.71,100,577.43,8330.53
100678,2025-12-01,5554.25,1221.94,100,277.71,3954.6
100679,2025-12-01,10282.08,2262.06,100,514.1,7405.92
100680,2025-12-01,11343.75,2495.62,220,567.19,8060.94
100681,2025-12-01,10106.75,2223.48,220,505.34,7157.93
100682,2025-12-01,3737.92,822.34,220,186.9,2508.68
100683,2025-12-01,6813.42,1498.95,100,340.67,4873.8
100684,2025-12-01,17583.75,3868.42,100,879.19,12736.14
100685,2025-12-01,13647.75,3002.5,220,682.39,9742.86
100686,2025-12-01,9207.25,2025.6,400,460.36,6321.29
100687,2025-12-01,5150.58,1133.13,100,257.53,3659.92
100688,2025-12-01,9888.0,2175.36,100,494.4,7118.24
100689,2025-12-01,6015.67,1323.45,400,300.78,3991.44
100690,2025-12-01,12610.5,2774.31,100,630.53,9105.66
100691,2025-12-01,8753.67,1925.81,100,437.68,6290.18
100693,2025-12-01,8120.83,1786.58,400,406.04,5528.21
100694,2025-12-01,10096.92,2221.32,220,504.85,7150.75
100695,2025-12-01,7447.33,1638.41,220,372.37,5216.55
100696,2025-12-01,11538.92,2538.56,220,576.95,8203.41
100697,2025-12-01,7839.67,1724.73,100,391.98,5622.96
100698,2025-12-01,16802.42,3696.53,100,840.12,12165.77
100699,2025-12-01,6557.58,1442.67,400,327.88,4387.03
100700,2025-12-01,6929.0,1524.38,400,346.45,4658.17
100701,2025-12-01,5237.75,1152.3,100,261.89,3723.56
100702,2025-12-01,11439.75,2516.74,100,571.99,8251.02
100703,2025-12-01,8554.17,1881.92,220,427.71,6024.54
100704,2025-12-01,8328.83,1832.34,100,416.44,5980.05
100705,2025-12-01,7574.83,1666.46,400,378.74,5129.63
100706,2025-12-01,13470.17,2963.44,220,673.51,9613.22
100707,2025-12-01,4386.42,965.01,220,219.32,2982.09
100708,2025-12-01,9783.75,2152.43,220,489.19,6922.13
100711,2025-12-01,4817.42,1059.83,220,240.87,3296.72
100712,2025-12-01,5723.5,1259.17,220,286.18,3958.15
100713,2025-12-01,8028.17,1766.2,220,401.41,5640.56
100714,2025-12-01,6965.33,1532.37,220,348.27,4864.69
100715,2025-12-01,16352.08,3597.46,220,817.6,11717.02
100716,2025-12-01,5454.5,1199.99,220,272.73,3761.78
100717,2025-12-01,10758.58,2366.89,100,537.93,7753.76
100718,2025-12-01,3478.25,765.22,220,173.91,2319.12
100719,2025-12-01,5706.5,1255.43,220,285.32,3945.75
100720,2025-12-01,13163.25,2895.92,220,658.16,9389.17
100721,2025-12-01,9873.5,2172.17,220,493.68,6987.65
100722,2025-12-01,7520.75,1654.56,400,376.04,5090.15
100723,2025-12-01,18767.0,4128.74,220,938.35,13479.91
100724,2025-12-01,7183.67,1580.41,400,359.18,4844.08
100725,2025-12-01,9294.42,2044.77,220,464.72,6564.93
100726,2025-12-01,4759.83,1047.16,220,237.99,3254.68
100727,2025-12-01,3799.67,835.93,220,189.98,2553.76
100728,2025-12-01,5091.42,1120.11,400,254.57,3316.74
100729,2025-12-01,8207.67,1805.69,400,410.38,5591.6
100730,2025-12-01,14449.0,3178.78,100,722.45,10447.77
100731,2025-12-01,6959.92,1531.18,100,348.0,4980.74
100732,2025-12-01,6506.08,1431.34,220,325.3,4529.44
100733,2025-12-01,15291.33,3364.09,100,764.57,11062.67
100734,2025-12-01,19284.33,4242.55,100,964.22,13977.56
100735,2025-12-01,10619.42,2336.27,100,530.97,7652.18
100736,2025-12-01,7979.33,1755.45,100,398.97,5724.91
100737,2025-12-01,28752.42,6325.53,220,1437.62,20769.27
100738,2025-12-01,8912.25,1960.7,400,445.61,6105.94
100739,2025-12-01,11439.58,2516.71,220,571.98,8130.89
100740,2025-12-01,18541.0,4079.02,220,927.05,13314.93
100741,2025-12-01,8623.33,1897.13,220,431.17,6075.03
100742,2025-12-01,10772.75,2370.0,100,538.64,7764.11
100743,2025-12-01,11238.5,2472.47,220,561.93,7984.1
100744,2025-12-01,12103.08,2662.68,220,605.15,8615.25
100745,2025-12-01,9080.0,1997.6,100,454.0,6528.4
100746,2025-12-01,16388.5,3605.47,220,819.42,11743.61
100748,2025-12-01,9137.83,2010.32,400,456.89,6270.62
100749,2025-12-01,8965.17,1972.34,220,448.26,6324.57
100750,2025-12-01,13124.08,2887.3,400,656.2,9180.58
100751,2025-12-01,14284.92,3142.68,220,714.25,10207.99
100752,2025-12-01,7762.33,1707.71,220,388.12,5446.5
100753,2025-12-01,11427.33,2514.01,220,571.37,8121.95
100754,2025-12-01,6904.08,1518.9,220,345.2,4819.98
100755,2025-12-01,7235.33,1591.77,220,361.77,5061.79
100756,2025-12-01,4412.33,970.71,100,220.62,3121.0
100757,2025-12-01,5362.08,1179.66,220,268.1,3694.32
100759,2025-12-01,16955.92,3730.3,100,847.8,12277.82
100760,2025-12-01,8196.67,1803.27,220,409.83,5763.57
100761,2025-12-01,5810.83,1278.38,220,290.54,4021.91
100762,2025-12-01,7550.0,1661.0,220,377.5,5291.5
100763,2025-12-01,11115.83,2445.48,220,555.79,7894.56
100764,2025-12-01,4882.58,1074.17,220,244.13,3344.28
100765,2025-12-01,9994.58,2198.81,220,499.73,7076.04
100766,2025-12-01,4287.58,943.27,220,214.38,2909.93
100767,2025-12-01,8808.25,1937.82,220,440.41,6210.02
100770,2025-12-01,10607.75,2333.7,220,530.39,7523.66
100771,2025-12-01,7811.42,1718.51,100,390.57,5602.34
100773,2025-12-01,9646.92,2122.32,220,482.35,6822.25
100774,2025-12-01,13236.67,2912.07,400,661.83,9262.77
100775,2025-12-01,8852.75,1947.6,100,442.64,6362.51
100776,2025-12-01,14671.5,3227.73,100,733.58,10610.19
100777,2025-12-01,15980.75,3515.76,400,799.04,11265.95
100778,2025-12-01,6912.92,1520.84,400,345.65,4646.43
100779,2025-12-01,6414.5,1411.19,100,320.73,4582.58
100780,2025-12-01,6222.0,1368.84,100,311.1,4442.06
100781,2025-12-01,8067.0,1774.74,220,403.35,5668.91
100782,2025-12-01,5336.25,1173.97,100,266.81,3795.47
100783,2025-12-01,12835.25,2823.76,100,641.76,9269.73
100784,2025-12-01,13178.08,2899.18,220,658.9,9400.0
100785,2025-12-01,8767.83,1928.92,400,438.39,6000.52
100787,2025-12-01,13946.67,3068.27,220,697.33,9961.07
100788,2025-12-01,5563.67,1224.01,100,278.18,3961.48
100790,2025-12-01,12804.25,2816.94,100,640.21,9247.1
100792,2025-12-01,9763.5,2147.97,220,488.18,6907.35
100793,2025-12-01,5849.42,1286.87,400,292.47,3870.08
100794,2025-12-01,6785.33,1492.77,100,339.27,4853.29
100795,2025-12-01,11579.67,2547.53,220,578.98,8233.16
100796,2025-12-01,20926.75,4603.88,220,1046.34,15056.53
100797,2025-12-01,8467.92,1862.94,100,423.4,6081.58
100798,2025-12-01,4780.75,1051.77,400,239.04,3089.94
100799,2025-12-01,8898.92,1957.76,220,444.95,6276.21
100800,2025-12-01,11726.17,2579.76,400,586.31,8160.1
100801,2025-12-01,10576.17,2326.76,220,528.81,7500.6
100802,2025-12-01,17055.33,3752.17,220,852.77,12230.39
100803,2025-12-01,5279.08,1161.4,400,263.95,3453.73
100804,2025-12-01,10548.5,2320.67,220,527.43,7480.4
100805,2025-12-01,11275.17,2480.54,100,563.76,8130.87
100806,2025-12-01,9681.83,2130.0,400,484.09,6667.74
100807,2025-12-01,20110.83,4424.38,100,1005.54,14580.91
100808,2025-12-01,6535.58,1437.83,400,326.78,4370.97
100809,2025-12-01,5149.0,1132.78,220,257.45,3538.77
100810,2025-12-01,4430.25,974.66,100,221.51,3134.08
100811,2025-12-01,4661.92,1025.62,100,233.1,3303.2
100812,2025-12-01,5655.17,1244.14,220,282.76,3908.27
100813,2025-12-01,15471.42,3403.71,400,773.57,10894.14
100814,2025-12-01,13809.0,3037.98,100,690.45,9980.57
100816,2025-12-01,6117.0,1345.74,100,305.85,4365.41
100817,2025-12-01,5768.75,1269.12,100,288.44,4111.19
100818,2025-12-01,9463.17,2081.9,100,473.16,6808.11
100819,2025-12-01,6380.75,1403.76,220,319.04,4437.95
100820,2025-12-01,5738.17,1262.4,400,286.91,3788.86
100821,2025-12-01,15145.75,3332.06,220,757.29,10836.4
100822,2025-12-01,19449.5,4278.89,400,972.48,13798.13
100823,2025-12-01,15722.33,3458.91,100,786.12,11377.3
100824,2025-12-01,11715.5,2577.41,220,585.78,8332.31
100826,2025-12-01,4700.58,1034.13,400,235.03,3031.42
100827,2025-12-01,17948.5,3948.67,400,897.42,12702.41
100828,2025-12-01,12564.67,2764.23,220,628.23,8952.21
100829,2025-12-01,12762.17,2807.68,220,638.11,9096.38
100830,2025-12-01,5673.92,1248.26,100,283.7,4041.96
100831,2025-12-01,8487.92,1867.34,100,424.4,6096.18
100832,2025-12-01,8184.0,1800.48,220,409.2,5754.32
100833,2025-12-01,10905.58,2399.23,220,545.28,7741.07
100834,2025-12-01,23351.92,5137.42,220,1167.6,16826.9
100835,2025-12-01,11006.08,2421.34,220,550.3,7814.44
100836,2025-12-01,8919.92,1962.38,220,446.0,6291.54
100837,2025-12-01,6848.0,1506.56,100,342.4,4899.04
100838,2025-12-01,9100.83,2002.18,220,455.04,6423.61
100839,2025-12-01,9184.42,2020.57,100,459.22,6604.63
100840,2025-12-01,9303.58,2046.79,100,465.18,6691.61
100841,2025-12-01,4747.83,1044.52,100,237.39,3365.92
100842,2025-12-01,4786.33,1052.99,220,239.32,3274.02
100843,2025-12-01,8860.5,1949.31,400,443.02,6068.17
100844,2025-12-01,10036.42,2208.01,100,501.82,7226.59
100845,2025-12-01,10079.75,2217.54,100,503.99,7258.22
100846,2025-12-01,17962.25,3951.7,220,898.11,12892.44
100847,2025-12-01,6522.25,1434.9,220,326.11,4541.24
100848,2025-12-01,20421.5,4492.73,220,1021.08,14687.69
100849,2025-12-01,25161.92,5535.62,400,1258.1,17968.2
100850,2025-12-01,7694.92,1692.88,220,384.75,5397.29
100851,2025-12-01,8674.25,1908.34,400,433.71,5932.2
100854,2025-12-01,7938.67,1746.51,220,396.93,5575.23
100855,2025-12-01,6922.75,1523.0,220,346.14,4833.61
100856,2025-12-01,21725.67,4779.65,220,1086.28,15639.74
100857,2025-12-01,10412.0,2290.64,220,520.6,7380.76
100858,2025-12-01,8541.42,1879.11,220,427.07,6015.24
100859,2025-12-01,6483.58,1426.39,220,324.18,4513.01
100860,2025-12-01,10620.83,2336.58,100,531.04,7653.21
100861,2025-12-01,10966.92,2412.72,100,548.35,7905.85
100862,2025-12-01,14620.58,3216.53,220,731.03,10453.02
100863,2025-12-01,5741.83,1263.2,220,287.09,3971.54
100865,2025-12-01,7826.75,1721.88,220,391.34,5493.53
100866,2025-12-01,18151.75,3993.38,220,907.59,13030.78
100867,2025-12-01,6534.83,1437.66,220,326.74,4550.43
100868,2025-12-01,9633.5,2119.37,100,481.68,6932.45
100870,2025-12-01,10834.5,2383.59,400,541.72,7509.19
100871,2025-12-01,6782.33,1492.11,100,339.12,4851.1
100872,2025-12-01,11089.58,2439.71,220,554.48,7875.39
100873,2025-12-01,8753.58,1925.79,220,437.68,6170.11
100874,2025-12-01,9193.5,2022.57,220,459.68,6491.25
100875,2025-12-01,21451.5,4719.33,100,1072.58,15559.59
100876,2025-12-01,8550.17,1881.04,100,427.51,6141.62
100877,2025-12-01,4325.17,951.54,100,216.26,3057.37
100878,2025-12-01,8760.0,1927.2,220,438.0,6174.8
100879,2025-12-01,5844.67,1285.83,400,292.23,3866.61
100880,2025-12-01,5525.08,1215.52,220,276.25,3813.31
100881,2025-12-01,22483.92,4946.46,100,1124.2,16313.26
100882,2025-12-01,3783.08,832.28,100,189.15,2661.65
100883,2025-12-01,6738.92,1482.56,100,336.95,4819.41
100884,2025-12-01,8809.17,1938.02,220,440.46,6210.69
100885,2025-12-01,11266.67,2478.67,400,563.33,7824.67
100886,2025-12-01,11243.17,2473.5,100,562.16,8107.51
100887,2025-12-01,6670.25,1467.46,220,333.51,4649.28
100888,2025-12-01,6437.92,1416.34,100,321.9,4599.68
100890,2025-12-01,3837.42,844.23,220,191.87,2581.32
100891,2025-12-01,4739.42,1042.67,220,236.97,3239.78
100892,2025-12-01,7161.17,1575.46,220,358.06,5007.65
100894,2025-12-01,7048.17,1550.6,220,352.41,4925.16
100895,2025-12-01,11021.42,2424.71,220,551.07,7825.64
100896,2025-12-01,15885.92,3494.9,220,794.3,11376.72
100897,2025-12-01,11545.58,2540.03,220,577.28,8208.27
100898,2025-12-01,16983.08,3736.28,220,849.15,12177.65
100899,2025-12-01,8337.08,1834.16,100,416.85,5986.07
100900,2025-12-01,14855.0,3268.1,100,742.75,10744.15
100901,2025-12-01,6626.33,1457.79,100,331.32,4737.22
100902,2025-12-01,12380.92,2723.8,100,619.05,8938.07
100903,2025-12-01,12439.67,2736.73,220,621.98,8860.96
100904,2025-12-01,7342.0,1615.24,100,367.1,5259.66
100905,2025-12-01,8378.0,1843.16,100,418.9,6015.94
100906,2025-12-01,9179.75,2019.54,100,458.99,6601.22
100907,2025-12-01,13465.25,2962.36,220,673.26,9609.63
100909,2025-12-01,9208.75,2025.92,220,460.44,6502.39
100910,2025-12-01,25375.67,5582.65,100,1268.78,18424.24
100912,2025-12-01,7014.58,1543.21,220,350.73,4900.64
100913,2025-12-01,14621.17,3216.66,100,731.06,10573.45
100914,2025-12-01,8453.08,1859.68,400,422.65,5770.75
100915,2025-12-01,15210.17,3346.24,220,760.51,10883.42
100916,2025-12-01,4967.67,1092.89,100,248.38,3526.4
100917,2025-12-01,8074.75,1776.44,100,403.74,5794.57
100918,2025-12-01,17149.33,3772.85,100,857.47,12419.01
100919,2025-12-01,5202.83,1144.62,220,260.14,3578.07
100920,2025-12-01,17094.17,3760.72,100,854.71,12378.74
100921,2025-12-01,9861.25,2169.48,100,493.06,7098.71
100922,2025-12-01,13927.0,3063.94,100,696.35,10066.71
100924,2025-12-01,10495.5,2309.01,100,524.78,7561.71
100925,2025-12-01,4436.67,976.07,400,221.83,2838.77
100926,2025-12-01,6586.83,1449.1,220,329.34,4588.39
100928,2025-12-01,10801.17,2376.26,220,540.06,7664.85
100929,2025-12-01,6224.67,1369.43,400,311.23,4144.01
100931,2025-12-01,8083.83,1778.44,100,404.19,5801.2
100932,2025-12-01,6805.83,1497.28,100,340.29,4868.26
100933,2025-12-01,15854.08,3487.9,220,792.7,11353.48
100935,2025-12-01,8645.92,1902.1,220,432.3,6091.52
100936,2025-12-01,8312.75,1828.8,100,415.64,5968.31
100937,2025-12-01,15348.5,3376.67,220,767.42,10984.41
100939,2025-12-01,6962.5,1531.75,400,348.12,4682.63
100940,2025-12-01,3870.33,851.47,220,193.52,2605.34
100941,2025-12-01,7401.17,1628.26,100,370.06,5302.85
100942,2025-12-01,9168.5,2017.07,220,458.42,6473.01
100943,2025-12-01,4001.67,880.37,220,200.08,2701.22
100944,2025-12-01,16968.42,3733.05,220,848.42,12166.95
100945,2025-12-01,7066.83,1554.7,100,353.34,5058.79
100946,2025-12-01,7616.92,1675.72,100,380.85,5460.35
100947,2025-12-01,8329.92,1832.58,400,416.5,5680.84
100948,2025-12-01,14110.67,3104.35,100,705.53,10200.79
100949,2025-12-01,7078.5,1557.27,220,353.92,4947.31
100950,2025-12-01,11416.0,2511.52,220,570.8,8113.68
100951,2025-12-01,13229.0,2910.38,220,661.45,9437.17
100952,2025-12-01,7832.83,1723.22,100,391.64,5617.97
100953,2025-12-01,9128.0,2008.16,400,456.4,6263.44
100954,2025-12-01,5344.25,1175.73,100,267.21,3801.31
100956,2025-12-01,13202.0,2904.44,100,660.1,9537.46
100957,2025-12-01,9883.0,2174.26,220,494.15,6994.59
100958,2025-12-01,15973.67,3514.21,220,798.68,11440.78
100961,2025-12-01,6521.17,1434.66,220,326.06,4540.45
100962,2025-12-01,14039.17,3088.62,100,701.96,10148.59
100963,2025-12-01,13104.08,2882.9,400,655.2,9165.98
100964,2025-12-01,10828.67,2382.31,400,541.43,7504.93
100965,2025-12-01,6499.5,1429.89,100,324.98,4644.63
100966,2025-12-01,5870.83,1291.58,400,293.54,3885.71
100967,2025-12-01,13371.25,2941.68,220,668.56,9541.01
100968,2025-12-01,4506.83,991.5,400,225.34,2889.99
100969,2025-12-01,6045.17,1329.94,220,302.26,4192.97
100970,2025-12-01,3960.0,871.2,220,198.0,2670.8
100971,2025-12-01,7022.42,1544.93,220,351.12,4906.37
100972,2025-12-01,3981.08,875.84,400,199.05,2506.19
100973,2025-12-01,8794.08,1934.7,220,439.7,6199.68
100974,2025-12-01,7596.0,1671.12,220,379.8,5325.08
100975,2025-12-01,19999.17,4399.82,100,999.96,14499.39
100976,2025-12-01,6842.25,1505.3,100,342.11,4894.84
100977,2025-12-01,5359.92,1179.18,220,268.0,3692.74
100978,2025-12-01,18356.5,4038.43,400,917.82,13000.25
100979,2025-12-01,12801.08,2816.24,220,640.05,9124.79
100980,2025-12-01,18594.42,4090.77,220,929.72,13353.93
100981,2025-12-01,10245.17,2253.94,100,512.26,7378.97
100982,2025-12-01,10235.33,2251.77,100,511.77,7371.79
100983,2025-12-01,6652.58,1463.57,100,332.63,4756.38
100984,2025-12-01,8972.83,1974.02,220,448.64,6330.17
100985,2025-12-01,10252.25,2255.5,100,512.61,7384.14
100986,2025-12-01,7240.0,1592.8,100,362.0,5185.2
100987,2025-12-01,6601.08,1452.24,220,330.05,4598.79
100988,2025-12-01,4787.83,1053.32,220,239.39,3275.12
100989,2025-12-01,14062.08,3093.66,400,703.1,9865.32
100990,2025-12-01,6970.67,1533.55,220,348.53,4868.59
100991,2025-12-01,6855.0,1508.1,100,342.75,4904.15
100992,2025-12-01,5521.17,1214.66,100,276.06,3930.45
100993,2025-12-01,17615.83,3875.48,100,880.79,12759.56
100994,2025-12-01,10458.17,2300.8,220,522.91,7414.46
100995,2025-12-01,4363.5,959.97,100,218.18,3085.35
100996,2025-12-01,12433.67,2735.41,220,621.68,8856.58
100997,2025-12-01,13036.75,2868.08,220,651.84,9296.83
100998,2025-12-01,15373.92,3382.26,220,768.7,11002.96
100999,2025-12-01,18157.58,3994.67,220,907.88,13035.03
100000,2026-01-01,8815.5,1939.41,100,440.78,6335.31
100001,2026-01-01,16227.42,3570.03,220,811.37,11626.02
100002,2026-01-01,4990.08,1097.82,100,249.5,3542.76
100004,2026-01-01,16380.08,3603.62,100,819.0,11857.46
100005,2026-01-01,4566.08,1004.54,400,228.3,2933.24
100007,2026-01-01,16834.25,3703.54,100,841.71,12189.0
100008,2026-01-01,9399.33,2067.85,220,469.97,6641.51
100009,2026-01-01,7106.5,1563.43,220,355.33,4967.74
100010,2026-01-01,8875.0,1952.5,220,443.75,6258.75
100012,2026-01-01,9835.67,2163.85,100,491.78,7080.04
100013,2026-01-01,12654.83,2784.06,220,632.74,9018.03
100014,2026-01-01,8438.17,1856.4,220,421.91,5939.86
100015,2026-01-01,5758.08,1266.78,400,287.9,3803.4
100016,2026-01-01,17103.17,3762.7,100,855.16,12385.31
100017,2026-01-01,13860.83,3049.38,220,693.04,9898.41
100018,2026-01-01,6811.17,1498.46,220,340.56,4752.15
100019,2026-01-01,11787.0,2593.14,400,589.35,8204.51
100020,2026-01-01,4947.67,1088.49,220,247.38,3391.8
100021,2026-01-01,7000.5,1540.11,220,350.02,4890.37
100022,2026-01-01,23929.0,5264.38,220,1196.45,17248.17
100023,2026-01-01,9519.17,2094.22,400,475.96,6548.99
100025,2026-01-01,11227.33,2470.01,100,561.37,8095.95
100026,2026-01-01,5103.42,1122.75,220,255.17,3505.5
100027,2026-01-01,8694.83,1912.86,220,434.74,6127.23
100028,2026-01-01,7250.67,1595.15,100,362.53,5192.99
100029,2026-01-01,7394.17,1626.72,220,369.71,5177.74
100030,2026-01-01,9041.25,1989.08,220,452.06,6380.11
100031,2026-01-01,7923.25,1743.12,100,396.16,5683.97
100032,2026-01-01,9065.5,1994.41,220,453.28,6397.81
100033,2026-01-01,9605.17,2113.14,220,480.26,6791.77
100034,2026-01-01,12127.58,2668.07,220,606.38,8633.13
100035,2026-01-01,6629.67,1458.53,100,331.48,4739.66
100036,2026-01-01,10277.5,2261.05,100,513.88,7402.57
100037,2026-01-01,11525.42,2535.59,400,576.27,8013.56
100038,2026-01-01,5993.42,1318.55,220,299.67,4155.2
100039,2026-01-01,5188.17,1141.4,220,259.41,3567.36
100040,2026-01-01,6924.75,1523.44,400,346.24,4655.07
100041,2026-01-01,8702.92,1914.64,220,435.15,6133.13
100042,2026-01-01,5057.33,1112.61,220,252.87,3471.85
100043,2026-01-01,8431.58,1854.95,100,421.58,6055.05
100044,2026-01-01,7300.42,1606.09,220,365.02,5109.31
100045,2026-01-01,9232.0,2031.04,100,461.6,6639.36
100046,2026-01-01,6293.92,1384.66,220,314.7,4374.56
100047,2026-01-01,14160.0,3115.2,100,708.0,10236.8
100048,2026-01-01,8819.17,1940.22,100,440.96,6337.99
100050,2026-01-01,10167.83,2236.92,220,508.39,7202.52
100052,2026-01-01,8491.25,1868.08,100,424.56,6098.61
100053,2026-01-01,4315.08,949.32,220,215.75,2930.01
100054,2026-01-01,5301.08,1166.24,100,265.05,3769.79
100056,2026-01-01,10942.25,2407.3,100,547.11,7887.84
100057,2026-01-01,15781.0,3471.82,220,789.05,11300.13
100058,2026-01-01,10054.83,2212.06,220,502.74,7120.03
100059,2026-01-01,13221.92,2908.82,220,661.1,9432.0
100060,2026-01-01,4858.5,1068.87,400,242.92,3146.71
100061,2026-01-01,6373.0,1402.06,100,318.65,4552.29
100062,2026-01-01,10507.17,2311.58,100,525.36,7570.23
100063,2026-01-01,7983.17,1756.3,100,399.16,5727.71
100064,2026-01-01,6942.33,1527.31,100,347.12,4967.9
100065,2026-01-01,11010.25,2422.26,400,550.51,7637.48
100066,2026-01-01,8235.33,1811.77,220,411.77,5791.79
100067,2026-01-01,25677.33,5649.01,100,1283.87,18644.45
100068,2026-01-01,8867.25,1950.8,400,443.36,6073.09
100069,2026-01-01,20737.5,4562.25,220,1036.88,14918.37
100070,2026-01-01,7722.75,1699.0,220,386.14,5417.61
100071,2026-01-01,7175.92,1578.7,220,358.8,5018.42
100072,2026-01-01,6844.83,1505.86,220,342.24,4776.73
100073,2026-01-01,4452.5,979.55,220,222.62,3030.33
100074,2026-01-01,20074.83,4416.46,100,1003.74,14554.63
100075,2026-01-01,12710.25,2796.26,100,635.51,9178.48
100076,2026-01-01,14653.17,3223.7,100,732.66,10596.81
100077,2026-01-01,8212.75,1806.8,220,410.64,5775.31
100078,2026-01-01,11119.5,2446.29,100,555.98,8017.23
100079,2026-01-01,13874.58,3052.41,220,693.73,9908.44
100080,2026-01-01,11824.58,2601.41,400,591.23,8231.94
100081,2026-01-01,11873.75,2612.22,220,593.69,8447.84
100082,2026-01-01,9944.17,2187.72,220,497.21,7039.24
100083,2026-01-01,11122.0,2446.84,220,556.1,7899.06
100084,2026-01-01,8769.92,1929.38,400,438.5,6002.04
100085,2026-01-01,12635.58,2779.83,220,631.78,9003.97
100086,2026-01-01,6123.5,1347.17,220,306.18,4250.15
100087,2026-01-01,5429.5,1194.49,100,271.48,3863.53
100088,2026-01-01,6576.58,1446.85,400,328.83,4400.9
100089,2026-01-01,10963.25,2411.92,220,548.16,7783.17
100090,2026-01-01,9171.0,2017.62,220,458.55,6474.83
100092,2026-01-01,9184.67,2020.63,220,459.23,6484.81
100093,2026-01-01,11294.08,2484.7,220,564.7,8024.68
100094,2026-01-01,10200.08,2244.02,220,510.0,7226.06
100095,2026-01-01,6668.33,1467.03,220,333.42,4647.88
100096,2026-01-01,22335.67,4913.85,220,1116.78,16085.04
100097,2026-01-01,5014.75,1103.25,100,250.74,3560.76
100098,2026-01-01,4855.75,1068.27,220,242.79,3324.69
100099,2026-01-01,14058.08,3092.78,220,702.9,10042.4
100100,2026-01-01,6814.17,1499.12,220,340.71,4754.34
100101,2026-01-01,5925.17,1303.54,100,296.26,4225.37
100102,2026-01-01,15912.33,3500.71,220,795.62,11396.0
100103,2026-01-01,7584.0,1668.48,220,379.2,5316.32
100104,2026-01-01,6924.67,1523.43,220,346.23,4835.01
100105,2026-01-01,7681.17,1689.86,220,384.06,5387.25
100106,2026-01-01,9701.83,2134.4,220,485.09,6862.34
100107,2026-01-01,6265.25,1378.36,400,313.26,4173.63
100108,2026-01-01,13644.33,3001.75,220,682.22,9740.36
100109,2026-01-01,12776.5,2810.83,400,638.83,8926.84
100110,2026-01-01,11467.83,2522.92,220,573.39,8151.52
100111,2026-01-01,6465.75,1422.46,220,323.29,4500.0
100113,2026-01-01,5291.42,1164.11,220,264.57,3642.74
100114,2026-01-01,6558.92,1442.96,220,327.95,4568.01
100115,2026-01-01,7331.92,1613.02,100,366.6,5252.3
100116,2026-01-01,5438.42,1196.45,400,271.92,3570.05
100117,2026-01-01,11902.5,2618.55,400,595.12,8288.83
100118,2026-01-01,13342.58,2935.37,400,667.13,9340.08
100119,2026-01-01,10634.58,2339.61,400,531.73,7363.24
100120,2026-01-01,3667.75,806.9,400,183.39,2277.46
100121,2026-01-01,9848.58,2166.69,220,492.43,6969.46
100122,2026-01-01,7415.17,1631.34,400,370.76,5013.07
100123,2026-01-01,10077.17,2216.98,220,503.86,7136.33
100124,2026-01-01,13202.42,2904.53,100,660.12,9537.77
100125,2026-01-01,12464.0,2742.08,220,623.2,8878.72
100126,2026-01-01,5878.25,1293.21,220,293.91,4071.13
100127,2026-01-01,24639.33,5420.65,220,1231.97,17766.71
100128,2026-01-01,11423.67,2513.21,220,571.18,8119.28
100129,2026-01-01,16264.58,3578.21,220,813.23,11653.14
100130,2026-01-01,11054.5,2431.99,100,552.72,7969.79
100131,2026-01-01,12431.33,2734.89,400,621.57,8674.87
100132,2026-01-01,8795.42,1934.99,100,439.77,6320.66
100133,2026-01-01,8189.17,1801.62,220,409.46,5758.09
100134,2026-01-01,9858.08,2168.78,400,492.9,6796.4
100135,2026-01-01,5721.58,1258.75,220,286.08,3956.75
100136,2026-01-01,10249.58,2254.91,100,512.48,7382.19
100137,2026-01-01,6980.17,1535.64,220,349.01,4875.52
100139,2026-01-01,10165.75,2236.46,220,508.29,7201.0
100140,2026-01-01,11341.42,2495.11,100,567.07,8179.24
100141,2026-01-01,6766.5,1488.63,100,338.33,4839.54
100142,2026-01-01,6849.17,1506.82,220,342.46,4779.89
100143,2026-01-01,17143.17,3771.5,100,857.16,12414.51
100144,2026-01-01,10658.0,2344.76,220,532.9,7560.34
100145,2026-01-01,9592.58,2110.37,400,479.63,6602.58
100146,2026-01-01,11960.67,2631.35,220,598.03,8511.29
100147,2026-01-01,10831.33,2382.89,220,541.57,7686.87
100148,2026-01-01,4706.5,1035.43,220,235.32,3215.75
100149,2026-01-01,6325.33,1391.57,400,316.27,4217.49
100150,2026-01-01,7584.0,1668.48,220,379.2,5316.32
100151,2026-01-01,13501.0,2970.22,220,675.05,9635.73
100152,2026-01-01,4564.25,1004.14,400,228.21,2931.9
100153,2026-01-01,17051.0,3751.22,220,852.55,12227.23
100155,2026-01-01,26809.08,5898.0,220,1340.45,19350.63
100156,2026-01-01,4556.33,1002.39,100,227.82,3226.12
100157,2026-01-01,15134.75,3329.64,220,756.74,10828.37
100158,2026-01-01,5263.92,1158.06,220,263.2,3622.66
100159,2026-01-01,6383.08,1404.28,100,319.15,4559.65
100160,2026-01-01,4519.67,994.33,220,225.98,3079.36
100161,2026-01-01,11011.58,2422.55,400,550.58,7638.45
100162,2026-01-01,4989.92,1097.78,100,249.5,3542.64
100163,2026-01-01,10714.58,2357.21,100,535.73,7721.64
100164,2026-01-01,7418.08,1631.98,100,370.9,5315.2
100165,2026-01-01,18025.5,3965.61,100,901.28,13058.61
100166,2026-01-01,6210.33,1366.27,400,310.52,4133.54
100167,2026-01-01,21285.0,4682.7,400,1064.25,15138.05
100168,2026-01-01,11735.5,2581.81,220,586.78,8346.91
100169,2026-01-01,12988.08,2857.38,100,649.4,9381.3
100170,2026-01-01,8714.83,1917.26,220,435.74,6141.83
100171,2026-01-01,10903.92,2398.86,220,545.2,7739.86
100172,2026-01-01,11693.42,2572.55,220,584.67,8316.2
100173,2026-01-01,10589.67,2329.73,400,529.48,7330.46
100174,2026-01-01,8290.17,1823.84,100,414.51,5951.82
100175,2026-01-01,6817.75,1499.9,220,340.89,4756.96
100176,2026-01-01,4672.08,1027.86,220,233.6,3190.62
100177,2026-01-01,16445.83,3618.08,100,822.29,11905.46
100178,2026-01-01,17242.42,3793.33,100,862.12,12486.97
100179,2026-01-01,9044.08,1989.7,220,452.2,6382.18
100180,2026-01-01,7872.92,1732.04,220,393.65,5527.23
100181,2026-01-01,10846.58,2386.25,100,542.33,7818.0
100182,2026-01-01,4908.92,1079.96,100,245.45,3483.51
100183,2026-01-01,4841.67,1065.17,220,242.08,3314.42
100184,2026-01-01,8277.25,1821.0,100,413.86,5942.39
100185,2026-01-01,10694.67,2352.83,220,534.73,7587.11
100186,2026-01-01,14076.75,3096.88,400,703.84,9876.03
100187,2026-01-01,10867.92,2390.94,220,543.4,7713.58
100188,2026-01-01,4852.0,1067.44,220,242.6,3321.96
100189,2026-01-01,12886.33,2834.99,220,644.32,9187.02
100190,2026-01-01,4939.33,1086.65,100,246.97,3505.71
100191,2026-01-01,6260.0,1377.2,220,313.0,4349.8
100192,2026-01-01,13004.25,2860.94,100,650.21,9393.1
100193,2026-01-01,8124.0,1787.28,100,406.2,5830.52
100194,2026-01-01,7411.08,1630.44,220,370.55,5190.09
100196,2026-01-01,8589.67,1889.73,400,429.48,5870.46
100197,2026-01-01,16283.92,3582.46,220,814.2,11667.26
100198,2026-01-01,4686.75,1031.08,100,234.34,3321.33
100200,2026-01-01,8616.58,1895.65,400,430.83,5890.1
100201,2026-01-01,7850.5,1727.11,220,392.52,5510.87
100202,2026-01-01,6123.0,1347.06,220,306.15,4249.79
100203,2026-01-01,13188.08,2901.38,100,659.4,9527.3
100204,2026-01-01,8773.67,1930.21,220,438.68,6184.78
100205,2026-01-01,17329.17,3812.42,100,866.46,12550.29
100206,2026-01-01,14074.25,3096.34,100,703.71,10174.2
100207,2026-01-01,4952.08,1089.46,400,247.6,3215.02
100208,2026-01-01,9567.08,2104.76,220,478.35,6763.97
100209,2026-01-01,14258.58,3136.89,220,712.93,10188.76
100210,2026-01-01,11216.92,2467.72,220,560.85,7968.35
100212,2026-01-01,7636.17,1679.96,100,381.81,5474.4
100213,2026-01-01,5521.5,1214.73,220,276.08,3810.69
100214,2026-01-01,13653.33,3003.73,100,682.67,9866.93
100215,2026-01-01,10554.17,2321.92,400,527.71,7304.54
100216,2026-01-01,9287.83,2043.32,220,464.39,6560.12
100217,2026-01-01,5125.33,1127.57,220,256.27,3521.49
100218,2026-01-01,9787.0,2153.14,220,489.35,6924.51
100219,2026-01-01,6193.75,1362.62,400,309.69,4121.44
100220,2026-01-01,6659.25,1465.04,220,332.96,4641.25
100221,2026-01-01,6736.33,1481.99,220,336.82,4697.52
100223,2026-01-01,6803.75,1496.82,220,340.19,4746.74
100225,2026-01-01,4319.0,950.18,400,215.95,2752.87
100226,2026-01-01,23159.17,5095.02,220,1157.96,16686.19
100227,2026-01-01,24050.17,5291.04,220,1202.51,17336.62
100228,2026-01-01,5418.33,1192.03,400,270.92,3555.38
100229,2026-01-01,8113.92,1785.06,220,405.7,5703.16
100230,2026-01-01,9827.0,2161.94,220,491.35,6953.71
100231,2026-01-01,22197.75,4883.5,400,1109.89,15804.36
100232,2026-01-01,13424.08,2953.3,100,671.2,9699.58
100233,2026-01-01,7862.92,1729.84,400,393.15,5339.93
100234,2026-01-01,10814.25,2379.14,220,540.71,7674.4
100235,2026-01-01,10303.0,2266.66,100,515.15,7421.19
100236,2026-01-01,6853.25,1507.72,220,342.66,4782.87
100237,2026-01-01,15841.0,3485.02,100,792.05,11463.93
100238,2026-01-01,18172.5,3997.95,220,908.62,13045.93
100239,2026-01-01,6213.5,1366.97,220,310.68,4315.85
100240,2026-01-01,9077.92,1997.14,100,453.9,6526.88
100241,2026-01-01,10900.08,2398.02,220,545.0,7737.06
100242,2026-01-01,6286.67,1383.07,220,314.33,4369.27
100243,2026-01-01,17440.58,3836.93,400,872.03,12331.62
100245,2026-01-01,6382.0,1404.04,400,319.1,4258.86
100246,2026-01-01,5615.42,1235.39,220,280.77,3879.26
100247,2026-01-01,11708.75,2575.93,400,585.44,8147.38
100248,2026-01-01,13951.75,3069.38,220,697.59,9964.78
100249,2026-01-01,11703.17,2574.7,220,585.16,8323.31
100250,2026-01-01,6029.58,1326.51,220,301.48,4181.59
100251,2026-01-01,5149.08,1132.8,220,257.45,3538.83
100252,2026-01-01,6005.83,1321.28,220,300.29,4164.26
100253,2026-01-01,7377.42,1623.03,220,368.87,5165.52
100254,2026-01-01,11795.25,2594.96,400,589.76,8210.53
100255,2026-01-01,10457.25,2300.59,220,522.86,7413.8
100256,2026-01-01,5684.08,1250.5,220,284.2,3929.38
100257,2026-01-01,3967.33,872.81,400,198.37,2496.15
100259,2026-01-01,13053.75,2871.82,400,652.69,9129.24
100260,2026-01-01,7310.0,1608.2,220,365.5,5116.3
100261,2026-01-01,11342.83,2495.42,100,567.14,8180.27
100262,2026-01-01,5955.08,1310.12,100,297.75,4247.21
100263,2026-01-01,6710.33,1476.27,400,335.52,4498.54
100264,2026-01-01,10623.42,2337.15,100,531.17,7655.1
100265,2026-01-01,17515.0,3853.3,100,875.75,12685.95
100266,2026-01-01,20731.0,4560.82,400,1036.55,14733.63
100267,2026-01-01,20716.25,4557.58,220,1035.81,14902.86
100268,2026-01-01,9930.5,2184.71,220,496.52,7029.27
100269,2026-01-01,6087.92,1339.34,220,304.4,4224.18
100270,2026-01-01,6411.25,1410.48,100,320.56,4580.21
100271,2026-01-01,11844.0,2605.68,220,592.2,8426.12
100272,2026-01-01,4372.0,961.84,220,218.6,2971.56
100273,2026-01-01,21620.0,4756.4,220,1081.0,15562.6
100274,2026-01-01,10982.17,2416.08,220,549.11,7796.98
100275,2026-01-01,8028.5,1766.27,220,401.42,5640.81
100276,2026-01-01,5368.5,1181.07,100,268.42,3819.01
100277,2026-01-01,4980.75,1095.77,220,249.04,3415.94
100278,2026-01-01,5293.33,1164.53,400,264.67,3464.13
100280,2026-01-01,7439.58,1636.71,400,371.98,5030.89
100281,2026-01-01,7773.75,1710.22,220,388.69,5454.84
100282,2026-01-01,5244.08,1153.7,220,262.2,3608.18
100283,2026-01-01,20466.67,4502.67,220,1023.33,14720.67
100284,2026-01-01,10946.17,2408.16,100,547.31,7890.7
100285,2026-01-01,7284.67,1602.63,100,364.23,5217.81
100286,2026-01-01,11490.0,2527.8,100,574.5,8287.7
100287,2026-01-01,9056.33,1992.39,220,452.82,6391.12
100288,2026-01-01,6929.75,1524.54,220,346.49,4838.72
100289,2026-01-01,11283.92,2482.46,400,564.2,7837.26
100290,2026-01-01,9549.83,2100.96,100,477.49,6871.38
100291,2026-01-01,8357.83,1838.72,220,417.89,5881.22
100292,2026-01-01,11734.33,2581.55,220,586.72,8346.06
100293,2026-01-01,8294.42,1824.77,100,414.72,5954.93
100294,2026-01-01,11387.5,2505.25,220,569.38,8092.87
100295,2026-01-01,5434.58,1195.61,100,271.73,3867.24
100296,2026-01-01,15922.08,3502.86,400,796.1,11223.12
100299,2026-01-01,11793.33,2594.53,400,589.67,8209.13
100300,2026-01-01,8209.83,1806.16,220,410.49,5773.18
100301,2026-01-01,28638.33,6300.43,100,1431.92,20805.98
100302,2026-01-01,7969.33,1753.25,100,398.47,5717.61
100303,2026-01-01,13956.42,3070.41,400,697.82,9788.19
100304,2026-01-01,11126.83,2447.9,220,556.34,7902.59
100306,2026-01-01,8395.5,1847.01,100,419.78,6028.71
100307,2026-01-01,6065.0,1334.3,220,303.25,4207.45
100309,2026-01-01,12052.5,2651.55,400,602.62,8398.33
100310,2026-01-01,5602.17,1232.48,400,280.11,3689.58
100311,2026-01-01,5830.67,1282.75,220,291.53,4036.39
100312,2026-01-01,12390.92,2726.0,220,619.55,8825.37
100314,2026-01-01,8976.0,1974.72,400,448.8,6152.48
100315,2026-01-01,18442.92,4057.44,400,922.15,13063.33
100316,2026-01-01,14338.58,3154.49,400,716.93,10067.16
100317,2026-01-01,8211.0,1806.42,220,410.55,5774.03
100319,2026-01-01,8752.75,1925.6,100,437.64,6289.51
100320,2026-01-01,11095.75,2441.06,220,554.79,7879.9
100321,2026-01-01,16336.0,3593.92,100,816.8,11825.28
100323,2026-01-01,8249.5,1814.89,220,412.48,5802.13
100324,2026-01-01,9742.42,2143.33,100,487.12,7011.97
100325,2026-01-01,5516.75,1213.68,220,275.84,3807.23
100327,2026-01-01,5001.42,1100.31,100,250.07,3551.04
100328,2026-01-01,3717.25,817.8,400,185.86,2313.59
100330,2026-01-01,8935.75,1965.86,220,446.79,6303.1
100331,2026-01-01,21115.17,4645.34,220,1055.76,15194.07
100332,2026-01-01,13904.75,3059.04,220,695.24,9930.47
100333,2026-01-01,11015.42,2423.39,100,550.77,7941.26
100334,2026-01-01,10895.17,2396.94,220,544.76,7733.47
100335,2026-01-01,14729.17,3240.42,400,736.46,10352.29
100336,2026-01-01,11972.58,2633.97,220,598.63,8519.98
100337,2026-01-01,5115.67,1125.45,100,255.78,3634.44
100338,2026-01-01,6632.58,1459.17,100,331.63,4741.78
100339,2026-01-01,7579.33,1667.45,220,378.97,5312.91
100340,2026-01-01,6986.33,1536.99,400,349.32,4700.02
100341,2026-01-01,19208.17,4225.8,220,960.41,13801.96
100342,2026-01-01,8497.08,1869.36,220,424.85,5982.87
100343,2026-01-01,5023.67,1105.21,220,251.18,3447.28
100344,2026-01-01,5459.0,1200.98,100,272.95,3885.07
100345,2026-01-01,11034.08,2427.5,220,551.7,7834.88
100346,2026-01-01,24002.17,5280.48,100,1200.11,17421.58
100347,2026-01-01,8922.42,1962.93,400,446.12,6113.37
100349,2026-01-01,17802.83,3916.62,220,890.14,12776.07
100350,2026-01-01,8543.33,1879.53,220,427.17,6016.63
100351,2026-01-01,5239.0,1152.58,220,261.95,3604.47
100352,2026-01-01,12228.58,2690.29,100,611.43,8826.86
100355,2026-01-01,14792.67,3254.39,100,739.63,10698.65
100356,2026-01-01,11642.0,2561.24,220,582.1,8278.66
100357,2026-01-01,16383.42,3604.35,100,819.17,11859.9
100358,2026-01-01,11737.58,2582.27,100,586.88,8468.43
100359,2026-01-01,6845.33,1505.97,400,342.27,4597.09
100361,2026-01-01,13558.25,2982.82,220,677.91,9677.52
100362,2026-01-01,11143.67,2451.61,100,557.18,8034.88
100363,2026-01-01,3646.17,802.16,100,182.31,2561.7
100364,2026-01-01,11347.0,2496.34,220,567.35,8063.31
100365,2026-01-01,4909.67,1080.13,100,245.48,3484.06
100366,2026-01-01,4459.92,981.18,220,223.0,3035.74
100367,2026-01-01,8593.92,1890.66,400,429.7,5873.56
100368,2026-01-01,11957.67,2630.69,400,597.88,8329.1
100369,2026-01-01,7733.67,1701.41,100,386.68,5545.58
100370,2026-01-01,7051.25,1551.28,220,352.56,4927.41
100371,2026-01-01,4928.75,1084.32,400,246.44,3197.99
100373,2026-01-01,13442.83,2957.42,400,672.14,9413.27
100374,2026-01-01,9140.08,2010.82,400,457.0,6272.26
100375,2026-01-01,14707.92,3235.74,220,735.4,10516.78
100376,2026-01-01,6127.08,1347.96,220,306.35,4252.77
100377,2026-01-01,8544.33,1879.75,220,427.22,6017.36
100378,2026-01-01,10788.25,2373.42,400,539.41,7475.42
100379,2026-01-01,13005.17,2861.14,400,650.26,9093.77
100380,2026-01-01,8180.83,1799.78,220,409.04,5752.01
100381,2026-01-01,6972.0,1533.84,220,348.6,4869.56
100382,2026-01-01,7885.58,1734.83,220,394.28,5536.47
100383,2026-01-01,16630.5,3658.71,100,831.53,12040.26
100384,2026-01-01,6885.0,1514.7,100,344.25,4926.05
100385,2026-01-01,12150.67,2673.15,220,607.53,8649.99
100386,2026-01-01,13289.83,2923.76,220,664.49,9481.58
100387,2026-01-01,19847.58,4366.47,400,992.38,14088.73
100388,2026-01-01,5560.33,1223.27,100,278.02,3959.04
100389,2026-01-01,10901.33,2398.29,400,545.07,7557.97
100390,2026-01-01,20877.58,4593.07,400,1043.88,14840.63
100391,2026-01-01,14770.0,3249.4,100,738.5,10682.1
100392,2026-01-01,6090.33,1339.87,220,304.52,4225.94
100393,2026-01-01,5988.58,1317.49,400,299.43,3971.66
100394,2026-01-01,12888.25,2835.42,220,644.41,9188.42
100395,2026-01-01,8618.83,1896.14,220,430.94,6071.75
100396,2026-01-01,10905.17,2399.14,400,545.26,7560.77
100397,2026-01-01,6574.08,1446.3,400,328.7,4399.08
100398,2026-01-01,8353.83,1837.84,220,417.69,5878.3
100399,2026-01-01,15240.42,3352.89,220,762.02,10905.51
100400,2026-01-01,7739.92,1702.78,100,387.0,5550.14
100401,2026-01-01,12991.5,2858.13,100,649.58,9383.79
100402,2026-01-01,4645.25,1021.96,220,232.26,3171.03
100403,2026-01-01,3996.0,879.12,100,199.8,2817.08
100405,2026-01-01,16850.75,3707.16,220,842.54,12081.05
100406,2026-01-01,7805.08,1717.12,400,390.25,5297.71
100407,2026-01-01,12292.25,2704.3,100,614.61,8873.34
100408,2026-01-01,8758.67,1926.91,220,437.93,6173.83
100409,2026-01-01,14455.67,3180.25,400,722.78,10152.64
100410,2026-01-01,9275.0,2040.5,100,463.75,6670.75
100411,2026-01-01,3495.42,768.99,400,174.77,2151.66
100412,2026-01-01,12343.25,2715.52,220,617.16,8790.57
100413,2026-01-01,16621.0,3656.62,220,831.05,11913.33
100414,2026-01-01,4617.75,1015.9,220,230.89,3150.96
100415,2026-01-01,13230.75,2910.76,220,661.54,9438.45
100416,2026-01-01,9340.33,2054.87,100,467.02,6718.44
100417,2026-01-01,27174.58,5978.41,400,1358.73,19437.44
100418,2026-01-01,3937.42,866.23,400,196.87,2474.32
100419,2026-01-01,8491.08,1868.04,220,424.55,5978.49
100420,2026-01-01,20323.08,4471.08,220,1016.15,14615.85
100421,2026-01-01,5970.33,1313.47,220,298.52,4138.34
100422,2026-01-01,7108.33,1563.83,220,355.42,4969.08
100423,2026-01-01,6764.25,1488.14,220,338.21,4717.9
100424,2026-01-01,14696.17,3233.16,220,734.81,10508.2
100425,2026-01-01,13087.75,2879.3,220,654.39,9334.06
100426,2026-01-01,5684.17,1250.52,100,284.21,4049.44
100427,2026-01-01,7402.42,1628.53,100,370.12,5303.77
100428,2026-01-01,13770.0,3029.4,220,688.5,9832.1
100429,2026-01-01,7369.0,1621.18,220,368.45,5159.37
100430,2026-01-01,11431.17,2514.86,100,571.56,8244.75
100432,2026-01-01,7951.83,1749.4,220,397.59,5584.84
100433,2026-01-01,4205.92,925.3,220,210.3,2850.32
100434,2026-01-01,5274.0,1160.28,220,263.7,3630.02
100435,2026-01-01,10813.42,2378.95,400,540.67,7493.8
100436,2026-01-01,14897.08,3277.36,220,744.85,10654.87
100437,2026-01-01,10321.92,2270.82,220,516.1,7315.0
100438,2026-01-01,11167.58,2456.87,400,558.38,7752.33
100439,2026-01-01,6011.83,1322.6,220,300.59,4168.64
100440,2026-01-01,10786.08,2372.94,100,539.3,7773.84
100441,2026-01-01,14721.75,3238.78,220,736.09,10526.88
100442,2026-01-01,14333.92,3153.46,220,716.7,10243.76
100443,2026-01-01,4832.17,1063.08,100,241.61,3427.48
100444,2026-01-01,5244.42,1153.77,100,262.22,3728.43
100446,2026-01-01,14070.75,3095.56,400,703.54,9871.65
100447,2026-01-01,5834.92,1283.68,220,291.75,4039.49
100449,2026-01-01,8429.17,1854.42,100,421.46,6053.29
100451,2026-01-01,8520.33,1874.47,100,426.02,6119.84
100452,2026-01-01,5461.25,1201.47,100,273.06,3886.72
100453,2026-01-01,11264.0,2478.08,220,563.2,8002.72
100454,2026-01-01,14148.5,3112.67,220,707.42,10108.41
100455,2026-01-01,10775.92,2370.7,220,538.8,7646.42
100456,2026-01-01,7470.92,1643.6,100,373.55,5353.77
100457,2026-01-01,13408.58,2949.89,220,670.43,9568.26
100458,2026-01-01,7144.17,1571.72,400,357.21,4815.24
100459,2026-01-01,12504.33,2750.95,100,625.22,9028.16
100460,2026-01-01,3946.25,868.18,400,197.31,2480.76
100461,2026-01-01,7005.42,1541.19,220,350.27,4893.96
100462,2026-01-01,13684.25,3010.54,220,684.21,9769.5
100463,2026-01-01,13432.67,2955.19,220,671.63,9585.85
100464,2026-01-01,12779.17,2811.42,220,638.96,9108.79
100465,2026-01-01,13600.0,2992.0,100,680.0,9828.0
100466,2026-01-01,4262.33,937.71,400,213.12,2711.5
100467,2026-01-01,12754.42,2805.97,220,637.72,9090.73
100468,2026-01-01,10871.58,2391.75,220,543.58,7716.25
100469,2026-01-01,11265.0,2478.3,220,563.25,8003.45
100470,2026-01-01,17232.25,3791.1,220,861.61,12359.54
100471,2026-01-01,6672.5,1467.95,220,333.62,4650.93
100472,2026-01-01,7139.92,1570.78,220,357.0,4992.14
100473,2026-01-01,4866.67,1070.67,100,243.33,3452.67
100474,2026-01-01,9974.5,2194.39,220,498.72,7061.39
100475,2026-01-01,7207.33,1585.61,400,360.37,4861.35
100476,2026-01-01,10239.25,2252.64,100,511.96,7374.65
100477,2026-01-01,13776.17,3030.76,400,688.81,9656.6
100478,2026-01-01,6680.67,1469.75,100,334.03,4776.89
100479,2026-01-01,8515.5,1873.41,400,425.78,5816.31
100481,2026-01-01,11414.92,2511.28,400,570.75,7932.89
100482,2026-01-01,8274.92,1820.48,400,413.75,5640.69
100483,2026-01-01,9085.92,1998.9,400,454.3,6232.72
100484,2026-01-01,20815.83,4579.48,220,1040.79,14975.56
100485,2026-01-01,28833.75,6343.42,220,1441.69,20828.64
100486,2026-01-01,10760.33,2367.27,100,538.02,7755.04
100487,2026-01-01,4719.0,1038.18,220,235.95,3224.87
100488,2026-01-01,7210.92,1586.4,100,360.55,5163.97
100489,2026-01-01,8895.5,1957.01,220,444.78,6273.71
100490,2026-01-01,6705.92,1475.3,220,335.3,4675.32
100492,2026-01-01,19571.83,4305.8,100,978.59,14187.44
100493,2026-01-01,4116.92,905.72,400,205.85,2605.35
100494,2026-01-01,6376.33,1402.79,100,318.82,4554.72
100495,2026-01-01,11094.67,2440.83,220,554.73,7879.11
100496,2026-01-01,9491.67,2088.17,220,474.58,6708.92
100497,2026-01-01,13707.25,3015.6,220,685.36,9786.29
100498,2026-01-01,8979.75,1975.54,100,448.99,6455.22
100499,2026-01-01,12615.5,2775.41,220,630.78,8989.31
100500,2026-01-01,18463.5,4061.97,100,923.18,13378.35
100501,2026-01-01,13694.25,3012.74,100,684.71,9896.8
100502,2026-01-01,9074.33,1996.35,220,453.72,6404.26
100503,2026-01-01,10929.33,2404.45,100,546.47,7878.41
100505,2026-01-01,11549.83,2540.96,100,577.49,8331.38
100506,2026-01-01,10152.08,2233.46,100,507.6,7311.02
100507,2026-01-01,5939.83,1306.76,400,296.99,3936.08
100508,2026-01-01,4645.42,1021.99,100,232.27,3291.16
100509,2026-01-01,11740.25,2582.86,220,587.01,8350.38
100510,2026-01-01,16477.0,3624.94,100,823.85,11928.21
100511,2026-01-01,9298.25,2045.62,220,464.91,6567.72
100512,2026-01-01,14911.58,3280.55,220,745.58,10665.45
100513,2026-01-01,17156.25,3774.38,100,857.81,12424.06
100514,2026-01-01,15415.5,3391.41,100,770.78,11153.31
100515,2026-01-01,8554.33,1881.95,400,427.72,5844.66
100516,2026-01-01,14262.58,3137.77,100,713.13,10311.68
100517,2026-01-01,8031.42,1766.91,220,401.57,5642.94
100518,2026-01-01,17261.5,3797.53,100,863.08,12500.89
100519,2026-01-01,4857.17,1068.58,220,242.86,3325.73
100520,2026-01-01,20607.25,4533.6,100,1030.36,14943.29
100521,2026-01-01,11435.92,2515.9,400,571.8,7948.22
100522,2026-01-01,9106.42,2003.41,220,455.32,6427.69
100523,2026-01-01,3932.83,865.22,220,196.64,2650.97
100524,2026-01-01,11021.42,2424.71,100,551.07,7945.64
100525,2026-01-01,15995.17,3518.94,400,799.76,11276.47
100526,2026-01-01,11585.83,2548.88,100,579.29,8357.66
100527,2026-01-01,8769.08,1929.2,220,438.45,6181.43
100528,2026-01-01,7344.67,1615.83,400,367.23,4961.61
100529,2026-01-01,10467.17,2302.78,220,523.36,7421.03
100530,2026-01-01,6273.75,1380.22,100,313.69,4479.84
100531,2026-01-01,6418.75,1412.12,220,320.94,4465.69
100532,2026-01-01,6651.58,1463.35,220,332.58,4635.65
100533,2026-01-01,10732.58,2361.17,100,536.63,7734.78
100534,2026-01-01,15846.75,3486.28,400,792.34,11168.13
100535,2026-01-01,12973.25,2854.12,100,648.66,9370.47
100536,2026-01-01,6976.5,1534.83,400,348.83,4692.84
100537,2026-01-01,6899.92,1517.98,220,345.0,4816.94
100538,2026-01-01,5729.33,1260.45,400,286.47,3782.41
100539,2026-01-01,12506.33,2751.39,400,625.32,8729.62
100540,2026-01-01,5113.08,1124.88,220,255.65,3512.55
100541,2026-01-01,6557.92,1442.74,220,327.9,4567.28
100542,2026-01-01,22129.92,4868.58,400,1106.5,15754.84
100543,2026-01-01,12113.75,2665.02,100,605.69,8743.04
100544,2026-01-01,10707.5,2355.65,400,535.38,7416.47
100545,2026-01-01,8380.58,1843.73,100,419.03,6017.82
100546,2026-01-01,7391.33,1626.09,220,369.57,5175.67
100547,2026-01-01,8723.83,1919.24,400,436.19,5968.4
100548,2026-01-01,6630.83,1458.78,100,331.54,4740.51
100549,2026-01-01,8848.08,1946.58,220,442.4,6239.1
100550,2026-01-01,21442.0,4717.24,220,1072.1,15432.66
100551,2026-01-01,9185.83,2020.88,220,459.29,6485.66
100552,2026-01-01,9933.83,2185.44,100,496.69,7151.7
100553,2026-01-01,4932.58,1085.17,220,246.63,3380.78
100554,2026-01-01,11387.58,2505.27,220,569.38,8092.93
100555,2026-01-01,7171.17,1577.66,220,358.56,5014.95
100556,2026-01-01,13608.83,2993.94,400,680.44,9534.45
100557,2026-01-01,8724.25,1919.34,220,436.21,6148.7
100558,2026-01-01,11991.0,2638.02,220,599.55,8533.43
100559,2026-01-01,7074.0,1556.28,220,353.7,4944.02
100560,2026-01-01,6615.92,1455.5,220,330.8,4609.62
100561,2026-01-01,6768.5,1489.07,220,338.42,4721.01
100562,2026-01-01,6611.83,1454.6,220,330.59,4606.64
100563,2026-01-01,15820.17,3480.44,220,791.01,11328.72
100564,2026-01-01,14240.92,3133.0,220,712.05,10175.87
100565,2026-01-01,3695.08,812.92,400,184.75,2297.41
100566,2026-01-01,3689.83,811.76,220,184.49,2473.58
100567,2026-01-01,5545.33,1219.97,100,277.27,3948.09
100568,2026-01-01,20197.83,4443.52,220,1009.89,14524.42
100569,2026-01-01,11047.0,2430.34,220,552.35,7844.31
100570,2026-01-01,6355.42,1398.19,100,317.77,4539.46
100571,2026-01-01,6784.5,1492.59,400,339.22,4552.69
100572,2026-01-01,11343.75,2495.62,220,567.19,8060.94
100573,2026-01-01,10927.83,2404.12,100,546.39,7877.32
100574,2026-01-01,6632.92,1459.24,220,331.65,4622.03
100575,2026-01-01,6382.0,1404.04,220,319.1,4438.86
100576,2026-01-01,15654.5,3443.99,220,782.72,11207.79
100577,2026-01-01,11092.33,2440.31,400,554.62,7697.4
100580,2026-01-01,21269.67,4679.33,220,1063.48,15306.86
100581,2026-01-01,7227.67,1590.09,220,361.38,5056.2
100582,2026-01-01,10283.0,2262.26,220,514.15,7286.59
100584,2026-01-01,9854.83,2168.06,400,492.74,6794.03
100585,2026-01-01,4949.25,1088.84,220,247.46,3392.95
100586,2026-01-01,5477.08,1204.96,400,273.85,3598.27
100587,2026-01-01,14810.25,3258.26,100,740.51,10711.48
100588,2026-01-01,10558.75,2322.93,220,527.94,7487.88
100589,2026-01-01,4959.5,1091.09,100,247.98,3520.43
100591,2026-01-01,7177.42,1579.03,220,358.87,5019.52
100592,2026-01-01,8093.25,1780.52,100,404.66,5808.07
100593,2026-01-01,11579.33,2547.45,220,578.97,8232.91
100594,2026-01-01,6318.5,1390.07,400,315.92,4212.51
100595,2026-01-01,7050.08,1551.02,220,352.5,4926.56
100596,2026-01-01,7405.83,1629.28,400,370.29,5006.26
100597,2026-01-01,8674.83,1908.46,100,433.74,6232.63
100598,2026-01-01,11106.08,2443.34,220,555.3,7887.44
100600,2026-01-01,11417.67,2511.89,100,570.88,8234.9
100601,2026-01-01,7838.67,1724.51,220,391.93,5502.23
100602,2026-01-01,5303.08,1166.68,220,265.15,3651.25
100604,2026-01-01,16188.33,3561.43,100,809.42,11717.48
100605,2026-01-01,13793.5,3034.57,220,689.68,9849.25
100606,2026-01-01,10332.58,2273.17,220,516.63,7322.78
100607,2026-01-01,8879.83,1953.56,220,443.99,6262.28
100608,2026-01-01,8138.33,1790.43,400,406.92,5540.98
100609,2026-01-01,12192.17,2682.28,400,609.61,8500.28
100610,2026-01-01,14061.08,3093.44,220,703.05,10044.59
100611,2026-01-01,5345.17,1175.94,100,267.26,3801.97
100612,2026-01-01,8708.5,1915.87,100,435.42,6257.21
100613,2026-01-01,10578.92,2327.36,220,528.95,7502.61
100614,2026-01-01,9135.92,2009.9,100,456.8,6569.22
100615,2026-01-01,9167.75,2016.9,220,458.39,6472.46
100616,2026-01-01,9947.33,2188.41,220,497.37,7041.55
100617,2026-01-01,5305.92,1167.3,220,265.3,3653.32
100618,2026-01-01,8735.58,1921.83,100,436.78,6276.97
100619,2026-01-01,14334.58,3153.61,400,716.73,10064.24
100620,2026-01-01,7113.25,1564.92,220,355.66,4972.67
100621,2026-01-01,13013.0,2862.86,220,650.65,9279.49
100622,2026-01-01,5124.0,1127.28,100,256.2,3640.52
100623,2026-01-01,6632.83,1459.22,400,331.64,4441.97
100624,2026-01-01,8933.92,1965.46,400,446.7,6121.76
100625,2026-01-01,4288.75,943.52,400,214.44,2730.79
100627,2026-01-01,8411.42,1850.51,220,420.57,5920.34
100628,2026-01-01,6169.5,1357.29,100,308.48,4403.73
100629,2026-01-01,21403.08,4708.68,220,1070.15,15404.25
100631,2026-01-01,4561.0,1003.42,100,228.05,3229.53
100632,2026-01-01,5580.5,1227.71,220,279.03,3853.76
100633,2026-01-01,9105.92,2003.3,220,455.3,6427.32
100634,2026-01-01,7612.08,1674.66,220,380.6,5336.82
100635,2026-01-01,7331.0,1612.82,400,366.55,4951.63
100636,2026-01-01,13170.75,2897.56,220,658.54,9394.65
100637,2026-01-01,5469.58,1203.31,100,273.48,3892.79
100638,2026-01-01,14223.42,3129.15,220,711.17,10163.1
100639,2026-01-01,10792.17,2374.28,220,539.61,7658.28
100640,2026-01-01,4828.25,1062.21,220,241.41,3304.63
100641,2026-01-01,10804.17,2376.92,100,540.21,7787.04
100642,2026-01-01,6888.0,1515.36,220,344.4,4808.24
100643,2026-01-01,9318.83,2050.14,100,465.94,6702.75
100644,2026-01-01,4730.58,1040.73,220,236.53,3233.32
100645,2026-01-01,4989.42,1097.67,400,249.47,3242.28
100646,2026-01-01,10979.58,2415.51,100,548.98,7915.09
100647,2026-01-01,6386.83,1405.1,220,319.34,4442.39
100648,2026-01-01,15669.33,3447.25,220,783.47,11218.61
100649,2026-01-01,7097.92,1561.54,220,354.9,4961.48
100650,2026-01-01,8040.0,1768.8,100,402.0,5769.2
100651,2026-01-01,13968.25,3073.02,220,698.41,9976.82
100652,2026-01-01,6624.83,1457.46,100,331.24,4736.13
100653,2026-01-01,6663.58,1465.99,220,333.18,4644.41
100654,2026-01-01,7088.83,1559.54,100,354.44,5074.85
100655,2026-01-01,5970.58,1313.53,400,298.53,3958.52
100656,2026-01-01,7124.75,1567.44,220,356.24,4981.07
100658,2026-01-01,20562.42,4523.73,220,1028.12,14790.57
100659,2026-01-01,5413.17,1190.9,100,270.66,3851.61
100660,2026-01-01,8502.08,1870.46,100,425.1,6106.52
100661,2026-01-01,5389.58,1185.71,100,269.48,3834.39
100662,2026-01-01,5528.17,1216.2,100,276.41,3935.56
100663,2026-01-01,6441.33,1417.09,100,322.07,4602.17
100664,2026-01-01,13750.25,3025.06,220,687.51,9817.68
100665,2026-01-01,10214.0,2247.08,220,510.7,7236.22
100666,2026-01-01,18507.92,4071.74,100,925.4,13410.78
100667,2026-01-01,6061.83,1333.6,400,303.09,4025.14
100668,2026-01-01,7232.42,1591.13,100,361.62,5179.67
100669,2026-01-01,28734.42,6321.57,100,1436.72,20876.13
100670,2026-01-01,10564.25,2324.14,400,528.21,7311.9
100671,2026-01-01,7351.33,1617.29,220,367.57,5146.47
100672,2026-01-01,5256.83,1156.5,220,262.84,3617.49
100673,2026-01-01,10898.5,2397.67,100,544.93,7855.9
100674,2026-01-01,9832.92,2163.24,220,491.65,6958.03
100675,2026-01-01,12600.92,2772.2,100,630.05,9098.67
100676,2026-01-01,6364.75,1400.24,100,318.24,4546.27
100677,2026-01-01,11118.67,2446.11,100,555.93,8016.63
100678,2026-01-01,5393.25,1186.52,100,269.66,3837.07
100679,2026-01-01,10157.08,2234.56,100,507.85,7314.67
100680,2026-01-01,10853.75,2387.82,220,542.69,7703.24
100681,2026-01-01,10006.75,2201.48,220,500.34,7084.93
100682,2026-01-01,3963.92,872.06,220,198.2,2673.66
100683,2026-01-01,6971.42,1533.71,100,348.57,4989.14
100684,2026-01-01,17561.75,3863.58,100,878.09,12720.08
100685,2026-01-01,13462.75,2961.8,220,673.14,9607.81
100686,2026-01-01,9238.25,2032.42,400,461.91,6343.92
100687,2026-01-01,5396.58,1187.25,100,269.83,3839.5
100688,2026-01-01,10048.0,2210.56,100,502.4,7235.04
100689,2026-01-01,6312.67,1388.79,400,315.63,4208.25
100690,2026-01-01,12627.5,2778.05,100,631.38,9118.07
100691,2026-01-01,8415.67,1851.45,100,420.78,6043.44
100693,2026-01-01,8472.83,1864.02,400,423.64,5785.17
100694,2026-01-01,10261.92,2257.62,220,513.1,7271.2
100695,2026-01-01,7404.33,1628.95,220,370.22,5185.16
100696,2026-01-01,11980.92,2635.8,220,599.05,8526.07
100697,2026-01-01,7700.67,1694.15,100,385.03,5521.49
100698,2026-01-01,16858.42,3708.85,100,842.92,12206.65
100699,2026-01-01,6784.58,1492.61,400,339.23,4552.74
100700,2026-01-01,6452.0,1419.44,400,322.6,4309.96
100701,2026-01-01,5703.75,1254.82,100,285.19,4063.74
100702,2026-01-01,11021.75,2424.78,100,551.09,7945.88
100703,2026-01-01,8398.17,1847.6,220,419.91,5910.66
100704,2026-01-01,8262.83,1817.82,100,413.14,5931.87
100705,2026-01-01,7436.83,1636.1,400,371.84,5028.89
100706,2026-01-01,13536.17,2977.96,220,676.81,9661.4
100707,2026-01-01,4201.42,924.31,220,210.07,2847.04
100708,2026-01-01,9877.75,2173.1,220,493.89,6990.76
100711,2026-01-01,5030.42,1106.69,220,251.52,3452.21
100712,2026-01-01,6090.5,1339.91,220,304.53,4226.06
100713,2026-01-01,7943.17,1747.5,220,397.16,5578.51
100714,2026-01-01,7290.33,1603.87,220,364.52,5101.94
100715,2026-01-01,16445.08,3617.92,220,822.25,11784.91
100716,2026-01-01,5454.5,1199.99,220,272.73,3761.78
100717,2026-01-01,11011.58,2422.55,100,550.58,7938.45
100718,2026-01-01,3435.25,755.76,220,171.76,2287.73
100719,2026-01-01,5691.5,1252.13,220,284.58,3934.79
100721,2026-01-01,10109.5,2224.09,220,505.48,7159.93
100722,2026-01-01,7448.75,1638.72,400,372.44,5037.59
100723,2026-01-01,18585.0,4088.7,220,929.25,13347.05
100724,2026-01-01,7219.67,1588.33,400,360.98,4870.36
100725,2026-01-01,9215.42,2027.39,220,460.77,6507.26
100726,2026-01-01,4684.83,1030.66,220,234.24,3199.93
100727,2026-01-01,3868.67,851.11,220,193.43,2604.13
100728,2026-01-01,4989.42,1097.67,400,249.47,3242.28
100729,2026-01-01,8267.67,1818.89,400,413.38,5635.4
100730,2026-01-01,14237.0,3132.14,100,711.85,10293.01
100731,2026-01-01,6810.92,1498.4,100,340.55,4871.97
100732,2026-01-01,6571.08,1445.64,220,328.55,4576.89
100733,2026-01-01,14979.33,3295.45,100,748.97,10834.91
100734,2026-01-01,19352.33,4257.51,100,967.62,14027.2
100735,2026-01-01,10162.42,2235.73,100,508.12,7318.57
100736,2026-01-01,8166.33,1796.59,100,408.32,5861.42
100737,2026-01-01,28702.42,6314.53,220,1435.12,20732.77
100738,2026-01-01,9155.25,2014.16,400,457.76,6283.33
100739,2026-01-01,11568.58,2545.09,220,578.43,8225.06
100740,2026-01-01,18389.0,4045.58,220,919.45,13203.97
100741,2026-01-01,8445.33,1857.97,220,422.27,5945.09
100742,2026-01-01,10986.75,2417.08,100,549.34,7920.33
100743,2026-01-01,11030.5,2426.71,220,551.52,7832.27
100744,2026-01-01,11767.08,2588.76,220,588.35,8369.97
100745,2026-01-01,8884.0,1954.48,100,444.2,6385.32
100746,2026-01-01,16035.5,3527.81,220,801.78,11485.91
100748,2026-01-01,9082.83,1998.22,400,454.14,6230.47
100749,2026-01-01,8969.17,1973.22,220,448.46,6327.49
100750,2026-01-01,12959.08,2851.0,400,647.95,9060.13
100751,2026-01-01,14166.92,3116.72,220,708.35,10121.85
100752,2026-01-01,7593.33,1670.53,220,379.67,5323.13
100753,2026-01-01,11109.33,2444.05,220,555.47,7889.81
100754,2026-01-01,7227.08,1589.96,220,361.35,5055.77
100755,2026-01-01,7444.33,1637.75,220,372.22,5214.36
100756,2026-01-01,4386.33,964.99,100,219.32,3102.02
100757,2026-01-01,5290.08,1163.82,220,264.5,3641.76
100759,2026-01-01,16589.92,3649.78,100,829.5,12010.64
100760,2026-01-01,7909.67,1740.13,220,395.48,5554.06
100761,2026-01-01,5575.83,1226.68,220,278.79,3850.36
100762,2026-01-01,7305.0,1607.1,220,365.25,5112.65
100763,2026-01-01,10775.83,2370.68,220,538.79,7646.36
100764,2026-01-01,5154.58,1134.01,220,257.73,3542.84
100765,2026-01-01,9931.58,2184.95,220,496.58,7030.05
100766,2026-01-01,4713.58,1036.99,220,235.68,3220.91
100767,2026-01-01,8983.25,1976.32,220,449.16,6337.77
100770,2026-01-01,11033.75,2427.43,220,551.69,7834.63
100771,2026-01-01,7954.42,1749.97,100,397.72,5706.73
100773,2026-01-01,9850.92,2167.2,220,492.55,6971.17
100774,2026-01-01,13457.67,2960.69,400,672.88,9424.1
100775,2026-01-01,9311.75,2048.58,100,465.59,6697.58
100776,2026-01-01,14645.5,3222.01,100,732.28,10591.21
100777,2026-01-01,16101.75,3542.38,400,805.09,11354.28
100778,2026-01-01,6717.92,1477.94,400,335.9,4504.08
100779,2026-01-01,6615.5,1455.41,100,330.78,4729.31
100780,2026-01-01,6531.0,1436.82,100,326.55,4667.63
100781,2026-01-01,7773.0,1710.06,220,388.65,5454.29
100782,2026-01-01,5351.25,1177.28,100,267.56,3806.41
100783,2026-01-01,12633.25,2779.32,100,631.66,9122.27
100784,2026-01-01,13649.08,3002.8,220,682.45,9743.83
100785,2026-01-01,8853.83,1947.84,400,442.69,6063.3
100787,2026-01-01,13838.67,3044.51,220,691.93,9882.23
100788,2026-01-01,5602.67,1232.59,100,280.13,3989.95
100790,2026-01-01,12461.25,2741.48,100,623.06,8996.71
100792,2026-01-01,9264.5,2038.19,220,463.22,6543.09
100793,2026-01-01,5737.42,1262.23,400,286.87,3788.32
100794,2026-01-01,6891.33,1516.09,100,344.57,4930.67
100795,2026-01-01,11604.67,2553.03,220,580.23,8251.41
100796,2026-01-01,20638.75,4540.52,220,1031.94,14846.29
100797,2026-01-01,8344.92,1835.88,100,417.25,5991.79
100798,2026-01-01,5132.75,1129.2,400,256.64,3346.91
100799,2026-01-01,9006.92,1981.52,220,450.35,6355.05
100800,2026-01-01,11251.17,2475.26,400,562.56,7813.35
100801,2026-01-01,10814.17,2379.12,220,540.71,7674.34
100802,2026-01-01,17033.33,3747.33,220,851.67,12214.33
100803,2026-01-01,5130.08,1128.62,400,256.5,3344.96
100804,2026-01-01,10400.5,2288.11,220,520.02,7372.37
100805,2026-01-01,11059.17,2433.02,100,552.96,7973.19
100806,2026-01-01,9852.83,2167.62,400,492.64,6792.57
100807,2026-01-01,19880.83,4373.78,100,994.04,14413.01
100808,2026-01-01,6031.58,1326.95,400,301.58,4003.05
100809,2026-01-01,5492.0,1208.24,220,274.6,3789.16
100810,2026-01-01,4337.25,954.2,100,216.86,3066.19
100811,2026-01-01,4924.92,1083.48,100,246.25,3495.19
100812,2026-01-01,5442.17,1197.28,220,272.11,3752.78
100813,2026-01-01,15138.42,3330.45,400,756.92,10651.05
100814,2026-01-01,13721.0,3018.62,100,686.05,9916.33
100816,2026-01-01,5902.0,1298.44,100,295.1,4208.46
100817,2026-01-01,5510.75,1212.36,100,275.54,3922.85
100818,2026-01-01,9306.17,2047.36,100,465.31,6693.5
100819,2026-01-01,6587.75,1449.3,220,329.39,4589.06
100820,2026-01-01,6166.17,1356.56,400,308.31,4101.3
100821,2026-01-01,14807.75,3257.7,220,740.39,10589.66
100822,2026-01-01,19341.5,4255.13,400,967.08,13719.29
100823,2026-01-01,15560.33,3423.27,100,778.02,11259.04
100824,2026-01-01,11612.5,2554.75,220,580.62,8257.13
100826,2026-01-01,4413.58,970.99,400,220.68,2821.91
100827,2026-01-01,17858.5,3928.87,400,892.92,12636.71
100828,2026-01-01,12656.67,2784.47,220,632.83,9019.37
100829,2026-01-01,12791.17,2814.06,220,639.56,9117.55
100830,2026-01-01,5620.92,1236.6,100,281.05,4003.27
100831,2026-01-01,8018.92,1764.16,100,400.95,5753.81
100832,2026-01-01,8171.0,1797.62,220,408.55,5744.83
100833,2026-01-01,10988.58,2417.49,220,549.43,7801.66
100834,2026-01-01,23619.92,5196.38,220,1181.0,17022.54
100835,2026-01-01,11487.08,2527.16,220,574.35,8165.57
100836,2026-01-01,9094.92,2000.88,220,454.75,6419.29
100837,2026-01-01,6649.0,1462.78,100,332.45,4753.77
100838,2026-01-01,9539.83,2098.76,220,476.99,6744.08
100839,2026-01-01,8719.42,1918.27,100,435.97,6265.18
100840,2026-01-01,9034.58,1987.61,100,451.73,6495.24
100841,2026-01-01,4294.83,944.86,100,214.74,3035.23
100842,2026-01-01,5006.33,1101.39,220,250.32,3434.62
100843,2026-01-01,8549.5,1880.89,400,427.48,5841.13
100844,2026-01-01,10229.42,2250.47,100,511.47,7367.48
100845,2026-01-01,9651.75,2123.39,100,482.59,6945.77
100846,2026-01-01,17812.25,3918.7,220,890.61,12782.94
100847,2026-01-01,6402.25,1408.5,220,320.11,4453.64
100848,2026-01-01,20750.5,4565.11,220,1037.53,14927.86
100849,2026-01-01,25325.92,5571.7,400,1266.3,18087.92
100850,2026-01-01,7337.92,1614.34,220,366.9,5136.68
100851,2026-01-01,8894.25,1956.74,400,444.71,6092.8
100854,2026-01-01,7933.67,1745.41,220,396.68,5571.58
100855,2026-01-01,7032.75,1547.2,220,351.64,4913.91
100856,2026-01-01,21670.67,4767.55,220,1083.53,15599.59
100857,2026-01-01,9880.0,2173.6,220,494.0,6992.4
100858,2026-01-01,8240.42,1812.89,220,412.02,5795.51
100859,2026-01-01,6642.58,1461.37,220,332.13,4629.08
100860,2026-01-01,10662.83,2345.82,100,533.14,7683.87
100861,2026-01-01,11027.92,2426.14,100,551.4,7950.38
100862,2026-01-01,14371.58,3161.75,220,718.58,10271.25
100863,2026-01-01,5904.83,1299.06,220,295.24,4090.53
100865,2026-01-01,7518.75,1654.12,220,375.94,5268.69
100866,2026-01-01,17971.75,3953.78,220,898.59,12899.38
100867,2026-01-01,6501.83,1430.4,220,325.09,4526.34
100868,2026-01-01,9657.5,2124.65,100,482.88,6949.97
100870,2026-01-01,11146.5,2452.23,400,557.33,7736.94
100871,2026-01-01,7228.33,1590.23,100,361.42,5176.68
100872,2026-01-01,10670.58,2347.53,220,533.53,7569.52
100873,2026-01-01,8896.58,1957.25,220,444.83,6274.5
100874,2026-01-01,8882.5,1954.15,220,444.12,6264.23
100875,2026-01-01,21256.5,4676.43,100,1062.82,15417.25
100876,2026-01-01,8497.17,1869.38,100,424.86,6102.93
100877,2026-01-01,4332.17,953.08,100,216.61,3062.48
100878,2026-01-01,8374.0,1842.28,220,418.7,5893.02
100879,2026-01-01,5620.67,1236.55,400,281.03,3703.09
100880,2026-01-01,5194.08,1142.7,220,259.7,3571.68
100881,2026-01-01,21988.92,4837.56,100,1099.45,15951.91
100882,2026-01-01,3880.08,853.62,100,194.0,2732.46
100883,2026-01-01,6702.92,1474.64,100,335.15,4793.13
100884,2026-01-01,8904.17,1958.92,220,445.21,6280.04
100885,2026-01-01,10924.67,2403.43,400,546.23,7575.01
100886,2026-01-01,11086.17,2438.96,100,554.31,7992.9
100887,2026-01-01,6552.25,1441.5,220,327.61,4563.14
100888,2026-01-01,6278.92,1381.36,100,313.95,4483.61
100890,2026-01-01,3982.42,876.13,220,199.12,2687.17
100891,2026-01-01,5085.42,1118.79,220,254.27,3492.36
100892,2026-01-01,7144.17,1571.72,220,357.21,4995.24
100894,2026-01-01,7157.17,1574.58,220,357.86,5004.73
100895,2026-01-01,10641.42,2341.11,220,532.07,7548.24
100896,2026-01-01,16020.92,3524.6,220,801.05,11475.27
100897,2026-01-01,11689.58,2571.71,220,584.48,8313.39
100898,2026-01-01,16980.08,3735.62,220,849.0,12175.46
100899,2026-01-01,8479.08,1865.4,100,423.95,6089.73
100900,2026-01-01,14899.0,3277.78,100,744.95,10776.27
100901,2026-01-01,6474.33,1424.35,100,323.72,4626.26
100902,2026-01-01,12366.92,2720.72,100,618.35,8927.85
100903,2026-01-01,12629.67,2778.53,220,631.48,8999.66
100904,2026-01-01,7158.0,1574.76,100,357.9,5125.34
100905,2026-01-01,8450.0,1859.0,100,422.5,6068.5
100906,2026-01-01,9221.75,2028.78,100,461.09,6631.88
100907,2026-01-01,13502.25,2970.5,220,675.11,9636.64
100909,2026-01-01,9132.75,2009.2,220,456.64,6446.91
100910,2026-01-01,25269.67,5559.33,100,1263.48,18346.86
100912,2026-01-01,6795.58,1495.03,220,339.78,4740.77
100913,2026-01-01,14507.17,3191.58,100,725.36,10490.23
100914,2026-01-01,8333.08,1833.28,400,416.65,5683.15
100915,2026-01-01,15482.17,3406.08,220,774.11,11081.98
100916,2026-01-01,5077.67,1117.09,100,253.88,3606.7
100917,2026-01-01,7742.75,1703.4,100,387.14,5552.21
100918,2026-01-01,16749.33,3684.85,100,837.47,12127.01
100919,2026-01-01,5151.83,1133.4,220,257.59,3540.84
100920,2026-01-01,16919.17,3722.22,100,845.96,12250.99
100921,2026-01-01,9822.25,2160.9,100,491.11,7070.24
100922,2026-01-01,13734.0,3021.48,100,686.7,9925.82
100924,2026-01-01,10798.5,2375.67,100,539.93,7782.9
100925,2026-01-01,4298.67,945.71,400,214.93,2738.03
100926,2026-01-01,6308.83,1387.94,220,315.44,4385.45
100928,2026-01-01,11168.17,2457.0,220,558.41,7932.76
100929,2026-01-01,5769.67,1269.33,400,288.48,3811.86
100931,2026-01-01,8152.83,1793.62,100,407.64,5851.57
100932,2026-01-01,6640.83,1460.98,100,332.04,4747.81
100933,2026-01-01,15375.08,3382.52,220,768.75,11003.81
100935,2026-01-01,8584.92,1888.68,220,429.25,6046.99
100936,2026-01-01,8452.75,1859.6,100,422.64,6070.51
100937,2026-01-01,15436.5,3396.03,220,771.82,11048.65
100939,2026-01-01,6819.5,1500.29,400,340.98,4578.23
100940,2026-01-01,3784.33,832.55,220,189.22,2542.56
100941,2026-01-01,7586.17,1668.96,100,379.31,5437.9
100942,2026-01-01,9214.5,2027.19,220,460.72,6506.59
100943,2026-01-01,4245.67,934.05,220,212.28,2879.34
100944,2026-01-01,17249.42,3794.87,220,862.47,12372.08
100945,2026-01-01,7032.83,1547.22,100,351.64,5033.97
100946,2026-01-01,7118.92,1566.16,100,355.95,5096.81
100947,2026-01-01,8226.92,1809.92,400,411.35,5605.65
100948,2026-01-01,14047.67,3090.49,100,702.38,10154.8
100949,2026-01-01,7115.5,1565.41,220,355.78,4974.31
100950,2026-01-01,11245.0,2473.9,220,562.25,7988.85
100951,2026-01-01,13207.0,2905.54,220,660.35,9421.11
100952,2026-01-01,7578.83,1667.34,100,378.94,5432.55
100953,2026-01-01,9256.0,2036.32,400,462.8,6356.88
100954,2026-01-01,5294.25,1164.73,100,264.71,3764.81
100956,2026-01-01,13093.0,2880.46,100,654.65,9457.89
100957,2026-01-01,10093.0,2220.46,220,504.65,7147.89
100958,2026-01-01,16012.67,3522.79,220,800.63,11469.25
100961,2026-01-01,6848.17,1506.6,220,342.41,4779.16
100962,2026-01-01,14279.17,3141.42,100,713.96,10323.79
100963,2026-01-01,12975.08,2854.52,400,648.75,9071.81
100964,2026-01-01,10687.67,2351.29,400,534.38,7402.0
100965,2026-01-01,6884.5,1514.59,100,344.22,4925.69
100966,2026-01-01,5907.83,1299.72,400,295.39,3912.72
100967,2026-01-01,13192.25,2902.3,220,659.61,9410.34
100968,2026-01-01,4580.83,1007.78,400,229.04,2944.01
100969,2026-01-01,6155.17,1354.14,220,307.76,4273.27
100970,2026-01-01,4167.0,916.74,220,208.35,2821.91
100971,2026-01-01,6916.42,1521.61,220,345.82,4828.99
100972,2026-01-01,4070.08,895.42,400,203.5,2571.16
100973,2026-01-01,9168.08,2016.98,220,458.4,6472.7
100974,2026-01-01,7603.0,1672.66,220,380.15,5330.19
100975,2026-01-01,19833.17,4363.3,100,991.66,14378.21
100976,2026-01-01,7107.25,1563.6,100,355.36,5088.29
100977,2026-01-01,5447.92,1198.54,220,272.4,3756.98
100978,2026-01-01,17976.5,3954.83,400,898.82,12722.85
100979,2026-01-01,12478.08,2745.18,220,623.9,8889.0
100980,2026-01-01,18658.42,4104.85,220,932.92,13400.65
100981,2026-01-01,9855.17,2168.14,100,492.76,7094.27
100982,2026-01-01,10028.33,2206.23,100,501.42,7220.68
100983,2026-01-01,7205.58,1585.23,100,360.28,5160.07
100984,2026-01-01,8652.83,1903.62,220,432.64,6096.57
100985,2026-01-01,10247.25,2254.4,100,512.36,7380.49
100986,2026-01-01,7518.0,1653.96,100,375.9,5388.14
100987,2026-01-01,6698.08,1473.58,220,334.9,4669.6
100988,2026-01-01,4809.83,1058.16,220,240.49,3291.18
100989,2026-01-01,14306.08,3147.34,400,715.3,10043.44
100990,2026-01-01,6992.67,1538.39,220,349.63,4884.65
100991,2026-01-01,6501.0,1430.22,100,325.05,4645.73
100992,2026-01-01,5647.17,1242.38,100,282.36,4022.43
100993,2026-01-01,17519.83,3854.36,100,875.99,12689.48
100994,2026-01-01,10225.17,2249.54,220,511.26,7244.37
100995,2026-01-01,4391.5,966.13,100,219.58,3105.79
100996,2026-01-01,12640.67,2780.95,220,632.03,9007.69
100997,2026-01-01,12706.75,2795.48,220,635.34,9055.93
100998,2026-01-01,15443.92,3397.66,220,772.2,11054.06
100999,2026-01-01,18577.58,4087.07,220,928.88,13341.63
100000,2026-02-01,8997.5,1979.45,100,449.88,6468.17
100001,2026-02-01,15808.42,3477.85,220,790.42,11320.15
100002,2026-02-01,5014.08,1103.1,100,250.7,3560.28
100004,2026-02-01,15897.08,3497.36,100,794.85,11504.87
100005,2026-02-01,4714.08,1037.1,400,235.7,3041.28
100007,2026-02-01,16924.25,3723.34,100,846.21,12254.7
100008,2026-02-01,9159.33,2015.05,220,457.97,6466.31
100009,2026-02-01,7108.5,1563.87,220,355.42,4969.21
100010,2026-02-01,8375.0,1842.5,220,418.75,5893.75
100012,2026-02-01,9924.67,2183.43,100,496.23,7145.01
100013,2026-02-01,12277.83,2701.12,220,613.89,8742.82
100014,2026-02-01,8981.17,1975.86,220,449.06,6336.25
100015,2026-02-01,5935.08,1305.72,400,296.75,3932.61
100016,2026-02-01,17282.17,3802.08,100,864.11,12515.98
100017,2026-02-01,14070.83,3095.58,220,703.54,10051.71
100018,2026-02-01,7149.17,1572.82,220,357.46,4998.89
100019,2026-02-01,12315.0,2709.3,400,615.75,8589.95
100020,2026-02-01,4826.67,1061.87,220,241.33,3303.47
100021,2026-02-01,6543.5,1439.57,220,327.18,4556.75
100022,2026-02-01,23995.0,5278.9,220,1199.75,17296.35
100023,2026-02-01,9266.17,2038.56,400,463.31,6364.3
100025,2026-02-01,11170.33,2457.47,100,558.52,8054.34
100026,2026-02-01,4876.42,1072.81,220,243.82,3339.79
100027,2026-02-01,8536.83,1878.1,220,426.84,6011.89
100028,2026-02-01,7285.67,1602.85,100,364.28,5218.54
100029,2026-02-01,7476.17,1644.76,220,373.81,5237.6
100030,2026-02-01,8582.25,1888.1,220,429.11,6045.04
100031,2026-02-01,8496.25,1869.18,100,424.81,6102.26
100032,2026-02-01,9036.5,1988.03,220,451.83,6376.64
100033,2026-02-01,9272.17,2039.88,220,463.61,6548.68
100034,2026-02-01,11879.58,2613.51,220,593.98,8452.09
100035,2026-02-01,6334.67,1393.63,100,316.73,4524.31
100036,2026-02-01,10181.5,2239.93,100,509.08,7332.49
100037,2026-02-01,11211.42,2466.51,400,560.57,7784.34
100038,2026-02-01,5641.42,1241.11,220,282.07,3898.24
100039,2026-02-01,4808.17,1057.8,220,240.41,3289.96
100040,2026-02-01,7042.75,1549.4,400,352.14,4741.21
100041,2026-02-01,8723.92,1919.26,220,436.2,6148.46
100042,2026-02-01,4825.33,1061.57,220,241.27,3302.49
100043,2026-02-01,8165.58,1796.43,100,408.28,5860.87
100044,2026-02-01,6805.42,1497.19,220,340.27,4747.96
100045,2026-02-01,9004.0,1980.88,100,450.2,6472.92
100046,2026-02-01,6248.92,1374.76,220,312.45,4341.71
100047,2026-02-01,14262.0,3137.64,100,713.1,10311.26
100048,2026-02-01,9120.17,2006.44,100,456.01,6557.72
100050,2026-02-01,10206.83,2245.5,220,510.34,7230.99
100052,2026-02-01,8497.25,1869.4,100,424.86,6102.99
100053,2026-02-01,4399.08,967.8,220,219.95,2991.33
100054,2026-02-01,5353.08,1177.68,100,267.65,3807.75
100056,2026-02-01,10559.25,2323.04,100,527.96,7608.25
100057,2026-02-01,16115.0,3545.3,220,805.75,11543.95
100058,2026-02-01,9833.83,2163.44,220,491.69,6958.7
100059,2026-02-01,13033.92,2867.46,220,651.7,9294.76
100060,2026-02-01,5192.5,1142.35,400,259.62,3390.53
100061,2026-02-01,6254.0,1375.88,100,312.7,4465.42
100062,2026-02-01,10535.17,2317.74,100,526.76,7590.67
100063,2026-02-01,7778.17,1711.2,100,388.91,5578.06
100064,2026-02-01,6963.33,1531.93,100,348.17,4983.23
100065,2026-02-01,10932.25,2405.09,400,546.61,7580.55
100066,2026-02-01,8233.33,1811.33,220,411.67,5790.33
100067,2026-02-01,25351.33,5577.29,100,1267.57,18406.47
100068,2026-02-01,8965.25,1972.36,400,448.26,6144.63
100069,2026-02-01,20679.5,4549.49,220,1033.98,14876.03
100070,2026-02-01,7275.75,1600.66,220,363.79,5091.3
100071,2026-02-01,7282.92,1602.24,220,364.15,5096.53
100072,2026-02-01,6462.83,1421.82,220,323.14,4497.87
100073,2026-02-01,4396.5,967.23,220,219.82,2989.45
100074,2026-02-01,19962.83,4391.82,100,998.14,14472.87
100075,2026-02-01,12799.25,2815.84,100,639.96,9243.45
100076,2026-02-01,14195.17,3122.94,100,709.76,10262.47
100077,2026-02-01,8304.75,1827.04,220,415.24,5842.47
100078,2026-02-01,11360.5,2499.31,100,568.02,8193.17
100079,2026-02-01,13920.58,3062.53,220,696.03,9942.02
100080,2026-02-01,11634.58,2559.61,400,581.73,8093.24
100081,2026-02-01,11380.75,2503.76,220,569.04,8087.95
100082,2026-02-01,9788.17,2153.4,220,489.41,6925.36
100083,2026-02-01,11130.0,2448.6,220,556.5,7904.9
100084,2026-02-01,8565.92,1884.5,400,428.3,5853.12
100085,2026-02-01,12719.58,2798.31,220,635.98,9065.29
100086,2026-02-01,5850.5,1287.11,220,292.53,4050.86
100087,2026-02-01,5455.5,1200.21,100,272.78,3882.51
100088,2026-02-01,6602.58,1452.57,400,330.13,4419.88
100089,2026-02-01,11316.25,2489.57,220,565.81,8040.87
100090,2026-02-01,9699.0,2133.78,220,484.95,6860.27
100092,2026-02-01,8961.67,1971.57,220,448.08,6322.02
100093,2026-02-01,11336.08,2493.94,220,566.8,8055.34
100094,2026-02-01,9839.08,2164.6,220,491.95,6962.53
100095,2026-02-01,6646.33,1462.19,220,332.32,4631.82
100096,2026-02-01,22696.67,4993.27,220,1134.83,16348.57
100097,2026-02-01,5220.75,1148.56,100,261.04,3711.15
100098,2026-02-01,5345.75,1176.06,220,267.29,3682.4
100099,2026-02-01,14123.08,3107.08,220,706.15,10089.85
100100,2026-02-01,6779.17,1491.42,220,338.96,4728.79
100101,2026-02-01,6288.17,1383.4,100,314.41,4490.36
100102,2026-02-01,16234.33,3571.55,220,811.72,11631.06
100103,2026-02-01,7292.0,1604.24,220,364.6,5103.16
100104,2026-02-01,6816.67,1499.67,220,340.83,4756.17
100105,2026-02-01,7501.17,1650.26,220,375.06,5255.85
100106,2026-02-01,9481.83,2086.0,220,474.09,6701.74
100107,2026-02-01,6349.25,1396.84,400,317.46,4234.95
100108,2026-02-01,13511.33,2972.49,220,675.57,9643.27
100109,2026-02-01,12731.5,2800.93,400,636.58,8893.99
100110,2026-02-01,11575.83,2546.68,220,578.79,8230.36
100111,2026-02-01,6428.75,1414.32,220,321.44,4472.99
100113,2026-02-01,5472.42,1203.93,220,273.62,3774.87
100114,2026-02-01,6197.92,1363.54,220,309.9,4304.48
100115,2026-02-01,7425.92,1633.7,100,371.3,5320.92
100116,2026-02-01,5542.42,1219.33,400,277.12,3645.97
100117,2026-02-01,11537.5,2538.25,400,576.88,8022.37
100118,2026-02-01,13117.58,2885.87,400,655.88,9175.83
100119,2026-02-01,10573.58,2326.19,400,528.68,7318.71
100120,2026-02-01,3919.75,862.34,400,195.99,2461.42
100121,2026-02-01,9942.58,2187.37,220,497.13,7038.08
100122,2026-02-01,7533.17,1657.3,400,376.66,5099.21
100123,2026-02-01,10156.17,2234.36,220,507.81,7194.0
100124,2026-02-01,12786.42,2813.01,100,639.32,9234.09
100125,2026-02-01,12222.0,2688.84,220,611.1,8702.06
100126,2026-02-01,5997.25,1319.4,220,299.86,4157.99
100127,2026-02-01,25068.33,5515.03,220,1253.42,18079.88
100128,2026-02-01,11583.67,2548.41,220,579.18,8236.08
100129,2026-02-01,16290.58,3583.93,220,814.53,11672.12
100130,2026-02-01,11066.5,2434.63,100,553.33,7978.54
100131,2026-02-01,12230.33,2690.67,400,611.52,8528.14
100132,2026-02-01,8937.42,1966.23,100,446.87,6424.32
100133,2026-02-01,8645.17,1901.94,220,432.26,6090.97
100134,2026-02-01,9425.08,2073.52,400,471.25,6480.31
100135,2026-02-01,5438.58,1196.49,220,271.93,3750.16
100136,2026-02-01,9821.58,2160.75,100,491.08,7069.75
100137,2026-02-01,7108.17,1563.8,220,355.41,4968.96
100139,2026-02-01,10176.75,2238.89,220,508.84,7209.02
100140,2026-02-01,11271.42,2479.71,100,563.57,8128.14
100141,2026-02-01,6773.5,1490.17,100,338.68,4844.65
100142,2026-02-01,6891.17,1516.06,220,344.56,4810.55
100143,2026-02-01,16742.17,3683.28,100,837.11,12121.78
100144,2026-02-01,10816.0,2379.52,220,540.8,7675.68
100145,2026-02-01,9409.58,2070.11,400,470.48,6468.99
100146,2026-02-01,12182.67,2680.19,220,609.13,8673.35
100147,2026-02-01,11043.33,2429.53,220,552.17,7841.63
100148,2026-02-01,4581.5,1007.93,220,229.08,3124.49
100149,2026-02-01,6326.33,1391.79,400,316.32,4218.22
100150,2026-02-01,7356.0,1618.32,220,367.8,5149.88
100151,2026-02-01,13488.0,2967.36,220,674.4,9626.24
100152,2026-02-01,4458.25,980.82,400,222.91,2854.52
100153,2026-02-01,17373.0,3822.06,220,868.65,12462.29
100155,2026-02-01,26943.08,5927.48,220,1347.15,19448.45
100156,2026-02-01,4879.33,1073.45,100,243.97,3461.91
100157,2026-02-01,14938.75,3286.52,220,746.94,10685.29
100158,2026-02-01,5331.92,1173.02,220,266.6,3672.3
100159,2026-02-01,6674.08,1468.3,100,333.7,4772.08
100160,2026-02-01,4569.67,1005.33,220,228.48,3115.86
100161,2026-02-01,10951.58,2409.35,400,547.58,7594.65
100162,2026-02-01,4919.92,1082.38,100,246.0,3491.54
100163,2026-02-01,10445.58,2298.03,100,522.28,7525.27
100164,2026-02-01,7411.08,1630.44,100,370.55,5310.09
100165,2026-02-01,17979.5,3955.49,100,898.98,13025.03
100166,2026-02-01,6572.33,1445.91,400,328.62,4397.8
100167,2026-02-01,21202.0,4664.44,400,1060.1,15077.46
100168,2026-02-01,11936.5,2626.03,220,596.83,8493.64
100169,2026-02-01,13205.08,2905.12,100,660.25,9539.71
100170,2026-02-01,8846.83,1946.3,220,442.34,6238.19
100171,2026-02-01,11244.92,2473.88,220,562.25,7988.79
100172,2026-02-01,11545.42,2539.99,220,577.27,8208.16
100173,2026-02-01,10874.67,2392.43,400,543.73,7538.51
100174,2026-02-01,8259.17,1817.02,100,412.96,5929.19
100175,2026-02-01,6977.75,1535.1,220,348.89,4873.76
100176,2026-02-01,4842.08,1065.26,220,242.1,3314.72
100177,2026-02-01,16393.83,3606.64,100,819.69,11867.5
100178,2026-02-01,17007.42,3741.63,100,850.37,12315.42
100179,2026-02-01,8693.08,1912.48,220,434.65,6125.95
100180,2026-02-01,7427.92,1634.14,220,371.4,5202.38
100181,2026-02-01,10635.58,2339.83,100,531.78,7663.97
100182,2026-02-01,4939.92,1086.78,100,247.0,3506.14
100183,2026-02-01,5168.67,1137.11,220,258.43,3553.13
100184,2026-02-01,8389.25,1845.64,100,419.46,6024.15
100185,2026-02-01,11185.67,2460.85,220,559.28,7945.54
100186,2026-02-01,14487.75,3187.3,400,724.39,10176.06
100187,2026-02-01,10991.92,2418.22,220,549.6,7804.1
100188,2026-02-01,4864.0,1070.08,220,243.2,3330.72
100189,2026-02-01,12740.33,2802.87,220,637.02,9080.44
100190,2026-02-01,4635.33,1019.77,100,231.77,3283.79
100191,2026-02-01,6167.0,1356.74,220,308.35,4281.91
100192,2026-02-01,12883.25,2834.32,100,644.16,9304.77
100193,2026-02-01,8114.0,1785.08,100,405.7,5823.22
100194,2026-02-01,7180.08,1579.62,220,359.0,5021.46
100196,2026-02-01,8615.67,1895.45,400,430.78,5889.44
100197,2026-02-01,15845.92,3486.1,220,792.3,11347.52
100198,2026-02-01,4537.75,998.3,100,226.89,3212.56
100200,2026-02-01,8172.58,1797.97,400,408.63,5565.98
100201,2026-02-01,7935.5,1745.81,220,396.78,5572.91
100202,2026-02-01,6564.0,1444.08,220,328.2,4571.72
100203,2026-02-01,13245.08,2913.92,100,662.25,9568.91
100204,2026-02-01,8867.67,1950.89,220,443.38,6253.4
100205,2026-02-01,17668.17,3887.0,100,883.41,12797.76
100206,2026-02-01,13884.25,3054.54,100,694.21,10035.5
100207,2026-02-01,4880.08,1073.62,400,244.0,3162.46
100208,2026-02-01,9382.08,2064.06,220,469.1,6628.92
100209,2026-02-01,14068.58,3095.09,220,703.43,10050.06
100210,2026-02-01,11335.92,2493.9,220,566.8,8055.22
100212,2026-02-01,8104.17,1782.92,100,405.21,5816.04
100213,2026-02-01,5563.5,1223.97,220,278.18,3841.35
100214,2026-02-01,13408.33,2949.83,100,670.42,9688.08
100215,2026-02-01,10172.17,2237.88,400,508.61,7025.68
100216,2026-02-01,9258.83,2036.94,220,462.94,6538.95
100217,2026-02-01,5524.33,1215.35,220,276.22,3812.76
100218,2026-02-01,9786.0,2152.92,220,489.3,6923.78
100219,2026-02-01,6329.75,1392.54,400,316.49,4220.72
100220,2026-02-01,6692.25,1472.3,220,334.61,4665.34
100221,2026-02-01,6860.33,1509.27,220,343.02,4788.04
100223,2026-02-01,6903.75,1518.82,220,345.19,4819.74
100225,2026-02-01,4521.0,994.62,400,226.05,2900.33
100226,2026-02-01,23133.17,5089.3,220,1156.66,16667.21
100227,2026-02-01,24236.17,5331.96,220,1211.81,17472.4
100228,2026-02-01,5971.33,1313.69,400,298.57,3959.07
100229,2026-02-01,8417.92,1851.94,220,420.9,5925.08
100230,2026-02-01,9748.0,2144.56,220,487.4,6896.04
100231,2026-02-01,22076.75,4856.88,400,1103.84,15716.03
100232,2026-02-01,13654.08,3003.9,100,682.7,9867.48
100233,2026-02-01,7516.92,1653.72,400,375.85,5087.35
100234,2026-02-01,11238.25,2472.42,220,561.91,7983.92
100235,2026-02-01,10100.0,2222.0,100,505.0,7273.0
100236,2026-02-01,7084.25,1558.54,220,354.21,4951.5
100237,2026-02-01,15584.0,3428.48,100,779.2,11276.32
100238,2026-02-01,17986.5,3957.03,220,899.32,12910.15
100239,2026-02-01,6398.5,1407.67,220,319.92,4450.91
100240,2026-02-01,8527.92,1876.14,100,426.4,6125.38
100241,2026-02-01,11389.08,2505.6,220,569.45,8094.03
100242,2026-02-01,6123.67,1347.21,220,306.18,4250.28
100243,2026-02-01,17582.58,3868.17,400,879.13,12435.28
100245,2026-02-01,6053.0,1331.66,400,302.65,4018.69
100246,2026-02-01,5551.42,1221.31,220,277.57,3832.54
100247,2026-02-01,11192.75,2462.41,400,559.64,7770.7
100248,2026-02-01,13876.75,3052.88,220,693.84,9910.03
100249,2026-02-01,12058.17,2652.8,220,602.91,8582.46
100250,2026-02-01,5825.58,1281.63,220,291.28,4032.67
100251,2026-02-01,4827.08,1061.96,220,241.35,3303.77
100252,2026-02-01,6050.83,1331.18,220,302.54,4197.11
100253,2026-02-01,7151.42,1573.31,220,357.57,5000.54
100254,2026-02-01,12188.25,2681.42,400,609.41,8497.42
100255,2026-02-01,10268.25,2259.02,220,513.41,7275.82
100256,2026-02-01,5247.08,1154.36,220,262.35,3610.37
100257,2026-02-01,3915.33,861.37,400,195.77,2458.19
100259,2026-02-01,13039.75,2868.74,400,651.99,9119.02
100260,2026-02-01,7444.0,1637.68,220,372.2,5214.12
100261,2026-02-01,11052.83,2431.62,100,552.64,7968.57
100262,2026-02-01,6111.08,1344.44,100,305.55,4361.09
100263,2026-02-01,6706.33,1475.39,400,335.32,4495.62
100264,2026-02-01,10118.42,2226.05,100,505.92,7286.45
100265,2026-02-01,17296.0,3805.12,100,864.8,12526.08
100266,2026-02-01,20330.0,4472.6,400,1016.5,14440.9
100267,2026-02-01,20662.25,4545.7,220,1033.11,14863.44
100268,2026-02-01,9980.5,2195.71,220,499.02,7065.77
100269,2026-02-01,6213.92,1367.06,220,310.7,4316.16
100270,2026-02-01,6459.25,1421.04,100,322.96,4615.25
100271,2026-02-01,11883.0,2614.26,220,594.15,8454.59
100272,2026-02-01,4265.0,938.3,220,213.25,2893.45
100273,2026-02-01,21294.0,4684.68,220,1064.7,15324.62
100274,2026-02-01,10977.17,2414.98,220,548.86,7793.33
100275,2026-02-01,7703.5,1694.77,220,385.18,5403.55
100276,2026-02-01,5384.5,1184.59,100,269.23,3830.68
100277,2026-02-01,5155.75,1134.27,220,257.79,3543.69
100278,2026-02-01,5110.33,1124.27,400,255.52,3330.54
100280,2026-02-01,7801.58,1716.35,400,390.08,5295.15
100281,2026-02-01,7968.75,1753.12,220,398.44,5597.19
100282,2026-02-01,5640.08,1240.82,220,282.0,3897.26
100283,2026-02-01,20361.67,4479.57,220,1018.08,14644.02
100284,2026-02-01,11334.17,2493.52,100,566.71,8173.94
100285,2026-02-01,7079.67,1557.53,100,353.98,5068.16
100286,2026-02-01,11280.0,2481.6,100,564.0,8134.4
100287,2026-02-01,9365.33,2060.37,220,468.27,6616.69
100288,2026-02-01,6738.75,1482.52,220,336.94,4699.29
100289,2026-02-01,11382.92,2504.24,400,569.15,7909.53
100290,2026-02-01,9422.83,2073.02,100,471.14,6778.67
100291,2026-02-01,8537.83,1878.32,220,426.89,6012.62
100292,2026-02-01,11396.33,2507.19,220,569.82,8099.32
100293,2026-02-01,8451.42,1859.31,100,422.57,6069.54
100294,2026-02-01,11316.5,2489.63,220,565.83,8041.04
100295,2026-02-01,5029.58,1106.51,100,251.48,3571.59
100296,2026-02-01,15803.08,3476.68,400,790.15,11136.25
100299,2026-02-01,11677.33,2569.01,400,583.87,8124.45
100300,2026-02-01,8646.83,1902.3,220,432.34,6092.19
100301,2026-02-01,29035.33,6387.77,100,1451.77,21095.79
100302,2026-02-01,8034.33,1767.55,100,401.72,5765.06
100303,2026-02-01,14251.42,3135.31,400,712.57,10003.54
100304,2026-02-01,10891.83,2396.2,220,544.59,7731.04
100306,2026-02-01,8146.5,1792.23,100,407.33,5846.94
100307,2026-02-01,6019.0,1324.18,220,300.95,4173.87
100309,2026-02-01,11824.5,2601.39,400,591.22,8231.89
100310,2026-02-01,5975.17,1314.54,400,298.76,3961.87
100311,2026-02-01,5513.67,1213.01,220,275.68,3804.98
100312,2026-02-01,12081.92,2658.02,220,604.1,8599.8
100314,2026-02-01,9277.0,2040.94,400,463.85,6372.21
100315,2026-02-01,18300.92,4026.2,400,915.05,12959.67
100316,2026-02-01,14476.58,3184.85,400,723.83,10167.9
100317,2026-02-01,8165.0,1796.3,220,408.25,5740.45
100319,2026-02-01,8429.75,1854.54,100,421.49,6053.72
100320,2026-02-01,10618.75,2336.12,220,530.94,7531.69
100321,2026-02-01,16434.0,3615.48,100,821.7,11896.82
100323,2026-02-01,8735.5,1921.81,220,436.78,6156.91
100324,2026-02-01,9758.42,2146.85,100,487.92,7023.65
100325,2026-02-01,4974.75,1094.44,220,248.74,3411.57
100327,2026-02-01,4692.42,1032.33,100,234.62,3325.47
100328,2026-02-01,4082.25,898.1,400,204.11,2580.04
100330,2026-02-01,8622.75,1897.0,220,431.14,6074.61
100331,2026-02-01,20888.17,4595.4,220,1044.41,15028.36
100332,2026-02-01,14229.75,3130.54,220,711.49,10167.72
100333,2026-02-01,10619.42,2336.27,100,530.97,7652.18
100334,2026-02-01,11325.17,2491.54,220,566.26,8047.37
100335,2026-02-01,14764.17,3248.12,400,738.21,10377.84
100336,2026-02-01,12386.58,2725.05,220,619.33,8822.2
100337,2026-02-01,5002.67,1100.59,100,250.13,3551.95
100338,2026-02-01,6618.58,1456.09,100,330.93,4731.56
100339,2026-02-01,7272.33,1599.91,220,363.62,5088.8
100340,2026-02-01,7201.33,1584.29,400,360.07,4856.97
100341,2026-02-01,19389.17,4265.62,220,969.46,13934.09
100342,2026-02-01,8440.08,1856.82,220,422.0,5941.26
100343,2026-02-01,4817.67,1059.89,220,240.88,3296.9
100344,2026-02-01,4937.0,1086.14,100,246.85,3504.01
100345,2026-02-01,11442.08,2517.26,220,572.1,8132.72
100346,2026-02-01,23674.17,5208.32,100,1183.71,17182.14
100347,2026-02-01,8986.42,1977.01,400,449.32,6160.09
100349,2026-02-01,17674.83,3888.46,220,883.74,12682.63
100350,2026-02-01,8040.33,1768.87,220,402.02,5649.44
100351,2026-02-01,5050.0,1111.0,220,252.5,3466.5
100352,2026-02-01,12091.58,2660.15,100,604.58,8726.85
100355,2026-02-01,14876.67,3272.87,100,743.83,10759.97
100356,2026-02-01,11761.0,2587.42,220,588.05,8365.53
100357,2026-02-01,16164.42,3556.17,100,808.22,11700.03
100358,2026-02-01,11432.58,2515.17,100,571.63,8245.78
100359,2026-02-01,6369.33,1401.25,400,318.47,4249.61
100361,2026-02-01,13794.25,3034.74,220,689.71,9849.8
100362,2026-02-01,11440.67,2516.95,100,572.03,8251.69
100363,2026-02-01,3939.17,866.62,100,196.96,2775.59
100364,2026-02-01,11121.0,2446.62,220,556.05,7898.33
100365,2026-02-01,5122.67,1126.99,100,256.13,3639.55
100366,2026-02-01,4626.92,1017.92,220,231.35,3157.65
100367,2026-02-01,8678.92,1909.36,400,433.95,5935.61
100368,2026-02-01,11635.67,2559.85,400,581.78,8094.04
100369,2026-02-01,7863.67,1730.01,100,393.18,5640.48
100370,2026-02-01,7126.25,1567.78,220,356.31,4982.16
100371,2026-02-01,4730.75,1040.77,400,236.54,3053.44
100373,2026-02-01,13242.83,2913.42,400,662.14,9267.27
100374,2026-02-01,9107.08,2003.56,400,455.35,6248.17
100375,2026-02-01,14711.92,3236.62,220,735.6,10519.7
100376,2026-02-01,6379.08,1403.4,220,318.95,4436.73
100377,2026-02-01,8118.33,1786.03,220,405.92,5706.38
100378,2026-02-01,10925.25,2403.55,400,546.26,7575.44
100379,2026-02-01,13151.17,2893.26,400,657.56,9200.35
100380,2026-02-01,7690.83,1691.98,220,384.54,5394.31
100381,2026-02-01,6552.0,1441.44,220,327.6,4562.96
100382,2026-02-01,7949.58,1748.91,220,397.48,5583.19
100383,2026-02-01,16849.5,3706.89,100,842.48,12200.13
100384,2026-02-01,7036.0,1547.92,100,351.8,5036.28
100385,2026-02-01,12193.67,2682.61,220,609.68,8681.38
100386,2026-02-01,13363.83,2940.04,220,668.19,9535.6
100387,2026-02-01,19670.58,4327.53,400,983.53,13959.52
100388,2026-02-01,5379.33,1183.45,100,268.97,3826.91
100389,2026-02-01,10698.33,2353.63,400,534.92,7409.78
100390,2026-02-01,20555.58,4522.23,400,1027.78,14605.57
100391,2026-02-01,15191.0,3342.02,100,759.55,10989.43
100392,2026-02-01,5692.33,1252.31,220,284.62,3935.4
100393,2026-02-01,5763.58,1267.99,400,288.18,3807.41
100394,2026-02-01,13264.25,2918.14,220,663.21,9462.9
100395,2026-02-01,8686.83,1911.1,220,434.34,6121.39
100396,2026-02-01,11301.17,2486.26,400,565.06,7849.85
100397,2026-02-01,6473.08,1424.08,400,323.65,4325.35
100398,2026-02-01,8697.83,1913.52,220,434.89,6129.42
100399,2026-02-01,15374.42,3382.37,220,768.72,11003.33
100400,2026-02-01,7742.92,1703.44,100,387.15,5552.33
100401,2026-02-01,13249.5,2914.89,100,662.48,9572.13
100402,2026-02-01,4653.25,1023.72,220,232.66,3176.87
100403,2026-02-01,4327.0,951.94,100,216.35,3058.71
100405,2026-02-01,16791.75,3694.18,220,839.59,12037.98
100406,2026-02-01,8007.08,1761.56,400,400.35,5445.17
100407,2026-02-01,12164.25,2676.14,100,608.21,8779.9
100408,2026-02-01,8792.67,1934.39,220,439.63,6198.65
100409,2026-02-01,14784.67,3252.63,400,739.23,10392.81
100410,2026-02-01,8967.0,1972.74,100,448.35,6445.91
100411,2026-02-01,3428.42,754.25,400,171.42,2102.75
100412,2026-02-01,12295.25,2704.96,220,614.76,8755.53
100413,2026-02-01,16885.0,3714.7,220,844.25,12106.05
100414,2026-02-01,4379.75,963.54,220,218.99,2977.22
100415,2026-02-01,12852.75,2827.6,220,642.64,9162.51
100416,2026-02-01,8943.33,1967.53,100,447.17,6428.63
100417,2026-02-01,27682.58,6090.17,400,1384.13,19808.28
100418,2026-02-01,3885.42,854.79,400,194.27,2436.36
100419,2026-02-01,8379.08,1843.4,220,418.95,5896.73
100420,2026-02-01,20023.08,4405.08,220,1001.15,14396.85
100421,2026-02-01,5557.33,1222.61,220,277.87,3836.85
100422,2026-02-01,6693.33,1472.53,220,334.67,4666.13
100423,2026-02-01,7242.25,1593.3,220,362.11,5066.84
100424,2026-02-01,14943.17,3287.5,220,747.16,10688.51
100425,2026-02-01,12691.75,2792.18,220,634.59,9044.98
100426,2026-02-01,5521.17,1214.66,100,276.06,3930.45
100427,2026-02-01,7869.42,1731.27,100,393.47,5644.68
100428,2026-02-01,13892.0,3056.24,220,694.6,9921.16
100429,2026-02-01,6849.0,1506.78,220,342.45,4779.77
100430,2026-02-01,11309.17,2488.02,100,565.46,8155.69
100432,2026-02-01,7578.83,1667.34,220,378.94,5312.55
100433,2026-02-01,4588.92,1009.56,220,229.45,3129.91
100434,2026-02-01,5017.0,1103.74,220,250.85,3442.41
100435,2026-02-01,10835.42,2383.79,400,541.77,7509.86
100436,2026-02-01,14679.08,3229.4,220,733.95,10495.73
100437,2026-02-01,10146.92,2232.32,220,507.35,7187.25
100438,2026-02-01,11621.58,2556.75,400,581.08,8083.75
100439,2026-02-01,5787.83,1273.32,220,289.39,4005.12
100440,2026-02-01,10566.08,2324.54,100,528.3,7613.24
100441,2026-02-01,15007.75,3301.7,220,750.39,10735.66
100442,2026-02-01,14411.92,3170.62,220,720.6,10300.7
100443,2026-02-01,4741.17,1043.06,100,237.06,3361.05
100444,2026-02-01,4816.42,1059.61,100,240.82,3415.99
100446,2026-02-01,13597.75,2991.5,400,679.89,9526.36
100447,2026-02-01,6365.92,1400.5,220,318.3,4427.12
100449,2026-02-01,8549.17,1880.82,100,427.46,6140.89
100451,2026-02-01,8421.33,1852.69,100,421.07,6047.57
100452,2026-02-01,4918.25,1082.02,100,245.91,3490.32
100453,2026-02-01,11539.0,2538.58,220,576.95,8203.47
100454,2026-02-01,14229.5,3130.49,220,711.48,10167.53
100455,2026-02-01,10836.92,2384.12,220,541.85,7690.95
100456,2026-02-01,7346.92,1616.32,100,367.35,5263.25
100457,2026-02-01,13477.58,2965.07,220,673.88,9618.63
100458,2026-02-01,6909.17,1520.02,400,345.46,4643.69
100459,2026-02-01,12247.33,2694.41,100,612.37,8840.55
100460,2026-02-01,4212.25,926.7,400,210.61,2674.94
100461,2026-02-01,6586.42,1449.01,220,329.32,4588.09
100462,2026-02-01,13317.25,2929.8,220,665.86,9501.59
100463,2026-02-01,13281.67,2921.97,220,664.08,9475.62
100464,2026-02-01,12775.17,2810.54,220,638.76,9105.87
100465,2026-02-01,13560.0,2983.2,100,678.0,9798.8
100466,2026-02-01,4456.33,980.39,400,222.82,2853.12
100467,2026-02-01,12274.42,2700.37,220,613.72,8740.33
100468,2026-02-01,11160.58,2455.33,220,558.03,7927.22
100469,2026-02-01,11056.0,2432.32,220,552.8,7850.88
100470,2026-02-01,17685.25,3890.76,220,884.26,12690.23
100471,2026-02-01,6571.5,1445.73,220,328.58,4577.19
100472,2026-02-01,7043.92,1549.66,220,352.2,4922.06
100473,2026-02-01,4849.67,1066.93,100,242.48,3440.26
100474,2026-02-01,10159.5,2235.09,220,507.98,7196.43
100475,2026-02-01,7334.33,1613.55,400,366.72,4954.06
100476,2026-02-01,10222.25,2248.9,100,511.11,7362.24
100477,2026-02-01,13664.17,3006.12,400,683.21,9574.84
100478,2026-02-01,6529.67,1436.53,100,326.48,4666.66
100479,2026-02-01,8464.5,1862.19,400,423.22,5779.09
100481,2026-02-01,11629.92,2558.58,400,581.5,8089.84
100482,2026-02-01,8429.92,1854.58,400,421.5,5753.84
100483,2026-02-01,9270.92,2039.6,400,463.55,6367.77
100484,2026-02-01,20729.83,4560.56,220,1036.49,14912.78
100485,2026-02-01,28681.75,6309.98,220,1434.09,20717.68
100486,2026-02-01,10654.33,2343.95,100,532.72,7677.66
100487,2026-02-01,4654.0,1023.88,220,232.7,3177.42
100488,2026-02-01,6972.92,1534.04,100,348.65,4990.23
100489,2026-02-01,8861.5,1949.53,220,443.08,6248.89
100490,2026-02-01,6759.92,1487.18,220,338.0,4714.74
100492,2026-02-01,19379.83,4263.56,100,968.99,14047.28
100493,2026-02-01,4097.92,901.54,400,204.9,2591.48
100494,2026-02-01,5955.33,1310.17,100,297.77,4247.39
100495,2026-02-01,10882.67,2394.19,220,544.13,7724.35
100496,2026-02-01,9967.67,2192.89,220,498.38,7056.4
100497,2026-02-01,13781.25,3031.88,220,689.06,9840.31
100498,2026-02-01,8933.75,1965.42,100,446.69,6421.64
100499,2026-02-01,12749.5,2804.89,220,637.48,9087.13
100500,2026-02-01,18795.5,4135.01,100,939.78,13620.71
100501,2026-02-01,13793.25,3034.52,100,689.66,9969.07
100502,2026-02-01,9079.33,1997.45,220,453.97,6407.91
100503,2026-02-01,10921.33,2402.69,100,546.07,7872.57
100505,2026-02-01,11686.83,2571.1,100,584.34,8431.39
100506,2026-02-01,10289.08,2263.6,100,514.45,7411.03
100507,2026-02-01,5696.83,1253.3,400,284.84,3758.69
100508,2026-02-01,4748.42,1044.65,100,237.42,3366.35
100509,2026-02-01,11489.25,2527.64,220,574.46,8167.15
100510,2026-02-01,16579.0,3647.38,100,828.95,12002.67
100511,2026-02-01,9192.25,2022.3,220,459.61,6490.34
100512,2026-02-01,15407.58,3389.67,220,770.38,11027.53
100513,2026-02-01,17192.25,3782.3,100,859.61,12450.34
100514,2026-02-01,15405.5,3389.21,100,770.28,11146.01
100515,2026-02-01,8884.33,1954.55,400,444.22,6085.56
100516,2026-02-01,14042.58,3089.37,100,702.13,10151.08
100517,2026-02-01,8050.42,1771.09,220,402.52,5656.81
100518,2026-02-01,17070.5,3755.51,100,853.53,12361.46
100519,2026-02-01,4926.17,1083.76,220,246.31,3376.1
100520,2026-02-01,20783.25,4572.31,100,1039.16,15071.78
100521,2026-02-01,11060.92,2433.4,400,553.05,7674.47
100522,2026-02-01,9154.42,2013.97,220,457.72,6462.73
100523,2026-02-01,3415.83,751.48,220,170.79,2273.56
100524,2026-02-01,11050.42,2431.09,100,552.52,7966.81
100525,2026-02-01,15685.17,3450.74,400,784.26,11050.17
100526,2026-02-01,11576.83,2546.9,100,578.84,8351.09
100527,2026-02-01,8920.08,1962.42,220,446.0,6291.66
100528,2026-02-01,7637.67,1680.29,400,381.88,5175.5
100529,2026-02-01,10594.17,2330.72,220,529.71,7513.74
100530,2026-02-01,6108.75,1343.92,100,305.44,4359.39
100531,2026-02-01,6268.75,1379.12,220,313.44,4356.19
100532,2026-02-01,6465.58,1422.43,220,323.28,4499.87
100533,2026-02-01,10787.58,2373.27,100,539.38,7774.93
100534,2026-02-01,15494.75,3408.84,400,774.74,10911.17
100535,2026-02-01,12855.25,2828.16,100,642.76,9284.33
100536,2026-02-01,6981.5,1535.93,400,349.08,4696.49
100537,2026-02-01,6960.92,1531.4,220,348.05,4861.47
100538,2026-02-01,5513.33,1212.93,400,275.67,3624.73
100539,2026-02-01,12703.33,2794.73,400,635.17,8873.43
100540,2026-02-01,5347.08,1176.36,220,267.35,3683.37
100541,2026-02-01,6344.92,1395.88,220,317.25,4411.79
100542,2026-02-01,22023.92,4845.26,400,1101.2,15677.46
100543,2026-02-01,12051.75,2651.38,100,602.59,8697.78
100544,2026-02-01,11268.5,2479.07,400,563.43,7826.0
100545,2026-02-01,8570.58,1885.53,100,428.53,6156.52
100546,2026-02-01,7241.33,1593.09,220,362.07,5066.17
100547,2026-02-01,8995.83,1979.08,400,449.79,6166.96
100548,2026-02-01,6584.83,1448.66,100,329.24,4706.93
100549,2026-02-01,8366.08,1840.54,220,418.3,5887.24
100550,2026-02-01,21693.0,4772.46,220,1084.65,15615.89
100551,2026-02-01,9108.83,2003.94,220,455.44,6429.45
100552,2026-02-01,9568.83,2105.14,100,478.44,6885.25
100553,2026-02-01,5217.58,1147.87,220,260.88,3588.83
100554,2026-02-01,11076.58,2436.85,220,553.83,7865.9
100555,2026-02-01,7173.17,1578.1,220,358.66,5016.41
100556,2026-02-01,13812.83,3038.82,400,690.64,9683.37
100557,2026-02-01,8801.25,1936.28,220,440.06,6204.91
100558,2026-02-01,11996.0,2639.12,220,599.8,8537.08
100559,2026-02-01,7094.0,1560.68,220,354.7,4958.62
100560,2026-02-01,6647.92,1462.54,220,332.4,4632.98
100561,2026-02-01,6797.5,1495.45,220,339.88,4742.17
100562,2026-02-01,6689.83,1471.76,220,334.49,4663.58
100563,2026-02-01,16169.17,3557.22,220,808.46,11583.49
100564,2026-02-01,14421.92,3172.82,220,721.1,10308.0
100565,2026-02-01,3575.08,786.52,400,178.75,2209.81
100566,2026-02-01,3553.83,781.84,220,177.69,2374.3
100567,2026-02-01,5582.33,1228.11,100,279.12,3975.1
100568,2026-02-01,20149.83,4432.96,220,1007.49,14489.38
100569,2026-02-01,10980.0,2415.6,220,549.0,7795.4
100570,2026-02-01,6207.42,1365.63,100,310.37,4431.42
100571,2026-02-01,7066.5,1554.63,400,353.33,4758.54
100572,2026-02-01,11585.75,2548.87,220,579.29,8237.59
100573,2026-02-01,11054.83,2432.06,100,552.74,7970.03
100574,2026-02-01,7086.92,1559.12,220,354.35,4953.45
100575,2026-02-01,6813.0,1498.86,220,340.65,4753.49
100576,2026-02-01,15421.5,3392.73,220,771.08,11037.69
100577,2026-02-01,10977.33,2415.01,400,548.87,7613.45
100580,2026-02-01,20941.67,4607.17,220,1047.08,15067.42
100581,2026-02-01,7202.67,1584.59,220,360.13,5037.95
100582,2026-02-01,10038.0,2208.36,220,501.9,7107.74
100585,2026-02-01,4856.25,1068.38,220,242.81,3325.06
100586,2026-02-01,5341.08,1175.04,400,267.05,3498.99
100587,2026-02-01,14817.25,3259.8,100,740.86,10716.59
100588,2026-02-01,11040.75,2428.96,220,552.04,7839.75
100589,2026-02-01,5418.5,1192.07,100,270.92,3855.51
100591,2026-02-01,7526.42,1655.81,220,376.32,5274.29
100592,2026-02-01,7923.25,1743.12,100,396.16,5683.97
100593,2026-02-01,11301.33,2486.29,220,565.07,8029.97
100594,2026-02-01,6408.5,1409.87,400,320.42,4278.21
100595,2026-02-01,6811.08,1498.44,220,340.55,4752.09
100596,2026-02-01,7082.83,1558.22,400,354.14,4770.47
100597,2026-02-01,8706.83,1915.5,100,435.34,6255.99
100598,2026-02-01,11299.08,2485.8,220,564.95,8028.33
100600,2026-02-01,11120.67,2446.55,100,556.03,8018.09
100601,2026-02-01,8195.67,1803.05,220,409.78,5762.84
100602,2026-02-01,5070.08,1115.42,220,253.5,3481.16
100604,2026-02-01,16380.33,3603.67,100,819.02,11857.64
100605,2026-02-01,13991.5,3078.13,220,699.58,9993.79
100606,2026-02-01,10625.58,2337.63,220,531.28,7536.67
100607,2026-02-01,8975.83,1974.68,220,448.79,6332.36
100608,2026-02-01,8545.33,1879.97,400,427.27,5838.09
100609,2026-02-01,12305.17,2707.14,400,615.26,8582.77
100610,2026-02-01,13782.08,3032.06,220,689.1,9840.92
100611,2026-02-01,5255.17,1156.14,100,262.76,3736.27
100612,2026-02-01,8685.5,1910.81,100,434.28,6240.41
100613,2026-02-01,10406.92,2289.52,220,520.35,7377.05
100614,2026-02-01,9444.92,2077.88,100,472.25,6794.79
100615,2026-02-01,9135.75,2009.86,220,456.79,6449.1
100616,2026-02-01,10302.33,2266.51,220,515.12,7300.7
100617,2026-02-01,5310.92,1168.4,220,265.55,3656.97
100618,2026-02-01,9106.58,2003.45,100,455.33,6547.8
100619,2026-02-01,14034.58,3087.61,400,701.73,9845.24
100620,2026-02-01,7084.25,1558.54,220,354.21,4951.5
100621,2026-02-01,13086.0,2878.92,220,654.3,9332.78
100622,2026-02-01,5380.0,1183.6,100,269.0,3827.4
100623,2026-02-01,6564.83,1444.26,400,328.24,4392.33
100624,2026-02-01,9183.92,2020.46,400,459.2,6304.26
100625,2026-02-01,4414.75,971.24,400,220.74,2822.77
100627,2026-02-01,8650.42,1903.09,220,432.52,6094.81
100628,2026-02-01,6276.5,1380.83,100,313.83,4481.84
100629,2026-02-01,21448.08,4718.58,220,1072.4,15437.1
100631,2026-02-01,4174.0,918.28,100,208.7,2947.02
100632,2026-02-01,5524.5,1215.39,220,276.23,3812.88
100633,2026-02-01,9142.92,2011.44,220,457.15,6454.33
100634,2026-02-01,7434.08,1635.5,220,371.7,5206.88
100635,2026-02-01,7497.0,1649.34,400,374.85,5072.81
100636,2026-02-01,13493.75,2968.62,220,674.69,9630.44
100637,2026-02-01,5383.58,1184.39,100,269.18,3830.01
100638,2026-02-01,14322.42,3150.93,220,716.12,10235.37
100639,2026-02-01,10615.17,2335.34,220,530.76,7529.07
100640,2026-02-01,4729.25,1040.44,220,236.46,3232.35
100641,2026-02-01,10927.17,2403.98,100,546.36,7876.83
100642,2026-02-01,6899.0,1517.78,220,344.95,4816.27
100643,2026-02-01,9368.83,2061.14,100,468.44,6739.25
100644,2026-02-01,4791.58,1054.15,220,239.58,3277.85
100645,2026-02-01,5119.42,1126.27,400,255.97,3337.18
100646,2026-02-01,10791.58,2374.15,100,539.58,7777.85
100647,2026-02-01,6413.83,1411.04,220,320.69,4462.1
100648,2026-02-01,15535.33,3417.77,220,776.77,11120.79
100649,2026-02-01,6903.92,1518.86,220,345.2,4819.86
100650,2026-02-01,8081.0,1777.82,100,404.05,5799.13
100651,2026-02-01,13456.25,2960.38,220,672.81,9603.06
100652,2026-02-01,6603.83,1452.84,100,330.19,4720.8
100653,2026-02-01,6467.58,1422.87,220,323.38,4501.33
100654,2026-02-01,7042.83,1549.42,100,352.14,5041.27
100655,2026-02-01,5804.58,1277.01,400,290.23,3837.34
100656,2026-02-01,6977.75,1535.1,220,348.89,4873.76
100658,2026-02-01,20561.42,4523.51,220,1028.07,14789.84
100659,2026-02-01,5235.17,1151.74,100,261.76,3721.67
100660,2026-02-01,8041.08,1769.04,100,402.05,5769.99
100661,2026-02-01,4957.58,1090.67,100,247.88,3519.03
100662,2026-02-01,5828.17,1282.2,100,291.41,4154.56
100663,2026-02-01,6418.33,1412.03,100,320.92,4585.38
100664,2026-02-01,13829.25,3042.44,220,691.46,9875.35
100665,2026-02-01,9848.0,2166.56,220,492.4,6969.04
100666,2026-02-01,18700.92,4114.2,100,935.05,13551.67
100667,2026-02-01,5676.83,1248.9,400,283.84,3744.09
100668,2026-02-01,6803.42,1496.75,100,340.17,4866.5
100669,2026-02-01,28700.42,6314.09,100,1435.02,20851.31
100670,2026-02-01,10810.25,2378.26,400,540.51,7491.48
100671,2026-02-01,7345.33,1615.97,220,367.27,5142.09
100672,2026-02-01,5203.83,1144.84,220,260.19,3578.8
100673,2026-02-01,10804.5,2376.99,100,540.22,7787.29
100674,2026-02-01,9574.92,2106.48,220,478.75,6769.69
100675,2026-02-01,12874.92,2832.48,100,643.75,9298.69
100676,2026-02-01,6286.75,1383.08,100,314.34,4489.33
100677,2026-02-01,11107.67,2443.69,100,555.38,8008.6
100678,2026-02-01,5422.25,1192.9,100,271.11,3858.24
100679,2026-02-01,10184.08,2240.5,100,509.2,7334.38
100680,2026-02-01,11012.75,2422.8,220,550.64,7819.31
100681,2026-02-01,10097.75,2221.5,220,504.89,7151.36
100682,2026-02-01,3614.92,795.28,220,180.75,2418.89
100683,2026-02-01,7256.42,1596.41,100,362.82,5197.19
100684,2026-02-01,17254.75,3796.04,100,862.74,12495.97
100685,2026-02-01,13152.75,2893.6,220,657.64,9381.51
100686,2026-02-01,9081.25,1997.88,400,454.06,6229.31
100687,2026-02-01,5361.58,1179.55,100,268.08,3813.95
100688,2026-02-01,10260.0,2257.2,100,513.0,7389.8
100689,2026-02-01,5804.67,1277.03,400,290.23,3837.41
100690,2026-02-01,12322.5,2710.95,100,616.12,8895.43
100691,2026-02-01,8703.67,1914.81,100,435.18,6253.68
100693,2026-02-01,8386.83,1845.1,400,419.34,5722.39
100694,2026-02-01,10050.92,2211.2,220,502.55,7117.17
100695,2026-02-01,7408.33,1629.83,220,370.42,5188.08
100696,2026-02-01,12073.92,2656.26,220,603.7,8593.96
100697,2026-02-01,7835.67,1723.85,100,391.78,5620.04
100698,2026-02-01,16719.42,3678.27,100,835.97,12105.18
100699,2026-02-01,6506.58,1431.45,400,325.33,4349.8
100700,2026-02-01,6975.0,1534.5,400,348.75,4691.75
100701,2026-02-01,5457.75,1200.7,100,272.89,3884.16
100702,2026-02-01,11447.75,2518.5,100,572.39,8256.86
100703,2026-02-01,8257.17,1816.58,220,412.86,5807.73
100704,2026-02-01,8509.83,1872.16,100,425.49,6112.18
100705,2026-02-01,7555.83,1662.28,400,377.79,5115.76
100706,2026-02-01,13287.17,2923.18,220,664.36,9479.63
100707,2026-02-01,4633.42,1019.35,220,231.67,3162.4
100708,2026-02-01,9718.75,2138.12,220,485.94,6874.69
100711,2026-02-01,5282.42,1162.13,220,264.12,3636.17
100712,2026-02-01,6031.5,1326.93,220,301.58,4182.99
100713,2026-02-01,7812.17,1718.68,220,390.61,5482.88
100714,2026-02-01,7074.33,1556.35,220,353.72,4944.26
100715,2026-02-01,16548.08,3640.58,220,827.4,11860.1
100716,2026-02-01,5367.5,1180.85,220,268.38,3698.27
100717,2026-02-01,10895.58,2397.03,100,544.78,7853.77
100718,2026-02-01,3605.25,793.16,220,180.26,2411.83
100719,2026-02-01,5766.5,1268.63,220,288.32,3989.55
100721,2026-02-01,9935.5,2185.81,220,496.78,7032.91
100722,2026-02-01,7546.75,1660.28,400,377.34,5109.13
100723,2026-02-01,18667.0,4106.74,220,933.35,13406.91
100724,2026-02-01,7277.67,1601.09,400,363.88,4912.7
100725,2026-02-01,9307.42,2047.63,220,465.37,6574.42
100726,2026-02-01,5128.83,1128.34,220,256.44,3524.05
100727,2026-02-01,4193.67,922.61,220,209.68,2841.38
100728,2026-02-01,5045.42,1109.99,400,252.27,3283.16
100729,2026-02-01,8160.67,1795.35,400,408.03,5557.29
100730,2026-02-01,14666.0,3226.52,100,733.3,10606.18
100731,2026-02-01,6584.92,1448.68,100,329.25,4706.99
100732,2026-02-01,6432.08,1415.06,220,321.6,4475.42
100733,2026-02-01,15166.33,3336.59,100,758.32,10971.42
100734,2026-02-01,19349.33,4256.85,100,967.47,14025.01
100735,2026-02-01,10144.42,2231.77,100,507.22,7305.43
100736,2026-02-01,8283.33,1822.33,100,414.17,5946.83
100737,2026-02-01,29188.42,6421.45,220,1459.42,21087.55
100738,2026-02-01,8818.25,1940.02,400,440.91,6037.32
100739,2026-02-01,11281.58,2481.95,220,564.08,8015.55
100740,2026-02-01,18434.0,4055.48,220,921.7,13236.82
100741,2026-02-01,8753.33,1925.73,220,437.67,6169.93
100742,2026-02-01,11071.75,2435.78,100,553.59,7982.38
100743,2026-02-01,10863.5,2389.97,220,543.18,7710.35
100744,2026-02-01,12066.08,2654.54,220,603.3,8588.24
100745,2026-02-01,8678.0,1909.16,100,433.9,6234.94
100746,2026-02-01,16168.5,3557.07,220,808.42,11583.01
100748,2026-02-01,8996.83,1979.3,400,449.84,6167.69
100749,2026-02-01,9189.17,2021.62,220,459.46,6488.09
100750,2026-02-01,12983.08,2856.28,400,649.15,9077.65
100751,2026-02-01,14222.92,3129.04,220,711.15,10162.73
100752,2026-02-01,7301.33,1606.29,220,365.07,5109.97
100753,2026-02-01,11487.33,2527.21,220,574.37,8165.75
100754,2026-02-01,7234.08,1591.5,220,361.7,5060.88
100755,2026-02-01,7767.33,1708.81,220,388.37,5450.15
100756,2026-02-01,4045.33,889.97,100,202.27,2853.09
100757,2026-02-01,5343.08,1175.48,220,267.15,3680.45
100759,2026-02-01,16750.92,3685.2,100,837.55,12128.17
100760,2026-02-01,7866.67,1730.67,220,393.33,5522.67
100761,2026-02-01,5741.83,1263.2,220,287.09,3971.54
100762,2026-02-01,7573.0,1666.06,220,378.65,5308.29
100763,2026-02-01,10820.83,2380.58,220,541.04,7679.21
100764,2026-02-01,4940.58,1086.93,220,247.03,3386.62
100765,2026-02-01,10010.58,2202.33,220,500.53,7087.72
100766,2026-02-01,4511.58,992.55,220,225.58,3073.45
100767,2026-02-01,8827.25,1942.0,220,441.36,6223.89
100770,2026-02-01,10609.75,2334.14,220,530.49,7525.12
100771,2026-02-01,7691.42,1692.11,100,384.57,5514.74
100773,2026-02-01,9765.92,2148.5,220,488.3,6909.12
100774,2026-02-01,12989.67,2857.73,400,649.48,9082.46
100775,2026-02-01,9306.75,2047.48,100,465.34,6693.93
100776,2026-02-01,14263.5,3137.97,100,713.18,10312.35
100777,2026-02-01,16014.75,3523.24,400,800.74,11290.77
100778,2026-02-01,7092.92,1560.44,400,354.65,4777.83
100779,2026-02-01,6903.5,1518.77,100,345.18,4939.55
100780,2026-02-01,6273.0,1380.06,100,313.65,4479.29
100781,2026-02-01,7765.0,1708.3,220,388.25,5448.45
100782,2026-02-01,5467.25,1202.8,100,273.36,3891.09
100783,2026-02-01,12804.25,2816.94,100,640.21,9247.1
100784,2026-02-01,13203.08,2904.68,220,660.15,9418.25
100785,2026-02-01,9243.83,2033.64,400,462.19,6348.0
100787,2026-02-01,13961.67,3071.57,220,698.08,9972.02
100788,2026-02-01,5666.67,1246.67,100,283.33,4036.67
100790,2026-02-01,12753.25,2805.72,100,637.66,9209.87
100792,2026-02-01,9563.5,2103.97,220,478.18,6761.35
100793,2026-02-01,5564.42,1224.17,400,278.22,3662.03
100794,2026-02-01,7086.33,1558.99,100,354.32,5073.02
100795,2026-02-01,11584.67,2548.63,220,579.23,8236.81
100796,2026-02-01,20524.75,4515.44,220,1026.24,14763.07
100797,2026-02-01,8762.92,1927.84,100,438.15,6296.93
100798,2026-02-01,4894.75,1076.84,400,244.74,3173.17
100799,2026-02-01,8948.92,1968.76,220,447.45,6312.71
100800,2026-02-01,11443.17,2517.5,400,572.16,7953.51
100801,2026-02-01,10725.17,2359.54,220,536.26,7609.37
100802,2026-02-01,16920.33,3722.47,220,846.02,12131.84
100803,2026-02-01,5128.08,1128.18,400,256.4,3343.5
100804,2026-02-01,10389.5,2285.69,220,519.48,7364.33
100805,2026-02-01,11535.17,2537.74,100,576.76,8320.67
100806,2026-02-01,9893.83,2176.64,400,494.69,6822.5
100807,2026-02-01,20294.83,4464.86,100,1014.74,14715.23
100808,2026-02-01,6129.58,1348.51,400,306.48,4074.59
100809,2026-02-01,5354.0,1177.88,220,267.7,3688.42
100810,2026-02-01,4618.25,1016.02,100,230.91,3271.32
100811,2026-02-01,4972.92,1094.04,100,248.65,3530.23
100812,2026-02-01,5847.17,1286.38,220,292.36,4048.43
100813,2026-02-01,15249.42,3354.87,400,762.47,10732.08
100814,2026-02-01,13877.0,3052.94,100,693.85,10030.21
100816,2026-02-01,6034.0,1327.48,100,301.7,4304.82
100817,2026-02-01,5798.75,1275.72,100,289.94,4133.09
100818,2026-02-01,9747.17,2144.38,100,487.36,7015.43
100819,2026-02-01,6896.75,1517.28,220,344.84,4814.63
100820,2026-02-01,6218.17,1368.0,400,310.91,4139.26
100821,2026-02-01,14936.75,3286.08,220,746.84,10683.83
100822,2026-02-01,19563.5,4303.97,400,978.18,13881.35
100823,2026-02-01,15698.33,3453.63,100,784.92,11359.78
100824,2026-02-01,11963.5,2631.97,220,598.18,8513.35
100826,2026-02-01,4341.58,955.15,400,217.08,2769.35
100827,2026-02-01,17738.5,3902.47,400,886.92,12549.11
100828,2026-02-01,13019.67,2864.33,220,650.98,9284.36
100829,2026-02-01,13035.17,2867.74,220,651.76,9295.67
100830,2026-02-01,5667.92,1246.94,100,283.4,4037.58
100831,2026-02-01,8051.92,1771.42,100,402.6,5777.9
100832,2026-02-01,8262.0,1817.64,220,413.1,5811.26
100833,2026-02-01,10938.58,2406.49,220,546.93,7765.16
100834,2026-02-01,23285.92,5122.9,220,1164.3,16778.72
100835,2026-02-01,11332.08,2493.06,220,566.6,8052.42
100836,2026-02-01,9179.92,2019.58,220,459.0,6481.34
100837,2026-02-01,7172.0,1577.84,100,358.6,5135.56
100838,2026-02-01,9456.83,2080.5,220,472.84,6683.49
100839,2026-02-01,9224.42,2029.37,100,461.22,6633.83
100840,2026-02-01,8861.58,1949.55,100,443.08,6368.95
100841,2026-02-01,4730.83,1040.78,100,236.54,3353.51
100842,2026-02-01,4871.33,1071.69,220,243.57,3336.07
100843,2026-02-01,8597.5,1891.45,400,429.88,5876.17
100844,2026-02-01,9992.42,2198.33,100,499.62,7194.47
100845,2026-02-01,10046.75,2210.28,100,502.34,7234.13
100846,2026-02-01,17921.25,3942.68,220,896.06,12862.51
100847,2026-02-01,6221.25,1368.68,220,311.06,4321.51
100848,2026-02-01,20555.5,4522.21,220,1027.78,14785.51
100849,2026-02-01,25059.92,5513.18,400,1253.0,17893.74
100850,2026-02-01,7320.92,1610.6,220,366.05,5124.27
100851,2026-02-01,8987.25,1977.2,400,449.36,6160.69
100854,2026-02-01,7747.67,1704.49,220,387.38,5435.8
100855,2026-02-01,7036.75,1548.08,220,351.84,4916.83
100856,2026-02-01,21916.67,4821.67,220,1095.83,15779.17
100857,2026-02-01,10225.0,2249.5,220,511.25,7244.25
100858,2026-02-01,8655.42,1904.19,220,432.77,6098.46
100859,2026-02-01,6846.58,1506.25,220,342.33,4778.0
100860,2026-02-01,10918.83,2402.14,100,545.94,7870.75
100861,2026-02-01,10905.92,2399.3,100,545.3,7861.32
100862,2026-02-01,14668.58,3227.09,220,733.43,10488.06
100863,2026-02-01,5932.83,1305.22,220,296.64,4110.97
100865,2026-02-01,7953.75,1749.82,220,397.69,5586.24
100866,2026-02-01,18200.75,4004.16,220,910.04,13066.55
100867,2026-02-01,6824.83,1501.46,220,341.24,4762.13
100868,2026-02-01,9832.5,2163.15,100,491.62,7077.73
100870,2026-02-01,11309.5,2488.09,400,565.48,7855.93
100871,2026-02-01,7028.33,1546.23,100,351.42,5030.68
100872,2026-02-01,10586.58,2329.05,220,529.33,7508.2
100873,2026-02-01,8608.58,1893.89,220,430.43,6064.26
100874,2026-02-01,9270.5,2039.51,220,463.52,6547.47
100875,2026-02-01,21511.5,4732.53,100,1075.58,15603.39
100876,2026-02-01,8763.17,1927.9,100,438.16,6297.11
100877,2026-02-01,3916.17,861.56,100,195.81,2758.8
100878,2026-02-01,8636.0,1899.92,220,431.8,6084.28
100879,2026-02-01,5707.67,1255.69,400,285.38,3766.6
100880,2026-02-01,5489.08,1207.6,220,274.45,3787.03
100881,2026-02-01,21963.92,4832.06,100,1098.2,15933.66
100882,2026-02-01,3600.08,792.02,100,180.0,2528.06
100883,2026-02-01,6842.92,1505.44,100,342.15,4895.33
100884,2026-02-01,8698.17,1913.6,220,434.91,6129.66
100885,2026-02-01,11104.67,2443.03,400,555.23,7706.41
100886,2026-02-01,11448.17,2518.6,100,572.41,8257.16
100887,2026-02-01,6457.25,1420.6,220,322.86,4493.79
100888,2026-02-01,6252.92,1375.64,100,312.65,4464.63
100890,2026-02-01,3724.42,819.37,220,186.22,2498.83
100891,2026-02-01,4799.42,1055.87,220,239.97,3283.58
100892,2026-02-01,7239.17,1592.62,220,361.96,5064.59
100894,2026-02-01,6937.17,1526.18,220,346.86,4844.13
100895,2026-02-01,10747.42,2364.43,220,537.37,7625.62
100896,2026-02-01,15447.92,3398.54,220,772.4,11056.98
100897,2026-02-01,11734.58,2581.61,220,586.73,8346.24
100898,2026-02-01,17134.08,3769.5,220,856.7,12287.88
100899,2026-02-01,8544.08,1879.7,100,427.2,6137.18
100900,2026-02-01,14612.0,3214.64,100,730.6,10566.76
100901,2026-02-01,6696.33,1473.19,100,334.82,4788.32
100902,2026-02-01,12377.92,2723.14,100,618.9,8935.88
100903,2026-02-01,12688.67,2791.51,220,634.43,9042.73
100904,2026-02-01,6967.0,1532.74,100,348.35,4985.91
100905,2026-02-01,8737.0,1922.14,100,436.85,6278.01
100906,2026-02-01,9584.75,2108.64,100,479.24,6896.87
100907,2026-02-01,13335.25,2933.76,220,666.76,9514.73
100909,2026-02-01,9062.75,1993.8,220,453.14,6395.81
100910,2026-02-01,25087.67,5519.29,100,1254.38,18214.0
100912,2026-02-01,6910.58,1520.33,220,345.53,4824.72
100913,2026-02-01,14624.17,3217.32,100,731.21,10575.64
100914,2026-02-01,8733.08,1921.28,400,436.65,5975.15
100915,2026-02-01,14989.17,3297.62,220,749.46,10722.09
100916,2026-02-01,4932.67,1085.19,100,246.63,3500.85
100917,2026-02-01,7715.75,1697.46,100,385.79,5532.5
100918,2026-02-01,17172.33,3777.91,100,858.62,12435.8
100919,2026-02-01,5506.83,1211.5,220,275.34,3799.99
100920,2026-02-01,16959.17,3731.02,100,847.96,12280.19
100921,2026-02-01,10055.25,2212.16,100,502.76,7240.33
100922,2026-02-01,13742.0,3023.24,100,687.1,9931.66
100924,2026-02-01,11077.5,2437.05,100,553.88,7986.57
100925,2026-02-01,4020.67,884.55,400,201.03,2535.09
100926,2026-02-01,6474.83,1424.46,220,323.74,4506.63
100928,2026-02-01,10779.17,2371.42,220,538.96,7648.79
100929,2026-02-01,5781.67,1271.97,400,289.08,3820.62
100931,2026-02-01,8428.83,1854.34,100,421.44,6053.05
100932,2026-02-01,6408.83,1409.94,100,320.44,4578.45
100933,2026-02-01,15581.08,3427.84,220,779.05,11154.19
100935,2026-02-01,8564.92,1884.28,220,428.25,6032.39
100936,2026-02-01,8521.75,1874.78,100,426.09,6120.88
100937,2026-02-01,15217.5,3347.85,220,760.88,10888.77
100939,2026-02-01,6605.5,1453.21,400,330.28,4422.01
100940,2026-02-01,3998.33,879.63,220,199.92,2698.78
100941,2026-02-01,7457.17,1640.58,100,372.86,5343.73
100942,2026-02-01,9081.5,1997.93,220,454.08,6409.49
100943,2026-02-01,4294.67,944.83,220,214.73,2915.11
100944,2026-02-01,17103.42,3762.75,220,855.17,12265.5
100945,2026-02-01,6900.83,1518.18,100,345.04,4937.61
100946,2026-02-01,7321.92,1610.82,100,366.1,5245.0
100947,2026-02-01,8032.92,1767.24,400,401.65,5464.03
100948,2026-02-01,14537.67,3198.29,100,726.88,10512.5
100949,2026-02-01,6690.5,1471.91,220,334.52,4664.07
100950,2026-02-01,11213.0,2466.86,220,560.65,7965.49
100951,2026-02-01,13235.0,2911.7,220,661.75,9441.55
100952,2026-02-01,7630.83,1678.78,100,381.54,5470.51
100953,2026-02-01,9105.0,2003.1,400,455.25,6246.65
100954,2026-02-01,5424.25,1193.34,100,271.21,3859.7
100956,2026-02-01,13290.0,2923.8,100,664.5,9601.7
100957,2026-02-01,10076.0,2216.72,220,503.8,7135.48
100958,2026-02-01,15886.67,3495.07,220,794.33,11377.27
100961,2026-02-01,6883.17,1514.3,220,344.16,4804.71
100962,2026-02-01,14256.17,3136.36,100,712.81,10307.0
100963,2026-02-01,12934.08,2845.5,400,646.7,9041.88
100964,2026-02-01,10785.67,2372.85,400,539.28,7473.54
100965,2026-02-01,6552.5,1441.55,100,327.62,4683.33
100966,2026-02-01,5616.83,1235.7,400,280.84,3700.29
100967,2026-02-01,13152.25,2893.5,220,657.61,9381.14
100968,2026-02-01,4389.83,965.76,400,219.49,2804.58
100969,2026-02-01,6401.17,1408.26,220,320.06,4452.85
100970,2026-02-01,4007.0,881.54,220,200.35,2705.11
100971,2026-02-01,6618.42,1456.05,220,330.92,4611.45
100972,2026-02-01,4348.08,956.58,400,217.4,2774.1
100973,2026-02-01,8874.08,1952.3,220,443.7,6258.08
100974,2026-02-01,7301.0,1606.22,220,365.05,5109.73
100975,2026-02-01,20140.17,4430.84,100,1007.01,14602.32
100976,2026-02-01,7143.25,1571.52,100,357.16,5114.57
100977,2026-02-01,5594.92,1230.88,220,279.75,3864.29
100978,2026-02-01,17812.5,3918.75,400,890.62,12603.13
100979,2026-02-01,12858.08,2828.78,220,642.9,9166.4
100980,2026-02-01,18505.42,4071.19,220,925.27,13288.96
100981,2026-02-01,10284.17,2262.52,100,514.21,7407.44
100982,2026-02-01,10401.33,2288.29,100,520.07,7492.97
100983,2026-02-01,6955.58,1530.23,100,347.78,4977.57
100984,2026-02-01,8872.83,1952.02,220,443.64,6257.17
100985,2026-02-01,10264.25,2258.14,100,513.21,7392.9
100986,2026-02-01,7544.0,1659.68,100,377.2,5407.12
100987,2026-02-01,6457.08,1420.56,220,322.85,4493.67
100988,2026-02-01,4971.83,1093.8,220,248.59,3409.44
100989,2026-02-01,14410.08,3170.22,400,720.5,10119.36
100990,2026-02-01,7222.67,1588.99,220,361.13,5052.55
100991,2026-02-01,6784.0,1492.48,100,339.2,4852.32
100992,2026-02-01,5821.17,1280.66,100,291.06,4149.45
100993,2026-02-01,17545.83,3860.08,100,877.29,12708.46
100994,2026-02-01,10356.17,2278.36,220,517.81,7340.0
100995,2026-02-01,4166.5,916.63,100,208.32,2941.55
100996,2026-02-01,12477.67,2745.09,220,623.88,8888.7
100997,2026-02-01,12536.75,2758.08,220,626.84,8931.83
100998,2026-02-01,15180.92,3339.8,220,759.05,10862.07
100999,2026-02-01,18368.58,4041.09,220,918.43,13189.06
100000,2026-03-01,8946.5,1968.23,100,447.33,6430.94
100001,2026-03-01,16037.42,3528.23,220,801.87,11487.32
100002,2026-03-01,5294.08,1164.7,100,264.7,3764.68
100004,2026-03-01,16211.08,3566.44,100,810.55,11734.09
100005,2026-03-01,4663.08,1025.88,400,233.15,3004.05
100007,2026-03-01,16740.25,3682.86,100,837.01,12120.38
100008,2026-03-01,9305.33,2047.17,220,465.27,6572.89
100009,2026-03-01,6575.5,1446.61,220,328.78,4580.11
100010,2026-03-01,8892.0,1956.24,220,444.6,6271.16
100012,2026-03-01,9940.67,2186.95,100,497.03,7156.69
100013,2026-03-01,12717.83,2797.92,220,635.89,9064.02
100014,2026-03-01,8767.17,1928.78,220,438.36,6180.03
100015,2026-03-01,5872.08,1291.86,400,293.6,3886.62
100016,2026-03-01,17053.17,3751.7,100,852.66,12348.81
100017,2026-03-01,13738.83,3022.54,220,686.94,9809.35
100018,2026-03-01,7251.17,1595.26,220,362.56,5073.35
100019,2026-03-01,11885.0,2614.7,400,594.25,8276.05
100020,2026-03-01,4867.67,1070.89,220,243.38,3333.4
100021,2026-03-01,6866.5,1510.63,220,343.33,4792.54
100022,2026-03-01,24205.0,5325.1,220,1210.25,17449.65
100023,2026-03-01,9600.17,2112.04,400,480.01,6608.12
100025,2026-03-01,10785.33,2372.77,100,539.27,7773.29
100026,2026-03-01,4900.42,1078.09,220,245.02,3357.31
100027,2026-03-01,8454.83,1860.06,220,422.74,5952.03
100028,2026-03-01,6946.67,1528.27,100,347.33,4971.07
100029,2026-03-01,7462.17,1641.68,220,373.11,5227.38
100030,2026-03-01,8672.25,1907.9,220,433.61,6110.74
100031,2026-03-01,7935.25,1745.76,100,396.76,5692.73
100032,2026-03-01,9199.5,2023.89,220,459.98,6495.63
100033,2026-03-01,9737.17,2142.18,220,486.86,6888.13
100034,2026-03-01,11828.58,2602.29,220,591.43,8414.86
100035,2026-03-01,6654.67,1464.03,100,332.73,4757.91
100036,2026-03-01,10310.5,2268.31,100,515.52,7426.67
100037,2026-03-01,11495.42,2528.99,400,574.77,7991.66
100038,2026-03-01,5819.42,1280.27,220,290.97,4028.18
100039,2026-03-01,5275.17,1160.54,220,263.76,3630.87
100040,2026-03-01,6823.75,1501.22,400,341.19,4581.34
100041,2026-03-01,8556.92,1882.52,220,427.85,6026.55
100042,2026-03-01,4871.33,1071.69,220,243.57,3336.07
100043,2026-03-01,8555.58,1882.23,100,427.78,6145.57
100044,2026-03-01,6975.42,1534.59,220,348.77,4872.06
100045,2026-03-01,9109.0,2003.98,100,455.45,6549.57
100046,2026-03-01,6063.92,1334.06,220,303.2,4206.66
100047,2026-03-01,14066.0,3094.52,100,703.3,10168.18
100048,2026-03-01,8784.17,1932.52,100,439.21,6312.44
100050,2026-03-01,10276.83,2260.9,220,513.84,7282.09
100052,2026-03-01,8506.25,1871.38,100,425.31,6109.56
100053,2026-03-01,4271.08,939.64,220,213.55,2897.89
100054,2026-03-01,5157.08,1134.56,100,257.85,3664.67
100056,2026-03-01,10586.25,2328.98,100,529.31,7627.96
100057,2026-03-01,16019.0,3524.18,220,800.95,11473.87
100058,2026-03-01,10223.83,2249.24,220,511.19,7243.4
100059,2026-03-01,13019.92,2864.38,220,651.0,9284.54
100060,2026-03-01,5284.5,1162.59,400,264.23,3457.68
100061,2026-03-01,6165.0,1356.3,100,308.25,4400.45
100062,2026-03-01,10503.17,2310.7,100,525.16,7567.31
100063,2026-03-01,8008.17,1761.8,100,400.41,5745.96
100064,2026-03-01,6959.33,1531.05,100,347.97,4980.31
100065,2026-03-01,10717.25,2357.8,400,535.86,7423.59
100066,2026-03-01,8175.33,1798.57,220,408.77,5747.99
100067,2026-03-01,25430.33,5594.67,100,1271.52,18464.14
100068,2026-03-01,8843.25,1945.52,400,442.16,6055.57
100069,2026-03-01,20624.5,4537.39,220,1031.23,14835.88
100070,2026-03-01,7645.75,1682.06,220,382.29,5361.4
100071,2026-03-01,7017.92,1543.94,220,350.9,4903.08
100072,2026-03-01,6380.83,1403.78,220,319.04,4438.01
100073,2026-03-01,4628.5,1018.27,220,231.42,3158.81
100074,2026-03-01,20229.83,4450.56,100,1011.49,14667.78
100075,2026-03-01,12879.25,2833.44,100,643.96,9301.85
100076,2026-03-01,14321.17,3150.66,100,716.06,10354.45
100077,2026-03-01,8350.75,1837.16,220,417.54,5876.05
100078,2026-03-01,11340.5,2494.91,100,567.02,8178.57
100079,2026-03-01,13872.58,3051.97,220,693.63,9906.98
100080,2026-03-01,11722.58,2578.97,400,586.13,8157.48
100081,2026-03-01,11913.75,2621.02,220,595.69,8477.04
100082,2026-03-01,9878.17,2173.2,220,493.91,6991.06
100083,2026-03-01,11126.0,2447.72,220,556.3,7901.98
100084,2026-03-01,8382.92,1844.24,400,419.15,5719.53
100085,2026-03-01,12694.58,2792.81,220,634.73,9047.04
100086,2026-03-01,5907.5,1299.65,220,295.38,4092.47
100087,2026-03-01,5033.5,1107.37,100,251.68,3574.45
100088,2026-03-01,6643.58,1461.59,400,332.18,4449.81
100089,2026-03-01,11544.25,2539.74,220,577.21,8207.3
100090,2026-03-01,9504.0,2090.88,220,475.2,6717.92
100092,2026-03-01,9229.67,2030.53,220,461.48,6517.66
100093,2026-03-01,11286.08,2482.94,220,564.3,8018.84
100094,2026-03-01,9952.08,2189.46,220,497.6,7045.02
100095,2026-03-01,6468.33,1423.03,220,323.42,4501.88
100096,2026-03-01,22410.67,4930.35,220,1120.53,16139.79
100097,2026-03-01,5372.75,1182.01,100,268.64,3822.1
100098,2026-03-01,5415.75,1191.46,220,270.79,3733.5
100099,2026-03-01,14222.08,3128.86,220,711.1,10162.12
100100,2026-03-01,7019.17,1544.22,220,350.96,4903.99
100101,2026-03-01,5932.17,1305.08,100,296.61,4230.48
100102,2026-03-01,15860.33,3489.27,220,793.02,11358.04
100103,2026-03-01,7435.0,1635.7,220,371.75,5207.55
100104,2026-03-01,6995.67,1539.05,220,349.78,4886.84
100105,2026-03-01,7407.17,1629.58,220,370.36,5187.23
100106,2026-03-01,9588.83,2109.54,220,479.44,6779.85
100107,2026-03-01,6444.25,1417.74,400,322.21,4304.3
100108,2026-03-01,13761.33,3027.49,220,688.07,9825.77
100109,2026-03-01,12275.5,2700.61,400,613.78,8561.11
100110,2026-03-01,11394.83,2506.86,220,569.74,8098.23
100111,2026-03-01,5999.75,1319.94,220,299.99,4159.82
100113,2026-03-01,5421.42,1192.71,220,271.07,3737.64
100114,2026-03-01,6162.92,1355.84,220,308.15,4278.93
100115,2026-03-01,7385.92,1624.9,100,369.3,5291.72
100116,2026-03-01,5412.42,1190.73,400,270.62,3551.07
100117,2026-03-01,11489.5,2527.69,400,574.48,7987.33
100118,2026-03-01,13638.58,3000.49,400,681.93,9556.16
100119,2026-03-01,10713.58,2356.99,400,535.68,7420.91
100120,2026-03-01,3505.75,771.26,400,175.29,2159.2
100121,2026-03-01,9980.58,2195.73,220,499.03,7065.82
100122,2026-03-01,7447.17,1638.38,400,372.36,5036.43
100123,2026-03-01,10585.17,2328.74,220,529.26,7507.17
100124,2026-03-01,12997.42,2859.43,100,649.87,9388.12
100125,2026-03-01,12608.0,2773.76,220,630.4,8983.84
100126,2026-03-01,6130.25,1348.66,220,306.51,4255.08
100127,2026-03-01,24960.33,5491.27,220,1248.02,18001.04
100128,2026-03-01,11490.67,2527.95,220,574.53,8168.19
100129,2026-03-01,16389.58,3605.71,220,819.48,11744.39
100130,2026-03-01,10827.5,2382.05,100,541.38,7804.07
100131,2026-03-01,12411.33,2730.49,400,620.57,8660.27
100132,2026-03-01,9040.42,1988.89,100,452.02,6499.51
100133,2026-03-01,8427.17,1853.98,220,421.36,5931.83
100134,2026-03-01,9448.08,2078.58,400,472.4,6497.1
100135,2026-03-01,5641.58,1241.15,220,282.08,3898.35
100136,2026-03-01,9870.58,2171.53,100,493.53,7105.52
100137,2026-03-01,7025.17,1545.54,220,351.26,4908.37
100139,2026-03-01,10332.75,2273.2,220,516.64,7322.91
100140,2026-03-01,11117.42,2445.83,100,555.87,8015.72
100141,2026-03-01,6678.5,1469.27,100,333.92,4775.31
100142,2026-03-01,6956.17,1530.36,220,347.81,4858.0
100143,2026-03-01,16905.17,3719.14,100,845.26,12240.77
100144,2026-03-01,10891.0,2396.02,220,544.55,7730.43
100145,2026-03-01,9408.58,2069.89,400,470.43,6468.26
100146,2026-03-01,11997.67,2639.49,220,599.88,8538.3
100147,2026-03-01,10930.33,2404.67,220,546.52,7759.14
100148,2026-03-01,4940.5,1086.91,220,247.02,3386.57
100149,2026-03-01,6888.33,1515.43,400,344.42,4628.48
100150,2026-03-01,7214.0,1587.08,220,360.7,5046.22
100151,2026-03-01,13337.0,2934.14,220,666.85,9516.01
100152,2026-03-01,4071.25,895.68,400,203.56,2572.01
100153,2026-03-01,17094.0,3760.68,220,854.7,12258.62
100155,2026-03-01,26836.08,5903.94,220,1341.8,19370.34
100156,2026-03-01,4671.33,1027.69,100,233.57,3310.07
100157,2026-03-01,15122.75,3327.0,220,756.14,10819.61
100158,2026-03-01,4812.92,1058.84,220,240.65,3293.43
100159,2026-03-01,6678.08,1469.18,100,333.9,4775.0
100160,2026-03-01,4702.67,1034.59,220,235.13,3212.95
100161,2026-03-01,10898.58,2397.69,400,544.93,7555.96
100162,2026-03-01,5020.92,1104.6,100,251.05,3565.27
100163,2026-03-01,10300.58,2266.13,100,515.03,7419.42
100164,2026-03-01,7503.08,1650.68,100,375.15,5377.25
100165,2026-03-01,18213.5,4006.97,100,910.68,13195.85
100166,2026-03-01,6063.33,1333.93,400,303.17,4026.23
100167,2026-03-01,21113.0,4644.86,400,1055.65,15012.49
100168,2026-03-01,11846.5,2606.23,220,592.33,8427.94
100169,2026-03-01,13262.08,2917.66,100,663.1,9581.32
100170,2026-03-01,9183.83,2020.44,220,459.19,6484.2
100171,2026-03-01,10872.92,2392.04,220,543.65,7717.23
100172,2026-03-01,11622.42,2556.93,220,581.12,8264.37
100173,2026-03-01,10343.67,2275.61,400,517.18,7150.88
100174,2026-03-01,7889.17,1735.62,100,394.46,5659.09
100175,2026-03-01,6743.75,1483.62,220,337.19,4702.94
100176,2026-03-01,4826.08,1061.74,220,241.3,3303.04
100177,2026-03-01,16323.83,3591.24,100,816.19,11816.4
100178,2026-03-01,16818.42,3700.05,100,840.92,12177.45
100179,2026-03-01,8877.08,1952.96,220,443.85,6260.27
100180,2026-03-01,7481.92,1646.02,220,374.1,5241.8
100181,2026-03-01,10662.58,2345.77,100,533.13,7683.68
100182,2026-03-01,5180.92,1139.8,100,259.05,3682.07
100183,2026-03-01,4812.67,1058.79,220,240.63,3293.25
100184,2026-03-01,8620.25,1896.46,100,431.01,6192.78
100185,2026-03-01,11123.67,2447.21,220,556.18,7900.28
100186,2026-03-01,14453.75,3179.82,400,722.69,10151.24
100187,2026-03-01,11047.92,2430.54,220,552.4,7844.98
100188,2026-03-01,4736.0,1041.92,220,236.8,3237.28
100189,2026-03-01,12423.33,2733.13,220,621.17,8849.03
100190,2026-03-01,4998.33,1099.63,100,249.92,3548.78
100191,2026-03-01,5969.0,1313.18,220,298.45,4137.37
100192,2026-03-01,12936.25,2845.98,100,646.81,9343.46
100193,2026-03-01,8354.0,1837.88,100,417.7,5998.42
100194,2026-03-01,7002.08,1540.46,220,350.1,4891.52
100196,2026-03-01,8398.67,1847.71,400,419.93,5731.03
100197,2026-03-01,15954.92,3510.08,220,797.75,11427.09
100198,2026-03-01,4469.75,983.34,100,223.49,3162.92
100200,2026-03-01,8621.58,1896.75,400,431.08,5893.75
100201,2026-03-01,7735.5,1701.81,220,386.78,5426.91
100202,2026-03-01,6299.0,1385.78,220,314.95,4378.27
100203,2026-03-01,13337.08,2934.16,100,666.85,9636.07
100204,2026-03-01,8463.67,1862.01,220,423.18,5958.48
100205,2026-03-01,17622.17,3876.88,100,881.11,12764.18
100206,2026-03-01,14132.25,3109.1,100,706.61,10216.54
100207,2026-03-01,5031.08,1106.84,400,251.55,3272.69
100208,2026-03-01,9524.08,2095.3,220,476.2,6732.58
100209,2026-03-01,14420.58,3172.53,220,721.03,10307.02
100210,2026-03-01,11200.92,2464.2,220,560.05,7956.67
100212,2026-03-01,7897.17,1737.38,100,394.86,5664.93
100213,2026-03-01,5953.5,1309.77,220,297.68,4126.05
100214,2026-03-01,13383.33,2944.33,100,669.17,9669.83
100215,2026-03-01,10319.17,2270.22,400,515.96,7132.99
100216,2026-03-01,9476.83,2084.9,220,473.84,6698.09
100217,2026-03-01,5118.33,1126.03,220,255.92,3516.38
100218,2026-03-01,9715.0,2137.3,220,485.75,6871.95
100219,2026-03-01,6069.75,1335.34,400,303.49,4030.92
100220,2026-03-01,6623.25,1457.12,220,331.16,4614.97
100221,2026-03-01,6650.33,1463.07,220,332.52,4634.74
100223,2026-03-01,6445.75,1418.06,220,322.29,4485.4
100225,2026-03-01,4634.0,1019.48,400,231.7,2982.82
100226,2026-03-01,22963.17,5051.9,220,1148.16,16543.11
100227,2026-03-01,23914.17,5261.12,220,1195.71,17237.34
100228,2026-03-01,5551.33,1221.29,400,277.57,3652.47
100229,2026-03-01,8366.92,1840.72,220,418.35,5887.85
100230,2026-03-01,9835.0,2163.7,220,491.75,6959.55
100231,2026-03-01,21825.75,4801.66,400,1091.29,15532.8
100232,2026-03-01,13726.08,3019.74,100,686.3,9920.04
100233,2026-03-01,7398.92,1627.76,400,369.95,5001.21
100234,2026-03-01,11262.25,2477.7,220,563.11,8001.44
100235,2026-03-01,10150.0,2233.0,100,507.5,7309.5
100236,2026-03-01,6904.25,1518.94,220,345.21,4820.1
100237,2026-03-01,15605.0,3433.1,100,780.25,11291.65
100238,2026-03-01,18004.5,3960.99,220,900.22,12923.29
100239,2026-03-01,5892.5,1296.35,220,294.62,4081.53
100240,2026-03-01,8724.92,1919.48,100,436.25,6269.19
100241,2026-03-01,11130.08,2448.62,220,556.5,7904.96
100242,2026-03-01,6121.67,1346.77,220,306.08,4248.82
100243,2026-03-01,17186.58,3781.05,400,859.33,12146.2
100245,2026-03-01,6466.0,1422.52,400,323.3,4320.18
100246,2026-03-01,5411.42,1190.51,220,270.57,3730.34
100247,2026-03-01,11549.75,2540.95,400,577.49,8031.31
100248,2026-03-01,14059.75,3093.14,220,702.99,10043.62
100249,2026-03-01,11874.17,2612.32,220,593.71,8448.14
100250,2026-03-01,5812.58,1278.77,220,290.63,4023.18
100251,2026-03-01,5194.08,1142.7,220,259.7,3571.68
100252,2026-03-01,5957.83,1310.72,220,297.89,4129.22
100253,2026-03-01,7418.42,1632.05,220,370.92,5195.45
100254,2026-03-01,12151.25,2673.28,400,607.56,8470.41
100255,2026-03-01,10144.25,2231.74,220,507.21,7185.3
100256,2026-03-01,5560.08,1223.22,220,278.0,3838.86
100257,2026-03-01,3901.33,858.29,400,195.07,2447.97
100259,2026-03-01,12967.75,2852.9,400,648.39,9066.46
100260,2026-03-01,7461.0,1641.42,220,373.05,5226.53
100261,2026-03-01,11283.83,2482.44,100,564.19,8137.2
100262,2026-03-01,6166.08,1356.54,100,308.3,4401.24
100263,2026-03-01,6831.33,1502.89,400,341.57,4586.87
100264,2026-03-01,10306.42,2267.41,100,515.32,7423.69
100265,2026-03-01,17535.0,3857.7,100,876.75,12700.55
100266,2026-03-01,20757.0,4566.54,400,1037.85,14752.61
100267,2026-03-01,20694.25,4552.73,220,1034.71,14886.81
100268,2026-03-01,10063.5,2213.97,220,503.18,7126.35
100269,2026-03-01,6251.92,1375.42,220,312.6,4343.9
100270,2026-03-01,6914.25,1521.14,100,345.71,4947.4
100271,2026-03-01,11748.0,2584.56,220,587.4,8356.04
100272,2026-03-01,4278.0,941.16,220,213.9,2902.94
100273,2026-03-01,21824.0,4801.28,220,1091.2,15711.52
100274,2026-03-01,11195.17,2462.94,220,559.76,7952.47
100275,2026-03-01,7877.5,1733.05,220,393.88,5530.57
100276,2026-03-01,4962.5,1091.75,100,248.12,3522.63
100277,2026-03-01,5086.75,1119.08,220,254.34,3493.33
100278,2026-03-01,5146.33,1132.19,400,257.32,3356.82
100280,2026-03-01,7959.58,1751.11,400,397.98,5410.49
100281,2026-03-01,8084.75,1778.64,220,404.24,5681.87
100282,2026-03-01,5184.08,1140.5,220,259.2,3564.38
100283,2026-03-01,20557.67,4522.69,220,1027.88,14787.1
100284,2026-03-01,11292.17,2484.28,100,564.61,8143.28
100285,2026-03-01,7271.67,1599.77,100,363.58,5208.32
100286,2026-03-01,11123.0,2447.06,100,556.15,8019.79
100287,2026-03-01,9251.33,2035.29,220,462.57,6533.47
100288,2026-03-01,7078.75,1557.32,220,353.94,4947.49
100289,2026-03-01,10843.92,2385.66,400,542.2,7516.06
100290,2026-03-01,9625.83,2117.68,100,481.29,6926.86
100291,2026-03-01,8479.83,1865.56,220,423.99,5970.28
100292,2026-03-01,11531.33,2536.89,220,576.57,8197.87
100293,2026-03-01,8333.42,1833.35,100,416.67,5983.4
100294,2026-03-01,11494.5,2528.79,220,574.72,8170.99
100295,2026-03-01,5419.58,1192.31,100,270.98,3856.29
100296,2026-03-01,15415.08,3391.32,400,770.75,10853.01
100299,2026-03-01,11830.33,2602.67,400,591.52,8236.14
100300,2026-03-01,8151.83,1793.4,220,407.59,5730.84
100301,2026-03-01,28863.33,6349.93,100,1443.17,20970.23
100302,2026-03-01,7959.33,1751.05,100,397.97,5710.31
100303,2026-03-01,13923.42,3063.15,400,696.17,9764.1
100304,2026-03-01,10954.83,2410.06,220,547.74,7777.03
100306,2026-03-01,8569.5,1885.29,100,428.48,6155.73
100307,2026-03-01,5943.0,1307.46,220,297.15,4118.39
100309,2026-03-01,12288.5,2703.47,400,614.43,8570.6
100310,2026-03-01,5941.17,1307.06,400,297.06,3937.05
100311,2026-03-01,5816.67,1279.67,220,290.83,4026.17
100312,2026-03-01,12025.92,2645.7,220,601.3,8558.92
100314,2026-03-01,8836.0,1943.92,400,441.8,6050.28
100315,2026-03-01,18314.92,4029.28,400,915.75,12969.89
100316,2026-03-01,14303.58,3146.79,400,715.18,10041.61
100317,2026-03-01,8193.0,1802.46,220,409.65,5760.89
100319,2026-03-01,8681.75,1909.98,100,434.09,6237.68
100320,2026-03-01,10846.75,2386.28,220,542.34,7698.13
100321,2026-03-01,16076.0,3536.72,100,803.8,11635.48
100323,2026-03-01,8678.5,1909.27,220,433.92,6115.31
100324,2026-03-01,9516.42,2093.61,100,475.82,6846.99
100325,2026-03-01,5051.75,1111.38,220,252.59,3467.78
100327,2026-03-01,4947.42,1088.43,100,247.37,3511.62
100328,2026-03-01,4207.25,925.6,400,210.36,2671.29
100330,2026-03-01,8809.75,1938.14,220,440.49,6211.12
100331,2026-03-01,20813.17,4578.9,220,1040.66,14973.61
100332,2026-03-01,14095.75,3101.06,220,704.79,10069.9
100333,2026-03-01,10501.42,2310.31,100,525.07,7566.04
100334,2026-03-01,11051.17,2431.26,220,552.56,7847.35
100335,2026-03-01,14410.17,3170.24,400,720.51,10119.42
100336,2026-03-01,11844.58,2605.81,220,592.23,8426.54
100337,2026-03-01,5462.67,1201.79,100,273.13,3887.75
100338,2026-03-01,6463.58,1421.99,100,323.18,4618.41
100339,2026-03-01,7731.33,1700.89,220,386.57,5423.87
100340,2026-03-01,6940.33,1526.87,400,347.02,4666.44
100341,2026-03-01,18955.17,4170.14,220,947.76,13617.27
100343,2026-03-01,4826.67,1061.87,220,241.33,3303.47
100344,2026-03-01,5193.0,1142.46,100,259.65,3690.89
100345,2026-03-01,10865.08,2390.32,220,543.25,7711.51
100346,2026-03-01,23602.17,5192.48,100,1180.11,17129.58
100347,2026-03-01,9273.42,2040.15,400,463.67,6369.6
100349,2026-03-01,17783.83,3912.44,220,889.19,12762.2
100350,2026-03-01,8433.33,1855.33,220,421.67,5936.33
100351,2026-03-01,5526.0,1215.72,220,276.3,3813.98
100352,2026-03-01,12178.58,2679.29,100,608.93,8790.36
100355,2026-03-01,14627.67,3218.09,100,731.38,10578.2
100356,2026-03-01,11239.0,2472.58,220,561.95,7984.47
100357,2026-03-01,16073.42,3536.15,100,803.67,11633.6
100358,2026-03-01,11726.58,2579.85,100,586.33,8460.4
100359,2026-03-01,6417.33,1411.81,400,320.87,4284.65
100361,2026-03-01,13455.25,2960.16,220,672.76,9602.33
100362,2026-03-01,11436.67,2516.07,100,571.83,8248.77
100363,2026-03-01,3817.17,839.78,100,190.86,2686.53
100364,2026-03-01,11129.0,2448.38,220,556.45,7904.17
100365,2026-03-01,5250.67,1155.15,100,262.53,3732.99
100366,2026-03-01,4411.92,970.62,220,220.6,3000.7
100367,2026-03-01,8769.92,1929.38,400,438.5,6002.04
100368,2026-03-01,12005.67,2641.25,400,600.28,8364.14
100369,2026-03-01,7462.67,1641.79,100,373.13,5347.75
100370,2026-03-01,6700.25,1474.06,220,335.01,4671.18
100371,2026-03-01,4829.75,1062.54,400,241.49,3125.72
100373,2026-03-01,13093.83,2880.64,400,654.69,9158.5
100374,2026-03-01,8828.08,1942.18,400,441.4,6044.5
100375,2026-03-01,14837.92,3264.34,220,741.9,10611.68
100376,2026-03-01,6287.08,1383.16,220,314.35,4369.57
100377,2026-03-01,8364.33,1840.15,220,418.22,5885.96
100378,2026-03-01,10495.25,2308.96,400,524.76,7261.53
100379,2026-03-01,13266.17,2918.56,400,663.31,9284.3
100380,2026-03-01,7902.83,1738.62,220,395.14,5549.07
100381,2026-03-01,6938.0,1526.36,220,346.9,4844.74
100382,2026-03-01,8207.58,1805.67,220,410.38,5771.53
100383,2026-03-01,16723.5,3679.17,100,836.18,12108.15
100384,2026-03-01,6992.0,1538.24,100,349.6,5004.16
100385,2026-03-01,12301.67,2706.37,220,615.08,8760.22
100386,2026-03-01,13018.83,2864.14,220,650.94,9283.75
100387,2026-03-01,20029.58,4406.51,400,1001.48,14221.59
100388,2026-03-01,5316.33,1169.59,100,265.82,3780.92
100389,2026-03-01,10410.33,2290.27,400,520.52,7199.54
100390,2026-03-01,20875.58,4592.63,400,1043.78,14839.17
100391,2026-03-01,14748.0,3244.56,100,737.4,10666.04
100392,2026-03-01,5537.33,1218.21,220,276.87,3822.25
100393,2026-03-01,5791.58,1274.15,400,289.58,3827.85
100394,2026-03-01,13150.25,2893.06,220,657.51,9379.68
100395,2026-03-01,8450.83,1859.18,220,422.54,5949.11
100396,2026-03-01,11146.17,2452.16,400,557.31,7736.7
100397,2026-03-01,6490.08,1427.82,400,324.5,4337.76
100398,2026-03-01,8271.83,1819.8,220,413.59,5818.44
100399,2026-03-01,15612.42,3434.73,220,780.62,11177.07
100400,2026-03-01,7308.92,1607.96,100,365.45,5235.51
100401,2026-03-01,13429.5,2954.49,100,671.48,9703.53
100402,2026-03-01,4675.25,1028.56,220,233.76,3192.93
100403,2026-03-01,3896.0,857.12,100,194.8,2744.08
100405,2026-03-01,17366.75,3820.68,220,868.34,12457.73
100406,2026-03-01,7524.08,1655.3,400,376.2,5092.58
100407,2026-03-01,12249.25,2694.84,100,612.46,8841.95
100408,2026-03-01,8649.67,1902.93,220,432.48,6094.26
100409,2026-03-01,14387.67,3165.29,400,719.38,10103.0
100410,2026-03-01,9100.0,2002.0,100,455.0,6543.0
100411,2026-03-01,3930.42,864.69,400,196.52,2469.21
100412,2026-03-01,12339.25,2714.64,220,616.96,8787.65
100413,2026-03-01,16593.0,3650.46,220,829.65,11892.89
100414,2026-03-01,4796.75,1055.29,220,239.84,3281.62
100415,2026-03-01,13070.75,2875.56,220,653.54,9321.65
100416,2026-03-01,9235.33,2031.77,100,461.77,6641.79
100417,2026-03-01,27259.58,5997.11,400,1362.98,19499.49
100418,2026-03-01,3959.42,871.07,400,197.97,2490.38
100419,2026-03-01,8266.08,1818.54,220,413.3,5814.24
100420,2026-03-01,20436.08,4495.94,220,1021.8,14698.34
100421,2026-03-01,5665.33,1246.37,220,283.27,3915.69
100422,2026-03-01,6880.33,1513.67,220,344.02,4802.64
100423,2026-03-01,7049.25,1550.84,220,352.46,4925.95
100424,2026-03-01,14595.17,3210.94,220,729.76,10434.47
100425,2026-03-01,12686.75,2791.08,220,634.34,9041.33
100426,2026-03-01,5302.17,1166.48,100,265.11,3770.58
100427,2026-03-01,7630.42,1678.69,100,381.52,5470.21
100428,2026-03-01,13819.0,3040.18,220,690.95,9867.87
100429,2026-03-01,7031.0,1546.82,220,351.55,4912.63
100430,2026-03-01,11217.17,2467.78,100,560.86,8088.53
100432,2026-03-01,7978.83,1755.34,220,398.94,5604.55
100433,2026-03-01,4082.92,898.24,220,204.15,2760.53
100434,2026-03-01,4810.0,1058.2,220,240.5,3291.3
100435,2026-03-01,10700.42,2354.09,400,535.02,7411.31
100436,2026-03-01,14493.08,3188.48,220,724.65,10359.95
100437,2026-03-01,10249.92,2254.98,220,512.5,7262.44
100438,2026-03-01,11500.58,2530.13,400,575.03,7995.42
100439,2026-03-01,6037.83,1328.32,220,301.89,4187.62
100440,2026-03-01,10950.08,2409.02,100,547.5,7893.56
100441,2026-03-01,14836.75,3264.08,220,741.84,10610.83
100442,2026-03-01,14433.92,3175.46,220,721.7,10316.76
100443,2026-03-01,4441.17,977.06,100,222.06,3142.05
100444,2026-03-01,5315.42,1169.39,100,265.77,3780.26
100446,2026-03-01,14132.75,3109.2,400,706.64,9916.91
100447,2026-03-01,5926.92,1303.92,220,296.35,4106.65
100449,2026-03-01,8471.17,1863.66,100,423.56,6083.95
100451,2026-03-01,8458.33,1860.83,100,422.92,6074.58
100452,2026-03-01,5340.25,1174.86,100,267.01,3798.38
100453,2026-03-01,11254.0,2475.88,220,562.7,7995.42
100454,2026-03-01,14589.5,3209.69,220,729.48,10430.33
100455,2026-03-01,11073.92,2436.26,220,553.7,7863.96
100456,2026-03-01,7855.92,1728.3,100,392.8,5634.82
100457,2026-03-01,13093.58,2880.59,220,654.68,9338.31
100458,2026-03-01,7121.17,1566.66,400,356.06,4798.45
100459,2026-03-01,12429.33,2734.45,100,621.47,8973.41
100460,2026-03-01,4042.25,889.3,400,202.11,2550.84
100461,2026-03-01,6803.42,1496.75,220,340.17,4746.5
100462,2026-03-01,13464.25,2962.14,220,673.21,9608.9
100463,2026-03-01,13185.67,2900.85,220,659.28,9405.54
100464,2026-03-01,12750.17,2805.04,220,637.51,9087.62
100465,2026-03-01,13345.0,2935.9,100,667.25,9641.85
100466,2026-03-01,4620.33,1016.47,400,231.02,2972.84
100467,2026-03-01,12709.42,2796.07,220,635.47,9057.88
100468,2026-03-01,10962.58,2411.77,220,548.13,7782.68
100469,2026-03-01,11348.0,2496.56,220,567.4,8064.04
100470,2026-03-01,17277.25,3801.0,220,863.86,12392.39
100471,2026-03-01,6296.5,1385.23,220,314.83,4376.44
100472,2026-03-01,7125.92,1567.7,220,356.3,4981.92
100473,2026-03-01,4620.67,1016.55,100,231.03,3273.09
100474,2026-03-01,9792.5,2154.35,220,489.62,6928.53
100475,2026-03-01,7652.33,1683.51,400,382.62,5186.2
100476,2026-03-01,10303.25,2266.72,100,515.16,7421.37
100477,2026-03-01,14006.17,3081.36,400,700.31,9824.5
100478,2026-03-01,6924.67,1523.43,100,346.23,4955.01
100479,2026-03-01,8583.5,1888.37,400,429.18,5865.95
100481,2026-03-01,11482.92,2526.24,400,574.15,7982.53
100482,2026-03-01,8240.92,1813.0,400,412.05,5615.87
100483,2026-03-01,9173.92,2018.26,400,458.7,6296.96
100484,2026-03-01,20995.83,4619.08,220,1049.79,15106.96
100485,2026-03-01,28648.75,6302.72,220,1432.44,20693.59
100486,2026-03-01,10408.33,2289.83,100,520.42,7498.08
100487,2026-03-01,4372.0,961.84,220,218.6,2971.56
100488,2026-03-01,6922.92,1523.04,100,346.15,4953.73
100489,2026-03-01,8945.5,1968.01,220,447.28,6310.21
100490,2026-03-01,7006.92,1541.52,220,350.35,4895.05
100492,2026-03-01,19728.83,4340.34,100,986.44,14302.05
100493,2026-03-01,4184.92,920.68,400,209.25,2654.99
100494,2026-03-01,6179.33,1359.45,100,308.97,4410.91
100495,2026-03-01,11058.67,2432.91,220,552.93,7852.83
100496,2026-03-01,9537.67,2098.29,220,476.88,6742.5
100497,2026-03-01,13356.25,2938.38,220,667.81,9530.06
100498,2026-03-01,8663.75,1906.02,100,433.19,6224.54
100499,2026-03-01,12313.5,2708.97,220,615.68,8768.85
100500,2026-03-01,18569.5,4085.29,100,928.48,13455.73
100501,2026-03-01,13429.25,2954.44,100,671.46,9703.35
100502,2026-03-01,8661.33,1905.49,220,433.07,6102.77
100503,2026-03-01,10965.33,2412.37,100,548.27,7904.69
100505,2026-03-01,11693.83,2572.64,100,584.69,8436.5
100506,2026-03-01,9979.08,2195.4,100,498.95,7184.73
100507,2026-03-01,5803.83,1276.84,400,290.19,3836.8
100508,2026-03-01,4647.42,1022.43,100,232.37,3292.62
100509,2026-03-01,11855.25,2608.16,220,592.76,8434.33
100510,2026-03-01,16128.0,3548.16,100,806.4,11673.44
100511,2026-03-01,9287.25,2043.2,220,464.36,6559.69
100512,2026-03-01,15374.58,3382.41,220,768.73,11003.44
100513,2026-03-01,17206.25,3785.38,100,860.31,12460.56
100514,2026-03-01,15649.5,3442.89,100,782.48,11324.13
100515,2026-03-01,8494.33,1868.75,400,424.72,5800.86
100516,2026-03-01,13924.58,3063.41,100,696.23,10064.94
100517,2026-03-01,8258.42,1816.85,220,412.92,5808.65
100518,2026-03-01,17098.5,3761.67,100,854.92,12381.91
100519,2026-03-01,4410.17,970.24,220,220.51,2999.42
100520,2026-03-01,20452.25,4499.5,100,1022.61,14830.14
100521,2026-03-01,11005.92,2421.3,400,550.3,7634.32
100522,2026-03-01,9291.42,2044.11,220,464.57,6562.74
100523,2026-03-01,3521.83,774.8,220,176.09,2350.94
100524,2026-03-01,10531.42,2316.91,100,526.57,7587.94
100525,2026-03-01,15784.17,3472.52,400,789.21,11122.44
100526,2026-03-01,11387.83,2505.32,100,569.39,8213.12
100527,2026-03-01,9267.08,2038.76,220,463.35,6544.97
100528,2026-03-01,7485.67,1646.85,400,374.28,5064.54
100529,2026-03-01,10774.17,2370.32,220,538.71,7645.14
100530,2026-03-01,6144.75,1351.84,100,307.24,4385.67
100531,2026-03-01,6380.75,1403.76,220,319.04,4437.95
100532,2026-03-01,6598.58,1451.69,220,329.93,4596.96
100533,2026-03-01,10504.58,2311.01,100,525.23,7568.34
100534,2026-03-01,15476.75,3404.88,400,773.84,10898.03
100535,2026-03-01,12763.25,2807.92,100,638.16,9217.17
100536,2026-03-01,7190.5,1581.91,400,359.52,4849.07
100537,2026-03-01,6470.92,1423.6,220,323.55,4503.77
100538,2026-03-01,5741.33,1263.09,400,287.07,3791.17
100539,2026-03-01,12516.33,2753.59,400,625.82,8736.92
100540,2026-03-01,5243.08,1153.48,220,262.15,3607.45
100541,2026-03-01,6181.92,1360.02,220,309.1,4292.8
100542,2026-03-01,22050.92,4851.2,400,1102.55,15697.17
100543,2026-03-01,12360.75,2719.36,100,618.04,8923.35
100544,2026-03-01,10744.5,2363.79,400,537.22,7443.49
100546,2026-03-01,7238.33,1592.43,220,361.92,5063.98
100547,2026-03-01,8998.83,1979.74,400,449.94,6169.15
100548,2026-03-01,6925.83,1523.68,100,346.29,4955.86
100549,2026-03-01,8344.08,1835.7,220,417.2,5871.18
100550,2026-03-01,21648.0,4762.56,220,1082.4,15583.04
100551,2026-03-01,8783.83,1932.44,220,439.19,6192.2
100552,2026-03-01,9856.83,2168.5,100,492.84,7095.49
100553,2026-03-01,4957.58,1090.67,220,247.88,3399.03
100554,2026-03-01,11297.58,2485.47,220,564.88,8027.23
100555,2026-03-01,7460.17,1641.24,220,373.01,5225.92
100556,2026-03-01,13677.83,3009.12,400,683.89,9584.82
100557,2026-03-01,8973.25,1974.12,220,448.66,6330.47
100558,2026-03-01,12247.0,2694.34,220,612.35,8720.31
100559,2026-03-01,7328.0,1612.16,220,366.4,5129.44
100560,2026-03-01,6585.92,1448.9,220,329.3,4587.72
100561,2026-03-01,6606.5,1453.43,220,330.33,4602.74
100562,2026-03-01,6507.83,1431.72,220,325.39,4530.72
100563,2026-03-01,16133.17,3549.3,220,806.66,11557.21
100564,2026-03-01,14144.92,3111.88,220,707.25,10105.79
100565,2026-03-01,3449.08,758.8,400,172.45,2117.83
100566,2026-03-01,3668.83,807.14,220,183.44,2458.25
100567,2026-03-01,5411.33,1190.49,100,270.57,3850.27
100568,2026-03-01,20230.83,4450.78,220,1011.54,14548.51
100569,2026-03-01,10774.0,2370.28,220,538.7,7645.02
100570,2026-03-01,6192.42,1362.33,100,309.62,4420.47
100571,2026-03-01,6775.5,1490.61,400,338.78,4546.11
100572,2026-03-01,11531.75,2536.98,220,576.59,8198.18
100573,2026-03-01,11266.83,2478.7,100,563.34,8124.79
100574,2026-03-01,7139.92,1570.78,220,357.0,4992.14
100575,2026-03-01,6490.0,1427.8,220,324.5,4517.7
100576,2026-03-01,15647.5,3442.45,220,782.38,11202.67
100577,2026-03-01,11259.33,2477.05,400,562.97,7819.31
100580,2026-03-01,21225.67,4669.65,220,1061.28,15274.74
100581,2026-03-01,7327.67,1612.09,220,366.38,5129.2
100582,2026-03-01,10387.0,2285.14,220,519.35,7362.51
100585,2026-03-01,5221.25,1148.68,220,261.06,3591.51
100586,2026-03-01,5135.08,1129.72,400,256.75,3348.61
100587,2026-03-01,14813.25,3258.92,100,740.66,10713.67
100588,2026-03-01,10964.75,2412.24,220,548.24,7784.27
100589,2026-03-01,5417.5,1191.85,100,270.88,3854.77
100591,2026-03-01,7101.42,1562.31,220,355.07,4964.04
100592,2026-03-01,7745.25,1703.96,100,387.26,5554.03
100593,2026-03-01,11615.33,2555.37,220,580.77,8259.19
100594,2026-03-01,6334.5,1393.59,400,316.73,4224.18
100595,2026-03-01,7173.08,1578.08,220,358.65,5016.35
100596,2026-03-01,7032.83,1547.22,400,351.64,4733.97
100597,2026-03-01,8621.83,1896.8,100,431.09,6193.94
100598,2026-03-01,11361.08,2499.44,220,568.05,8073.59
100600,2026-03-01,11096.67,2441.27,100,554.83,8000.57
100601,2026-03-01,8024.67,1765.43,220,401.23,5638.01
100602,2026-03-01,4941.08,1087.04,220,247.05,3386.99
100604,2026-03-01,16135.33,3549.77,100,806.77,11678.79
100605,2026-03-01,14119.5,3106.29,220,705.98,10087.23
100606,2026-03-01,10638.58,2340.49,220,531.93,7546.16
100607,2026-03-01,8627.83,1898.12,220,431.39,6078.32
100608,2026-03-01,8252.33,1815.51,400,412.62,5624.2
100609,2026-03-01,11904.17,2618.92,400,595.21,8290.04
100610,2026-03-01,13782.08,3032.06,220,689.1,9840.92
100611,2026-03-01,5413.17,1190.9,100,270.66,3851.61
100612,2026-03-01,8650.5,1903.11,100,432.52,6214.87
100613,2026-03-01,10729.92,2360.58,220,536.5,7612.84
100614,2026-03-01,9158.92,2014.96,100,457.95,6586.01
100615,2026-03-01,8753.75,1925.82,220,437.69,6170.24
100616,2026-03-01,10243.33,2253.53,220,512.17,7257.63
100617,2026-03-01,5078.92,1117.36,220,253.95,3487.61
100618,2026-03-01,8872.58,1951.97,100,443.63,6376.98
100620,2026-03-01,6743.25,1483.52,220,337.16,4702.57
100621,2026-03-01,13023.0,2865.06,220,651.15,9286.79
100622,2026-03-01,5320.0,1170.4,100,266.0,3783.6
100623,2026-03-01,6999.83,1539.96,400,349.99,4709.88
100624,2026-03-01,9219.92,2028.38,400,461.0,6330.54
100625,2026-03-01,4599.75,1011.94,400,229.99,2957.82
100627,2026-03-01,8379.42,1843.47,220,418.97,5896.98
100628,2026-03-01,6197.5,1363.45,100,309.88,4424.17
100629,2026-03-01,21506.08,4731.34,220,1075.3,15479.44
100631,2026-03-01,4037.0,888.14,100,201.85,2847.01
100632,2026-03-01,5405.5,1189.21,220,270.28,3726.01
100633,2026-03-01,9112.92,2004.84,220,455.65,6432.43
100634,2026-03-01,7704.08,1694.9,220,385.2,5403.98
100635,2026-03-01,7488.0,1647.36,400,374.4,5066.24
100636,2026-03-01,13085.75,2878.86,220,654.29,9332.6
100637,2026-03-01,5189.58,1141.71,100,259.48,3688.39
100638,2026-03-01,14609.42,3214.07,220,730.47,10444.88
100639,2026-03-01,10544.17,2319.72,220,527.21,7477.24
100640,2026-03-01,5184.25,1140.54,220,259.21,3564.5
100641,2026-03-01,10887.17,2395.18,100,544.36,7847.63
100642,2026-03-01,7218.0,1587.96,220,360.9,5049.14
100643,2026-03-01,9474.83,2084.46,100,473.74,6816.63
100644,2026-03-01,4695.58,1033.03,220,234.78,3207.77
100645,2026-03-01,5252.42,1155.53,400,262.62,3434.27
100646,2026-03-01,10514.58,2313.21,100,525.73,7575.64
100647,2026-03-01,5970.83,1313.58,220,298.54,4138.71
100648,2026-03-01,15290.33,3363.87,220,764.52,10941.94
100649,2026-03-01,6852.92,1507.64,220,342.65,4782.63
100650,2026-03-01,7819.0,1720.18,100,390.95,5607.87
100651,2026-03-01,13453.25,2959.72,220,672.66,9600.87
100652,2026-03-01,6513.83,1433.04,100,325.69,4655.1
100653,2026-03-01,7015.58,1543.43,220,350.78,4901.37
100654,2026-03-01,7060.83,1553.38,100,353.04,5054.41
100655,2026-03-01,5990.58,1317.93,400,299.53,3973.12
100656,2026-03-01,7246.75,1594.28,220,362.34,5070.13
100658,2026-03-01,20235.42,4451.79,220,1011.77,14551.86
100659,2026-03-01,5131.17,1128.86,100,256.56,3645.75
100660,2026-03-01,8245.08,1813.92,100,412.25,5918.91
100661,2026-03-01,4995.58,1099.03,100,249.78,3546.77
100662,2026-03-01,5896.17,1297.16,100,294.81,4204.2
100663,2026-03-01,6010.33,1322.27,100,300.52,4287.54
100664,2026-03-01,13690.25,3011.86,220,684.51,9773.88
100665,2026-03-01,10246.0,2254.12,220,512.3,7259.58
100666,2026-03-01,18375.92,4042.7,100,918.8,13314.42
100667,2026-03-01,6082.83,1338.22,400,304.14,4040.47
100668,2026-03-01,6985.42,1536.79,100,349.27,4999.36
100669,2026-03-01,28684.42,6310.57,100,1434.22,20839.63
100670,2026-03-01,10445.25,2297.96,400,522.26,7225.03
100671,2026-03-01,7409.33,1630.05,220,370.47,5188.81
100672,2026-03-01,5168.83,1137.14,220,258.44,3553.25
100673,2026-03-01,11143.5,2451.57,100,557.18,8034.75
100674,2026-03-01,9399.92,2067.98,220,470.0,6641.94
100675,2026-03-01,12534.92,2757.68,100,626.75,9050.49
100676,2026-03-01,6455.75,1420.26,100,322.79,4612.7
100677,2026-03-01,11355.67,2498.25,100,567.78,8189.64
100678,2026-03-01,5320.25,1170.46,100,266.01,3783.78
100679,2026-03-01,9864.08,2170.1,100,493.2,7100.78
100680,2026-03-01,10994.75,2418.84,220,549.74,7806.17
100681,2026-03-01,9921.75,2182.78,220,496.09,7022.88
100682,2026-03-01,4034.92,887.68,220,201.75,2725.49
100683,2026-03-01,6831.42,1502.91,100,341.57,4886.94
100684,2026-03-01,17309.75,3808.14,100,865.49,12536.12
100685,2026-03-01,13286.75,2923.08,220,664.34,9479.33
100686,2026-03-01,9132.25,2009.1,400,456.61,6266.54
100687,2026-03-01,5531.58,1216.95,100,276.58,3938.05
100688,2026-03-01,9851.0,2167.22,100,492.55,7091.23
100689,2026-03-01,6124.67,1347.43,400,306.23,4071.01
100690,2026-03-01,12366.5,2720.63,100,618.33,8927.54
100691,2026-03-01,8929.67,1964.53,100,446.48,6418.66
100693,2026-03-01,8428.83,1854.34,400,421.44,5753.05
100694,2026-03-01,10187.92,2241.34,220,509.4,7217.18
100695,2026-03-01,7566.33,1664.59,220,378.32,5303.42
100696,2026-03-01,12064.92,2654.28,220,603.25,8587.39
100697,2026-03-01,7619.67,1676.33,100,380.98,5462.36
100698,2026-03-01,16592.42,3650.33,100,829.62,12012.47
100699,2026-03-01,6990.58,1537.93,400,349.53,4703.12
100700,2026-03-01,6624.0,1457.28,400,331.2,4435.52
100701,2026-03-01,5160.75,1135.36,100,258.04,3667.35
100702,2026-03-01,11042.75,2429.41,100,552.14,7961.2
100703,2026-03-01,8185.17,1800.74,220,409.26,5755.17
100704,2026-03-01,8354.83,1838.06,100,417.74,5999.03
100705,2026-03-01,7557.83,1662.72,400,377.89,5117.22
100706,2026-03-01,13598.17,2991.6,220,679.91,9706.66
100707,2026-03-01,4663.42,1025.95,220,233.17,3184.3
100708,2026-03-01,10024.75,2205.45,220,501.24,7098.06
100711,2026-03-01,5129.42,1128.47,220,256.47,3524.48
100712,2026-03-01,6005.5,1321.21,220,300.28,4164.01
100713,2026-03-01,8020.17,1764.44,220,401.01,5634.72
100714,2026-03-01,7333.33,1613.33,220,366.67,5133.33
100715,2026-03-01,16848.08,3706.58,220,842.4,12079.1
100716,2026-03-01,5515.5,1213.41,220,275.78,3806.31
100717,2026-03-01,11037.58,2428.27,100,551.88,7957.43
100718,2026-03-01,3713.25,816.92,220,185.66,2490.67
100719,2026-03-01,5764.5,1268.19,220,288.23,3988.08
100721,2026-03-01,9968.5,2193.07,220,498.42,7057.01
100722,2026-03-01,7483.75,1646.42,400,374.19,5063.14
100723,2026-03-01,18672.0,4107.84,220,933.6,13410.56
100724,2026-03-01,7060.67,1553.35,400,353.03,4754.29
100725,2026-03-01,9641.42,2121.11,220,482.07,6818.24
100726,2026-03-01,5240.83,1152.98,220,262.04,3605.81
100727,2026-03-01,4294.67,944.83,220,214.73,2915.11
100728,2026-03-01,5316.42,1169.61,400,265.82,3480.99
100729,2026-03-01,8363.67,1840.01,400,418.18,5705.48
100730,2026-03-01,14667.0,3226.74,100,733.35,10606.91
100731,2026-03-01,6724.92,1479.48,100,336.25,4809.19
100732,2026-03-01,6891.08,1516.04,220,344.55,4810.49
100733,2026-03-01,15139.33,3330.65,100,756.97,10951.71
100734,2026-03-01,19577.33,4307.01,100,978.87,14191.45
100735,2026-03-01,10504.42,2310.97,100,525.22,7568.23
100736,2026-03-01,8317.33,1829.81,100,415.87,5971.65
100737,2026-03-01,28984.42,6376.57,220,1449.22,20938.63
100738,2026-03-01,8714.25,1917.14,400,435.71,5961.4
100739,2026-03-01,11095.58,2441.03,220,554.78,7879.77
100740,2026-03-01,18279.0,4021.38,220,913.95,13123.67
100741,2026-03-01,8651.33,1903.29,220,432.57,6095.47
100742,2026-03-01,11119.75,2446.34,100,555.99,8017.42
100743,2026-03-01,10860.5,2389.31,220,543.02,7708.17
100744,2026-03-01,11939.08,2626.6,220,596.95,8495.53
100745,2026-03-01,8925.0,1963.5,100,446.25,6415.25
100746,2026-03-01,16331.5,3592.93,220,816.58,11701.99
100748,2026-03-01,9053.83,1991.84,400,452.69,6209.3
100749,2026-03-01,9197.17,2023.38,220,459.86,6493.93
100750,2026-03-01,13177.08,2898.96,400,658.85,9219.27
100751,2026-03-01,14468.92,3183.16,220,723.45,10342.31
100752,2026-03-01,7437.33,1636.21,220,371.87,5209.25
100753,2026-03-01,11250.33,2475.07,220,562.52,7992.74
100754,2026-03-01,7245.08,1593.92,220,362.25,5068.91
100755,2026-03-01,7436.33,1635.99,220,371.82,5208.52
100756,2026-03-01,4201.33,924.29,100,210.07,2966.97
100757,2026-03-01,5020.08,1104.42,220,251.0,3444.66
100759,2026-03-01,16883.92,3714.46,100,844.2,12225.26
100760,2026-03-01,8010.67,1762.35,220,400.53,5627.79
100761,2026-03-01,5925.83,1303.68,220,296.29,4105.86
100762,2026-03-01,7348.0,1616.56,220,367.4,5144.04
100763,2026-03-01,11034.83,2427.66,220,551.74,7835.43
100764,2026-03-01,4983.58,1096.39,220,249.18,3418.01
100765,2026-03-01,9990.58,2197.93,220,499.53,7073.12
100766,2026-03-01,4319.58,950.31,220,215.98,2933.29
100767,2026-03-01,8991.25,1978.08,220,449.56,6343.61
100770,2026-03-01,11080.75,2437.76,220,554.04,7868.95
100771,2026-03-01,7603.42,1672.75,100,380.17,5450.5
100773,2026-03-01,9788.92,2153.56,220,489.45,6925.91
100774,2026-03-01,13467.67,2962.89,400,673.38,9431.4
100775,2026-03-01,9058.75,1992.92,100,452.94,6512.89
100776,2026-03-01,14529.5,3196.49,100,726.48,10506.53
100777,2026-03-01,15803.75,3476.82,400,790.19,11136.74
100778,2026-03-01,6657.92,1464.74,400,332.9,4460.28
100779,2026-03-01,6452.5,1419.55,100,322.62,4610.33
100780,2026-03-01,6190.0,1361.8,100,309.5,4418.7
100781,2026-03-01,7758.0,1706.76,220,387.9,5443.34
100782,2026-03-01,5203.25,1144.71,100,260.16,3698.38
100783,2026-03-01,12713.25,2796.92,100,635.66,9180.67
100784,2026-03-01,13463.08,2961.88,220,673.15,9608.05
100785,2026-03-01,8899.83,1957.96,400,444.99,6096.88
100787,2026-03-01,13926.67,3063.87,220,696.33,9946.47
100788,2026-03-01,5276.67,1160.87,100,263.83,3751.97
100790,2026-03-01,12559.25,2763.04,100,627.96,9068.25
100792,2026-03-01,9707.5,2135.65,220,485.38,6866.47
100793,2026-03-01,5283.42,1162.35,400,264.17,3456.9
100794,2026-03-01,7287.33,1603.21,100,364.37,5219.75
100795,2026-03-01,11195.67,2463.05,220,559.78,7952.84
100796,2026-03-01,20526.75,4515.88,220,1026.34,14764.53
100797,2026-03-01,8394.92,1846.88,100,419.75,6028.29
100798,2026-03-01,5146.75,1132.29,400,257.34,3357.12
100799,2026-03-01,8597.92,1891.54,220,429.9,6056.48
100800,2026-03-01,11407.17,2509.58,400,570.36,7927.23
100801,2026-03-01,10327.17,2271.98,220,516.36,7318.83
100802,2026-03-01,17266.33,3798.59,220,863.32,12384.42
100803,2026-03-01,5269.08,1159.2,400,263.45,3446.43
100804,2026-03-01,10477.5,2305.05,220,523.88,7428.57
100805,2026-03-01,11181.17,2459.86,100,559.06,8062.25
100806,2026-03-01,9597.83,2111.52,400,479.89,6606.42
100807,2026-03-01,19990.83,4397.98,100,999.54,14493.31
100808,2026-03-01,6293.58,1384.59,400,314.68,4194.31
100809,2026-03-01,4969.0,1093.18,220,248.45,3407.37
100810,2026-03-01,4560.25,1003.26,100,228.01,3228.98
100811,2026-03-01,5039.92,1108.78,100,252.0,3579.14
100812,2026-03-01,5777.17,1270.98,220,288.86,3997.33
100813,2026-03-01,14963.42,3291.95,400,748.17,10523.3
100814,2026-03-01,13885.0,3054.7,100,694.25,10036.05
100816,2026-03-01,5862.0,1289.64,100,293.1,4179.26
100817,2026-03-01,5971.75,1313.78,100,298.59,4259.38
100818,2026-03-01,9578.17,2107.2,100,478.91,6892.06
100819,2026-03-01,6487.75,1427.3,220,324.39,4516.06
100820,2026-03-01,5793.17,1274.5,400,289.66,3829.01
100821,2026-03-01,14931.75,3284.98,220,746.59,10680.18
100822,2026-03-01,19631.5,4318.93,400,981.58,13930.99
100823,2026-03-01,15915.33,3501.37,100,795.77,11518.19
100824,2026-03-01,11721.5,2578.73,220,586.08,8336.69
100826,2026-03-01,4511.58,992.55,400,225.58,2893.45
100827,2026-03-01,17691.5,3892.13,400,884.58,12514.79
100828,2026-03-01,12557.67,2762.69,220,627.88,8947.1
100829,2026-03-01,12984.17,2856.52,220,649.21,9258.44
100830,2026-03-01,5485.92,1206.9,100,274.3,3904.72
100831,2026-03-01,8226.92,1809.92,100,411.35,5905.65
100832,2026-03-01,8106.0,1783.32,220,405.3,5697.38
100833,2026-03-01,10461.58,2301.55,220,523.08,7416.95
100834,2026-03-01,23443.92,5157.66,220,1172.2,16894.06
100835,2026-03-01,11000.08,2420.02,220,550.0,7810.06
100836,2026-03-01,8670.92,1907.6,220,433.55,6109.77
100837,2026-03-01,6849.0,1506.78,100,342.45,4899.77
100838,2026-03-01,9104.83,2003.06,220,455.24,6426.53
100839,2026-03-01,8858.42,1948.85,100,442.92,6366.65
100840,2026-03-01,9332.58,2053.17,100,466.63,6712.78
100841,2026-03-01,4486.83,987.1,100,224.34,3175.39
100842,2026-03-01,4980.33,1095.67,220,249.02,3415.64
100843,2026-03-01,8650.5,1903.11,400,432.52,5914.87
100844,2026-03-01,9840.42,2164.89,100,492.02,7083.51
100845,2026-03-01,9789.75,2153.74,100,489.49,7046.52
100846,2026-03-01,17861.25,3929.48,220,893.06,12818.71
100847,2026-03-01,6401.25,1408.28,220,320.06,4452.91
100848,2026-03-01,20418.5,4492.07,220,1020.92,14685.51
100849,2026-03-01,25011.92,5502.62,400,1250.6,17858.7
100850,2026-03-01,7500.92,1650.2,220,375.05,5255.67
100851,2026-03-01,8696.25,1913.18,400,434.81,5948.26
100854,2026-03-01,8221.67,1808.77,220,411.08,5781.82
100855,2026-03-01,7236.75,1592.08,220,361.84,5062.83
100856,2026-03-01,21749.67,4784.93,220,1087.48,15657.26
100857,2026-03-01,10001.0,2200.22,220,500.05,7080.73
100858,2026-03-01,8604.42,1892.97,220,430.22,6061.23
100859,2026-03-01,6587.58,1449.27,220,329.38,4588.93
100860,2026-03-01,10856.83,2388.5,100,542.84,7825.49
100861,2026-03-01,11327.92,2492.14,100,566.4,8169.38
100862,2026-03-01,14705.58,3235.23,220,735.28,10515.07
100863,2026-03-01,5689.83,1251.76,220,284.49,3933.58
100865,2026-03-01,7942.75,1747.4,220,397.14,5578.21
100866,2026-03-01,17945.75,3948.06,220,897.29,12880.4
100867,2026-03-01,6879.83,1513.56,220,343.99,4802.28
100868,2026-03-01,9849.5,2166.89,100,492.48,7090.13
100870,2026-03-01,11011.5,2422.53,400,550.58,7638.39
100871,2026-03-01,7128.33,1568.23,100,356.42,5103.68
100872,2026-03-01,11006.58,2421.45,220,550.33,7814.8
100873,2026-03-01,8885.58,1954.83,220,444.28,6266.47
100874,2026-03-01,8688.5,1911.47,220,434.42,6122.61
100875,2026-03-01,21173.5,4658.17,100,1058.68,15356.65
100876,2026-03-01,8612.17,1894.68,100,430.61,6186.88
100877,2026-03-01,4180.17,919.64,100,209.01,2951.52
100878,2026-03-01,8374.0,1842.28,220,418.7,5893.02
100879,2026-03-01,5669.67,1247.33,400,283.48,3738.86
100880,2026-03-01,5082.08,1118.06,220,254.1,3489.92
100881,2026-03-01,21996.92,4839.32,100,1099.85,15957.75
100882,2026-03-01,3862.08,849.66,100,193.1,2719.32
100883,2026-03-01,6933.92,1525.46,100,346.7,4961.76
100884,2026-03-01,8663.17,1905.9,220,433.16,6104.11
100885,2026-03-01,10940.67,2406.95,400,547.03,7586.69
100886,2026-03-01,11352.17,2497.48,100,567.61,8187.08
100887,2026-03-01,6329.25,1392.44,220,316.46,4400.35
100888,2026-03-01,6398.92,1407.76,100,319.95,4571.21
100890,2026-03-01,3850.42,847.09,220,192.52,2590.81
100891,2026-03-01,4753.42,1045.75,220,237.67,3250.0
100892,2026-03-01,7152.17,1573.48,220,357.61,5001.08
100894,2026-03-01,6749.17,1484.82,220,337.46,4706.89
100895,2026-03-01,10766.42,2368.61,220,538.32,7639.49
100896,2026-03-01,16020.92,3524.6,220,801.05,11475.27
100897,2026-03-01,11544.58,2539.81,220,577.23,8207.54
100898,2026-03-01,16736.08,3681.94,220,836.8,11997.34
100899,2026-03-01,8440.08,1856.82,100,422.0,6061.26
100900,2026-03-01,14747.0,3244.34,100,737.35,10665.31
100901,2026-03-01,6601.33,1452.29,100,330.07,4718.97
100902,2026-03-01,11851.92,2607.42,100,592.6,8551.9
100903,2026-03-01,12694.67,2792.83,220,634.73,9047.11
100904,2026-03-01,7134.0,1569.48,100,356.7,5107.82
100905,2026-03-01,8577.0,1886.94,100,428.85,6161.21
100906,2026-03-01,9622.75,2117.0,100,481.14,6924.61
100907,2026-03-01,13296.25,2925.18,220,664.81,9486.26
100909,2026-03-01,9251.75,2035.38,220,462.59,6533.78
100910,2026-03-01,25475.67,5604.65,100,1273.78,18497.24
100912,2026-03-01,6799.58,1495.91,220,339.98,4743.69
100913,2026-03-01,14958.17,3290.8,100,747.91,10819.46
100914,2026-03-01,8534.08,1877.5,400,426.7,5829.88
100915,2026-03-01,15556.17,3422.36,220,777.81,11136.0
100916,2026-03-01,4813.67,1059.01,100,240.68,3413.98
100917,2026-03-01,7776.75,1710.88,100,388.84,5577.03
100918,2026-03-01,17157.33,3774.61,100,857.87,12424.85
100919,2026-03-01,5150.83,1133.18,220,257.54,3540.11
100920,2026-03-01,16717.17,3677.78,100,835.86,12103.53
100921,2026-03-01,9757.25,2146.59,100,487.86,7022.8
100922,2026-03-01,13666.0,3006.52,100,683.3,9876.18
100924,2026-03-01,10542.5,2319.35,100,527.12,7596.03
100925,2026-03-01,4405.67,969.25,400,220.28,2816.14
100926,2026-03-01,6448.83,1418.74,220,322.44,4487.65
100928,2026-03-01,10732.17,2361.08,220,536.61,7614.48
100929,2026-03-01,6252.67,1375.59,400,312.63,4164.45
100931,2026-03-01,8588.83,1889.54,100,429.44,6169.85
100932,2026-03-01,6410.83,1410.38,100,320.54,4579.91
100933,2026-03-01,15856.08,3488.34,220,792.8,11354.94
100935,2026-03-01,8888.92,1955.56,220,444.45,6268.91
100936,2026-03-01,8209.75,1806.14,100,410.49,5893.12
100937,2026-03-01,15566.5,3424.63,220,778.32,11143.55
100939,2026-03-01,7003.5,1540.77,400,350.18,4712.55
100940,2026-03-01,4080.33,897.67,220,204.02,2758.64
100941,2026-03-01,7552.17,1661.48,100,377.61,5413.08
100942,2026-03-01,8797.5,1935.45,220,439.88,6202.17
100943,2026-03-01,4155.67,914.25,220,207.78,2813.64
100944,2026-03-01,17253.42,3795.75,220,862.67,12375.0
100945,2026-03-01,6650.83,1463.18,100,332.54,4755.11
100946,2026-03-01,7651.92,1683.42,100,382.6,5485.9
100947,2026-03-01,8265.92,1818.5,400,413.3,5634.12
100948,2026-03-01,14396.67,3167.27,100,719.83,10409.57
100949,2026-03-01,6782.5,1492.15,220,339.12,4731.23
100950,2026-03-01,11159.0,2454.98,220,557.95,7926.07
100951,2026-03-01,13294.0,2924.68,220,664.7,9484.62
100952,2026-03-01,7744.83,1703.86,100,387.24,5553.73
100953,2026-03-01,9160.0,2015.2,400,458.0,6286.8
100954,2026-03-01,5594.25,1230.73,100,279.71,3983.81
100956,2026-03-01,13273.0,2920.06,100,663.65,9589.29
100957,2026-03-01,9986.0,2196.92,220,499.3,7069.78
100958,2026-03-01,16102.67,3542.59,220,805.13,11534.95
100961,2026-03-01,6563.17,1443.9,220,328.16,4571.11
100962,2026-03-01,13865.17,3050.34,100,693.26,10021.57
100963,2026-03-01,13269.08,2919.2,400,663.45,9286.43
100964,2026-03-01,10735.67,2361.85,400,536.78,7437.04
100965,2026-03-01,6858.5,1508.87,100,342.92,4906.71
100966,2026-03-01,5701.83,1254.4,400,285.09,3762.34
100967,2026-03-01,13673.25,3008.12,220,683.66,9761.47
100968,2026-03-01,4259.83,937.16,400,212.99,2709.68
100969,2026-03-01,6144.17,1351.72,220,307.21,4265.24
100970,2026-03-01,4480.0,985.6,220,224.0,3050.4
100971,2026-03-01,6533.42,1437.35,220,326.67,4549.4
100972,2026-03-01,4204.08,924.9,400,210.2,2668.98
100973,2026-03-01,8784.08,1932.5,220,439.2,6192.38
100974,2026-03-01,7229.0,1590.38,220,361.45,5057.17
100975,2026-03-01,19884.17,4374.52,100,994.21,14415.44
100976,2026-03-01,6895.25,1516.96,100,344.76,4933.53
100977,2026-03-01,5767.92,1268.94,220,288.4,3990.58
100978,2026-03-01,18280.5,4021.71,400,914.03,12944.76
100979,2026-03-01,12937.08,2846.16,220,646.85,9224.07
100980,2026-03-01,18368.42,4041.05,220,918.42,13188.95
100981,2026-03-01,9924.17,2183.32,100,496.21,7144.64
100982,2026-03-01,10201.33,2244.29,100,510.07,7346.97
100983,2026-03-01,7222.58,1588.97,100,361.13,5172.48
100984,2026-03-01,8969.83,1973.36,220,448.49,6327.98
100985,2026-03-01,10115.25,2225.36,100,505.76,7284.13
100986,2026-03-01,7371.0,1621.62,100,368.55,5280.83
100987,2026-03-01,6917.08,1521.76,220,345.85,4829.47
100988,2026-03-01,4721.83,1038.8,220,236.09,3226.94
100989,2026-03-01,14047.08,3090.36,400,702.35,9854.37
100990,2026-03-01,7295.67,1605.05,220,364.78,5105.84
100991,2026-03-01,6477.0,1424.94,100,323.85,4628.21
100992,2026-03-01,6004.17,1320.92,100,300.21,4283.04
100993,2026-03-01,17648.83,3882.74,100,882.44,12783.65
100994,2026-03-01,10340.17,2274.84,220,517.01,7328.32
100995,2026-03-01,4543.5,999.57,100,227.18,3216.75
100996,2026-03-01,12795.67,2815.05,220,639.78,9120.84
100997,2026-03-01,12612.75,2774.8,220,630.64,8987.31
100998,2026-03-01,15671.92,3447.82,220,783.6,11220.5
100999,2026-03-01,18234.58,4011.61,220,911.73,13091.24
100000,2026-04-01,8899.5,1957.89,100,444.98,6396.63
100001,2026-04-01,16103.42,3542.75,220,805.17,11535.5
100002,2026-04-01,4932.08,1085.06,100,246.6,3500.42
100004,2026-04-01,15829.08,3482.4,100,791.45,11455.23
100005,2026-04-01,4632.08,1019.06,400,231.6,2981.42
100007,2026-04-01,16969.25,3733.24,100,848.46,12287.55
100008,2026-04-01,9660.33,2125.27,220,483.02,6832.04
100009,2026-04-01,6579.5,1447.49,220,328.98,4583.03
100010,2026-04-01,8546.0,1880.12,220,427.3,6018.58
100012,2026-04-01,10167.67,2236.89,100,508.38,7322.4
100013,2026-04-01,12722.83,2799.02,220,636.14,9067.67
100014,2026-04-01,8671.17,1907.66,220,433.56,6109.95
100015,2026-04-01,5992.08,1318.26,400,299.6,3974.22
100016,2026-04-01,16928.17,3724.2,100,846.41,12257.56
100017,2026-04-01,13995.83,3079.08,220,699.79,9996.96
100018,2026-04-01,6987.17,1537.18,220,349.36,4880.63
100019,2026-04-01,12299.0,2705.78,400,614.95,8578.27
100020,2026-04-01,4957.67,1090.69,220,247.88,3399.1
100021,2026-04-01,6593.5,1450.57,220,329.68,4593.25
100022,2026-04-01,23988.0,5277.36,220,1199.4,17291.24
100023,2026-04-01,9772.17,2149.88,400,488.61,6733.68
100025,2026-04-01,10961.33,2411.49,100,548.07,7901.77
100026,2026-04-01,5038.42,1108.45,220,251.92,3458.05
100027,2026-04-01,8595.83,1891.08,220,429.79,6054.96
100028,2026-04-01,7179.67,1579.53,100,358.98,5141.16
100029,2026-04-01,7333.17,1613.3,220,366.66,5133.21
100030,2026-04-01,8885.25,1954.76,220,444.26,6266.23
100031,2026-04-01,8008.25,1761.82,100,400.41,5746.02
100032,2026-04-01,9388.5,2065.47,220,469.42,6633.61
100033,2026-04-01,9318.17,2050.0,220,465.91,6582.26
100034,2026-04-01,11762.58,2587.77,220,588.13,8366.68
100035,2026-04-01,6672.67,1467.99,100,333.63,4771.05
100036,2026-04-01,10000.5,2200.11,100,500.02,7200.37
100037,2026-04-01,11492.42,2528.33,400,574.62,7989.47
100038,2026-04-01,5576.42,1226.81,220,278.82,3850.79
100039,2026-04-01,4981.17,1095.86,220,249.06,3416.25
100040,2026-04-01,6985.75,1536.86,400,349.29,4699.6
100041,2026-04-01,8718.92,1918.16,220,435.95,6144.81
100042,2026-04-01,4917.33,1081.81,220,245.87,3369.65
100043,2026-04-01,8234.58,1811.61,100,411.73,5911.24
100044,2026-04-01,7352.42,1617.53,220,367.62,5147.27
100045,2026-04-01,9154.0,2013.88,100,457.7,6582.42
100046,2026-04-01,6176.92,1358.92,220,308.85,4289.15
100047,2026-04-01,13778.0,3031.16,100,688.9,9957.94
100048,2026-04-01,8945.17,1967.94,100,447.26,6429.97
100050,2026-04-01,10194.83,2242.86,220,509.74,7222.23
100052,2026-04-01,8685.25,1910.76,100,434.26,6240.23
100053,2026-04-01,4199.08,923.8,220,209.95,2845.33
100054,2026-04-01,4919.08,1082.2,100,245.95,3490.93
100056,2026-04-01,10823.25,2381.12,100,541.16,7800.97
100057,2026-04-01,16078.0,3537.16,220,803.9,11516.94
100058,2026-04-01,10143.83,2231.64,220,507.19,7185.0
100059,2026-04-01,13046.92,2870.32,220,652.35,9304.25
100060,2026-04-01,5395.5,1187.01,400,269.78,3538.71
100061,2026-04-01,6451.0,1419.22,100,322.55,4609.23
100062,2026-04-01,10849.17,2386.82,100,542.46,7819.89
100063,2026-04-01,8105.17,1783.14,100,405.26,5816.77
100064,2026-04-01,6505.33,1431.17,100,325.27,4648.89
100065,2026-04-01,11044.25,2429.74,400,552.21,7662.3
100066,2026-04-01,8444.33,1857.75,220,422.22,5944.36
100067,2026-04-01,25538.33,5618.43,100,1276.92,18542.98
100068,2026-04-01,8757.25,1926.6,400,437.86,5992.79
100069,2026-04-01,20360.5,4479.31,220,1018.03,14643.16
100070,2026-04-01,7408.75,1629.92,220,370.44,5188.39
100071,2026-04-01,7167.92,1576.94,220,358.4,5012.58
100072,2026-04-01,6289.83,1383.76,220,314.49,4371.58
100073,2026-04-01,4524.5,995.39,220,226.23,3082.88
100074,2026-04-01,19948.83,4388.74,100,997.44,14462.65
100075,2026-04-01,12721.25,2798.68,100,636.06,9186.51
100076,2026-04-01,14136.17,3109.96,100,706.81,10219.4
100077,2026-04-01,8664.75,1906.24,220,433.24,6105.27
100078,2026-04-01,11151.5,2453.33,100,557.58,8040.59
100079,2026-04-01,13593.58,2990.59,220,679.68,9703.31
100080,2026-04-01,11581.58,2547.95,400,579.08,8054.55
100081,2026-04-01,11668.75,2567.12,220,583.44,8298.19
100082,2026-04-01,10150.17,2233.04,220,507.51,7189.62
100083,2026-04-01,10814.0,2379.08,220,540.7,7674.22
100084,2026-04-01,8326.92,1831.92,400,416.35,5678.65
100085,2026-04-01,12884.58,2834.61,220,644.23,9185.74
100086,2026-04-01,5992.5,1318.35,220,299.62,4154.53
100087,2026-04-01,5234.5,1151.59,100,261.73,3721.18
100088,2026-04-01,6497.58,1429.47,400,324.88,4343.23
100089,2026-04-01,11531.25,2536.88,220,576.56,8197.81
100090,2026-04-01,9176.0,2018.72,220,458.8,6478.48
100092,2026-04-01,9222.67,2028.99,220,461.13,6512.55
100093,2026-04-01,11180.08,2459.62,220,559.0,7941.46
100094,2026-04-01,10107.08,2223.56,220,505.35,7158.17
100095,2026-04-01,6765.33,1488.37,220,338.27,4718.69
100096,2026-04-01,22393.67,4926.61,220,1119.68,16127.38
100097,2026-04-01,5235.75,1151.86,100,261.79,3722.1
100098,2026-04-01,5101.75,1122.38,220,255.09,3504.28
100099,2026-04-01,13963.08,3071.88,220,698.15,9973.05
100100,2026-04-01,6854.17,1507.92,220,342.71,4783.54
100101,2026-04-01,5979.17,1315.42,100,298.96,4264.79
100102,2026-04-01,16062.33,3533.71,220,803.12,11505.5
100103,2026-04-01,7349.0,1616.78,220,367.45,5144.77
100104,2026-04-01,7200.67,1584.15,220,360.03,5036.49
100105,2026-04-01,7837.17,1724.18,220,391.86,5501.13
100106,2026-04-01,9902.83,2178.62,220,495.14,7009.07
100107,2026-04-01,5886.25,1294.97,400,294.31,3896.97
100108,2026-04-01,13848.33,3046.63,220,692.42,9889.28
100109,2026-04-01,12550.5,2761.11,400,627.53,8761.86
100110,2026-04-01,11438.83,2516.54,220,571.94,8130.35
100111,2026-04-01,6157.75,1354.7,220,307.89,4275.16
100113,2026-04-01,5074.42,1116.37,220,253.72,3484.33
100114,2026-04-01,6009.92,1322.18,220,300.5,4167.24
100115,2026-04-01,7321.92,1610.82,100,366.1,5245.0
100116,2026-04-01,5456.42,1200.41,400,272.82,3583.19
100117,2026-04-01,11821.5,2600.73,400,591.08,8229.69
100118,2026-04-01,13132.58,2889.17,400,656.63,9186.78
100119,2026-04-01,10484.58,2306.61,400,524.23,7253.74
100120,2026-04-01,3980.75,875.76,400,199.04,2505.95
100121,2026-04-01,10017.58,2203.87,220,500.88,7092.83
100122,2026-04-01,7337.17,1614.18,400,366.86,4956.13
100123,2026-04-01,10168.17,2237.0,220,508.41,7202.76
100124,2026-04-01,12681.42,2789.91,100,634.07,9157.44
100125,2026-04-01,12312.0,2708.64,220,615.6,8767.76
100126,2026-04-01,6103.25,1342.72,220,305.16,4235.37
100127,2026-04-01,25056.33,5512.39,220,1252.82,18071.12
100128,2026-04-01,11398.67,2507.71,220,569.93,8101.03
100129,2026-04-01,16226.58,3569.85,220,811.33,11625.4
100130,2026-04-01,11019.5,2424.29,100,550.98,7944.23
100131,2026-04-01,12174.33,2678.35,400,608.72,8487.26
100132,2026-04-01,9063.42,1993.95,100,453.17,6516.3
100133,2026-04-01,8135.17,1789.74,220,406.76,5718.67
100134,2026-04-01,10023.08,2205.08,400,501.15,6916.85
100135,2026-04-01,5757.58,1266.67,220,287.88,3983.03
100136,2026-04-01,9849.58,2166.91,100,492.48,7090.19
100137,2026-04-01,6767.17,1488.78,220,338.36,4720.03
100139,2026-04-01,10264.75,2258.24,220,513.24,7273.27
100140,2026-04-01,11332.42,2493.13,100,566.62,8172.67
100141,2026-04-01,6532.5,1437.15,100,326.62,4668.73
100142,2026-04-01,6896.17,1517.16,220,344.81,4814.2
100143,2026-04-01,17332.17,3813.08,100,866.61,12552.48
100144,2026-04-01,11074.0,2436.28,220,553.7,7864.02
100145,2026-04-01,9843.58,2165.59,400,492.18,6785.81
100146,2026-04-01,12266.67,2698.67,220,613.33,8734.67
100147,2026-04-01,11216.33,2467.59,220,560.82,7967.92
100148,2026-04-01,4509.5,992.09,220,225.48,3071.93
100149,2026-04-01,6613.33,1454.93,400,330.67,4427.73
100150,2026-04-01,7561.0,1663.42,220,378.05,5299.53
100151,2026-04-01,13313.0,2928.86,220,665.65,9498.49
100152,2026-04-01,4046.25,890.18,400,202.31,2553.76
100153,2026-04-01,17340.0,3814.8,220,867.0,12438.2
100155,2026-04-01,26823.08,5901.08,220,1341.15,19360.85
100156,2026-04-01,4702.33,1034.51,100,235.12,3332.7
100157,2026-04-01,14589.75,3209.74,220,729.49,10430.52
100158,2026-04-01,5321.92,1170.82,220,266.1,3665.0
100159,2026-04-01,6524.08,1435.3,100,326.2,4662.58
100160,2026-04-01,4958.67,1090.91,220,247.93,3399.83
100161,2026-04-01,10863.58,2389.99,400,543.18,7530.41
100162,2026-04-01,5020.92,1104.6,100,251.05,3565.27
100163,2026-04-01,10608.58,2333.89,100,530.43,7644.26
100164,2026-04-01,7947.08,1748.36,100,397.35,5701.37
100165,2026-04-01,18284.5,4022.59,100,914.22,13247.69
100166,2026-04-01,6268.33,1379.03,400,313.42,4175.88
100167,2026-04-01,21124.0,4647.28,400,1056.2,15020.52
100168,2026-04-01,12043.5,2649.57,220,602.18,8571.75
100169,2026-04-01,13528.08,2976.18,100,676.4,9775.5
100170,2026-04-01,8905.83,1959.28,220,445.29,6281.26
100171,2026-04-01,11164.92,2456.28,220,558.25,7930.39
100172,2026-04-01,11747.42,2584.43,220,587.37,8355.62
100173,2026-04-01,10535.67,2317.85,400,526.78,7291.04
100174,2026-04-01,8357.17,1838.58,100,417.86,6000.73
100175,2026-04-01,7161.75,1575.58,220,358.09,5008.08
100176,2026-04-01,4910.08,1080.22,220,245.5,3364.36
100177,2026-04-01,16579.83,3647.56,100,828.99,12003.28
100178,2026-04-01,16795.42,3694.99,100,839.77,12160.66
100179,2026-04-01,8692.08,1912.26,220,434.6,6125.22
100180,2026-04-01,7585.92,1668.9,220,379.3,5317.72
100181,2026-04-01,10980.58,2415.73,100,549.03,7915.82
100182,2026-04-01,4699.92,1033.98,100,235.0,3330.94
100183,2026-04-01,4755.67,1046.25,220,237.78,3251.64
100184,2026-04-01,8606.25,1893.38,100,430.31,6182.56
100185,2026-04-01,10652.67,2343.59,220,532.63,7556.45
100186,2026-04-01,14556.75,3202.48,400,727.84,10226.43
100187,2026-04-01,10780.92,2371.8,220,539.05,7650.07
100188,2026-04-01,4895.0,1076.9,220,244.75,3353.35
100189,2026-04-01,12489.33,2747.65,220,624.47,8897.21
100190,2026-04-01,4756.33,1046.39,100,237.82,3372.12
100191,2026-04-01,6304.0,1386.88,220,315.2,4381.92
100192,2026-04-01,13187.25,2901.2,100,659.36,9526.69
100193,2026-04-01,8240.0,1812.8,100,412.0,5915.2
100194,2026-04-01,7210.08,1586.22,220,360.5,5043.36
100196,2026-04-01,8592.67,1890.39,400,429.63,5872.65
100197,2026-04-01,16144.92,3551.88,220,807.25,11565.79
100198,2026-04-01,4439.75,976.74,100,221.99,3141.02
100200,2026-04-01,8690.58,1911.93,400,434.53,5944.12
100201,2026-04-01,7944.5,1747.79,220,397.22,5579.49
100202,2026-04-01,6192.0,1362.24,220,309.6,4300.16
100203,2026-04-01,13205.08,2905.12,100,660.25,9539.71
100204,2026-04-01,8746.67,1924.27,220,437.33,6165.07
100205,2026-04-01,17523.17,3855.1,100,876.16,12691.91
100206,2026-04-01,13766.25,3028.58,100,688.31,9949.36
100207,2026-04-01,5338.08,1174.38,400,266.9,3496.8
100208,2026-04-01,9389.08,2065.6,220,469.45,6634.03
100209,2026-04-01,14069.58,3095.31,220,703.48,10050.79
100210,2026-04-01,11404.92,2509.08,220,570.25,8105.59
100212,2026-04-01,7643.17,1681.5,100,382.16,5479.51
100213,2026-04-01,6052.5,1331.55,220,302.62,4198.33
100214,2026-04-01,13609.33,2994.05,100,680.47,9834.81
100215,2026-04-01,10215.17,2247.34,400,510.76,7057.07
100216,2026-04-01,9099.83,2001.96,220,454.99,6422.88
100217,2026-04-01,5315.33,1169.37,220,265.77,3660.19
100218,2026-04-01,10203.0,2244.66,220,510.15,7228.19
100219,2026-04-01,5776.75,1270.88,400,288.84,3817.03
100220,2026-04-01,7108.25,1563.82,220,355.41,4969.02
100221,2026-04-01,6483.33,1426.33,220,324.17,4512.83
100223,2026-04-01,6632.75,1459.2,220,331.64,4621.91
100225,2026-04-01,4473.0,984.06,400,223.65,2865.29
100226,2026-04-01,23019.17,5064.22,220,1150.96,16583.99
100227,2026-04-01,24152.17,5313.48,220,1207.61,17411.08
100228,2026-04-01,5970.33,1313.47,400,298.52,3958.34
100229,2026-04-01,8179.92,1799.58,220,409.0,5751.34
100230,2026-04-01,9910.0,2180.2,220,495.5,7014.3
100231,2026-04-01,21769.75,4789.34,400,1088.49,15491.92
100232,2026-04-01,13595.08,2990.92,100,679.75,9824.41
100233,2026-04-01,7894.92,1736.88,400,394.75,5363.29
100234,2026-04-01,11272.25,2479.9,220,563.61,8008.74
100235,2026-04-01,10551.0,2321.22,100,527.55,7602.23
100236,2026-04-01,7002.25,1540.5,220,350.11,4891.64
100237,2026-04-01,16022.0,3524.84,100,801.1,11596.06
100238,2026-04-01,18362.5,4039.75,220,918.12,13184.63
100239,2026-04-01,5946.5,1308.23,220,297.32,4120.95
100240,2026-04-01,8789.92,1933.78,100,439.5,6316.64
100241,2026-04-01,11080.08,2437.62,220,554.0,7868.46
100242,2026-04-01,6312.67,1388.79,220,315.63,4388.25
100243,2026-04-01,17539.58,3858.71,400,876.98,12403.89
100245,2026-04-01,6419.0,1412.18,400,320.95,4285.87
100246,2026-04-01,5265.42,1158.39,220,263.27,3623.76
100247,2026-04-01,11704.75,2575.04,400,585.24,8144.47
100248,2026-04-01,13675.75,3008.66,220,683.79,9763.3
100249,2026-04-01,11638.17,2560.4,220,581.91,8275.86
100250,2026-04-01,6002.58,1320.57,220,300.13,4161.88
100251,2026-04-01,5004.08,1100.9,220,250.2,3432.98
100252,2026-04-01,6384.83,1404.66,220,319.24,4440.93
100253,2026-04-01,7373.42,1622.15,220,368.67,5162.6
100254,2026-04-01,12256.25,2696.38,400,612.81,8547.06
100255,2026-04-01,10500.25,2310.05,220,525.01,7445.19
100256,2026-04-01,5547.08,1220.36,220,277.35,3829.37
100257,2026-04-01,3986.33,876.99,400,199.32,2510.02
100259,2026-04-01,13528.75,2976.32,400,676.44,9475.99
100260,2026-04-01,7439.0,1636.58,220,371.95,5210.47
100261,2026-04-01,11460.83,2521.38,100,573.04,8266.41
100262,2026-04-01,5770.08,1269.42,100,288.5,4112.16
100263,2026-04-01,7043.33,1549.53,400,352.17,4741.63
100264,2026-04-01,10373.42,2282.15,100,518.67,7472.6
100265,2026-04-01,17731.0,3900.82,100,886.55,12843.63
100266,2026-04-01,20791.0,4574.02,400,1039.55,14777.43
100267,2026-04-01,20620.25,4536.46,220,1031.01,14832.78
100268,2026-04-01,9913.5,2180.97,220,495.68,7016.85
100269,2026-04-01,6356.92,1398.52,220,317.85,4420.55
100270,2026-04-01,6546.25,1440.18,100,327.31,4678.76
100271,2026-04-01,11630.0,2558.6,220,581.5,8269.9
100272,2026-04-01,4320.0,950.4,220,216.0,2933.6
100273,2026-04-01,21389.0,4705.58,220,1069.45,15393.97
100274,2026-04-01,11151.17,2453.26,220,557.56,7920.35
100275,2026-04-01,8111.5,1784.53,220,405.58,5701.39
100276,2026-04-01,5480.5,1205.71,100,274.03,3900.76
100277,2026-04-01,4956.75,1090.48,220,247.84,3398.43
100278,2026-04-01,5199.33,1143.85,400,259.97,3395.51
100280,2026-04-01,7472.58,1643.97,400,373.63,5054.98
100281,2026-04-01,7526.75,1655.88,220,376.34,5274.53
100282,2026-04-01,5124.08,1127.3,220,256.2,3520.58
100283,2026-04-01,20655.67,4544.25,220,1032.78,14858.64
100284,2026-04-01,11231.17,2470.86,100,561.56,8098.75
100285,2026-04-01,7455.67,1640.25,100,372.78,5342.64
100286,2026-04-01,11068.0,2434.96,100,553.4,7979.64
100287,2026-04-01,9159.33,2015.05,220,457.97,6466.31
100288,2026-04-01,6803.75,1496.82,220,340.19,4746.74
100289,2026-04-01,10975.92,2414.7,400,548.8,7612.42
100290,2026-04-01,9620.83,2116.58,100,481.04,6923.21
100291,2026-04-01,8393.83,1846.64,220,419.69,5907.5
100292,2026-04-01,11919.33,2622.25,220,595.97,8481.11
100293,2026-04-01,8077.42,1777.03,100,403.87,5796.52
100294,2026-04-01,11440.5,2516.91,220,572.02,8131.57
100295,2026-04-01,4996.58,1099.25,100,249.83,3547.5
100296,2026-04-01,15505.08,3411.12,400,775.25,10918.71
100299,2026-04-01,11574.33,2546.35,400,578.72,8049.26
100300,2026-04-01,8144.83,1791.86,220,407.24,5725.73
100301,2026-04-01,29062.33,6393.71,100,1453.12,21115.5
100302,2026-04-01,8154.33,1793.95,100,407.72,5852.66
100303,2026-04-01,13957.42,3070.63,400,697.87,9788.92
100304,2026-04-01,11188.83,2461.54,220,559.44,7947.85
100306,2026-04-01,8511.5,1872.53,100,425.58,6113.39
100307,2026-04-01,5702.0,1254.44,220,285.1,3942.46
100309,2026-04-01,11966.5,2632.63,400,598.33,8335.54
100310,2026-04-01,6077.17,1336.98,400,303.86,4036.33
100311,2026-04-01,5498.67,1209.71,220,274.93,3794.03
100312,2026-04-01,12416.92,2731.72,220,620.85,8844.35
100314,2026-04-01,8841.0,1945.02,400,442.05,6053.93
100315,2026-04-01,18278.92,4021.36,400,913.95,12943.61
100316,2026-04-01,14130.58,3108.73,400,706.53,9915.32
100317,2026-04-01,8053.0,1771.66,220,402.65,5658.69
100319,2026-04-01,8636.75,1900.08,100,431.84,6204.83
100320,2026-04-01,10529.75,2316.54,220,526.49,7466.72
100321,2026-04-01,16253.0,3575.66,100,812.65,11764.69
100323,2026-04-01,8481.5,1865.93,220,424.08,5971.49
100324,2026-04-01,9811.42,2158.51,100,490.57,7062.34
100325,2026-04-01,5254.75,1156.04,220,262.74,3615.97
100327,2026-04-01,5187.42,1141.23,100,259.37,3686.82
100328,2026-04-01,4243.25,933.52,400,212.16,2697.57
100330,2026-04-01,9002.75,1980.6,220,450.14,6352.01
100331,2026-04-01,20907.17,4599.58,220,1045.36,15042.23
100332,2026-04-01,13725.75,3019.66,220,686.29,9799.8
100333,2026-04-01,10978.42,2415.25,100,548.92,7914.25
100334,2026-04-01,11457.17,2520.58,220,572.86,8143.73
100335,2026-04-01,14439.17,3176.62,400,721.96,10140.59
100336,2026-04-01,12303.58,2706.79,220,615.18,8761.61
100337,2026-04-01,5271.67,1159.77,100,263.58,3748.32
100338,2026-04-01,6787.58,1493.27,100,339.38,4854.93
100339,2026-04-01,7586.33,1668.99,220,379.32,5318.02
100340,2026-04-01,7157.33,1574.61,400,357.87,4824.85
100341,2026-04-01,19426.17,4273.76,220,971.31,13961.1
100343,2026-04-01,5163.67,1136.01,220,258.18,3549.48
100344,2026-04-01,5050.0,1111.0,100,252.5,3586.5
100345,2026-04-01,10893.08,2396.48,220,544.65,7731.95
100346,2026-04-01,23758.17,5226.8,100,1187.91,17243.46
100347,2026-04-01,9084.42,1998.57,400,454.22,6231.63
100349,2026-04-01,17762.83,3907.82,220,888.14,12746.87
100350,2026-04-01,8507.33,1871.61,220,425.37,5990.35
100351,2026-04-01,5234.0,1151.48,220,261.7,3600.82
100352,2026-04-01,12432.58,2735.17,100,621.63,8975.78
100355,2026-04-01,14777.67,3251.09,100,738.88,10687.7
100356,2026-04-01,11626.0,2557.72,220,581.3,8266.98
100357,2026-04-01,16375.42,3602.59,100,818.77,11854.06
100358,2026-04-01,11653.58,2563.79,100,582.68,8407.11
100359,2026-04-01,6496.33,1429.19,400,324.82,4342.32
100361,2026-04-01,13898.25,3057.62,220,694.91,9925.72
100362,2026-04-01,11136.67,2450.07,100,556.83,8029.77
100363,2026-04-01,3607.17,793.58,100,180.36,2533.23
100364,2026-04-01,10892.0,2396.24,220,544.6,7731.16
100365,2026-04-01,5192.67,1142.39,100,259.63,3690.65
100366,2026-04-01,4436.92,976.12,220,221.85,3018.95
100367,2026-04-01,8827.92,1942.14,400,441.4,6044.38
100368,2026-04-01,11689.67,2571.73,400,584.48,8133.46
100369,2026-04-01,7922.67,1742.99,100,396.13,5683.55
100370,2026-04-01,6778.25,1491.22,220,338.91,4728.12
100371,2026-04-01,5177.75,1139.1,400,258.89,3379.76
100373,2026-04-01,12996.83,2859.3,400,649.84,9087.69
100374,2026-04-01,8992.08,1978.26,400,449.6,6164.22
100375,2026-04-01,15072.92,3316.04,220,753.65,10783.23
100376,2026-04-01,6398.08,1407.58,220,319.9,4450.6
100377,2026-04-01,8434.33,1855.55,220,421.72,5937.06
100378,2026-04-01,10846.25,2386.18,400,542.31,7517.76
100379,2026-04-01,12987.17,2857.18,400,649.36,9080.63
100380,2026-04-01,8112.83,1784.82,220,405.64,5702.37
100381,2026-04-01,7040.0,1548.8,220,352.0,4919.2
100382,2026-04-01,8354.58,1838.01,220,417.73,5878.84
100383,2026-04-01,16591.5,3650.13,100,829.58,12011.79
100384,2026-04-01,6949.0,1528.78,100,347.45,4972.77
100385,2026-04-01,11981.67,2635.97,220,599.08,8526.62
100386,2026-04-01,13255.83,2916.28,220,662.79,9456.76
100387,2026-04-01,20109.58,4424.11,400,1005.48,14279.99
100388,2026-04-01,5617.33,1235.81,100,280.87,4000.65
100389,2026-04-01,10758.33,2366.83,400,537.92,7453.58
100390,2026-04-01,20962.58,4611.77,400,1048.13,14902.68
100391,2026-04-01,15227.0,3349.94,100,761.35,11015.71
100392,2026-04-01,5940.33,1306.87,220,297.02,4116.44
100393,2026-04-01,5849.58,1286.91,400,292.48,3870.19
100394,2026-04-01,13042.25,2869.3,220,652.11,9300.84
100395,2026-04-01,8150.83,1793.18,220,407.54,5730.11
100396,2026-04-01,11162.17,2455.68,400,558.11,7748.38
100397,2026-04-01,6862.08,1509.66,400,343.1,4609.32
100398,2026-04-01,8733.83,1921.44,220,436.69,6155.7
100399,2026-04-01,15226.42,3349.81,220,761.32,10895.29
100400,2026-04-01,7277.92,1601.14,100,363.9,5212.88
100401,2026-04-01,12977.5,2855.05,100,648.88,9373.57
100402,2026-04-01,4423.25,973.12,220,221.16,3008.97
100403,2026-04-01,4309.0,947.98,100,215.45,3045.57
100405,2026-04-01,17147.75,3772.5,220,857.39,12297.86
100406,2026-04-01,7841.08,1725.04,400,392.05,5323.99
100407,2026-04-01,12459.25,2741.04,100,622.96,8995.25
100408,2026-04-01,8897.67,1957.49,220,444.88,6275.3
100409,2026-04-01,14270.67,3139.55,400,713.53,10017.59
100410,2026-04-01,9258.0,2036.76,100,462.9,6658.34
100411,2026-04-01,3506.42,771.41,400,175.32,2159.69
100412,2026-04-01,12214.25,2687.14,220,610.71,8696.4
100413,2026-04-01,16671.0,3667.62,220,833.55,11949.83
100414,2026-04-01,4756.75,1046.48,220,237.84,3252.43
100415,2026-04-01,12714.75,2797.24,220,635.74,9061.77
100416,2026-04-01,9373.33,2062.13,100,468.67,6742.53
100417,2026-04-01,27332.58,6013.17,400,1366.63,19552.78
100418,2026-04-01,4058.42,892.85,400,202.92,2562.65
100419,2026-04-01,8402.08,1848.46,220,420.1,5913.52
100420,2026-04-01,19956.08,4390.34,220,997.8,14347.94
100421,2026-04-01,5607.33,1233.61,220,280.37,3873.35
100422,2026-04-01,6841.33,1505.09,220,342.07,4774.17
100423,2026-04-01,6780.25,1491.66,220,339.01,4729.58
100424,2026-04-01,14695.17,3232.94,220,734.76,10507.47
100425,2026-04-01,12519.75,2754.34,220,625.99,8919.42
100426,2026-04-01,5431.17,1194.86,100,271.56,3864.75
100427,2026-04-01,7855.42,1728.19,100,392.77,5634.46
100428,2026-04-01,14224.0,3129.28,220,711.2,10163.52
100429,2026-04-01,7357.0,1618.54,220,367.85,5150.61
100430,2026-04-01,11063.17,2433.9,100,553.16,7976.11
100432,2026-04-01,7662.83,1685.82,220,383.14,5373.87
100433,2026-04-01,4644.92,1021.88,220,232.25,3170.79
100434,2026-04-01,5079.0,1117.38,220,253.95,3487.67
100435,2026-04-01,10838.42,2384.45,400,541.92,7512.05
100436,2026-04-01,14749.08,3244.8,220,737.45,10546.83
100437,2026-04-01,10379.92,2283.58,220,519.0,7357.34
100438,2026-04-01,11151.58,2453.35,400,557.58,7740.65
100439,2026-04-01,6217.83,1367.92,220,310.89,4319.02
100440,2026-04-01,10636.08,2339.94,100,531.8,7664.34
100441,2026-04-01,14683.75,3230.42,220,734.19,10499.14
100442,2026-04-01,14477.92,3185.14,220,723.9,10348.88
100443,2026-04-01,4308.17,947.8,100,215.41,3044.96
100444,2026-04-01,4810.42,1058.29,100,240.52,3411.61
100446,2026-04-01,14090.75,3099.96,400,704.54,9886.25
100447,2026-04-01,5888.92,1295.56,220,294.45,4078.91
100449,2026-04-01,8381.17,1843.86,100,419.06,6018.25
100451,2026-04-01,8442.33,1857.31,100,422.12,6062.9
100452,2026-04-01,5468.25,1203.02,100,273.41,3891.82
100453,2026-04-01,11368.0,2500.96,220,568.4,8078.64
100454,2026-04-01,14508.5,3191.87,220,725.42,10371.21
100455,2026-04-01,10859.92,2389.18,220,543.0,7707.74
100456,2026-04-01,7707.92,1695.74,100,385.4,5526.78
100457,2026-04-01,13065.58,2874.43,220,653.28,9317.87
100458,2026-04-01,7115.17,1565.34,400,355.76,4794.07
100459,2026-04-01,12355.33,2718.17,100,617.77,8919.39
100460,2026-04-01,3830.25,842.66,400,191.51,2396.08
100461,2026-04-01,6496.42,1429.21,220,324.82,4522.39
100462,2026-04-01,13492.25,2968.3,220,674.61,9629.34
100463,2026-04-01,13483.67,2966.41,220,674.18,9623.08
100464,2026-04-01,12596.17,2771.16,220,629.81,8975.2
100465,2026-04-01,13684.0,3010.48,100,684.2,9889.32
100466,2026-04-01,4591.33,1010.09,400,229.57,2951.67
100467,2026-04-01,12456.42,2740.41,220,622.82,8873.19
100468,2026-04-01,11018.58,2424.09,220,550.93,7823.56
100469,2026-04-01,10934.0,2405.48,220,546.7,7761.82
100470,2026-04-01,17479.25,3845.44,220,873.96,12539.85
100471,2026-04-01,6727.5,1480.05,220,336.38,4691.07
100472,2026-04-01,7164.92,1576.28,220,358.25,5010.39
100473,2026-04-01,4384.67,964.63,100,219.23,3100.81
100474,2026-04-01,10153.5,2233.77,220,507.68,7192.05
100475,2026-04-01,7196.33,1583.19,400,359.82,4853.32
100476,2026-04-01,10264.25,2258.14,100,513.21,7392.9
100477,2026-04-01,14009.17,3082.02,400,700.46,9826.69
100478,2026-04-01,6631.67,1458.97,100,331.58,4741.12
100479,2026-04-01,8254.5,1815.99,400,412.72,5625.79
100481,2026-04-01,11529.92,2536.58,400,576.5,8016.84
100482,2026-04-01,8347.92,1836.54,400,417.4,5693.98
100483,2026-04-01,8939.92,1966.78,400,447.0,6126.14
100484,2026-04-01,20779.83,4571.56,220,1038.99,14949.28
100485,2026-04-01,28684.75,6310.64,220,1434.24,20719.87
100486,2026-04-01,10706.33,2355.39,100,535.32,7715.62
100487,2026-04-01,4289.0,943.58,220,214.45,2910.97
100488,2026-04-01,6953.92,1529.86,100,347.7,4976.36
100489,2026-04-01,8826.5,1941.83,220,441.33,6223.34
100490,2026-04-01,6560.92,1443.4,220,328.05,4569.47
100492,2026-04-01,19691.83,4332.2,100,984.59,14275.04
100493,2026-04-01,4226.92,929.92,400,211.35,2685.65
100494,2026-04-01,6022.33,1324.91,100,301.12,4296.3
100495,2026-04-01,10684.67,2350.63,220,534.23,7579.81
100496,2026-04-01,9850.67,2167.15,220,492.53,6970.99
100497,2026-04-01,13617.25,2995.8,220,680.86,9720.59
100498,2026-04-01,9164.75,2016.24,100,458.24,6590.27
100499,2026-04-01,12478.5,2745.27,220,623.93,8889.3
100500,2026-04-01,18581.5,4087.93,100,929.08,13464.49
100501,2026-04-01,13886.25,3054.98,100,694.31,10036.96
100502,2026-04-01,9253.33,2035.73,220,462.67,6534.93
100503,2026-04-01,10922.33,2402.91,100,546.12,7873.3
100505,2026-04-01,11978.83,2635.34,100,598.94,8644.55
100506,2026-04-01,10044.08,2209.7,100,502.2,7232.18
100507,2026-04-01,5823.83,1281.24,400,291.19,3851.4
100508,2026-04-01,5068.42,1115.05,100,253.42,3599.95
100509,2026-04-01,11440.25,2516.86,220,572.01,8131.38
100510,2026-04-01,16573.0,3646.06,100,828.65,11998.29
100511,2026-04-01,9173.25,2018.12,220,458.66,6476.47
100513,2026-04-01,17116.25,3765.58,100,855.81,12394.86
100514,2026-04-01,15629.5,3438.49,100,781.48,11309.53
100515,2026-04-01,8768.33,1929.03,400,438.42,6000.88
100516,2026-04-01,14277.58,3141.07,100,713.88,10322.63
100517,2026-04-01,8276.42,1820.81,220,413.82,5821.79
100518,2026-04-01,16904.5,3718.99,100,845.22,12240.29
100519,2026-04-01,4446.17,978.16,220,222.31,3025.7
100520,2026-04-01,20637.25,4540.2,100,1031.86,14965.19
100521,2026-04-01,11191.92,2462.22,400,559.6,7770.1
100522,2026-04-01,8961.42,1971.51,220,448.07,6321.84
100523,2026-04-01,3862.83,849.82,220,193.14,2599.87
100524,2026-04-01,11037.42,2428.23,100,551.87,7957.32
100525,2026-04-01,16017.17,3523.78,400,800.86,11292.53
100526,2026-04-01,11245.83,2474.08,100,562.29,8109.46
100527,2026-04-01,9289.08,2043.6,220,464.45,6561.03
100528,2026-04-01,7614.67,1675.23,400,380.73,5158.71
100529,2026-04-01,10211.17,2246.46,220,510.56,7234.15
100530,2026-04-01,6279.75,1381.54,100,313.99,4484.22
100531,2026-04-01,6122.75,1347.0,220,306.14,4249.61
100532,2026-04-01,6578.58,1447.29,220,328.93,4582.36
100533,2026-04-01,10490.58,2307.93,100,524.53,7558.12
100534,2026-04-01,15918.75,3502.12,400,795.94,11220.69
100535,2026-04-01,12673.25,2788.12,100,633.66,9151.47
100536,2026-04-01,7012.5,1542.75,400,350.62,4719.13
100537,2026-04-01,6891.92,1516.22,220,344.6,4811.1
100538,2026-04-01,5365.33,1180.37,400,268.27,3516.69
100539,2026-04-01,12686.33,2790.99,400,634.32,8861.02
100540,2026-04-01,5360.08,1179.22,220,268.0,3692.86
100541,2026-04-01,6640.92,1461.0,220,332.05,4627.87
100542,2026-04-01,22461.92,4941.62,400,1123.1,15997.2
100543,2026-04-01,12458.75,2740.92,100,622.94,8994.89
100544,2026-04-01,10893.5,2396.57,400,544.68,7552.25
100546,2026-04-01,6945.33,1527.97,220,347.27,4850.09
100547,2026-04-01,8880.83,1953.78,400,444.04,6083.01
100548,2026-04-01,6947.83,1528.52,100,347.39,4971.92
100549,2026-04-01,8431.08,1854.84,220,421.55,5934.69
100550,2026-04-01,21502.0,4730.44,220,1075.1,15476.46
100551,2026-04-01,8980.83,1975.78,220,449.04,6336.01
100552,2026-04-01,9815.83,2159.48,100,490.79,7065.56
100553,2026-04-01,4820.58,1060.53,220,241.03,3299.02
100554,2026-04-01,11103.58,2442.79,220,555.18,7885.61
100555,2026-04-01,7197.17,1583.38,220,359.86,5033.93
100556,2026-04-01,13476.83,2964.9,400,673.84,9438.09
100557,2026-04-01,9161.25,2015.48,220,458.06,6467.71
100558,2026-04-01,12399.0,2727.78,220,619.95,8831.27
100559,2026-04-01,7176.0,1578.72,220,358.8,5018.48
100560,2026-04-01,6520.92,1434.6,220,326.05,4540.27
100561,2026-04-01,6776.5,1490.83,220,338.83,4726.84
100562,2026-04-01,6536.83,1438.1,220,326.84,4551.89
100563,2026-04-01,15727.17,3459.98,220,786.36,11260.83
100564,2026-04-01,14239.92,3132.78,220,712.0,10175.14
100565,2026-04-01,3599.08,791.8,400,179.95,2227.33
100566,2026-04-01,3663.83,806.04,220,183.19,2454.6
100567,2026-04-01,5772.33,1269.91,100,288.62,4113.8
100568,2026-04-01,20357.83,4478.72,220,1017.89,14641.22
100569,2026-04-01,10861.0,2389.42,220,543.05,7708.53
100570,2026-04-01,6146.42,1352.21,100,307.32,4386.89
100571,2026-04-01,6873.5,1512.17,400,343.68,4617.65
100572,2026-04-01,11519.75,2534.34,220,575.99,8189.42
100573,2026-04-01,11343.83,2495.64,100,567.19,8181.0
100574,2026-04-01,6740.92,1483.0,220,337.05,4700.87
100575,2026-04-01,6411.0,1410.42,220,320.55,4460.03
100576,2026-04-01,15351.5,3377.33,220,767.58,10986.59
100577,2026-04-01,11233.33,2471.33,400,561.67,7800.33
100580,2026-04-01,20947.67,4608.49,220,1047.38,15071.8
100581,2026-04-01,7575.67,1666.65,220,378.78,5310.24
100582,2026-04-01,10017.0,2203.74,220,500.85,7092.41
100585,2026-04-01,5030.25,1106.66,220,251.51,3452.08
100586,2026-04-01,5055.08,1112.12,400,252.75,3290.21
100587,2026-04-01,14491.25,3188.08,100,724.56,10478.61
100588,2026-04-01,10690.75,2351.96,220,534.54,7584.25
100589,2026-04-01,5384.5,1184.59,100,269.23,3830.68
100591,2026-04-01,7434.42,1635.57,220,371.72,5207.13
100592,2026-04-01,8151.25,1793.28,100,407.56,5850.41
100593,2026-04-01,11613.33,2554.93,220,580.67,8257.73
100594,2026-04-01,6669.5,1467.29,400,333.48,4468.73
100595,2026-04-01,6877.08,1512.96,220,343.85,4800.27
100596,2026-04-01,7088.83,1559.54,400,354.44,4774.85
100597,2026-04-01,8984.83,1976.66,100,449.24,6458.93
100598,2026-04-01,11475.08,2524.52,220,573.75,8156.81
100600,2026-04-01,11124.67,2447.43,100,556.23,8021.01
100601,2026-04-01,8345.67,1836.05,220,417.28,5872.34
100602,2026-04-01,4993.08,1098.48,220,249.65,3424.95
100604,2026-04-01,16132.33,3549.11,100,806.62,11676.6
100605,2026-04-01,13864.5,3050.19,220,693.22,9901.09
100606,2026-04-01,10420.58,2292.53,220,521.03,7387.02
100607,2026-04-01,8754.83,1926.06,220,437.74,6171.03
100608,2026-04-01,8274.33,1820.35,400,413.72,5640.26
100609,2026-04-01,11928.17,2624.2,400,596.41,8307.56
100610,2026-04-01,13748.08,3024.58,220,687.4,9816.1
100611,2026-04-01,5648.17,1242.6,100,282.41,4023.16
100612,2026-04-01,8544.5,1879.79,100,427.22,6137.49
100613,2026-04-01,10665.92,2346.5,220,533.3,7566.12
100614,2026-04-01,9664.92,2126.28,100,483.25,6955.39
100615,2026-04-01,9170.75,2017.56,220,458.54,6474.65
100616,2026-04-01,10311.33,2268.49,220,515.57,7307.27
100617,2026-04-01,5128.92,1128.36,220,256.45,3524.11
100618,2026-04-01,8686.58,1911.05,100,434.33,6241.2
100620,2026-04-01,6960.25,1531.26,220,348.01,4860.98
100621,2026-04-01,13126.0,2887.72,220,656.3,9361.98
100622,2026-04-01,5248.0,1154.56,100,262.4,3731.04
100623,2026-04-01,6746.83,1484.3,400,337.34,4525.19
100624,2026-04-01,9089.92,1999.78,400,454.5,6235.64
100625,2026-04-01,4488.75,987.52,400,224.44,2876.79
100627,2026-04-01,8187.42,1801.23,220,409.37,5756.82
100628,2026-04-01,6356.5,1398.43,100,317.83,4540.24
100629,2026-04-01,21520.08,4734.42,220,1076.0,15489.66
100631,2026-04-01,4568.0,1004.96,100,228.4,3234.64
100632,2026-04-01,5340.5,1174.91,220,267.03,3678.56
100633,2026-04-01,8644.92,1901.88,220,432.25,6090.79
100634,2026-04-01,7824.08,1721.3,220,391.2,5491.58
100635,2026-04-01,7029.0,1546.38,400,351.45,4731.17
100636,2026-04-01,13379.75,2943.54,220,668.99,9547.22
100637,2026-04-01,5713.58,1256.99,100,285.68,4070.91
100638,2026-04-01,14170.42,3117.49,220,708.52,10124.41
100639,2026-04-01,10488.17,2307.4,220,524.41,7436.36
100640,2026-04-01,5208.25,1145.82,220,260.41,3582.02
100641,2026-04-01,10632.17,2339.08,100,531.61,7661.48
100642,2026-04-01,6872.0,1511.84,220,343.6,4796.56
100643,2026-04-01,9529.83,2096.56,100,476.49,6856.78
100644,2026-04-01,4547.58,1000.47,220,227.38,3099.73
100645,2026-04-01,4944.42,1087.77,400,247.22,3209.43
100646,2026-04-01,10601.58,2332.35,100,530.08,7639.15
100647,2026-04-01,5897.83,1297.52,220,294.89,4085.42
100648,2026-04-01,15638.33,3440.43,220,781.92,11195.98
100649,2026-04-01,7176.92,1578.92,220,358.85,5019.15
100650,2026-04-01,8038.0,1768.36,100,401.9,5767.74
100651,2026-04-01,13656.25,3004.38,220,682.81,9749.06
100652,2026-04-01,6768.83,1489.14,100,338.44,4841.25
100653,2026-04-01,6470.58,1423.53,220,323.53,4503.52
100654,2026-04-01,7104.83,1563.06,100,355.24,5086.53
100655,2026-04-01,5707.58,1255.67,400,285.38,3766.53
100656,2026-04-01,6891.75,1516.18,220,344.59,4810.98
100658,2026-04-01,20375.42,4482.59,220,1018.77,14654.06
100659,2026-04-01,5337.17,1174.18,100,266.86,3796.13
100660,2026-04-01,8206.08,1805.34,100,410.3,5890.44
100661,2026-04-01,5220.58,1148.53,100,261.03,3711.02
100662,2026-04-01,5644.17,1241.72,100,282.21,4020.24
100663,2026-04-01,6221.33,1368.69,100,311.07,4441.57
100664,2026-04-01,13369.25,2941.24,220,668.46,9539.55
100665,2026-04-01,9753.0,2145.66,220,487.65,6899.69
100666,2026-04-01,18746.92,4124.32,100,937.35,13585.25
100667,2026-04-01,5775.83,1270.68,400,288.79,3816.36
100668,2026-04-01,7179.42,1579.47,100,358.97,5140.98
100669,2026-04-01,28922.42,6362.93,100,1446.12,21013.37
100670,2026-04-01,10825.25,2381.55,400,541.26,7502.44
100671,2026-04-01,7531.33,1656.89,220,376.57,5277.87
100672,2026-04-01,5367.83,1180.92,220,268.39,3698.52
100673,2026-04-01,11253.5,2475.77,100,562.68,8115.05
100674,2026-04-01,9355.92,2058.3,220,467.8,6609.82
100675,2026-04-01,12761.92,2807.62,100,638.1,9216.2
100676,2026-04-01,6313.75,1389.02,100,315.69,4509.04
100677,2026-04-01,11620.67,2556.55,100,581.03,8383.09
100678,2026-04-01,5204.25,1144.94,100,260.21,3699.1
100679,2026-04-01,10213.08,2246.88,100,510.65,7355.55
100680,2026-04-01,11180.75,2459.76,220,559.04,7941.95
100681,2026-04-01,9703.75,2134.82,220,485.19,6863.74
100682,2026-04-01,3602.92,792.64,220,180.15,2410.13
100683,2026-04-01,7046.42,1550.21,100,352.32,5043.89
100684,2026-04-01,17792.75,3914.4,100,889.64,12888.71
100685,2026-04-01,13279.75,2921.54,220,663.99,9474.22
100686,2026-04-01,9438.25,2076.42,400,471.91,6489.92
100687,2026-04-01,5687.58,1251.27,100,284.38,4051.93
100688,2026-04-01,9888.0,2175.36,100,494.4,7118.24
100689,2026-04-01,5875.67,1292.65,400,293.78,3889.24
100690,2026-04-01,12601.5,2772.33,100,630.08,9099.09
100691,2026-04-01,8565.67,1884.45,100,428.28,6152.94
100693,2026-04-01,8470.83,1863.58,400,423.54,5783.71
100694,2026-04-01,10056.92,2212.52,220,502.85,7121.55
100695,2026-04-01,7843.33,1725.53,220,392.17,5505.63
100696,2026-04-01,11659.92,2565.18,220,583.0,8291.74
100697,2026-04-01,7466.67,1642.67,100,373.33,5350.67
100698,2026-04-01,16630.42,3658.69,100,831.52,12040.21
100699,2026-04-01,6531.58,1436.95,400,326.58,4368.05
100700,2026-04-01,6726.0,1479.72,400,336.3,4509.98
100701,2026-04-01,5580.75,1227.77,100,279.04,3973.94
100702,2026-04-01,10998.75,2419.72,100,549.94,7929.09
100703,2026-04-01,8462.17,1861.68,220,423.11,5957.38
100704,2026-04-01,8618.83,1896.14,100,430.94,6191.75
100705,2026-04-01,7441.83,1637.2,400,372.09,5032.54
100706,2026-04-01,13606.17,2993.36,220,680.31,9712.5
100707,2026-04-01,4639.42,1020.67,220,231.97,3166.78
100708,2026-04-01,9834.75,2163.64,220,491.74,6959.37
100711,2026-04-01,5041.42,1109.11,220,252.07,3460.24
100712,2026-04-01,5720.5,1258.51,220,286.03,3955.96
100713,2026-04-01,7750.17,1705.04,220,387.51,5437.62
100714,2026-04-01,7414.33,1631.15,220,370.72,5192.46
100715,2026-04-01,16412.08,3610.66,220,820.6,11760.82
100716,2026-04-01,5353.5,1177.77,220,267.68,3688.05
100717,2026-04-01,11165.58,2456.43,100,558.28,8050.87
100718,2026-04-01,3943.25,867.52,220,197.16,2658.57
100719,2026-04-01,5856.5,1288.43,220,292.82,4055.25
100721,2026-04-01,9738.5,2142.47,220,486.92,6889.11
100722,2026-04-01,7182.75,1580.2,400,359.14,4843.41
100723,2026-04-01,18221.0,4008.62,220,911.05,13081.33
100724,2026-04-01,7001.67,1540.37,400,350.08,4711.22
100725,2026-04-01,9131.42,2008.91,220,456.57,6445.94
100726,2026-04-01,4780.83,1051.78,220,239.04,3270.01
100727,2026-04-01,3792.67,834.39,220,189.63,2548.65
100728,2026-04-01,4912.42,1080.73,400,245.62,3186.07
100729,2026-04-01,8014.67,1763.23,400,400.73,5450.71
100730,2026-04-01,14577.0,3206.94,100,728.85,10541.21
100731,2026-04-01,6607.92,1453.74,100,330.4,4723.78
100732,2026-04-01,6723.08,1479.08,220,336.15,4687.85
100733,2026-04-01,15328.33,3372.23,100,766.42,11089.68
100734,2026-04-01,19318.33,4250.03,100,965.92,14002.38
100735,2026-04-01,10479.42,2305.47,100,523.97,7549.98
100736,2026-04-01,8193.33,1802.53,100,409.67,5881.13
100737,2026-04-01,29064.42,6394.17,220,1453.22,20997.03
100738,2026-04-01,8994.25,1978.74,400,449.71,6165.8
100739,2026-04-01,11437.58,2516.27,220,571.88,8129.43
100740,2026-04-01,18681.0,4109.82,220,934.05,13417.13
100741,2026-04-01,8336.33,1833.99,220,416.82,5865.52
100742,2026-04-01,11163.75,2456.02,100,558.19,8049.54
100743,2026-04-01,11260.5,2477.31,220,563.02,8000.17
100744,2026-04-01,11991.08,2638.04,220,599.55,8533.49
100745,2026-04-01,9098.0,2001.56,100,454.9,6541.54
100746,2026-04-01,16435.5,3615.81,220,821.78,11777.91
100748,2026-04-01,8927.83,1964.12,400,446.39,6117.32
100749,2026-04-01,8820.17,1940.44,220,441.01,6218.72
100750,2026-04-01,12876.08,2832.74,400,643.8,8999.54
100751,2026-04-01,14481.92,3186.02,220,724.1,10351.8
100752,2026-04-01,7826.33,1721.79,220,391.32,5493.22
100753,2026-04-01,11266.33,2478.59,220,563.32,8004.42
100754,2026-04-01,7124.08,1567.3,220,356.2,4980.58
100755,2026-04-01,7429.33,1634.45,220,371.47,5203.41
100756,2026-04-01,4501.33,990.29,100,225.07,3185.97
100757,2026-04-01,5382.08,1184.06,220,269.1,3708.92
100759,2026-04-01,16638.92,3660.56,100,831.95,12046.41
100760,2026-04-01,7873.67,1732.21,220,393.68,5527.78
100761,2026-04-01,5690.83,1251.98,220,284.54,3934.31
100762,2026-04-01,7608.0,1673.76,220,380.4,5333.84
100763,2026-04-01,10905.83,2399.28,220,545.29,7741.26
100764,2026-04-01,5138.58,1130.49,220,256.93,3531.16
100765,2026-04-01,10352.58,2277.57,220,517.63,7337.38
100766,2026-04-01,4673.58,1028.19,220,233.68,3191.71
100767,2026-04-01,8653.25,1903.72,220,432.66,6096.87
100770,2026-04-01,10566.75,2324.68,220,528.34,7493.73
100771,2026-04-01,7604.42,1672.97,100,380.22,5451.23
100773,2026-04-01,9778.92,2151.36,220,488.95,6918.61
100774,2026-04-01,13146.67,2892.27,400,657.33,9197.07
100775,2026-04-01,8864.75,1950.24,100,443.24,6371.27
100776,2026-04-01,14468.5,3183.07,100,723.42,10462.01
100777,2026-04-01,16031.75,3526.98,400,801.59,11303.18
100778,2026-04-01,6616.92,1455.72,400,330.85,4430.35
100779,2026-04-01,6640.5,1460.91,100,332.02,4747.57
100780,2026-04-01,6401.0,1408.22,100,320.05,4572.73
100781,2026-04-01,7739.0,1702.58,220,386.95,5429.47
100782,2026-04-01,5381.25,1183.88,100,269.06,3828.31
100783,2026-04-01,12490.25,2747.86,100,624.51,9017.88
100784,2026-04-01,13380.08,2943.62,220,669.0,9547.46
100785,2026-04-01,8722.83,1919.02,400,436.14,5967.67
100787,2026-04-01,13944.67,3067.83,220,697.23,9959.61
100788,2026-04-01,5564.67,1224.23,100,278.23,3962.21
100790,2026-04-01,12640.25,2780.86,100,632.01,9127.38
100792,2026-04-01,9353.5,2057.77,220,467.68,6608.05
100793,2026-04-01,5406.42,1189.41,400,270.32,3546.69
100794,2026-04-01,6847.33,1506.41,100,342.37,4898.55
100795,2026-04-01,11331.67,2492.97,220,566.58,8052.12
100796,2026-04-01,20750.75,4565.16,220,1037.54,14928.05
100797,2026-04-01,8725.92,1919.7,100,436.3,6269.92
100798,2026-04-01,5124.75,1127.44,400,256.24,3341.07
100799,2026-04-01,8701.92,1914.42,220,435.1,6132.4
100800,2026-04-01,11621.17,2556.66,400,581.06,8083.45
100801,2026-04-01,10471.17,2303.66,220,523.56,7423.95
100802,2026-04-01,17068.33,3755.03,220,853.42,12239.88
100803,2026-04-01,5235.08,1151.72,400,261.75,3421.61
100804,2026-04-01,10747.5,2364.45,220,537.38,7625.67
100805,2026-04-01,11529.17,2536.42,100,576.46,8316.29
100806,2026-04-01,9380.83,2063.78,400,469.04,6448.01
100807,2026-04-01,19806.83,4357.5,100,990.34,14358.99
100808,2026-04-01,6529.58,1436.51,400,326.48,4366.59
100809,2026-04-01,4967.0,1092.74,220,248.35,3405.91
100810,2026-04-01,4234.25,931.54,100,211.71,2991.0
100811,2026-04-01,4713.92,1037.06,100,235.7,3341.16
100812,2026-04-01,5786.17,1272.96,220,289.31,4003.9
100813,2026-04-01,15192.42,3342.33,400,759.62,10690.47
100814,2026-04-01,13828.0,3042.16,100,691.4,9994.44
100816,2026-04-01,6360.0,1399.2,100,318.0,4542.8
100817,2026-04-01,5698.75,1253.72,100,284.94,4060.09
100818,2026-04-01,9746.17,2144.16,100,487.31,7014.7
100819,2026-04-01,6778.75,1491.32,220,338.94,4728.49
100820,2026-04-01,5732.17,1261.08,400,286.61,3784.48
100821,2026-04-01,15009.75,3302.14,220,750.49,10737.12
100822,2026-04-01,19617.5,4315.85,400,980.88,13920.77
100823,2026-04-01,15444.33,3397.75,100,772.22,11174.36
100824,2026-04-01,12021.5,2644.73,220,601.08,8555.69
100826,2026-04-01,4424.58,973.41,400,221.23,2829.94
100827,2026-04-01,17534.5,3857.59,400,876.72,12400.19
100828,2026-04-01,12846.67,2826.27,220,642.33,9158.07
100829,2026-04-01,12718.17,2798.0,220,635.91,9064.26
100830,2026-04-01,5470.92,1203.6,100,273.55,3893.77
100831,2026-04-01,8283.92,1822.46,100,414.2,5947.26
100832,2026-04-01,8655.0,1904.1,220,432.75,6098.15
100833,2026-04-01,10504.58,2311.01,220,525.23,7448.34
100834,2026-04-01,23204.92,5105.08,220,1160.25,16719.59
100835,2026-04-01,11227.08,2469.96,220,561.35,7975.77
100836,2026-04-01,9125.92,2007.7,220,456.3,6441.92
100837,2026-04-01,6730.0,1480.6,100,336.5,4812.9
100838,2026-04-01,9030.83,1986.78,220,451.54,6372.51
100839,2026-04-01,8904.42,1958.97,100,445.22,6400.23
100840,2026-04-01,9253.58,2035.79,100,462.68,6655.11
100841,2026-04-01,4791.83,1054.2,100,239.59,3398.04
100842,2026-04-01,5101.33,1122.29,220,255.07,3503.97
100843,2026-04-01,8987.5,1977.25,400,449.38,6160.87
100844,2026-04-01,10196.42,2243.21,100,509.82,7343.39
100845,2026-04-01,9617.75,2115.91,100,480.89,6920.95
100846,2026-04-01,17705.25,3895.16,220,885.26,12704.83
100847,2026-04-01,6246.25,1374.18,220,312.31,4339.76
100848,2026-04-01,20261.5,4457.53,220,1013.08,14570.89
100849,2026-04-01,25008.92,5501.96,400,1250.45,17856.51
100850,2026-04-01,7217.92,1587.94,220,360.9,5049.08
100851,2026-04-01,8783.25,1932.32,400,439.16,6011.77
100854,2026-04-01,7962.67,1751.79,220,398.13,5592.75
100855,2026-04-01,7127.75,1568.1,220,356.39,4983.26
100856,2026-04-01,21669.67,4767.33,220,1083.48,15598.86
100857,2026-04-01,10276.0,2260.72,220,513.8,7281.48
100858,2026-04-01,8638.42,1900.45,220,431.92,6086.05
100859,2026-04-01,6498.58,1429.69,220,324.93,4523.96
100860,2026-04-01,10896.83,2397.3,100,544.84,7854.69
100861,2026-04-01,11268.92,2479.16,100,563.45,8126.31
100862,2026-04-01,14722.58,3238.97,220,736.13,10527.48
100863,2026-04-01,5741.83,1263.2,220,287.09,3971.54
100865,2026-04-01,7755.75,1706.26,220,387.79,5441.7
100866,2026-04-01,18309.75,4028.14,220,915.49,13146.12
100867,2026-04-01,6628.83,1458.34,220,331.44,4619.05
100868,2026-04-01,9654.5,2123.99,100,482.72,6947.79
100870,2026-04-01,11291.5,2484.13,400,564.58,7842.79
100871,2026-04-01,6991.33,1538.09,100,349.57,5003.67
100872,2026-04-01,10631.58,2338.95,220,531.58,7541.05
100873,2026-04-01,8527.58,1876.07,220,426.38,6005.13
100874,2026-04-01,8741.5,1923.13,220,437.08,6161.29
100875,2026-04-01,21169.5,4657.29,100,1058.48,15353.73
100876,2026-04-01,8414.17,1851.12,100,420.71,6042.34
100877,2026-04-01,4205.17,925.14,100,210.26,2969.77
100878,2026-04-01,8673.0,1908.06,220,433.65,6111.29
100879,2026-04-01,5669.67,1247.33,400,283.48,3738.86
100880,2026-04-01,5449.08,1198.8,220,272.45,3757.83
100881,2026-04-01,22021.92,4844.82,100,1101.1,15976.0
100882,2026-04-01,3573.08,786.08,100,178.65,2508.35
100883,2026-04-01,6684.92,1470.68,100,334.25,4779.99
100884,2026-04-01,8863.17,1949.9,220,443.16,6250.11
100885,2026-04-01,10822.67,2380.99,400,541.13,7500.55
100886,2026-04-01,11414.17,2511.12,100,570.71,8232.34
100887,2026-04-01,6709.25,1476.04,220,335.46,4677.75
100888,2026-04-01,5876.92,1292.92,100,293.85,4190.15
100890,2026-04-01,4149.42,912.87,220,207.47,2809.08
100891,2026-04-01,5224.42,1149.37,220,261.22,3593.83
100892,2026-04-01,7246.17,1594.16,220,362.31,5069.7
100894,2026-04-01,7155.17,1574.14,220,357.76,5003.27
100895,2026-04-01,10954.42,2409.97,220,547.72,7776.73
100896,2026-04-01,15964.92,3512.28,220,798.25,11434.39
100897,2026-04-01,11692.58,2572.37,220,584.63,8315.58
100898,2026-04-01,17212.08,3786.66,220,860.6,12344.82
100899,2026-04-01,8585.08,1888.72,100,429.25,6167.11
100900,2026-04-01,14554.0,3201.88,100,727.7,10524.42
100901,2026-04-01,6392.33,1406.31,100,319.62,4566.4
100902,2026-04-01,12022.92,2645.04,100,601.15,8676.73
100903,2026-04-01,12808.67,2817.91,220,640.43,9130.33
100904,2026-04-01,7266.0,1598.52,100,363.3,5204.18
100905,2026-04-01,8713.0,1916.86,100,435.65,6260.49
100906,2026-04-01,9446.75,2078.28,100,472.34,6796.13
100907,2026-04-01,13298.25,2925.62,220,664.91,9487.72
100909,2026-04-01,9025.75,1985.66,220,451.29,6368.8
100910,2026-04-01,25096.67,5521.27,100,1254.83,18220.57
100912,2026-04-01,6775.58,1490.63,220,338.78,4726.17
100913,2026-04-01,14693.17,3232.5,100,734.66,10626.01
100914,2026-04-01,8394.08,1846.7,400,419.7,5727.68
100915,2026-04-01,15303.17,3366.7,220,765.16,10951.31
100916,2026-04-01,4690.67,1031.95,100,234.53,3324.19
100917,2026-04-01,7840.75,1724.96,100,392.04,5623.75
100918,2026-04-01,16947.33,3728.41,100,847.37,12271.55
100919,2026-04-01,5151.83,1133.4,220,257.59,3540.84
100920,2026-04-01,16629.17,3658.42,100,831.46,12039.29
100921,2026-04-01,10163.25,2235.92,100,508.16,7319.17
100922,2026-04-01,14158.0,3114.76,100,707.9,10235.34
100924,2026-04-01,10813.5,2378.97,100,540.68,7793.85
100925,2026-04-01,4148.67,912.71,400,207.43,2628.53
100926,2026-04-01,6229.83,1370.56,220,311.49,4327.78
100928,2026-04-01,10675.17,2348.54,220,533.76,7572.87
100929,2026-04-01,6099.67,1341.93,400,304.98,4052.76
100931,2026-04-01,8540.83,1878.98,100,427.04,6134.81
100932,2026-04-01,6700.83,1474.18,100,335.04,4791.61
100933,2026-04-01,15594.08,3430.7,220,779.7,11163.68
100935,2026-04-01,8736.92,1922.12,220,436.85,6157.95
100936,2026-04-01,8415.75,1851.46,100,420.79,6043.5
100937,2026-04-01,15213.5,3346.97,220,760.68,10885.85
100939,2026-04-01,6967.5,1532.85,400,348.38,4686.27
100940,2026-04-01,3902.33,858.51,220,195.12,2628.7
100941,2026-04-01,7682.17,1690.08,100,384.11,5507.98
100942,2026-04-01,8840.5,1944.91,220,442.02,6233.57
100943,2026-04-01,4424.67,973.43,220,221.23,3010.01
100944,2026-04-01,17125.42,3767.59,220,856.27,12281.56
100945,2026-04-01,7048.83,1550.74,100,352.44,5045.65
100946,2026-04-01,7256.92,1596.52,100,362.85,5197.55
100947,2026-04-01,8308.92,1827.96,400,415.45,5665.51
100948,2026-04-01,14141.67,3111.17,100,707.08,10223.42
100949,2026-04-01,7000.5,1540.11,220,350.02,4890.37
100950,2026-04-01,11433.0,2515.26,220,571.65,8126.09
100951,2026-04-01,13126.0,2887.72,220,656.3,9361.98
100952,2026-04-01,7639.83,1680.76,100,381.99,5477.08
100953,2026-04-01,9332.0,2053.04,400,466.6,6412.36
100954,2026-04-01,5486.25,1206.97,100,274.31,3904.97
100956,2026-04-01,13257.0,2916.54,100,662.85,9577.61
100957,2026-04-01,10326.0,2271.72,220,516.3,7317.98
100958,2026-04-01,16078.67,3537.31,220,803.93,11517.43
100961,2026-04-01,6626.17,1457.76,220,331.31,4617.1
100962,2026-04-01,13838.17,3044.4,100,691.91,10001.86
100963,2026-04-01,13165.08,2896.32,400,658.25,9210.51
100964,2026-04-01,10694.67,2352.83,400,534.73,7407.11
100965,2026-04-01,6892.5,1516.35,100,344.62,4931.53
100966,2026-04-01,5609.83,1234.16,400,280.49,3695.18
100967,2026-04-01,13207.25,2905.6,220,660.36,9421.29
100968,2026-04-01,4621.83,1016.8,400,231.09,2973.94
100969,2026-04-01,6475.17,1424.54,220,323.76,4506.87
100970,2026-04-01,4457.0,980.54,220,222.85,3033.61
100971,2026-04-01,6708.42,1475.85,220,335.42,4677.15
100972,2026-04-01,4312.08,948.66,400,215.6,2747.82
100973,2026-04-01,9175.08,2018.52,220,458.75,6477.81
100974,2026-04-01,7085.0,1558.7,220,354.25,4952.05
100975,2026-04-01,19679.17,4329.42,100,983.96,14265.79
100976,2026-04-01,7102.25,1562.5,100,355.11,5084.64
100977,2026-04-01,5391.92,1186.22,220,269.6,3716.1
100978,2026-04-01,17949.5,3948.89,400,897.48,12703.13
100979,2026-04-01,13020.08,2864.42,220,651.0,9284.66
100980,2026-04-01,18657.42,4104.63,220,932.87,13399.92
100981,2026-04-01,9951.17,2189.26,100,497.56,7164.35
100982,2026-04-01,10462.33,2301.71,100,523.12,7537.5
100983,2026-04-01,6733.58,1481.39,100,336.68,4815.51
100984,2026-04-01,8524.83,1875.46,220,426.24,6003.13
100985,2026-04-01,10140.25,2230.86,100,507.01,7302.38
100986,2026-04-01,7387.0,1625.14,100,369.35,5292.51
100987,2026-04-01,6506.08,1431.34,220,325.3,4529.44
100988,2026-04-01,4634.83,1019.66,220,231.74,3163.43
100989,2026-04-01,14551.08,3201.24,400,727.55,10222.29
100990,2026-04-01,7112.67,1564.79,220,355.63,4972.25
100991,2026-04-01,6558.0,1442.76,100,327.9,4687.34
100992,2026-04-01,5739.17,1262.62,100,286.96,4089.59
100993,2026-04-01,17249.83,3794.96,100,862.49,12492.38
100994,2026-04-01,10354.17,2277.92,220,517.71,7338.54
100995,2026-04-01,4446.5,978.23,100,222.32,3145.95
100996,2026-04-01,12808.67,2817.91,220,640.43,9130.33
100997,2026-04-01,12571.75,2765.78,220,628.59,8957.38
100998,2026-04-01,15236.92,3352.12,220,761.85,10902.95
100999,2026-04-01,18483.58,4066.39,220,924.18,13273.01
100000,2026-05-01,8872.5,1951.95,100,443.62,6376.93
100001,2026-05-01,15857.42,3488.63,220,792.87,11355.92
100002,2026-05-01,4977.08,1094.96,100,248.85,3533.27
100004,2026-05-01,15793.08,3474.48,100,789.65,11428.95
100005,2026-05-01,4750.08,1045.02,400,237.5,3067.56
100007,2026-05-01,16499.25,3629.84,100,824.96,11944.45
100008,2026-05-01,9270.33,2039.47,220,463.52,6547.34
100009,2026-05-01,7027.5,1546.05,220,351.38,4910.07
100010,2026-05-01,8484.0,1866.48,220,424.2,5973.32
100012,2026-05-01,10145.67,2232.05,100,507.28,7306.34
100013,2026-05-01,12461.83,2741.6,220,623.09,8877.14
100014,2026-05-01,8413.17,1850.9,220,420.66,5921.61
100015,2026-05-01,5869.08,1291.2,400,293.45,3884.43
100016,2026-05-01,16892.17,3716.28,100,844.61,12231.28
100017,2026-05-01,14006.83,3081.5,220,700.34,10004.99
100018,2026-05-01,7019.17,1544.22,220,350.96,4903.99
100019,2026-05-01,11984.0,2636.48,400,599.2,8348.32
100020,2026-05-01,4871.67,1071.77,220,243.58,3336.32
100021,2026-05-01,6763.5,1487.97,220,338.18,4717.35
100022,2026-05-01,23800.0,5236.0,220,1190.0,17154.0
100023,2026-05-01,9648.17,2122.6,400,482.41,6643.16
100025,2026-05-01,10937.33,2406.21,100,546.87,7884.25
100026,2026-05-01,4983.42,1096.35,220,249.17,3417.9
100027,2026-05-01,8564.83,1884.26,220,428.24,6032.33
100028,2026-05-01,7339.67,1614.73,100,366.98,5257.96
100029,2026-05-01,7489.17,1647.62,220,374.46,5247.09
100030,2026-05-01,8519.25,1874.24,220,425.96,5999.05
100031,2026-05-01,8238.25,1812.42,100,411.91,5913.92
100032,2026-05-01,9367.5,2060.85,220,468.38,6618.27
100033,2026-05-01,9836.17,2163.96,220,491.81,6960.4
100034,2026-05-01,12088.58,2659.49,220,604.43,8604.66
100035,2026-05-01,6878.67,1513.31,100,343.93,4921.43
100036,2026-05-01,9996.5,2199.23,100,499.83,7197.44
100037,2026-05-01,11536.42,2538.01,400,576.82,8021.59
100038,2026-05-01,5498.42,1209.65,220,274.92,3793.85
100039,2026-05-01,4973.17,1094.1,220,248.66,3410.41
100040,2026-05-01,6677.75,1469.1,400,333.89,4474.76
100041,2026-05-01,8152.92,1793.64,220,407.65,5731.63
100042,2026-05-01,4617.33,1015.81,220,230.87,3150.65
100043,2026-05-01,8657.58,1904.67,100,432.88,6220.03
100044,2026-05-01,7259.42,1597.07,220,362.97,5079.38
100045,2026-05-01,9215.0,2027.3,100,460.75,6626.95
100046,2026-05-01,5904.92,1299.08,220,295.25,4090.59
100047,2026-05-01,14022.0,3084.84,100,701.1,10136.06
100048,2026-05-01,9036.17,1987.96,100,451.81,6496.4
100050,2026-05-01,10420.83,2292.58,220,521.04,7387.21
100052,2026-05-01,8434.25,1855.54,100,421.71,6057.0
100053,2026-05-01,4420.08,972.42,220,221.0,3006.66
100054,2026-05-01,5104.08,1122.9,100,255.2,3625.98
100056,2026-05-01,10892.25,2396.3,100,544.61,7851.34
100057,2026-05-01,16335.0,3593.7,220,816.75,11704.55
100058,2026-05-01,9790.83,2153.98,220,489.54,6927.31
100059,2026-05-01,13281.92,2922.02,220,664.1,9475.8
100060,2026-05-01,4853.5,1067.77,400,242.68,3143.05
100061,2026-05-01,6047.0,1330.34,100,302.35,4314.31
100062,2026-05-01,10288.17,2263.4,100,514.41,7410.36
100063,2026-05-01,7856.17,1728.36,100,392.81,5635.0
100064,2026-05-01,6911.33,1520.49,100,345.57,4945.27
100065,2026-05-01,11021.25,2424.68,400,551.06,7645.51
100066,2026-05-01,7870.33,1731.47,220,393.52,5525.34
100067,2026-05-01,25168.33,5537.03,100,1258.42,18272.88
100068,2026-05-01,8637.25,1900.2,400,431.86,5905.19
100069,2026-05-01,20612.5,4534.75,220,1030.62,14827.13
100070,2026-05-01,7645.75,1682.06,220,382.29,5361.4
100071,2026-05-01,7286.92,1603.12,220,364.35,5099.45
100072,2026-05-01,6342.83,1395.42,220,317.14,4410.27
100073,2026-05-01,4678.5,1029.27,220,233.92,3195.31
100074,2026-05-01,20166.83,4436.7,100,1008.34,14621.79
100075,2026-05-01,12863.25,2829.92,100,643.16,9290.17
100076,2026-05-01,14221.17,3128.66,100,711.06,10281.45
100077,2026-05-01,8071.75,1775.78,220,403.59,5672.38
100078,2026-05-01,11092.5,2440.35,100,554.62,7997.53
100079,2026-05-01,13844.58,3045.81,220,692.23,9886.54
100080,2026-05-01,11389.58,2505.71,400,569.48,7914.39
100081,2026-05-01,11401.75,2508.39,220,570.09,8103.27
100082,2026-05-01,9911.17,2180.46,220,495.56,7015.15
100083,2026-05-01,11203.0,2464.66,220,560.15,7958.19
100084,2026-05-01,8438.92,1856.56,400,421.95,5760.41
100085,2026-05-01,12869.58,2831.31,220,643.48,9174.79
100086,2026-05-01,6168.5,1357.07,220,308.42,4283.01
100087,2026-05-01,5283.5,1162.37,100,264.18,3756.95
100088,2026-05-01,6623.58,1457.19,400,331.18,4435.21
100089,2026-05-01,11488.25,2527.42,220,574.41,8166.42
100090,2026-05-01,9415.0,2071.3,220,470.75,6652.95
100092,2026-05-01,8858.67,1948.91,220,442.93,6246.83
100093,2026-05-01,11522.08,2534.86,220,576.1,8191.12
100094,2026-05-01,10140.08,2230.82,220,507.0,7182.26
100095,2026-05-01,6272.33,1379.91,220,313.62,4358.8
100096,2026-05-01,22731.67,5000.97,220,1136.58,16374.12
100097,2026-05-01,5519.75,1214.34,100,275.99,3929.42
100098,2026-05-01,5142.75,1131.4,220,257.14,3534.21
100099,2026-05-01,14306.08,3147.34,220,715.3,10223.44
100100,2026-05-01,7168.17,1577.0,220,358.41,5012.76
100101,2026-05-01,5950.17,1309.04,100,297.51,4243.62
100102,2026-05-01,16008.33,3521.83,220,800.42,11466.08
100103,2026-05-01,7578.0,1667.16,220,378.9,5311.94
100104,2026-05-01,6657.67,1464.69,220,332.88,4640.1
100105,2026-05-01,7569.17,1665.22,220,378.46,5305.49
100106,2026-05-01,9729.83,2140.56,220,486.49,6882.78
100107,2026-05-01,6384.25,1404.54,400,319.21,4260.5
100108,2026-05-01,13501.33,2970.29,220,675.07,9635.97
100109,2026-05-01,12465.5,2742.41,400,623.28,8699.81
100110,2026-05-01,11591.83,2550.2,220,579.59,8242.04
100111,2026-05-01,6306.75,1387.48,220,315.34,4383.93
100113,2026-05-01,5138.42,1130.45,220,256.92,3531.05
100114,2026-05-01,6156.92,1354.52,220,307.85,4274.55
100115,2026-05-01,7438.92,1636.56,100,371.95,5330.41
100116,2026-05-01,5322.42,1170.93,400,266.12,3485.37
100117,2026-05-01,11376.5,2502.83,400,568.83,7904.84
100118,2026-05-01,13613.58,2994.99,400,680.68,9537.91
100119,2026-05-01,10356.58,2278.45,400,517.83,7160.3
100120,2026-05-01,4012.75,882.8,400,200.64,2529.31
100121,2026-05-01,9907.58,2179.67,220,495.38,7012.53
100122,2026-05-01,7432.17,1635.08,400,371.61,5025.48
100123,2026-05-01,10477.17,2304.98,220,523.86,7428.33
100124,2026-05-01,12843.42,2825.55,100,642.17,9275.7
100125,2026-05-01,12285.0,2702.7,220,614.25,8748.05
100126,2026-05-01,5879.25,1293.44,220,293.96,4071.85
100127,2026-05-01,25118.33,5526.03,220,1255.92,18116.38
100128,2026-05-01,11674.67,2568.43,220,583.73,8302.51
100129,2026-05-01,16070.58,3535.53,220,803.53,11511.52
100130,2026-05-01,10963.5,2411.97,100,548.18,7903.35
100131,2026-05-01,12227.33,2690.01,400,611.37,8525.95
100132,2026-05-01,9137.42,2010.23,100,456.87,6570.32
100133,2026-05-01,8214.17,1807.12,220,410.71,5776.34
100134,2026-05-01,9517.08,2093.76,400,475.85,6547.47
100135,2026-05-01,5477.58,1205.07,220,273.88,3778.63
100136,2026-05-01,9851.58,2167.35,100,492.58,7091.65
100137,2026-05-01,7186.17,1580.96,220,359.31,5025.9
100139,2026-05-01,9966.75,2192.68,220,498.34,7055.73
100140,2026-05-01,11404.42,2508.97,100,570.22,8225.23
100141,2026-05-01,6879.5,1513.49,100,343.98,4922.03
100142,2026-05-01,6984.17,1536.52,220,349.21,4878.44
100143,2026-05-01,17208.17,3785.8,100,860.41,12461.96
100144,2026-05-01,10979.0,2415.38,220,548.95,7794.67
100145,2026-05-01,9536.58,2098.05,400,476.83,6561.7
100146,2026-05-01,12197.67,2683.49,220,609.88,8684.3
100147,2026-05-01,11236.33,2471.99,220,561.82,7982.52
100148,2026-05-01,4402.5,968.55,220,220.12,2993.83
100149,2026-05-01,6521.33,1434.69,400,326.07,4360.57
100150,2026-05-01,7149.0,1572.78,220,357.45,4998.77
100151,2026-05-01,13330.0,2932.6,220,666.5,9510.9
100152,2026-05-01,4093.25,900.52,400,204.66,2588.07
100153,2026-05-01,17390.0,3825.8,220,869.5,12474.7
100155,2026-05-01,26869.08,5911.2,220,1343.45,19394.43
100156,2026-05-01,4637.33,1020.21,100,231.87,3285.25
100157,2026-05-01,14810.75,3258.36,220,740.54,10591.85
100158,2026-05-01,5112.92,1124.84,220,255.65,3512.43
100159,2026-05-01,6292.08,1384.26,100,314.6,4493.22
100160,2026-05-01,4760.67,1047.35,220,238.03,3255.29
100161,2026-05-01,10748.58,2364.69,400,537.43,7446.46
100162,2026-05-01,4631.92,1019.02,100,231.6,3281.3
100163,2026-05-01,10483.58,2306.39,100,524.18,7553.01
100164,2026-05-01,7468.08,1642.98,100,373.4,5351.7
100165,2026-05-01,17872.5,3931.95,100,893.62,12946.93
100166,2026-05-01,6419.33,1412.25,400,320.97,4286.11
100167,2026-05-01,20963.0,4611.86,400,1048.15,14902.99
100168,2026-05-01,12009.5,2642.09,220,600.48,8546.93
100169,2026-05-01,13310.08,2928.22,100,665.5,9616.36
100170,2026-05-01,8913.83,1961.04,220,445.69,6287.1
100171,2026-05-01,10949.92,2408.98,220,547.5,7773.44
100173,2026-05-01,10725.67,2359.65,400,536.28,7429.74
100174,2026-05-01,7941.17,1747.06,100,397.06,5697.05
100175,2026-05-01,6816.75,1499.68,220,340.84,4756.23
100176,2026-05-01,4657.08,1024.56,220,232.85,3179.67
100177,2026-05-01,16605.83,3653.28,100,830.29,12022.26
100178,2026-05-01,17070.42,3755.49,100,853.52,12361.41
100179,2026-05-01,9216.08,2027.54,220,460.8,6507.74
100180,2026-05-01,7427.92,1634.14,220,371.4,5202.38
100181,2026-05-01,10473.58,2304.19,100,523.68,7545.71
100182,2026-05-01,5069.92,1115.38,100,253.5,3601.04
100183,2026-05-01,4798.67,1055.71,220,239.93,3283.03
100184,2026-05-01,8707.25,1915.6,100,435.36,6256.29
100185,2026-05-01,11042.67,2429.39,220,552.13,7841.15
100186,2026-05-01,13977.75,3075.1,400,698.89,9803.76
100187,2026-05-01,10640.92,2341.0,220,532.05,7547.87
100188,2026-05-01,5228.0,1150.16,220,261.4,3596.44
100189,2026-05-01,12420.33,2732.47,220,621.02,8846.84
100190,2026-05-01,4965.33,1092.37,100,248.27,3524.69
100191,2026-05-01,6359.0,1398.98,220,317.95,4422.07
100192,2026-05-01,13085.25,2878.76,100,654.26,9452.23
100193,2026-05-01,8082.0,1778.04,100,404.1,5799.86
100194,2026-05-01,6825.08,1501.52,220,341.25,4762.31
100196,2026-05-01,8408.67,1849.91,400,420.43,5738.33
100197,2026-05-01,16035.92,3527.9,220,801.8,11486.22
100198,2026-05-01,4567.75,1004.9,100,228.39,3234.46
100200,2026-05-01,8376.58,1842.85,400,418.83,5714.9
100201,2026-05-01,7570.5,1665.51,220,378.52,5306.47
100202,2026-05-01,6402.0,1408.44,220,320.1,4453.46
100203,2026-05-01,13657.08,3004.56,100,682.85,9869.67
100204,2026-05-01,8867.67,1950.89,220,443.38,6253.4
100205,2026-05-01,17551.17,3861.26,100,877.56,12712.35
100206,2026-05-01,13876.25,3052.78,100,693.81,10029.66
100207,2026-05-01,5073.08,1116.08,400,253.65,3303.35
100208,2026-05-01,9167.08,2016.76,220,458.35,6471.97
100209,2026-05-01,13987.58,3077.27,220,699.38,9990.93
100210,2026-05-01,11246.92,2474.32,220,562.35,7990.25
100212,2026-05-01,8167.17,1796.78,100,408.36,5862.03
100213,2026-05-01,5512.5,1212.75,220,275.62,3804.13
100214,2026-05-01,13365.33,2940.37,100,668.27,9656.69
100215,2026-05-01,10368.17,2281.0,400,518.41,7168.76
100216,2026-05-01,8909.83,1960.16,220,445.49,6284.18
100217,2026-05-01,5467.33,1202.81,220,273.37,3771.15
100218,2026-05-01,9882.0,2174.04,220,494.1,6993.86
100219,2026-05-01,5736.75,1262.08,400,286.84,3787.83
100220,2026-05-01,7064.25,1554.14,220,353.21,4936.9
100221,2026-05-01,6458.33,1420.83,220,322.92,4494.58
100223,2026-05-01,6701.75,1474.38,220,335.09,4672.28
100225,2026-05-01,4270.0,939.4,400,213.5,2717.1
100226,2026-05-01,23138.17,5090.4,220,1156.91,16670.86
100227,2026-05-01,24190.17,5321.84,220,1209.51,17438.82
100228,2026-05-01,5575.33,1226.57,400,278.77,3669.99
100229,2026-05-01,8360.92,1839.4,220,418.05,5883.47
100230,2026-05-01,9816.0,2159.52,220,490.8,6945.68
100231,2026-05-01,21818.75,4800.12,400,1090.94,15527.69
100232,2026-05-01,13732.08,3021.06,100,686.6,9924.42
100233,2026-05-01,7445.92,1638.1,400,372.3,5035.52
100234,2026-05-01,10746.25,2364.18,220,537.31,7624.76
100235,2026-05-01,10391.0,2286.02,100,519.55,7485.43
100236,2026-05-01,7036.25,1547.98,220,351.81,4916.46
100237,2026-05-01,15516.0,3413.52,100,775.8,11226.68
100238,2026-05-01,18112.5,3984.75,220,905.62,13002.13
100239,2026-05-01,6326.5,1391.83,220,316.33,4398.34
100240,2026-05-01,9067.92,1994.94,100,453.4,6519.58
100241,2026-05-01,11039.08,2428.6,220,551.95,7838.53
100242,2026-05-01,6223.67,1369.21,220,311.18,4323.28
100243,2026-05-01,17400.58,3828.13,400,870.03,12302.42
100245,2026-05-01,6230.0,1370.6,400,311.5,4147.9
100246,2026-05-01,5256.42,1156.41,220,262.82,3617.19
100247,2026-05-01,11382.75,2504.2,400,569.14,7909.41
100248,2026-05-01,14117.75,3105.9,220,705.89,10085.96
100249,2026-05-01,11646.17,2562.16,220,582.31,8281.7
100250,2026-05-01,5696.58,1253.25,220,284.83,3938.5
100251,2026-05-01,4694.08,1032.7,220,234.7,3206.68
100252,2026-05-01,5998.83,1319.74,220,299.94,4159.15
100253,2026-05-01,7535.42,1657.79,220,376.77,5280.86
100254,2026-05-01,11890.25,2615.86,400,594.51,8279.88
100255,2026-05-01,10561.25,2323.48,220,528.06,7489.71
100256,2026-05-01,5680.08,1249.62,220,284.0,3926.46
100257,2026-05-01,4029.33,886.45,400,201.47,2541.41
100259,2026-05-01,13164.75,2896.24,400,658.24,9210.27
100260,2026-05-01,7329.0,1612.38,220,366.45,5130.17
100261,2026-05-01,11468.83,2523.14,100,573.44,8272.25
100262,2026-05-01,6252.08,1375.46,100,312.6,4464.02
100263,2026-05-01,6688.33,1471.43,400,334.42,4482.48
100264,2026-05-01,10552.42,2321.53,100,527.62,7603.27
100265,2026-05-01,17606.0,3873.32,100,880.3,12752.38
100266,2026-05-01,20671.0,4547.62,400,1033.55,14689.83
100267,2026-05-01,20793.25,4574.52,220,1039.66,14959.07
100268,2026-05-01,9671.5,2127.73,220,483.58,6840.19
100269,2026-05-01,6291.92,1384.22,220,314.6,4373.1
100270,2026-05-01,6397.25,1407.4,100,319.86,4569.99
100271,2026-05-01,12062.0,2653.64,220,603.1,8585.26
100272,2026-05-01,4508.0,991.76,220,225.4,3070.84
100273,2026-05-01,21711.0,4776.42,220,1085.55,15629.03
100274,2026-05-01,10998.17,2419.6,220,549.91,7808.66
100275,2026-05-01,7810.5,1718.31,220,390.52,5481.67
100276,2026-05-01,5476.5,1204.83,100,273.82,3897.85
100277,2026-05-01,5091.75,1120.18,220,254.59,3496.98
100278,2026-05-01,5543.33,1219.53,400,277.17,3646.63
100280,2026-05-01,7607.58,1673.67,400,380.38,5153.53
100281,2026-05-01,8108.75,1783.92,220,405.44,5699.39
100282,2026-05-01,5162.08,1135.66,220,258.1,3548.32
100283,2026-05-01,20532.67,4517.19,220,1026.63,14768.85
100284,2026-05-01,11051.17,2431.26,100,552.56,7967.35
100285,2026-05-01,7443.67,1637.61,100,372.18,5333.88
100286,2026-05-01,11357.0,2498.54,100,567.85,8190.61
100287,2026-05-01,9328.33,2052.23,220,466.42,6589.68
100288,2026-05-01,6790.75,1493.96,220,339.54,4737.25
100289,2026-05-01,10904.92,2399.08,400,545.25,7560.59
100290,2026-05-01,9595.83,2111.08,100,479.79,6904.96
100291,2026-05-01,8259.83,1817.16,220,412.99,5809.68
100292,2026-05-01,11831.33,2602.89,220,591.57,8416.87
100293,2026-05-01,7973.42,1754.15,100,398.67,5720.6
100294,2026-05-01,11263.5,2477.97,220,563.18,8002.35
100295,2026-05-01,5343.58,1175.59,100,267.18,3800.81
100296,2026-05-01,15763.08,3467.88,400,788.15,11107.05
100299,2026-05-01,11717.33,2577.81,400,585.87,8153.65
100300,2026-05-01,8585.83,1888.88,220,429.29,6047.66
100301,2026-05-01,28923.33,6363.13,100,1446.17,21014.03
100302,2026-05-01,8285.33,1822.77,100,414.27,5948.29
100303,2026-05-01,13799.42,3035.87,400,689.97,9673.58
100304,2026-05-01,11091.83,2440.2,220,554.59,7877.04
100306,2026-05-01,8193.5,1802.57,100,409.68,5881.25
100307,2026-05-01,5757.0,1266.54,220,287.85,3982.61
100309,2026-05-01,11910.5,2620.31,400,595.52,8294.67
100310,2026-05-01,6131.17,1348.86,400,306.56,4075.75
100311,2026-05-01,5790.67,1273.95,220,289.53,4007.19
100312,2026-05-01,12423.92,2733.26,220,621.2,8849.46
100314,2026-05-01,9304.0,2046.88,400,465.2,6391.92
100315,2026-05-01,18197.92,4003.54,400,909.9,12884.48
100316,2026-05-01,13991.58,3078.15,400,699.58,9813.85
100317,2026-05-01,8478.0,1865.16,220,423.9,5968.94
100319,2026-05-01,8423.75,1853.22,100,421.19,6049.34
100320,2026-05-01,11086.75,2439.08,220,554.34,7873.33
100321,2026-05-01,16107.0,3543.54,100,805.35,11658.11
100323,2026-05-01,8492.5,1868.35,220,424.62,5979.53
100324,2026-05-01,9764.42,2148.17,100,488.22,7028.03
100325,2026-05-01,5123.75,1127.22,220,256.19,3520.34
100327,2026-05-01,5160.42,1135.29,100,258.02,3667.11
100328,2026-05-01,4238.25,932.42,400,211.91,2693.92
100330,2026-05-01,8976.75,1974.88,220,448.84,6333.03
100331,2026-05-01,20816.17,4579.56,220,1040.81,14975.8
100332,2026-05-01,13812.75,3038.8,220,690.64,9863.31
100333,2026-05-01,10539.42,2318.67,100,526.97,7593.78
100334,2026-05-01,10981.17,2415.86,220,549.06,7796.25
100335,2026-05-01,14388.17,3165.4,400,719.41,10103.36
100336,2026-05-01,11970.58,2633.53,220,598.53,8518.52
100337,2026-05-01,5203.67,1144.81,100,260.18,3698.68
100338,2026-05-01,7014.58,1543.21,100,350.73,5020.64
100339,2026-05-01,7768.33,1709.03,220,388.42,5450.88
100340,2026-05-01,7255.33,1596.17,400,362.77,4896.39
100341,2026-05-01,19243.17,4233.5,220,962.16,13827.51
100343,2026-05-01,4943.67,1087.61,220,247.18,3388.88
100344,2026-05-01,5261.0,1157.42,100,263.05,3740.53
100345,2026-05-01,10990.08,2417.82,220,549.5,7802.76
100346,2026-05-01,23944.17,5267.72,100,1197.21,17379.24
100347,2026-05-01,9017.42,1983.83,400,450.87,6182.72
100349,2026-05-01,17580.83,3867.78,220,879.04,12614.01
100350,2026-05-01,8274.33,1820.35,220,413.72,5820.26
100351,2026-05-01,5417.0,1191.74,220,270.85,3734.41
100352,2026-05-01,12309.58,2708.11,100,615.48,8885.99
100355,2026-05-01,14667.67,3226.89,100,733.38,10607.4
100356,2026-05-01,11496.0,2529.12,220,574.8,8172.08
100357,2026-05-01,15851.42,3487.31,100,792.57,11471.54
100358,2026-05-01,11518.58,2534.09,100,575.93,8308.56
100359,2026-05-01,6649.33,1462.85,400,332.47,4454.01
100361,2026-05-01,13538.25,2978.42,220,676.91,9662.92
100362,2026-05-01,11099.67,2441.93,100,554.98,8002.76
100363,2026-05-01,3819.17,840.22,100,190.96,2687.99
100364,2026-05-01,11046.0,2430.12,220,552.3,7843.58
100365,2026-05-01,4864.67,1070.23,100,243.23,3451.21
100366,2026-05-01,4450.92,979.2,220,222.55,3029.17
100367,2026-05-01,8445.92,1858.1,400,422.3,5765.52
100368,2026-05-01,11841.67,2605.17,400,592.08,8244.42
100369,2026-05-01,8023.67,1765.21,100,401.18,5757.28
100370,2026-05-01,6804.25,1496.94,220,340.21,4747.1
100371,2026-05-01,4790.75,1053.96,400,239.54,3097.25
100373,2026-05-01,13479.83,2965.56,400,673.99,9440.28
100374,2026-05-01,8993.08,1978.48,400,449.65,6164.95
100375,2026-05-01,15238.92,3352.56,220,761.95,10904.41
100376,2026-05-01,6233.08,1371.28,220,311.65,4330.15
100377,2026-05-01,8652.33,1903.51,220,432.62,6096.2
100378,2026-05-01,10459.25,2301.04,400,522.96,7235.25
100379,2026-05-01,12990.17,2857.84,400,649.51,9082.82
100380,2026-05-01,7832.83,1723.22,220,391.64,5497.97
100381,2026-05-01,6681.0,1469.82,220,334.05,4657.13
100382,2026-05-01,8051.58,1771.35,220,402.58,5657.65
100383,2026-05-01,16438.5,3616.47,100,821.92,11900.11
100384,2026-05-01,6979.0,1535.38,100,348.95,4994.67
100385,2026-05-01,12346.67,2716.27,220,617.33,8793.07
100386,2026-05-01,13258.83,2916.94,220,662.94,9458.95
100387,2026-05-01,19814.58,4359.21,400,990.73,14064.64
100388,2026-05-01,5317.33,1169.81,100,265.87,3781.65
100389,2026-05-01,10579.33,2327.45,400,528.97,7322.91
100390,2026-05-01,20645.58,4542.03,400,1032.28,14671.27
100391,2026-05-01,14745.0,3243.9,100,737.25,10663.85
100392,2026-05-01,5957.33,1310.61,220,297.87,4128.85
100393,2026-05-01,6217.58,1367.87,400,310.88,4138.83
100394,2026-05-01,13267.25,2918.8,220,663.36,9465.09
100395,2026-05-01,8095.83,1781.08,220,404.79,5689.96
100396,2026-05-01,11098.17,2441.6,400,554.91,7701.66
100397,2026-05-01,6493.08,1428.48,400,324.65,4339.95
100398,2026-05-01,8463.83,1862.04,220,423.19,5958.6
100399,2026-05-01,15653.42,3443.75,220,782.67,11207.0
100400,2026-05-01,7818.92,1720.16,100,390.95,5607.81
100401,2026-05-01,13353.5,2937.77,100,667.68,9648.05
100402,2026-05-01,4907.25,1079.6,220,245.36,3362.29
100403,2026-05-01,3987.0,877.14,100,199.35,2810.51
100405,2026-05-01,17121.75,3766.78,220,856.09,12278.88
100406,2026-05-01,7801.08,1716.24,400,390.05,5294.79
100407,2026-05-01,12416.25,2731.58,100,620.81,8963.86
100408,2026-05-01,9070.67,1995.55,220,453.53,6401.59
100409,2026-05-01,14351.67,3157.37,400,717.58,10076.72
100410,2026-05-01,8954.0,1969.88,100,447.7,6436.42
100411,2026-05-01,3935.42,865.79,400,196.77,2472.86
100412,2026-05-01,12562.25,2763.7,220,628.11,8950.44
100413,2026-05-01,16358.0,3598.76,220,817.9,11721.34
100414,2026-05-01,4855.75,1068.27,220,242.79,3324.69
100415,2026-05-01,13076.75,2876.88,220,653.84,9326.03
100416,2026-05-01,9015.33,1983.37,100,450.77,6481.19
100417,2026-05-01,27636.58,6080.05,400,1381.83,19774.7
100418,2026-05-01,4075.42,896.59,400,203.77,2575.06
100419,2026-05-01,7964.08,1752.1,220,398.2,5593.78
100420,2026-05-01,20533.08,4517.28,220,1026.65,14769.15
100421,2026-05-01,5908.33,1299.83,220,295.42,4093.08
100422,2026-05-01,6533.33,1437.33,220,326.67,4549.33
100423,2026-05-01,7005.25,1541.16,220,350.26,4893.83
100424,2026-05-01,14679.17,3229.42,220,733.96,10495.79
100425,2026-05-01,12673.75,2788.22,220,633.69,9031.84
100426,2026-05-01,5347.17,1176.38,100,267.36,3803.43
100427,2026-05-01,7683.42,1690.35,100,384.17,5508.9
100428,2026-05-01,14038.0,3088.36,220,701.9,10027.74
100429,2026-05-01,7244.0,1593.68,220,362.2,5068.12
100430,2026-05-01,11447.17,2518.38,100,572.36,8256.43
100432,2026-05-01,7518.83,1654.14,220,375.94,5268.75
100433,2026-05-01,4575.92,1006.7,220,228.8,3120.42
100434,2026-05-01,4700.0,1034.0,220,235.0,3211.0
100435,2026-05-01,10973.42,2414.15,400,548.67,7610.6
100436,2026-05-01,14422.08,3172.86,220,721.1,10308.12
100437,2026-05-01,10157.92,2234.74,220,507.9,7195.28
100438,2026-05-01,11553.58,2541.79,400,577.68,8034.11
100439,2026-05-01,5716.83,1257.7,220,285.84,3953.29
100440,2026-05-01,10716.08,2357.54,100,535.8,7722.74
100441,2026-05-01,15164.75,3336.24,220,758.24,10850.27
100442,2026-05-01,14831.92,3263.02,220,741.6,10607.3
100443,2026-05-01,4464.17,982.12,100,223.21,3158.84
100444,2026-05-01,5154.42,1133.97,100,257.72,3662.73
100446,2026-05-01,13802.75,3036.6,400,690.14,9676.01
100447,2026-05-01,6025.92,1325.7,220,301.3,4178.92
100449,2026-05-01,8581.17,1887.86,100,429.06,6164.25
100451,2026-05-01,8530.33,1876.67,100,426.52,6127.14
100452,2026-05-01,5028.25,1106.21,100,251.41,3570.63
100453,2026-05-01,11381.0,2503.82,220,569.05,8088.13
100454,2026-05-01,14163.5,3115.97,220,708.18,10119.35
100455,2026-05-01,10632.92,2339.24,220,531.65,7542.03
100456,2026-05-01,7796.92,1715.32,100,389.85,5591.75
100457,2026-05-01,13247.58,2914.47,220,662.38,9450.73
100458,2026-05-01,7147.17,1572.38,400,357.36,4817.43
100459,2026-05-01,12331.33,2712.89,100,616.57,8901.87
100460,2026-05-01,3754.25,825.94,400,187.71,2340.6
100461,2026-05-01,6510.42,1432.29,220,325.52,4532.61
100462,2026-05-01,13779.25,3031.44,220,688.96,9838.85
100463,2026-05-01,13174.67,2898.43,220,658.73,9397.51
100464,2026-05-01,13021.17,2864.66,220,651.06,9285.45
100465,2026-05-01,13589.0,2989.58,100,679.45,9819.97
100466,2026-05-01,4378.33,963.23,400,218.92,2796.18
100467,2026-05-01,12555.42,2762.19,220,627.77,8945.46
100468,2026-05-01,10696.58,2353.25,220,534.83,7588.5
100469,2026-05-01,10874.0,2392.28,220,543.7,7718.02
100470,2026-05-01,17792.25,3914.3,220,889.61,12768.34
100471,2026-05-01,6641.5,1461.13,220,332.08,4628.29
100472,2026-05-01,7246.92,1594.32,220,362.35,5070.25
100473,2026-05-01,4356.67,958.47,100,217.83,3080.37
100474,2026-05-01,9956.5,2190.43,220,497.83,7048.24
100475,2026-05-01,7621.33,1676.69,400,381.07,5163.57
100476,2026-05-01,10378.25,2283.22,100,518.91,7476.12
100477,2026-05-01,13916.17,3061.56,400,695.81,9758.8
100478,2026-05-01,6406.67,1409.47,100,320.33,4576.87
100479,2026-05-01,8475.5,1864.61,400,423.78,5787.11
100481,2026-05-01,11531.92,2537.02,400,576.6,8018.3
100482,2026-05-01,7904.92,1739.08,400,395.25,5370.59
100483,2026-05-01,9254.92,2036.08,400,462.75,6356.09
100484,2026-05-01,20938.83,4606.54,220,1046.94,15065.35
100485,2026-05-01,29154.75,6414.04,220,1457.74,21062.97
100486,2026-05-01,10762.33,2367.71,100,538.12,7756.5
100487,2026-05-01,4721.0,1038.62,220,236.05,3226.33
100488,2026-05-01,6871.92,1511.82,100,343.6,4916.5
100489,2026-05-01,8808.5,1937.87,220,440.42,6210.21
100490,2026-05-01,6573.92,1446.26,220,328.7,4578.96
100492,2026-05-01,19303.83,4246.84,100,965.19,13991.8
100493,2026-05-01,4362.92,959.84,400,218.15,2784.93
100494,2026-05-01,6266.33,1378.59,100,313.32,4474.42
100495,2026-05-01,11096.67,2441.27,220,554.83,7880.57
100496,2026-05-01,9936.67,2186.07,220,496.83,7033.77
100497,2026-05-01,13532.25,2977.1,220,676.61,9658.54
100498,2026-05-01,8883.75,1954.42,100,444.19,6385.14
100499,2026-05-01,12767.5,2808.85,220,638.38,9100.27
100500,2026-05-01,18628.5,4098.27,100,931.42,13498.81
100501,2026-05-01,13675.25,3008.56,100,683.76,9882.93
100502,2026-05-01,9034.33,1987.55,220,451.72,6375.06
100503,2026-05-01,10676.33,2348.79,100,533.82,7693.72
100505,2026-05-01,12133.83,2669.44,100,606.69,8757.7
100506,2026-05-01,9860.08,2169.22,100,493.0,7097.86
100507,2026-05-01,5699.83,1253.96,400,284.99,3760.88
100508,2026-05-01,4896.42,1077.21,100,244.82,3474.39
100509,2026-05-01,11804.25,2596.94,220,590.21,8397.1
100510,2026-05-01,16490.0,3627.8,100,824.5,11937.7
100511,2026-05-01,9204.25,2024.94,220,460.21,6499.1
100513,2026-05-01,17030.25,3746.66,100,851.51,12332.08
100514,2026-05-01,15676.5,3448.83,100,783.82,11343.85
100515,2026-05-01,8651.33,1903.29,400,432.57,5915.47
100516,2026-05-01,14385.58,3164.83,100,719.28,10401.47
100517,2026-05-01,7881.42,1733.91,220,394.07,5533.44
100518,2026-05-01,17303.5,3806.77,100,865.18,12531.55
100519,2026-05-01,4439.17,976.62,220,221.96,3020.59
100520,2026-05-01,20573.25,4526.12,100,1028.66,14918.47
100521,2026-05-01,11186.92,2461.12,400,559.35,7766.45
100522,2026-05-01,9282.42,2042.13,220,464.12,6556.17
100523,2026-05-01,3875.83,852.68,220,193.79,2609.36
100524,2026-05-01,10502.42,2310.53,100,525.12,7566.77
100525,2026-05-01,15959.17,3511.02,400,797.96,11250.19
100526,2026-05-01,11533.83,2537.44,100,576.69,8319.7
100527,2026-05-01,9283.08,2042.28,220,464.15,6556.65
100528,2026-05-01,7413.67,1631.01,400,370.68,5011.98
100529,2026-05-01,10229.17,2250.42,220,511.46,7247.29
100530,2026-05-01,6488.75,1427.52,100,324.44,4636.79
100531,2026-05-01,6118.75,1346.12,220,305.94,4246.69
100532,2026-05-01,6564.58,1444.21,220,328.23,4572.14
100533,2026-05-01,10533.58,2317.39,100,526.68,7589.51
100534,2026-05-01,15535.75,3417.86,400,776.79,10941.1
100535,2026-05-01,13041.25,2869.08,100,652.06,9420.11
100536,2026-05-01,6669.5,1467.29,400,333.48,4468.73
100537,2026-05-01,6668.92,1467.16,220,333.45,4648.31
100538,2026-05-01,5813.33,1278.93,400,290.67,3843.73
100539,2026-05-01,12507.33,2751.61,400,625.37,8730.35
100540,2026-05-01,5546.08,1220.14,220,277.3,3828.64
100541,2026-05-01,6491.92,1428.22,220,324.6,4519.1
100542,2026-05-01,22179.92,4879.58,400,1109.0,15791.34
100543,2026-05-01,12615.75,2775.46,100,630.79,9109.5
100544,2026-05-01,10791.5,2374.13,400,539.58,7477.79
100546,2026-05-01,6894.33,1516.75,220,344.72,4812.86
100547,2026-05-01,8800.83,1936.18,400,440.04,6024.61
100548,2026-05-01,6847.83,1506.52,100,342.39,4898.92
100549,2026-05-01,8821.08,1940.64,220,441.05,6219.39
100550,2026-05-01,21592.0,4750.24,220,1079.6,15542.16
100551,2026-05-01,9166.83,2016.7,220,458.34,6471.79
100552,2026-05-01,9897.83,2177.52,100,494.89,7125.42
100553,2026-05-01,4942.58,1087.37,220,247.13,3388.08
100554,2026-05-01,11161.58,2455.55,220,558.08,7927.95
100555,2026-05-01,7209.17,1586.02,220,360.46,5042.69
100556,2026-05-01,13399.83,2947.96,400,669.99,9381.88
100557,2026-05-01,9050.25,1991.06,220,452.51,6386.68
100558,2026-05-01,12028.0,2646.16,220,601.4,8560.44
100559,2026-05-01,7569.0,1665.18,220,378.45,5305.37
100560,2026-05-01,6992.92,1538.44,220,349.65,4884.83
100561,2026-05-01,6424.5,1413.39,220,321.23,4469.88
100562,2026-05-01,6202.83,1364.62,220,310.14,4308.07
100563,2026-05-01,15856.17,3488.36,220,792.81,11355.0
100564,2026-05-01,14101.92,3102.42,220,705.1,10074.4
100565,2026-05-01,3848.08,846.58,400,192.4,2409.1
100566,2026-05-01,3843.83,845.64,220,192.19,2586.0
100567,2026-05-01,5690.33,1251.87,100,284.52,4053.94
100568,2026-05-01,20186.83,4441.1,220,1009.34,14516.39
100569,2026-05-01,10859.0,2388.98,220,542.95,7707.07
100570,2026-05-01,6257.42,1376.63,100,312.87,4467.92
100571,2026-05-01,7051.5,1551.33,400,352.58,4747.59
100572,2026-05-01,11381.75,2503.98,220,569.09,8088.68
100573,2026-05-01,11352.83,2497.62,100,567.64,8187.57
100574,2026-05-01,7147.92,1572.54,220,357.4,4997.98
100575,2026-05-01,6442.0,1417.24,220,322.1,4482.66
100576,2026-05-01,15534.5,3417.59,220,776.72,11120.19
100577,2026-05-01,11201.33,2464.29,400,560.07,7776.97
100580,2026-05-01,21323.67,4691.21,220,1066.18,15346.28
100581,2026-05-01,7139.67,1570.73,220,356.98,4991.96
100582,2026-05-01,10213.0,2246.86,220,510.65,7235.49
100585,2026-05-01,5153.25,1133.71,220,257.66,3541.88
100586,2026-05-01,4997.08,1099.36,400,249.85,3247.87
100587,2026-05-01,14696.25,3233.18,100,734.81,10628.26
100588,2026-05-01,11022.75,2425.0,220,551.14,7826.61
100589,2026-05-01,5472.5,1203.95,100,273.62,3894.93
100591,2026-05-01,7100.42,1562.09,220,355.02,4963.31
100592,2026-05-01,8009.25,1762.04,100,400.46,5746.75
100593,2026-05-01,11442.33,2517.31,220,572.12,8132.9
100594,2026-05-01,6492.5,1428.35,400,324.62,4339.53
100595,2026-05-01,7172.08,1577.86,220,358.6,5015.62
100596,2026-05-01,6873.83,1512.24,400,343.69,4617.9
100597,2026-05-01,8648.83,1902.74,100,432.44,6213.65
100598,2026-05-01,11065.08,2434.32,220,553.25,7857.51
100600,2026-05-01,11191.67,2462.17,100,559.58,8069.92
100601,2026-05-01,8172.67,1797.99,220,408.63,5746.05
100602,2026-05-01,5228.08,1150.18,220,261.4,3596.5
100604,2026-05-01,15905.33,3499.17,100,795.27,11510.89
100605,2026-05-01,14020.5,3084.51,220,701.03,10014.96
100606,2026-05-01,10560.58,2323.33,220,528.03,7489.22
100607,2026-05-01,8847.83,1946.52,220,442.39,6238.92
100608,2026-05-01,8167.33,1796.81,400,408.37,5562.15
100609,2026-05-01,12129.17,2668.42,400,606.46,8454.29
100610,2026-05-01,13865.08,3050.32,220,693.25,9901.51
100611,2026-05-01,5494.17,1208.72,100,274.71,3910.74
100612,2026-05-01,8266.5,1818.63,100,413.33,5934.54
100613,2026-05-01,10533.92,2317.46,220,526.7,7469.76
100614,2026-05-01,9148.92,2012.76,100,457.45,6578.71
100615,2026-05-01,9069.75,1995.34,220,453.49,6400.92
100616,2026-05-01,10283.33,2262.33,220,514.17,7286.83
100617,2026-05-01,5392.92,1186.44,220,269.65,3716.83
100618,2026-05-01,8898.58,1957.69,100,444.93,6395.96
100620,2026-05-01,7142.25,1571.3,220,357.11,4993.84
100621,2026-05-01,13233.0,2911.26,220,661.65,9440.09
100622,2026-05-01,5349.0,1176.78,100,267.45,3804.77
100623,2026-05-01,6921.83,1522.8,400,346.09,4652.94
100624,2026-05-01,8747.92,1924.54,400,437.4,5985.98
100625,2026-05-01,4315.75,949.46,400,215.79,2750.5
100627,2026-05-01,8063.42,1773.95,220,403.17,5666.3
100628,2026-05-01,6418.5,1412.07,100,320.92,4585.51
100629,2026-05-01,21468.08,4722.98,220,1073.4,15451.7
100631,2026-05-01,4506.0,991.32,100,225.3,3189.38
100632,2026-05-01,5404.5,1188.99,220,270.23,3725.28
100633,2026-05-01,8836.92,1944.12,220,441.85,6230.95
100634,2026-05-01,7895.08,1736.92,220,394.75,5543.41
100635,2026-05-01,7203.0,1584.66,400,360.15,4858.19
100636,2026-05-01,13556.75,2982.48,220,677.84,9676.43
100637,2026-05-01,5313.58,1168.99,100,265.68,3778.91
100638,2026-05-01,14275.42,3140.59,220,713.77,10201.06
100639,2026-05-01,10772.17,2369.88,220,538.61,7643.68
100640,2026-05-01,5047.25,1110.4,220,252.36,3464.49
100641,2026-05-01,10983.17,2416.3,100,549.16,7917.71
100642,2026-05-01,7274.0,1600.28,220,363.7,5090.02
100643,2026-05-01,9274.83,2040.46,100,463.74,6670.63
100644,2026-05-01,5035.58,1107.83,220,251.78,3455.97
100645,2026-05-01,4919.42,1082.27,400,245.97,3191.18
100646,2026-05-01,10753.58,2365.79,100,537.68,7750.11
100647,2026-05-01,6400.83,1408.18,220,320.04,4452.61
100648,2026-05-01,15730.33,3460.67,220,786.52,11263.14
100649,2026-05-01,6825.92,1501.7,220,341.3,4762.92
100650,2026-05-01,7842.0,1725.24,100,392.1,5624.66
100651,2026-05-01,13441.25,2957.08,220,672.06,9592.11
100652,2026-05-01,6454.83,1420.06,100,322.74,4612.03
100653,2026-05-01,6941.58,1527.15,220,347.08,4847.35
100654,2026-05-01,6631.83,1459.0,100,331.59,4741.24
100655,2026-05-01,5504.58,1211.01,400,275.23,3618.34
100656,2026-05-01,7191.75,1582.18,220,359.59,5029.98
100658,2026-05-01,20566.42,4524.61,220,1028.32,14793.49
100659,2026-05-01,5010.17,1102.24,100,250.51,3557.42
100660,2026-05-01,8123.08,1787.08,100,406.15,5829.85
100661,2026-05-01,5500.58,1210.13,100,275.03,3915.42
100662,2026-05-01,5777.17,1270.98,100,288.86,4117.33
100663,2026-05-01,6514.33,1433.15,100,325.72,4655.46
100664,2026-05-01,13261.25,2917.48,220,663.06,9460.71
100665,2026-05-01,9946.0,2188.12,220,497.3,7040.58
100666,2026-05-01,18360.92,4039.4,100,918.05,13303.47
100667,2026-05-01,5851.83,1287.4,400,292.59,3871.84
100668,2026-05-01,6946.42,1528.21,100,347.32,4970.89
100669,2026-05-01,29111.42,6404.51,100,1455.57,21151.34
100670,2026-05-01,10537.25,2318.2,400,526.86,7292.19
100671,2026-05-01,7065.33,1554.37,220,353.27,4937.69
100672,2026-05-01,5467.83,1202.92,220,273.39,3771.52
100673,2026-05-01,10775.5,2370.61,100,538.78,7766.11
100674,2026-05-01,9406.92,2069.52,220,470.35,6647.05
100675,2026-05-01,12571.92,2765.82,100,628.6,9077.5
100676,2026-05-01,5951.75,1309.38,100,297.59,4244.78
100677,2026-05-01,11314.67,2489.23,100,565.73,8159.71
100678,2026-05-01,5152.25,1133.5,100,257.61,3661.14
100679,2026-05-01,10364.08,2280.1,100,518.2,7465.78
100680,2026-05-01,10842.75,2385.41,220,542.14,7695.2
100681,2026-05-01,9598.75,2111.72,220,479.94,6787.09
100682,2026-05-01,3774.92,830.48,220,188.75,2535.69
100683,2026-05-01,7091.42,1560.11,100,354.57,5076.74
100684,2026-05-01,17778.75,3911.32,100,888.94,12878.49
100685,2026-05-01,13652.75,3003.6,220,682.64,9746.51
100686,2026-05-01,9405.25,2069.16,400,470.26,6465.83
100687,2026-05-01,5458.58,1200.89,100,272.93,3884.76
100688,2026-05-01,9796.0,2155.12,100,489.8,7051.08
100689,2026-05-01,6209.67,1366.13,400,310.48,4133.06
100690,2026-05-01,12539.5,2758.69,100,626.98,9053.83
100691,2026-05-01,8846.67,1946.27,100,442.33,6358.07
100693,2026-05-01,8402.83,1848.62,400,420.14,5734.07
100694,2026-05-01,10295.92,2265.1,220,514.8,7296.02
100695,2026-05-01,7879.33,1733.45,220,393.97,5531.91
100696,2026-05-01,12107.92,2663.74,220,605.4,8618.78
100697,2026-05-01,7797.67,1715.49,100,389.88,5592.3
100698,2026-05-01,16701.42,3674.31,100,835.07,12092.04
100699,2026-05-01,6933.58,1525.39,400,346.68,4661.51
100700,2026-05-01,6452.0,1419.44,400,322.6,4309.96
100701,2026-05-01,5293.75,1164.62,100,264.69,3764.44
100702,2026-05-01,11341.75,2495.18,100,567.09,8179.48
100703,2026-05-01,8591.17,1890.06,220,429.56,6051.55
100704,2026-05-01,8341.83,1835.2,100,417.09,5989.54
100705,2026-05-01,7514.83,1653.26,400,375.74,5085.83
100706,2026-05-01,13324.17,2931.32,220,666.21,9506.64
100707,2026-05-01,4250.42,935.09,220,212.52,2882.81
100708,2026-05-01,10197.75,2243.5,220,509.89,7224.36
100711,2026-05-01,5324.42,1171.37,220,266.22,3666.83
100712,2026-05-01,5903.5,1298.77,220,295.18,4089.55
100713,2026-05-01,7690.17,1691.84,220,384.51,5393.82
100714,2026-05-01,6833.33,1503.33,220,341.67,4768.33
100715,2026-05-01,16845.08,3705.92,220,842.25,12076.91
100716,2026-05-01,5691.5,1252.13,220,284.58,3934.79
100717,2026-05-01,11218.58,2468.09,100,560.93,8089.56
100718,2026-05-01,3489.25,767.64,220,174.46,2327.15
100719,2026-05-01,5615.5,1235.41,220,280.78,3879.31
100721,2026-05-01,9724.5,2139.39,220,486.22,6878.89
100722,2026-05-01,7564.75,1664.24,400,378.24,5122.27
100723,2026-05-01,18702.0,4114.44,220,935.1,13432.46
100724,2026-05-01,7105.67,1563.25,400,355.28,4787.14
100725,2026-05-01,9521.42,2094.71,220,476.07,6730.64
100726,2026-05-01,4899.83,1077.96,220,244.99,3356.88
100727,2026-05-01,4218.67,928.11,220,210.93,2859.63
100728,2026-05-01,5200.42,1144.09,400,260.02,3396.31
100729,2026-05-01,7960.67,1751.35,400,398.03,5411.29
100730,2026-05-01,14622.0,3216.84,100,731.1,10574.06
100731,2026-05-01,7117.92,1565.94,100,355.9,5096.08
100732,2026-05-01,6582.08,1448.06,220,329.1,4584.92
100733,2026-05-01,14832.33,3263.11,100,741.62,10727.6
100734,2026-05-01,19146.33,4212.19,100,957.32,13876.82
100735,2026-05-01,10201.42,2244.31,100,510.07,7347.04
100736,2026-05-01,8150.33,1793.07,100,407.52,5849.74
100737,2026-05-01,29080.42,6397.69,220,1454.02,21008.71
100738,2026-05-01,8691.25,1912.08,400,434.56,5944.61
100739,2026-05-01,11481.58,2525.95,220,574.08,8161.55
100740,2026-05-01,18612.0,4094.64,220,930.6,13366.76
100741,2026-05-01,8429.33,1854.45,220,421.47,5933.41
100742,2026-05-01,11130.75,2448.76,100,556.54,8025.45
100743,2026-05-01,11337.5,2494.25,220,566.88,8056.37
100744,2026-05-01,11743.08,2583.48,220,587.15,8352.45
100745,2026-05-01,8662.0,1905.64,100,433.1,6223.26
100746,2026-05-01,15908.5,3499.87,220,795.42,11393.21
100748,2026-05-01,8778.83,1931.34,400,438.94,6008.55
100749,2026-05-01,8703.17,1914.7,220,435.16,6133.31
100750,2026-05-01,12815.08,2819.32,400,640.75,8955.01
100751,2026-05-01,14368.92,3161.16,220,718.45,10269.31
100752,2026-05-01,7814.33,1719.15,220,390.72,5484.46
100753,2026-05-01,11097.33,2441.41,220,554.87,7881.05
100754,2026-05-01,6884.08,1514.5,220,344.2,4805.38
100755,2026-05-01,7517.33,1653.81,220,375.87,5267.65
100756,2026-05-01,4112.33,904.71,100,205.62,2902.0
100757,2026-05-01,4874.08,1072.3,220,243.7,3338.08
100759,2026-05-01,16707.92,3675.74,100,835.4,12096.78
100760,2026-05-01,8056.67,1772.47,220,402.83,5661.37
100761,2026-05-01,5717.83,1257.92,220,285.89,3954.02
100762,2026-05-01,7594.0,1670.68,220,379.7,5323.62
100763,2026-05-01,11093.83,2440.64,220,554.69,7878.5
100764,2026-05-01,5249.58,1154.91,220,262.48,3612.19
100765,2026-05-01,10001.58,2200.35,220,500.08,7081.15
100766,2026-05-01,4677.58,1029.07,220,233.88,3194.63
100767,2026-05-01,8794.25,1934.74,220,439.71,6199.8
100770,2026-05-01,10916.75,2401.68,220,545.84,7749.23
100771,2026-05-01,7975.42,1754.59,100,398.77,5722.06
100773,2026-05-01,9497.92,2089.54,220,474.9,6713.48
100774,2026-05-01,13426.67,2953.87,400,671.33,9401.47
100775,2026-05-01,9188.75,2021.52,100,459.44,6607.79
100776,2026-05-01,14560.5,3203.31,100,728.03,10529.16
100777,2026-05-01,16047.75,3530.5,400,802.39,11314.86
100778,2026-05-01,6604.92,1453.08,400,330.25,4421.59
100779,2026-05-01,6515.5,1433.41,100,325.78,4656.31
100780,2026-05-01,6315.0,1389.3,100,315.75,4509.95
100781,2026-05-01,7707.0,1695.54,220,385.35,5406.11
100782,2026-05-01,5242.25,1153.3,100,262.11,3726.84
100783,2026-05-01,12492.25,2748.3,100,624.61,9019.34
100784,2026-05-01,13683.08,3010.28,220,684.15,9768.65
100785,2026-05-01,8700.83,1914.18,400,435.04,5951.61
100787,2026-05-01,13885.67,3054.85,220,694.28,9916.54
100788,2026-05-01,5573.67,1226.21,100,278.68,3968.78
100790,2026-05-01,12466.25,2742.58,100,623.31,9000.36
100792,2026-05-01,9355.5,2058.21,220,467.78,6609.51
100793,2026-05-01,5747.42,1264.43,400,287.37,3795.62
100794,2026-05-01,7198.33,1583.63,100,359.92,5154.78
100795,2026-05-01,11150.67,2453.15,220,557.53,7919.99
100796,2026-05-01,20597.75,4531.5,220,1029.89,14816.36
100797,2026-05-01,8391.92,1846.22,100,419.6,6026.1
100798,2026-05-01,4838.75,1064.53,400,241.94,3132.28
100799,2026-05-01,8841.92,1945.22,220,442.1,6234.6
100800,2026-05-01,11513.17,2532.9,400,575.66,8004.61
100801,2026-05-01,10272.17,2259.88,220,513.61,7278.68
100802,2026-05-01,17110.33,3764.27,220,855.52,12270.54
100803,2026-05-01,5188.08,1141.38,400,259.4,3387.3
100804,2026-05-01,10483.5,2306.37,220,524.18,7432.95
100805,2026-05-01,11188.17,2461.4,100,559.41,8067.36
100806,2026-05-01,9869.83,2171.36,400,493.49,6804.98
100807,2026-05-01,20093.83,4420.64,100,1004.69,14568.5
100808,2026-05-01,6197.58,1363.47,400,309.88,4124.23
100809,2026-05-01,5129.0,1128.38,220,256.45,3524.17
100810,2026-05-01,4672.25,1027.9,100,233.61,3310.74
100811,2026-05-01,5061.92,1113.62,100,253.1,3595.2
100812,2026-05-01,5527.17,1215.98,220,276.36,3814.83
100813,2026-05-01,15279.42,3361.47,400,763.97,10753.98
100814,2026-05-01,13705.0,3015.1,100,685.25,9904.65
100816,2026-05-01,6219.0,1368.18,100,310.95,4439.87
100817,2026-05-01,5633.75,1239.42,100,281.69,4012.64
100818,2026-05-01,9609.17,2114.02,100,480.46,6914.69
100819,2026-05-01,6722.75,1479.0,220,336.14,4687.61
100820,2026-05-01,6000.17,1320.04,400,300.01,3980.12
100821,2026-05-01,14969.75,3293.34,220,748.49,10707.92
100822,2026-05-01,19533.5,4297.37,400,976.68,13859.45
100823,2026-05-01,15702.33,3454.51,100,785.12,11362.7
100824,2026-05-01,11839.5,2604.69,220,591.98,8422.83
100826,2026-05-01,4413.58,970.99,400,220.68,2821.91
100827,2026-05-01,17602.5,3872.55,400,880.12,12449.83
100828,2026-05-01,12588.67,2769.51,220,629.43,8969.73
100829,2026-05-01,13078.17,2877.2,220,653.91,9327.06
100830,2026-05-01,5758.92,1266.96,100,287.95,4104.01
100831,2026-05-01,8329.92,1832.58,100,416.5,5980.84
100832,2026-05-01,8119.0,1786.18,220,405.95,5706.87
100833,2026-05-01,10597.58,2331.47,220,529.88,7516.23
100834,2026-05-01,23631.92,5199.02,220,1181.6,17031.3
100835,2026-05-01,11388.08,2505.38,220,569.4,8093.3
100836,2026-05-01,8715.92,1917.5,220,435.8,6142.62
100837,2026-05-01,7072.0,1555.84,100,353.6,5062.56
100838,2026-05-01,9268.83,2039.14,220,463.44,6546.25
100839,2026-05-01,9280.42,2041.69,100,464.02,6674.71
100840,2026-05-01,9212.58,2026.77,100,460.63,6625.18
100841,2026-05-01,4691.83,1032.2,100,234.59,3325.04
100842,2026-05-01,4687.33,1031.21,220,234.37,3201.75
100843,2026-05-01,8824.5,1941.39,400,441.22,6041.89
100844,2026-05-01,9957.42,2190.63,100,497.87,7168.92
100845,2026-05-01,10127.75,2228.1,100,506.39,7293.26
100846,2026-05-01,17946.25,3948.18,220,897.31,12880.76
100847,2026-05-01,6155.25,1354.16,220,307.76,4273.33
100848,2026-05-01,20653.5,4543.77,220,1032.68,14857.05
100849,2026-05-01,25070.92,5515.6,400,1253.55,17901.77
100850,2026-05-01,7215.92,1587.5,220,360.8,5047.62
100851,2026-05-01,8683.25,1910.32,400,434.16,5938.77
100854,2026-05-01,7776.67,1710.87,220,388.83,5456.97
100855,2026-05-01,7164.75,1576.24,220,358.24,5010.27
100856,2026-05-01,22058.67,4852.91,220,1102.93,15882.83
100857,2026-05-01,10220.0,2248.4,220,511.0,7240.6
100858,2026-05-01,8604.42,1892.97,220,430.22,6061.23
100859,2026-05-01,6679.58,1469.51,220,333.98,4656.09
100860,2026-05-01,10826.83,2381.9,100,541.34,7803.59
100861,2026-05-01,11196.92,2463.32,100,559.85,8073.75
100862,2026-05-01,14400.58,3168.13,220,720.03,10292.42
100863,2026-05-01,5542.83,1219.42,220,277.14,3826.27
100865,2026-05-01,7584.75,1668.64,220,379.24,5316.87
100866,2026-05-01,17933.75,3945.42,220,896.69,12871.64
100867,2026-05-01,6469.83,1423.36,220,323.49,4502.98
100868,2026-05-01,9684.5,2130.59,100,484.22,6969.69
100870,2026-05-01,10953.5,2409.77,400,547.68,7596.05
100871,2026-05-01,6725.33,1479.57,100,336.27,4809.49
100872,2026-05-01,11128.58,2448.29,220,556.43,7903.86
100873,2026-05-01,8639.58,1900.71,220,431.98,6086.89
100874,2026-05-01,9189.5,2021.69,220,459.48,6488.33
100875,2026-05-01,21243.5,4673.57,100,1062.18,15407.75
100876,2026-05-01,8359.17,1839.02,100,417.96,6002.19
100877,2026-05-01,3915.17,861.34,100,195.76,2758.07
100878,2026-05-01,8534.0,1877.48,220,426.7,6009.82
100879,2026-05-01,5779.67,1271.53,400,288.98,3819.16
100880,2026-05-01,5218.08,1147.98,220,260.9,3589.2
100881,2026-05-01,22331.92,4913.02,100,1116.6,16202.3
100882,2026-05-01,3525.08,775.52,100,176.25,2473.31
100883,2026-05-01,6683.92,1470.46,100,334.2,4779.26
100884,2026-05-01,8629.17,1898.42,220,431.46,6079.29
100885,2026-05-01,11105.67,2443.25,400,555.28,7707.14
100886,2026-05-01,11461.17,2521.46,100,573.06,8266.65
100887,2026-05-01,6445.25,1417.96,220,322.26,4485.03
100888,2026-05-01,6394.92,1406.88,100,319.75,4568.29
100890,2026-05-01,4055.42,892.19,220,202.77,2740.46
100891,2026-05-01,5038.42,1108.45,220,251.92,3458.05
100892,2026-05-01,7105.17,1563.14,220,355.26,4966.77
100894,2026-05-01,6974.17,1534.32,220,348.71,4871.14
100895,2026-05-01,11090.42,2439.89,220,554.52,7876.01
100896,2026-05-01,15739.92,3462.78,220,787.0,11270.14
100897,2026-05-01,11213.58,2466.99,220,560.68,7965.91
100898,2026-05-01,17240.08,3792.82,220,862.0,12365.26
100899,2026-05-01,8649.08,1902.8,100,432.45,6213.83
100900,2026-05-01,14754.0,3245.88,100,737.7,10670.42
100901,2026-05-01,6705.33,1475.17,100,335.27,4794.89
100902,2026-05-01,11872.92,2612.04,100,593.65,8567.23
100903,2026-05-01,12877.67,2833.09,220,643.88,9180.7
100904,2026-05-01,6924.0,1523.28,100,346.2,4954.52
100905,2026-05-01,8672.0,1907.84,100,433.6,6230.56
100906,2026-05-01,9312.75,2048.8,100,465.64,6698.31
100907,2026-05-01,13511.25,2972.48,220,675.56,9643.21
100909,2026-05-01,9261.75,2037.58,220,463.09,6541.08
100910,2026-05-01,25560.67,5623.35,100,1278.03,18559.29
100912,2026-05-01,6722.58,1478.97,220,336.13,4687.48
100913,2026-05-01,14400.17,3168.04,100,720.01,10412.12
100914,2026-05-01,8444.08,1857.7,400,422.2,5764.18
100915,2026-05-01,15079.17,3317.42,220,753.96,10787.79
100916,2026-05-01,5089.67,1119.73,100,254.48,3615.46
100917,2026-05-01,7987.75,1757.3,100,399.39,5731.06
100918,2026-05-01,16658.33,3664.83,100,832.92,12060.58
100919,2026-05-01,5473.83,1204.24,220,273.69,3775.9
100920,2026-05-01,16779.17,3691.42,100,838.96,12148.79
100921,2026-05-01,9941.25,2187.07,100,497.06,7157.12
100922,2026-05-01,13736.0,3021.92,100,686.8,9927.28
100924,2026-05-01,10810.5,2378.31,100,540.52,7791.67
100925,2026-05-01,4337.67,954.29,400,216.88,2766.5
100926,2026-05-01,6367.83,1400.92,220,318.39,4428.52
100928,2026-05-01,10838.17,2384.4,220,541.91,7691.86
100929,2026-05-01,6072.67,1335.99,400,303.63,4033.05
100931,2026-05-01,8081.83,1778.0,100,404.09,5799.74
100932,2026-05-01,6771.83,1489.8,100,338.59,4843.44
100933,2026-05-01,15839.08,3484.6,220,791.95,11342.53
100935,2026-05-01,8717.92,1917.94,220,435.9,6144.08
100936,2026-05-01,8710.75,1916.36,100,435.54,6258.85
100937,2026-05-01,15317.5,3369.85,220,765.88,10961.77
100939,2026-05-01,6654.5,1463.99,400,332.72,4457.79
100940,2026-05-01,4270.33,939.47,220,213.52,2897.34
100941,2026-05-01,7388.17,1625.4,100,369.41,5293.36
100942,2026-05-01,8937.5,1966.25,220,446.88,6304.37
100943,2026-05-01,4062.67,893.79,220,203.13,2745.75
100944,2026-05-01,17041.42,3749.11,220,852.07,12220.24
100945,2026-05-01,7121.83,1566.8,100,356.09,5098.94
100946,2026-05-01,7339.92,1614.78,100,367.0,5258.14
100947,2026-05-01,8187.92,1801.34,400,409.4,5577.18
100948,2026-05-01,14389.67,3165.73,100,719.48,10404.46
100949,2026-05-01,6982.5,1536.15,220,349.12,4877.23
100950,2026-05-01,11273.0,2480.06,220,563.65,8009.29
100951,2026-05-01,13129.0,2888.38,220,656.45,9364.17
100952,2026-05-01,8054.83,1772.06,100,402.74,5780.03
100953,2026-05-01,9468.0,2082.96,400,473.4,6511.64
100954,2026-05-01,5353.25,1177.71,100,267.66,3807.88
100956,2026-05-01,13400.0,2948.0,100,670.0,9682.0
100957,2026-05-01,10176.0,2238.72,220,508.8,7208.48
100958,2026-05-01,16430.67,3614.75,220,821.53,11774.39
100961,2026-05-01,6700.17,1474.04,220,335.01,4671.12
100962,2026-05-01,14341.17,3155.06,100,717.06,10369.05
100963,2026-05-01,13118.08,2885.98,400,655.9,9176.2
100964,2026-05-01,10660.67,2345.35,400,533.03,7382.29
100965,2026-05-01,6751.5,1485.33,100,337.58,4828.59
100966,2026-05-01,5446.83,1198.3,400,272.34,3576.19
100967,2026-05-01,13706.25,3015.38,220,685.31,9785.56
100968,2026-05-01,4446.83,978.3,400,222.34,2846.19
100969,2026-05-01,6287.17,1383.18,220,314.36,4369.63
100970,2026-05-01,4418.0,971.96,220,220.9,3005.14
100971,2026-05-01,6468.42,1423.05,220,323.42,4501.95
100972,2026-05-01,4167.08,916.76,400,208.35,2641.97
100973,2026-05-01,9001.08,1980.24,220,450.05,6350.79
100974,2026-05-01,7570.0,1665.4,220,378.5,5306.1
100975,2026-05-01,20030.17,4406.64,100,1001.51,14522.02
100976,2026-05-01,6933.25,1525.32,100,346.66,4961.27
100977,2026-05-01,5425.92,1193.7,220,271.3,3740.92
100978,2026-05-01,18263.5,4017.97,400,913.18,12932.35
100979,2026-05-01,12504.08,2750.9,220,625.2,8907.98
100980,2026-05-01,18538.42,4078.45,220,926.92,13313.05
100981,2026-05-01,9939.17,2186.62,100,496.96,7155.59
100982,2026-05-01,10436.33,2295.99,100,521.82,7518.52
100983,2026-05-01,6710.58,1476.33,100,335.53,4798.72
100984,2026-05-01,8537.83,1878.32,220,426.89,6012.62
100985,2026-05-01,10091.25,2220.07,100,504.56,7266.62
100986,2026-05-01,7225.0,1589.5,100,361.25,5174.25
100987,2026-05-01,6851.08,1507.24,220,342.55,4781.29
100988,2026-05-01,4896.83,1077.3,220,244.84,3354.69
100989,2026-05-01,14157.08,3114.56,400,707.85,9934.67
100990,2026-05-01,7172.67,1577.99,220,358.63,5016.05
100991,2026-05-01,6556.0,1442.32,100,327.8,4685.88
100992,2026-05-01,5695.17,1252.94,100,284.76,4057.47
100993,2026-05-01,17524.83,3855.46,100,876.24,12693.13
100994,2026-05-01,10062.17,2213.68,220,503.11,7125.38
100995,2026-05-01,4569.5,1005.29,100,228.48,3235.73
100996,2026-05-01,12487.67,2747.29,220,624.38,8896.0
100997,2026-05-01,12617.75,2775.9,220,630.89,8990.96
100998,2026-05-01,15185.92,3340.9,220,759.3,10865.72
100999,2026-05-01,18620.58,4096.53,220,931.03,13373.02
100000,2026-06-01,8680.5,1909.71,100,434.02,6236.77
100001,2026-06-01,16257.42,3576.63,220,812.87,11647.92
100002,2026-06-01,5369.08,1181.2,100,268.45,3819.43
100004,2026-06-01,15845.08,3485.92,100,792.25,11466.91
100005,2026-06-01,4573.08,1006.08,400,228.65,2938.35
100007,2026-06-01,17006.25,3741.38,100,850.31,12314.56
100008,2026-06-01,9640.33,2120.87,220,482.02,6817.44
100009,2026-06-01,6679.5,1469.49,220,333.98,4656.03
100010,2026-06-01,8566.0,1884.52,220,428.3,6033.18
100012,2026-06-01,10164.67,2236.23,100,508.23,7320.21
100013,2026-06-01,12740.83,2802.98,220,637.04,9080.81
100014,2026-06-01,8954.17,1969.92,220,447.71,6316.54
100015,2026-06-01,5773.08,1270.08,400,288.65,3814.35
100016,2026-06-01,17225.17,3789.54,100,861.26,12474.37
100018,2026-06-01,6815.17,1499.34,220,340.76,4755.07
100019,2026-06-01,12049.0,2650.78,400,602.45,8395.77
100020,2026-06-01,4918.67,1082.11,220,245.93,3370.63
100021,2026-06-01,6580.5,1447.71,220,329.02,4583.77
100022,2026-06-01,23708.0,5215.76,220,1185.4,17086.84
100023,2026-06-01,9759.17,2147.02,400,487.96,6724.19
100025,2026-06-01,11119.33,2446.25,100,555.97,8017.11
100026,2026-06-01,5205.42,1145.19,220,260.27,3579.96
100027,2026-06-01,8525.83,1875.68,220,426.29,6003.86
100028,2026-06-01,7089.67,1559.73,100,354.48,5075.46
100029,2026-06-01,7451.17,1639.26,220,372.56,5219.35
100030,2026-06-01,9114.25,2005.14,220,455.71,6433.4
100031,2026-06-01,8216.25,1807.58,100,410.81,5897.86
100032,2026-06-01,9253.5,2035.77,220,462.68,6535.05
100033,2026-06-01,9736.17,2141.96,220,486.81,6887.4
100034,2026-06-01,12268.58,2699.09,220,613.43,8736.06
100035,2026-06-01,6341.67,1395.17,100,317.08,4529.42
100036,2026-06-01,9847.5,2166.45,100,492.38,7088.67
100037,2026-06-01,11105.42,2443.19,400,555.27,7706.96
100038,2026-06-01,5933.42,1305.35,220,296.67,4111.4
100039,2026-06-01,5119.17,1126.22,220,255.96,3516.99
100040,2026-06-01,7219.75,1588.34,400,360.99,4870.42
100041,2026-06-01,8253.92,1815.86,220,412.7,5805.36
100042,2026-06-01,4994.33,1098.75,220,249.72,3425.86
100043,2026-06-01,8371.58,1841.75,100,418.58,6011.25
100044,2026-06-01,6898.42,1517.65,220,344.92,4815.85
100045,2026-06-01,9054.0,1991.88,100,452.7,6509.42
100046,2026-06-01,5786.92,1273.12,220,289.35,4004.45
100047,2026-06-01,13736.0,3021.92,100,686.8,9927.28
100048,2026-06-01,8970.17,1973.44,100,448.51,6448.22
100050,2026-06-01,10294.83,2264.86,220,514.74,7295.23
100052,2026-06-01,8152.25,1793.5,100,407.61,5851.14
100053,2026-06-01,4586.08,1008.94,220,229.3,3127.84
100054,2026-06-01,5083.08,1118.28,100,254.15,3610.65
100056,2026-06-01,10868.25,2391.02,100,543.41,7833.82
100057,2026-06-01,15998.0,3519.56,220,799.9,11458.54
100058,2026-06-01,10190.83,2241.98,220,509.54,7219.31
100059,2026-06-01,13198.92,2903.76,220,659.95,9415.21
100060,2026-06-01,5248.5,1154.67,400,262.42,3431.41
100061,2026-06-01,6331.0,1392.82,100,316.55,4521.63
100062,2026-06-01,10780.17,2371.64,100,539.01,7769.52
100063,2026-06-01,7611.17,1674.46,100,380.56,5456.15
100064,2026-06-01,6886.33,1514.99,100,344.32,4927.02
100065,2026-06-01,10821.25,2380.68,400,541.06,7499.51
100066,2026-06-01,8385.33,1844.77,220,419.27,5901.29
100067,2026-06-01,25490.33,5607.87,100,1274.52,18507.94
100068,2026-06-01,8758.25,1926.82,400,437.91,5993.52
100069,2026-06-01,20797.5,4575.45,220,1039.88,14962.17
100070,2026-06-01,7408.75,1629.92,220,370.44,5188.39
100071,2026-06-01,7233.92,1591.46,220,361.7,5060.76
100072,2026-06-01,6298.83,1385.74,220,314.94,4378.15
100073,2026-06-01,4467.5,982.85,220,223.38,3041.27
100074,2026-06-01,20044.83,4409.86,100,1002.24,14532.73
100075,2026-06-01,12631.25,2778.88,100,631.56,9120.81
100076,2026-06-01,14471.17,3183.66,100,723.56,10463.95
100077,2026-06-01,8099.75,1781.94,220,404.99,5692.82
100078,2026-06-01,11487.5,2527.25,100,574.38,8285.87
100079,2026-06-01,13816.58,3039.65,220,690.83,9866.1
100080,2026-06-01,11379.58,2503.51,400,568.98,7907.09
100082,2026-06-01,9907.17,2179.58,220,495.36,7012.23
100083,2026-06-01,10915.0,2401.3,220,545.75,7747.95
100084,2026-06-01,8578.92,1887.36,400,428.95,5862.61
100085,2026-06-01,12944.58,2847.81,220,647.23,9229.54
100086,2026-06-01,6021.5,1324.73,220,301.08,4175.69
100087,2026-06-01,5435.5,1195.81,100,271.78,3867.91
100088,2026-06-01,6976.58,1534.85,400,348.83,4692.9
100089,2026-06-01,10979.25,2415.44,220,548.96,7794.85
100090,2026-06-01,9218.0,2027.96,220,460.9,6509.14
100092,2026-06-01,9058.67,1992.91,220,452.93,6392.83
100093,2026-06-01,11442.08,2517.26,220,572.1,8132.72
100094,2026-06-01,9769.08,2149.2,220,488.45,6911.43
100095,2026-06-01,6264.33,1378.15,220,313.22,4352.96
100096,2026-06-01,22338.67,4914.51,220,1116.93,16087.23
100097,2026-06-01,5570.75,1225.56,100,278.54,3966.65
100098,2026-06-01,5387.75,1185.3,220,269.39,3713.06
100099,2026-06-01,14312.08,3148.66,220,715.6,10227.82
100100,2026-06-01,7059.17,1553.02,220,352.96,4933.19
100101,2026-06-01,5901.17,1298.26,100,295.06,4207.85
100102,2026-06-01,16101.33,3542.29,220,805.07,11533.97
100103,2026-06-01,7186.0,1580.92,220,359.3,5025.78
100104,2026-06-01,7167.67,1576.89,220,358.38,5012.4
100105,2026-06-01,7746.17,1704.16,220,387.31,5434.7
100106,2026-06-01,9898.83,2177.74,220,494.94,7006.15
100107,2026-06-01,6447.25,1418.4,400,322.36,4306.49
100108,2026-06-01,13323.33,2931.13,220,666.17,9506.03
100109,2026-06-01,12692.5,2792.35,400,634.62,8865.53
100110,2026-06-01,11121.83,2446.8,220,556.09,7898.94
100111,2026-06-01,6017.75,1323.9,220,300.89,4172.96
100113,2026-06-01,5258.42,1156.85,220,262.92,3618.65
100114,2026-06-01,6314.92,1389.28,220,315.75,4389.89
100115,2026-06-01,7822.92,1721.04,100,391.15,5610.73
100116,2026-06-01,5543.42,1219.55,400,277.17,3646.7
100117,2026-06-01,11418.5,2512.07,400,570.93,7935.5
100118,2026-06-01,13536.58,2978.05,400,676.83,9481.7
100119,2026-06-01,10806.58,2377.45,400,540.33,7488.8
100120,2026-06-01,3835.75,843.86,400,191.79,2400.1
100121,2026-06-01,9474.58,2084.41,220,473.73,6696.44
100122,2026-06-01,7508.17,1651.8,400,375.41,5080.96
100123,2026-06-01,10248.17,2254.6,220,512.41,7261.16
100124,2026-06-01,12890.42,2835.89,100,644.52,9310.01
100125,2026-06-01,12644.0,2781.68,220,632.2,9010.12
100126,2026-06-01,5898.25,1297.62,220,294.91,4085.72
100127,2026-06-01,25109.33,5524.05,220,1255.47,18109.81
100128,2026-06-01,11466.67,2522.67,220,573.33,8150.67
100129,2026-06-01,16518.58,3634.09,220,825.93,11838.56
100130,2026-06-01,11063.5,2433.97,100,553.18,7976.35
100131,2026-06-01,12166.33,2676.59,400,608.32,8481.42
100132,2026-06-01,9030.42,1986.69,100,451.52,6492.21
100133,2026-06-01,8659.17,1905.02,220,432.96,6101.19
100134,2026-06-01,9545.08,2099.92,400,477.25,6567.91
100135,2026-06-01,5338.58,1174.49,220,266.93,3677.16
100136,2026-06-01,9853.58,2167.79,100,492.68,7093.11
100137,2026-06-01,6743.17,1483.5,220,337.16,4702.51
100139,2026-06-01,10010.75,2202.37,220,500.54,7087.84
100140,2026-06-01,11183.42,2460.35,100,559.17,8063.9
100141,2026-06-01,6865.5,1510.41,100,343.28,4911.81
100142,2026-06-01,6661.17,1465.46,220,333.06,4642.65
100143,2026-06-01,17323.17,3811.1,100,866.16,12545.91
100144,2026-06-01,10976.0,2414.72,220,548.8,7792.48
100145,2026-06-01,9730.58,2140.73,400,486.53,6703.32
100146,2026-06-01,12212.67,2686.79,220,610.63,8695.25
100147,2026-06-01,10784.33,2372.55,220,539.22,7652.56
100148,2026-06-01,4610.5,1014.31,220,230.52,3145.67
100149,2026-06-01,6351.33,1397.29,400,317.57,4236.47
100150,2026-06-01,7153.0,1573.66,220,357.65,5001.69
100151,2026-06-01,13241.0,2913.02,220,662.05,9445.93
100152,2026-06-01,4035.25,887.76,400,201.76,2545.73
100153,2026-06-01,17275.0,3800.5,220,863.75,12390.75
100155,2026-06-01,26575.08,5846.52,220,1328.75,19179.81
100156,2026-06-01,4712.33,1036.71,100,235.62,3340.0
100157,2026-06-01,15097.75,3321.5,220,754.89,10801.36
100158,2026-06-01,5016.92,1103.72,220,250.85,3442.35
100159,2026-06-01,6329.08,1392.4,100,316.45,4520.23
100160,2026-06-01,4840.67,1064.95,220,242.03,3313.69
100161,2026-06-01,11069.58,2435.31,400,553.48,7680.79
100162,2026-06-01,4848.92,1066.76,100,242.45,3439.71
100163,2026-06-01,10569.58,2325.31,100,528.48,7615.79
100164,2026-06-01,7814.08,1719.1,100,390.7,5604.28
100165,2026-06-01,18310.5,4028.31,100,915.53,13266.66
100166,2026-06-01,6173.33,1358.13,400,308.67,4106.53
100167,2026-06-01,20862.0,4589.64,400,1043.1,14829.26
100168,2026-06-01,12267.5,2698.85,220,613.38,8735.27
100169,2026-06-01,13181.08,2899.84,100,659.05,9522.19
100170,2026-06-01,9016.83,1983.7,220,450.84,6362.29
100171,2026-06-01,10915.92,2401.5,220,545.8,7748.62
100173,2026-06-01,10809.67,2378.13,400,540.48,7491.06
100174,2026-06-01,8078.17,1777.2,100,403.91,5797.06
100175,2026-06-01,6965.75,1532.46,220,348.29,4865.0
100176,2026-06-01,4863.08,1069.88,220,243.15,3330.05
100177,2026-06-01,16644.83,3661.86,100,832.24,12050.73
100178,2026-06-01,16918.42,3722.05,100,845.92,12250.45
100179,2026-06-01,9217.08,2027.76,220,460.85,6508.47
100180,2026-06-01,7824.92,1721.48,220,391.25,5492.19
100181,2026-06-01,10831.58,2382.95,100,541.58,7807.05
100182,2026-06-01,5160.92,1135.4,100,258.05,3667.47
100183,2026-06-01,5078.67,1117.31,220,253.93,3487.43
100184,2026-06-01,8311.25,1828.48,100,415.56,5967.21
100185,2026-06-01,10698.67,2353.71,220,534.93,7590.03
100186,2026-06-01,14414.75,3171.24,400,720.74,10122.77
100187,2026-06-01,10696.92,2353.32,220,534.85,7588.75
100188,2026-06-01,4837.0,1064.14,220,241.85,3311.01
100189,2026-06-01,12882.33,2834.11,220,644.12,9184.1
100190,2026-06-01,4901.33,1078.29,100,245.07,3477.97
100191,2026-06-01,5854.0,1287.88,220,292.7,4053.42
100192,2026-06-01,12652.25,2783.5,100,632.61,9136.14
100193,2026-06-01,8445.0,1857.9,100,422.25,6064.85
100194,2026-06-01,6843.08,1505.48,220,342.15,4775.45
100196,2026-06-01,8446.67,1858.27,400,422.33,5766.07
100197,2026-06-01,16166.92,3556.72,220,808.35,11581.85
100198,2026-06-01,4563.75,1004.02,100,228.19,3231.54
100200,2026-06-01,8561.58,1883.55,400,428.08,5849.95
100201,2026-06-01,7422.5,1632.95,220,371.12,5198.43
100202,2026-06-01,6579.0,1447.38,220,328.95,4582.67
100203,2026-06-01,13526.08,2975.74,100,676.3,9774.04
100204,2026-06-01,8631.67,1898.97,220,431.58,6081.12
100205,2026-06-01,17368.17,3821.0,100,868.41,12578.76
100206,2026-06-01,13897.25,3057.4,100,694.86,10044.99
100207,2026-06-01,4888.08,1075.38,400,244.4,3168.3
100208,2026-06-01,9222.08,2028.86,220,461.1,6512.12
100209,2026-06-01,13887.58,3055.27,220,694.38,9917.93
100210,2026-06-01,11153.92,2453.86,220,557.7,7922.36
100212,2026-06-01,7848.17,1726.6,100,392.41,5629.16
100213,2026-06-01,5729.5,1260.49,220,286.48,3962.53
100214,2026-06-01,13222.33,2908.91,100,661.12,9552.3
100215,2026-06-01,10097.17,2221.38,400,504.86,6970.93
100216,2026-06-01,8898.83,1957.74,220,444.94,6276.15
100217,2026-06-01,5032.33,1107.11,220,251.62,3453.6
100218,2026-06-01,10036.0,2207.92,220,501.8,7106.28
100219,2026-06-01,5876.75,1292.88,400,293.84,3890.03
100220,2026-06-01,6736.25,1481.98,220,336.81,4697.46
100221,2026-06-01,6452.33,1419.51,220,322.62,4490.2
100223,2026-06-01,6743.75,1483.62,220,337.19,4702.94
100225,2026-06-01,4691.0,1032.02,400,234.55,3024.43
100226,2026-06-01,22912.17,5040.68,220,1145.61,16505.88
100227,2026-06-01,24303.17,5346.7,220,1215.16,17521.31
100228,2026-06-01,5716.33,1257.59,400,285.82,3772.92
100229,2026-06-01,8542.92,1879.44,220,427.15,6016.33
100230,2026-06-01,10113.0,2224.86,220,505.65,7162.49
100231,2026-06-01,22245.75,4894.06,400,1112.29,15839.4
100232,2026-06-01,13791.08,3034.04,100,689.55,9967.49
100233,2026-06-01,7508.92,1651.96,400,375.45,5081.51
100234,2026-06-01,11019.25,2424.24,220,550.96,7824.05
100235,2026-06-01,10383.0,2284.26,100,519.15,7479.59
100236,2026-06-01,6845.25,1505.96,220,342.26,4777.03
100237,2026-06-01,15946.0,3508.12,100,797.3,11540.58
100238,2026-06-01,18502.5,4070.55,220,925.12,13286.83
100239,2026-06-01,5925.5,1303.61,220,296.28,4105.61
100240,2026-06-01,8761.92,1927.62,100,438.1,6296.2
100241,2026-06-01,11387.08,2505.16,220,569.35,8092.57
100242,2026-06-01,6620.67,1456.55,220,331.03,4613.09
100243,2026-06-01,17172.58,3777.97,400,858.63,12135.98
100245,2026-06-01,6500.0,1430.0,400,325.0,4345.0
100246,2026-06-01,5690.42,1251.89,220,284.52,3934.01
100247,2026-06-01,11316.75,2489.68,400,565.84,7861.23
100248,2026-06-01,13613.75,2995.02,220,680.69,9718.04
100249,2026-06-01,11776.17,2590.76,220,588.81,8376.6
100250,2026-06-01,5706.58,1255.45,220,285.33,3945.8
100251,2026-06-01,4988.08,1097.38,220,249.4,3421.3
100252,2026-06-01,6368.83,1401.14,220,318.44,4429.25
100253,2026-06-01,7102.42,1562.53,220,355.12,4964.77
100254,2026-06-01,12025.25,2645.56,400,601.26,8378.43
100255,2026-06-01,10559.25,2323.04,220,527.96,7488.25
100256,2026-06-01,5363.08,1179.88,220,268.15,3695.05
100257,2026-06-01,3864.33,850.15,400,193.22,2420.96
100259,2026-06-01,13234.75,2911.64,400,661.74,9261.37
100260,2026-06-01,7427.0,1633.94,220,371.35,5201.71
100261,2026-06-01,11414.83,2511.26,100,570.74,8232.83
100262,2026-06-01,6059.08,1333.0,100,302.95,4323.13
100263,2026-06-01,6853.33,1507.73,400,342.67,4602.93
100264,2026-06-01,10223.42,2249.15,100,511.17,7363.1
100265,2026-06-01,17262.0,3797.64,100,863.1,12501.26
100266,2026-06-01,20461.0,4501.42,400,1023.05,14536.53
100267,2026-06-01,20911.25,4600.48,220,1045.56,15045.21
100268,2026-06-01,9956.5,2190.43,220,497.83,7048.24
100269,2026-06-01,6121.92,1346.82,220,306.1,4249.0
100270,2026-06-01,6912.25,1520.7,100,345.61,4945.94
100271,2026-06-01,11785.0,2592.7,220,589.25,8383.05
100272,2026-06-01,4454.0,979.88,220,222.7,3031.42
100273,2026-06-01,21320.0,4690.4,220,1066.0,15343.6
100274,2026-06-01,10827.17,2381.98,220,541.36,7683.83
100275,2026-06-01,7867.5,1730.85,220,393.38,5523.27
100276,2026-06-01,5192.5,1142.35,100,259.62,3690.53
100277,2026-06-01,5234.75,1151.64,220,261.74,3601.37
100278,2026-06-01,5027.33,1106.01,400,251.37,3269.95
100280,2026-06-01,7629.58,1678.51,400,381.48,5169.59
100281,2026-06-01,7641.75,1681.18,220,382.09,5358.48
100282,2026-06-01,5312.08,1168.66,220,265.6,3657.82
100283,2026-06-01,20675.67,4548.65,220,1033.78,14873.24
100284,2026-06-01,10879.17,2393.42,100,543.96,7841.79
100285,2026-06-01,7004.67,1541.03,100,350.23,5013.41
100286,2026-06-01,11394.0,2506.68,100,569.7,8217.62
100287,2026-06-01,9370.33,2061.47,220,468.52,6620.34
100288,2026-06-01,6778.75,1491.32,220,338.94,4728.49
100289,2026-06-01,10940.92,2407.0,400,547.05,7586.87
100290,2026-06-01,9312.83,2048.82,100,465.64,6698.37
100291,2026-06-01,8201.83,1804.4,220,410.09,5767.34
100292,2026-06-01,11816.33,2599.59,220,590.82,8405.92
100293,2026-06-01,8461.42,1861.51,100,423.07,6076.84
100294,2026-06-01,11670.5,2567.51,220,583.52,8299.47
100295,2026-06-01,5159.58,1135.11,100,257.98,3666.49
100296,2026-06-01,15556.08,3422.34,400,777.8,10955.94
100299,2026-06-01,11442.33,2517.31,400,572.12,7952.9
100300,2026-06-01,8476.83,1864.9,220,423.84,5968.09
100301,2026-06-01,28638.33,6300.43,100,1431.92,20805.98
100302,2026-06-01,8197.33,1803.41,100,409.87,5884.05
100303,2026-06-01,13971.42,3073.71,400,698.57,9799.14
100304,2026-06-01,11121.83,2446.8,220,556.09,7898.94
100306,2026-06-01,8364.5,1840.19,100,418.22,6006.09
100307,2026-06-01,5668.0,1246.96,220,283.4,3917.64
100309,2026-06-01,12367.5,2720.85,400,618.38,8628.27
100310,2026-06-01,5770.17,1269.44,400,288.51,3812.22
100311,2026-06-01,5851.67,1287.37,220,292.58,4051.72
100312,2026-06-01,12069.92,2655.38,220,603.5,8591.04
100314,2026-06-01,9109.0,2003.98,400,455.45,6249.57
100315,2026-06-01,18369.92,4041.38,400,918.5,13010.04
100316,2026-06-01,14169.58,3117.31,400,708.48,9943.79
100317,2026-06-01,8519.0,1874.18,220,425.95,5998.87
100319,2026-06-01,8787.75,1933.3,100,439.39,6315.06
100320,2026-06-01,10857.75,2388.7,220,542.89,7706.16
100321,2026-06-01,16341.0,3595.02,100,817.05,11828.93
100323,2026-06-01,8267.5,1818.85,220,413.38,5815.27
100324,2026-06-01,9459.42,2081.07,100,472.97,6805.38
100325,2026-06-01,5307.75,1167.7,220,265.39,3654.66
100327,2026-06-01,5067.42,1114.83,100,253.37,3599.22
100328,2026-06-01,4227.25,930.0,400,211.36,2685.89
100330,2026-06-01,8772.75,1930.0,220,438.64,6184.11
100331,2026-06-01,20724.17,4559.32,220,1036.21,14908.64
100332,2026-06-01,13843.75,3045.62,220,692.19,9885.94
100333,2026-06-01,10576.42,2326.81,100,528.82,7620.79
100334,2026-06-01,11317.17,2489.78,220,565.86,8041.53
100335,2026-06-01,14355.17,3158.14,400,717.76,10079.27
100336,2026-06-01,12326.58,2711.85,220,616.33,8778.4
100337,2026-06-01,5069.67,1115.33,100,253.48,3600.86
100338,2026-06-01,6560.58,1443.33,100,328.03,4689.22
100339,2026-06-01,7658.33,1684.83,220,382.92,5370.58
100340,2026-06-01,7342.33,1615.31,400,367.12,4959.9
100341,2026-06-01,19121.17,4206.66,220,956.06,13738.45
100343,2026-06-01,5214.67,1147.23,220,260.73,3586.71
100344,2026-06-01,5245.0,1153.9,100,262.25,3728.85
100345,2026-06-01,11093.08,2440.48,220,554.65,7877.95
100346,2026-06-01,24028.17,5286.2,100,1201.41,17440.56
100347,2026-06-01,8809.42,1938.07,400,440.47,6030.88
100349,2026-06-01,17327.83,3812.12,220,866.39,12429.32
100350,2026-06-01,8120.33,1786.47,220,406.02,5707.84
100351,2026-06-01,5032.0,1107.04,220,251.6,3453.36
100352,2026-06-01,12354.58,2718.01,100,617.73,8918.84
100355,2026-06-01,15034.67,3307.63,100,751.73,10875.31
100356,2026-06-01,11688.0,2571.36,220,584.4,8312.24
100357,2026-06-01,16275.42,3580.59,100,813.77,11781.06
100358,2026-06-01,11579.58,2547.51,100,578.98,8353.09
100359,2026-06-01,6324.33,1391.35,400,316.22,4216.76
100361,2026-06-01,13700.25,3014.06,220,685.01,9781.18
100362,2026-06-01,11549.67,2540.93,100,577.48,8331.26
100363,2026-06-01,3770.17,829.44,100,188.51,2652.22
100364,2026-06-01,11440.0,2516.8,220,572.0,8131.2
100365,2026-06-01,5144.67,1131.83,100,257.23,3655.61
100366,2026-06-01,4500.92,990.2,220,225.05,3065.67
100367,2026-06-01,8660.92,1905.4,400,433.05,5922.47
100368,2026-06-01,11644.67,2561.83,400,582.23,8100.61
100369,2026-06-01,7965.67,1752.45,100,398.28,5714.94
100370,2026-06-01,6752.25,1485.5,220,337.61,4709.14
100371,2026-06-01,4764.75,1048.25,400,238.24,3078.26
100373,2026-06-01,13132.83,2889.22,400,656.64,9186.97
100374,2026-06-01,9200.08,2024.02,400,460.0,6316.06
100375,2026-06-01,14690.92,3232.0,220,734.55,10504.37
100376,2026-06-01,6174.08,1358.3,220,308.7,4287.08
100377,2026-06-01,8512.33,1872.71,220,425.62,5994.0
100378,2026-06-01,10819.25,2380.24,400,540.96,7498.05
100379,2026-06-01,13340.17,2934.84,400,667.01,9338.32
100380,2026-06-01,8031.83,1767.0,220,401.59,5643.24
100381,2026-06-01,6562.0,1443.64,220,328.1,4570.26
100382,2026-06-01,8310.58,1828.33,220,415.53,5846.72
100383,2026-06-01,16426.5,3613.83,100,821.32,11891.35
100384,2026-06-01,7032.0,1547.04,100,351.6,5033.36
100385,2026-06-01,12282.67,2702.19,220,614.13,8746.35
100386,2026-06-01,13437.83,2956.32,220,671.89,9589.62
100387,2026-06-01,19774.58,4350.41,400,988.73,14035.44
100388,2026-06-01,5405.33,1189.17,100,270.27,3845.89
100389,2026-06-01,10352.33,2277.51,400,517.62,7157.2
100390,2026-06-01,20769.58,4569.31,400,1038.48,14761.79
100391,2026-06-01,14999.0,3299.78,100,749.95,10849.27
100392,2026-06-01,5543.33,1219.53,220,277.17,3826.63
100393,2026-06-01,6182.58,1360.17,400,309.13,4113.28
100394,2026-06-01,12968.25,2853.02,220,648.41,9246.82
100395,2026-06-01,8335.83,1833.88,220,416.79,5865.16
100396,2026-06-01,11296.17,2485.16,400,564.81,7846.2
100397,2026-06-01,6699.08,1473.8,400,334.95,4490.33
100398,2026-06-01,8422.83,1853.02,220,421.14,5928.67
100399,2026-06-01,15068.42,3315.05,220,753.42,10779.95
100400,2026-06-01,7698.92,1693.76,100,384.95,5520.21
100401,2026-06-01,12987.5,2857.25,100,649.38,9380.87
100402,2026-06-01,4807.25,1057.6,220,240.36,3289.29
100403,2026-06-01,3913.0,860.86,100,195.65,2756.49
100405,2026-06-01,17010.75,3742.36,220,850.54,12197.85
100406,2026-06-01,7707.08,1695.56,400,385.35,5226.17
100407,2026-06-01,12261.25,2697.48,100,613.06,8850.71
100408,2026-06-01,8685.67,1910.85,220,434.28,6120.54
100409,2026-06-01,14404.67,3169.03,400,720.23,10115.41
100410,2026-06-01,9250.0,2035.0,100,462.5,6652.5
100411,2026-06-01,3873.42,852.15,400,193.67,2427.6
100413,2026-06-01,16889.0,3715.58,220,844.45,12108.97
100414,2026-06-01,4729.75,1040.54,220,236.49,3232.72
100415,2026-06-01,12754.75,2806.04,220,637.74,9090.97
100416,2026-06-01,9236.33,2031.99,100,461.82,6642.52
100417,2026-06-01,27686.58,6091.05,400,1384.33,19811.2
100418,2026-06-01,4006.42,881.41,400,200.32,2524.69
100419,2026-06-01,7977.08,1754.96,220,398.85,5603.27
100421,2026-06-01,5915.33,1301.37,220,295.77,4098.19
100422,2026-06-01,6780.33,1491.67,220,339.02,4729.64
100423,2026-06-01,7281.25,1601.88,220,364.06,5095.31
100424,2026-06-01,14758.17,3246.8,220,737.91,10553.46
100425,2026-06-01,12702.75,2794.6,220,635.14,9053.01
100426,2026-06-01,5578.17,1227.2,100,278.91,3972.06
100427,2026-06-01,7865.42,1730.39,100,393.27,5641.76
100428,2026-06-01,13796.0,3035.12,220,689.8,9851.08
100429,2026-06-01,7024.0,1545.28,220,351.2,4907.52
100430,2026-06-01,11399.17,2507.82,100,569.96,8221.39
100432,2026-06-01,7530.83,1656.78,220,376.54,5277.51
100433,2026-06-01,4376.92,962.92,220,218.85,2975.15
100435,2026-06-01,10797.42,2375.43,400,539.87,7482.12
100436,2026-06-01,14440.08,3176.82,220,722.0,10321.26
100437,2026-06-01,10342.92,2275.44,220,517.15,7330.33
100438,2026-06-01,11398.58,2507.69,400,569.93,7920.96
100439,2026-06-01,5788.83,1273.54,220,289.44,4005.85
100440,2026-06-01,10791.08,2374.04,100,539.55,7777.49
100441,2026-06-01,15171.75,3337.78,220,758.59,10855.38
100442,2026-06-01,14404.92,3169.08,220,720.25,10295.59
100443,2026-06-01,4336.17,953.96,100,216.81,3065.4
100444,2026-06-01,5219.42,1148.27,100,260.97,3710.18
100446,2026-06-01,13595.75,2991.06,400,679.79,9524.9
100447,2026-06-01,5823.92,1281.26,220,291.2,4031.46
100449,2026-06-01,8707.17,1915.58,100,435.36,6256.23
100451,2026-06-01,8088.33,1779.43,100,404.42,5804.48
100452,2026-06-01,5294.25,1164.73,100,264.71,3764.81
100453,2026-06-01,11224.0,2469.28,220,561.2,7973.52
100454,2026-06-01,14666.5,3226.63,220,733.32,10486.55
100455,2026-06-01,10523.92,2315.26,220,526.2,7462.46
100456,2026-06-01,7653.92,1683.86,100,382.7,5487.36
100457,2026-06-01,13215.58,2907.43,220,660.78,9427.37
100458,2026-06-01,7028.17,1546.2,400,351.41,4730.56
100459,2026-06-01,12509.33,2752.05,100,625.47,9031.81
100460,2026-06-01,3893.25,856.52,400,194.66,2442.07
100461,2026-06-01,6875.42,1512.59,220,343.77,4799.06
100462,2026-06-01,13574.25,2986.34,220,678.71,9689.2
100463,2026-06-01,13339.67,2934.73,220,666.98,9517.96
100464,2026-06-01,13062.17,2873.68,220,653.11,9315.38
100465,2026-06-01,13688.0,3011.36,100,684.4,9892.24
100466,2026-06-01,4215.33,927.37,400,210.77,2677.19
100467,2026-06-01,12254.42,2695.97,220,612.72,8725.73
100468,2026-06-01,11280.58,2481.73,220,564.03,8014.82
100469,2026-06-01,10966.0,2412.52,220,548.3,7785.18
100470,2026-06-01,17546.25,3860.18,220,877.31,12588.76
100471,2026-06-01,6623.5,1457.17,220,331.18,4615.15
100472,2026-06-01,7088.92,1559.56,220,354.45,4954.91
100473,2026-06-01,4862.67,1069.79,100,243.13,3449.75
100474,2026-06-01,9783.5,2152.37,220,489.18,6921.95
100475,2026-06-01,7670.33,1687.47,400,383.52,5199.34
100476,2026-06-01,10035.25,2207.76,100,501.76,7225.73
100477,2026-06-01,13654.17,3003.92,400,682.71,9567.54
100478,2026-06-01,6978.67,1535.31,100,348.93,4994.43
100479,2026-06-01,8288.5,1823.47,400,414.42,5650.61
100481,2026-06-01,11201.92,2464.42,400,560.1,7777.4
100482,2026-06-01,7949.92,1748.98,400,397.5,5403.44
100483,2026-06-01,9016.92,1983.72,400,450.85,6182.35
100484,2026-06-01,20660.83,4545.38,220,1033.04,14862.41
100485,2026-06-01,28755.75,6326.26,220,1437.79,20771.7
100486,2026-06-01,10517.33,2313.81,100,525.87,7577.65
100487,2026-06-01,4355.0,958.1,220,217.75,2959.15
100488,2026-06-01,7080.92,1557.8,100,354.05,5069.07
100489,2026-06-01,8902.5,1958.55,220,445.12,6278.83
100490,2026-06-01,6715.92,1477.5,220,335.8,4682.62
100492,2026-06-01,19687.83,4331.32,100,984.39,14272.12
100493,2026-06-01,4296.92,945.32,400,214.85,2736.75
100494,2026-06-01,6047.33,1330.41,100,302.37,4314.55
100495,2026-06-01,10874.67,2392.43,220,543.73,7718.51
100496,2026-06-01,9777.67,2151.09,220,488.88,6917.7
100497,2026-06-01,13614.25,2995.14,220,680.71,9718.4
100498,2026-06-01,8835.75,1943.86,100,441.79,6350.1
100499,2026-06-01,12362.5,2719.75,220,618.12,8804.63
100500,2026-06-01,18476.5,4064.83,100,923.82,13387.85
100501,2026-06-01,13653.25,3003.72,100,682.66,9866.87
100502,2026-06-01,8818.33,1940.03,220,440.92,6217.38
100503,2026-06-01,10912.33,2400.71,100,545.62,7866.0
100505,2026-06-01,11988.83,2637.54,100,599.44,8651.85
100506,2026-06-01,9972.08,2193.86,100,498.6,7179.62
100507,2026-06-01,5599.83,1231.96,400,279.99,3687.88
100508,2026-06-01,5031.42,1106.91,100,251.57,3572.94
100509,2026-06-01,11667.25,2566.8,220,583.36,8297.09
100510,2026-06-01,16056.0,3532.32,100,802.8,11620.88
100511,2026-06-01,8846.25,1946.18,220,442.31,6237.76
100513,2026-06-01,16960.25,3731.26,100,848.01,12280.98
100514,2026-06-01,15712.5,3456.75,100,785.62,11370.13
100515,2026-06-01,9002.33,1980.51,400,450.12,6171.7
100516,2026-06-01,14130.58,3108.73,100,706.53,10215.32
100517,2026-06-01,8158.42,1794.85,220,407.92,5735.65
100518,2026-06-01,16986.5,3737.03,100,849.32,12300.15
100519,2026-06-01,4433.17,975.3,220,221.66,3016.21
100520,2026-06-01,20566.25,4524.58,100,1028.31,14913.36
100521,2026-06-01,11534.92,2537.68,400,576.75,8020.49
100522,2026-06-01,9466.42,2082.61,220,473.32,6690.49
100523,2026-06-01,3541.83,779.2,220,177.09,2365.54
100524,2026-06-01,10794.42,2374.77,100,539.72,7779.93
100525,2026-06-01,15763.17,3467.9,400,788.16,11107.11
100526,2026-06-01,11571.83,2545.8,100,578.59,8347.44
100527,2026-06-01,8967.08,1972.76,220,448.35,6325.97
100528,2026-06-01,7384.67,1624.63,400,369.23,4990.81
100529,2026-06-01,10338.17,2274.4,220,516.91,7326.86
100530,2026-06-01,6578.75,1447.32,100,328.94,4702.49
100531,2026-06-01,6062.75,1333.8,220,303.14,4205.81
100532,2026-06-01,6517.58,1433.87,220,325.88,4537.83
100533,2026-06-01,10914.58,2401.21,100,545.73,7867.64
100534,2026-06-01,15839.75,3484.74,400,791.99,11163.02
100535,2026-06-01,12577.25,2767.0,100,628.86,9081.39
100536,2026-06-01,7157.5,1574.65,400,357.88,4824.97
100537,2026-06-01,7039.92,1548.78,220,352.0,4919.14
100538,2026-06-01,5360.33,1179.27,400,268.02,3513.04
100539,2026-06-01,12636.33,2779.99,400,631.82,8824.52
100540,2026-06-01,5355.08,1178.12,220,267.75,3689.21
100541,2026-06-01,6442.92,1417.44,220,322.15,4483.33
100542,2026-06-01,22225.92,4889.7,400,1111.3,15824.92
100543,2026-06-01,12131.75,2668.98,100,606.59,8756.18
100544,2026-06-01,10928.5,2404.27,400,546.43,7577.8
100546,2026-06-01,7282.33,1602.11,220,364.12,5096.1
100547,2026-06-01,8815.83,1939.48,400,440.79,6035.56
100548,2026-06-01,6767.83,1488.92,100,338.39,4840.52
100549,2026-06-01,8600.08,1892.02,220,430.0,6058.06
100550,2026-06-01,21351.0,4697.22,220,1067.55,15366.23
100551,2026-06-01,8685.83,1910.88,220,434.29,6120.66
100552,2026-06-01,9954.83,2190.06,100,497.74,7167.03
100553,2026-06-01,5249.58,1154.91,220,262.48,3612.19
100554,2026-06-01,11432.58,2515.17,220,571.63,8125.78
100555,2026-06-01,7406.17,1629.36,220,370.31,5186.5
100556,2026-06-01,13612.83,2994.82,400,680.64,9537.37
100557,2026-06-01,8637.25,1900.2,220,431.86,6085.19
100558,2026-06-01,12343.0,2715.46,220,617.15,8790.39
100559,2026-06-01,7384.0,1624.48,220,369.2,5170.32
100560,2026-06-01,6749.92,1484.98,220,337.5,4707.44
100561,2026-06-01,6562.5,1443.75,220,328.12,4570.63
100562,2026-06-01,6357.83,1398.72,220,317.89,4421.22
100563,2026-06-01,15866.17,3490.56,220,793.31,11362.3
100564,2026-06-01,14617.92,3215.94,220,730.9,10451.08
100565,2026-06-01,3888.08,855.38,400,194.4,2438.3
100566,2026-06-01,3949.83,868.96,220,197.49,2663.38
100567,2026-06-01,5983.33,1316.33,100,299.17,4267.83
100568,2026-06-01,20432.83,4495.22,220,1021.64,14695.97
100569,2026-06-01,11076.0,2436.72,220,553.8,7865.48
100570,2026-06-01,6261.42,1377.51,100,313.07,4470.84
100571,2026-06-01,7052.5,1551.55,400,352.62,4748.33
100572,2026-06-01,11531.75,2536.98,220,576.59,8198.18
100573,2026-06-01,11173.83,2458.24,100,558.69,8056.9
100574,2026-06-01,6715.92,1477.5,220,335.8,4682.62
100575,2026-06-01,6684.0,1470.48,220,334.2,4659.32
100576,2026-06-01,15501.5,3410.33,220,775.08,11096.09
100577,2026-06-01,10927.33,2404.01,400,546.37,7576.95
100580,2026-06-01,21378.67,4703.31,220,1068.93,15386.43
100581,2026-06-01,7295.67,1605.05,220,364.78,5105.84
100582,2026-06-01,10219.0,2248.18,220,510.95,7239.87
100585,2026-06-01,4874.25,1072.34,220,243.71,3338.2
100586,2026-06-01,5141.08,1131.04,400,257.05,3352.99
100587,2026-06-01,14877.25,3273.0,100,743.86,10760.39
100588,2026-06-01,11033.75,2427.43,220,551.69,7834.63
100589,2026-06-01,5349.5,1176.89,100,267.48,3805.13
100591,2026-06-01,7428.42,1634.25,220,371.42,5202.75
100592,2026-06-01,7946.25,1748.18,100,397.31,5700.76
100593,2026-06-01,11690.33,2571.87,220,584.52,8313.94
100594,2026-06-01,6483.5,1426.37,400,324.18,4332.95
100595,2026-06-01,7052.08,1551.46,220,352.6,4928.02
100596,2026-06-01,7352.83,1617.62,400,367.64,4967.57
100597,2026-06-01,8821.83,1940.8,100,441.09,6339.94
100598,2026-06-01,11494.08,2528.7,220,574.7,8170.68
100600,2026-06-01,11138.67,2450.51,100,556.93,8031.23
100601,2026-06-01,8159.67,1795.13,220,407.98,5736.56
100602,2026-06-01,5330.08,1172.62,220,266.5,3670.96
100604,2026-06-01,16246.33,3574.19,100,812.32,11759.82
100605,2026-06-01,13904.5,3058.99,220,695.22,9930.29
100606,2026-06-01,10700.58,2354.13,220,535.03,7591.42
100607,2026-06-01,8696.83,1913.3,220,434.84,6128.69
100608,2026-06-01,8145.33,1791.97,400,407.27,5546.09
100609,2026-06-01,12460.17,2741.24,400,623.01,8695.92
100610,2026-06-01,14116.08,3105.54,220,705.8,10084.74
100611,2026-06-01,5366.17,1180.56,100,268.31,3817.3
100612,2026-06-01,8289.5,1823.69,100,414.48,5951.33
100613,2026-06-01,10677.92,2349.14,220,533.9,7574.88
100614,2026-06-01,9642.92,2121.44,100,482.15,6939.33
100615,2026-06-01,8986.75,1977.08,220,449.34,6340.33
100616,2026-06-01,10049.33,2210.85,220,502.47,7116.01
100617,2026-06-01,5453.92,1199.86,220,272.7,3761.36
100618,2026-06-01,8953.58,1969.79,100,447.68,6436.11
100620,2026-06-01,6766.25,1488.58,220,338.31,4719.36
100621,2026-06-01,13415.0,2951.3,220,670.75,9572.95
100622,2026-06-01,5177.0,1138.94,100,258.85,3679.21
100623,2026-06-01,6607.83,1453.72,400,330.39,4423.72
100624,2026-06-01,8657.92,1904.74,400,432.9,5920.28
100625,2026-06-01,4413.75,971.02,400,220.69,2822.04
100627,2026-06-01,8491.42,1868.11,220,424.57,5978.74
100628,2026-06-01,6569.5,1445.29,100,328.48,4695.73
100629,2026-06-01,21338.08,4694.38,220,1066.9,15356.8
100631,2026-06-01,4304.0,946.88,100,215.2,3041.92
100632,2026-06-01,5657.5,1244.65,220,282.88,3909.97
100633,2026-06-01,8815.92,1939.5,220,440.8,6215.62
100634,2026-06-01,7927.08,1743.96,220,396.35,5566.77
100635,2026-06-01,7483.0,1646.26,400,374.15,5062.59
100636,2026-06-01,13299.75,2925.94,220,664.99,9488.82
100637,2026-06-01,5595.58,1231.03,100,279.78,3984.77
100638,2026-06-01,14102.42,3102.53,220,705.12,10074.77
100639,2026-06-01,10883.17,2394.3,220,544.16,7724.71
100640,2026-06-01,5022.25,1104.9,220,251.11,3446.24
100641,2026-06-01,11061.17,2433.46,100,553.06,7974.65
100642,2026-06-01,7234.0,1591.48,220,361.7,5060.82
100643,2026-06-01,9414.83,2071.26,100,470.74,6772.83
100644,2026-06-01,4594.58,1010.81,220,229.73,3134.04
100645,2026-06-01,4923.42,1083.15,400,246.17,3194.1
100646,2026-06-01,10648.58,2342.69,100,532.43,7673.46
100647,2026-06-01,6447.83,1418.52,220,322.39,4486.92
100648,2026-06-01,15312.33,3368.71,220,765.62,10958.0
100649,2026-06-01,7046.92,1550.32,220,352.35,4924.25
100650,2026-06-01,7896.0,1737.12,100,394.8,5664.08
100651,2026-06-01,13674.25,3008.34,220,683.71,9762.2
100652,2026-06-01,6387.83,1405.32,100,319.39,4563.12
100653,2026-06-01,7037.58,1548.27,220,351.88,4917.43
100654,2026-06-01,6883.83,1514.44,100,344.19,4925.2
100655,2026-06-01,5839.58,1284.71,400,291.98,3862.89
100656,2026-06-01,7152.75,1573.6,220,357.64,5001.51
100658,2026-06-01,20135.42,4429.79,220,1006.77,14478.86
100659,2026-06-01,5172.17,1137.88,100,258.61,3675.68
100660,2026-06-01,8341.08,1835.04,100,417.05,5988.99
100661,2026-06-01,5242.58,1153.37,100,262.13,3727.08
100662,2026-06-01,5723.17,1259.1,100,286.16,4077.91
100663,2026-06-01,6278.33,1381.23,100,313.92,4483.18
100664,2026-06-01,13645.25,3001.96,220,682.26,9741.03
100665,2026-06-01,10290.0,2263.8,220,514.5,7291.7
100666,2026-06-01,18222.92,4009.04,100,911.15,13202.73
100667,2026-06-01,5867.83,1290.92,400,293.39,3883.52
100668,2026-06-01,7056.42,1552.41,100,352.82,5051.19
100669,2026-06-01,28665.42,6306.39,100,1433.27,20825.76
100670,2026-06-01,10780.25,2371.66,400,539.01,7469.58
100671,2026-06-01,7269.33,1599.25,220,363.47,5086.61
100672,2026-06-01,5318.83,1170.14,220,265.94,3662.75
100673,2026-06-01,11219.5,2468.29,100,560.98,8090.23
100674,2026-06-01,9789.92,2153.78,220,489.5,6926.64
100675,2026-06-01,12678.92,2789.36,100,633.95,9155.61
100676,2026-06-01,6499.75,1429.94,100,324.99,4644.82
100677,2026-06-01,11500.67,2530.15,100,575.03,8295.49
100678,2026-06-01,5060.25,1113.26,100,253.01,3593.98
100679,2026-06-01,9813.08,2158.88,100,490.65,7063.55
100680,2026-06-01,10948.75,2408.72,220,547.44,7772.59
100681,2026-06-01,9909.75,2180.14,220,495.49,7014.12
100682,2026-06-01,3952.92,869.64,220,197.65,2665.63
100683,2026-06-01,6885.42,1514.79,100,344.27,4926.36
100684,2026-06-01,17231.75,3790.98,100,861.59,12479.18
100685,2026-06-01,13735.75,3021.86,220,686.79,9807.1
100686,2026-06-01,9277.25,2041.0,400,463.86,6372.39
100687,2026-06-01,5356.58,1178.45,100,267.83,3810.3
100688,2026-06-01,9791.0,2154.02,100,489.55,7047.43
100689,2026-06-01,6305.67,1387.25,400,315.28,4203.14
100690,2026-06-01,12502.5,2750.55,100,625.12,9026.83
100691,2026-06-01,8412.67,1850.79,100,420.63,6041.25
100693,2026-06-01,8314.83,1829.26,400,415.74,5669.83
100694,2026-06-01,10393.92,2286.66,220,519.7,7367.56
100695,2026-06-01,7690.33,1691.87,220,384.52,5393.94
100696,2026-06-01,11758.92,2586.96,220,587.95,8364.01
100697,2026-06-01,7725.67,1699.65,100,386.28,5539.74
100698,2026-06-01,16491.42,3628.11,100,824.57,11938.74
100699,2026-06-01,6469.58,1423.31,400,323.48,4322.79
100700,2026-06-01,6436.0,1415.92,400,321.8,4298.28
100701,2026-06-01,5268.75,1159.12,100,263.44,3746.19
100702,2026-06-01,10903.75,2398.82,100,545.19,7859.74
100703,2026-06-01,8553.17,1881.7,220,427.66,6023.81
100704,2026-06-01,8554.83,1882.06,100,427.74,6145.03
100705,2026-06-01,7180.83,1579.78,400,359.04,4842.01
100706,2026-06-01,13629.17,2998.42,220,681.46,9729.29
100707,2026-06-01,4305.42,947.19,220,215.27,2922.96
100708,2026-06-01,9827.75,2162.1,220,491.39,6954.26
100711,2026-06-01,5370.42,1181.49,220,268.52,3700.41
100712,2026-06-01,5761.5,1267.53,220,288.08,3985.89
100713,2026-06-01,7788.17,1713.4,220,389.41,5465.36
100714,2026-06-01,7209.33,1586.05,220,360.47,5042.81
100715,2026-06-01,16636.08,3659.94,220,831.8,11924.34
100716,2026-06-01,5369.5,1181.29,220,268.48,3699.73
100717,2026-06-01,10831.58,2382.95,100,541.58,7807.05
100718,2026-06-01,3733.25,821.32,220,186.66,2505.27
100719,2026-06-01,5482.5,1206.15,220,274.12,3782.23
100721,2026-06-01,9970.5,2193.51,220,498.52,7058.47
100722,2026-06-01,7369.75,1621.34,400,368.49,4979.92
100723,2026-06-01,18419.0,4052.18,220,920.95,13225.87
100724,2026-06-01,6979.67,1535.53,400,348.98,4695.16
100725,2026-06-01,9633.42,2119.35,220,481.67,6812.4
100726,2026-06-01,5184.83,1140.66,220,259.24,3564.93
100727,2026-06-01,3812.67,838.79,220,190.63,2563.25
100728,2026-06-01,5075.42,1116.59,400,253.77,3305.06
100729,2026-06-01,8172.67,1797.99,400,408.63,5566.05
100730,2026-06-01,14347.0,3156.34,100,717.35,10373.31
100731,2026-06-01,6849.92,1506.98,100,342.5,4900.44
100732,2026-06-01,6443.08,1417.48,220,322.15,4483.45
100733,2026-06-01,15017.33,3303.81,100,750.87,10862.65
100734,2026-06-01,19534.33,4297.55,100,976.72,14160.06
100735,2026-06-01,10284.42,2262.57,100,514.22,7407.63
100736,2026-06-01,8202.33,1804.51,100,410.12,5887.7
100737,2026-06-01,29003.42,6380.75,220,1450.17,20952.5
100738,2026-06-01,8939.25,1966.64,400,446.96,6125.65
100739,2026-06-01,11247.58,2474.47,220,562.38,7990.73
100740,2026-06-01,18417.0,4051.74,220,920.85,13224.41
100741,2026-06-01,8336.33,1833.99,220,416.82,5865.52
100742,2026-06-01,10814.75,2379.24,100,540.74,7794.77
100743,2026-06-01,11351.5,2497.33,220,567.58,8066.59
100744,2026-06-01,11735.08,2581.72,220,586.75,8346.61
100745,2026-06-01,8555.0,1882.1,100,427.75,6145.15
100746,2026-06-01,16338.5,3594.47,220,816.92,11707.11
100748,2026-06-01,8886.83,1955.1,400,444.34,6087.39
100749,2026-06-01,8918.17,1962.0,220,445.91,6290.26
100750,2026-06-01,12864.08,2830.1,400,643.2,8990.78
100751,2026-06-01,14185.92,3120.9,220,709.3,10135.72
100752,2026-06-01,7566.33,1664.59,220,378.32,5303.42
100753,2026-06-01,11114.33,2445.15,220,555.72,7893.46
100754,2026-06-01,7125.08,1567.52,220,356.25,4981.31
100755,2026-06-01,7510.33,1652.27,220,375.52,5262.54
100756,2026-06-01,4447.33,978.41,100,222.37,3146.55
100757,2026-06-01,5292.08,1164.26,220,264.6,3643.22
100759,2026-06-01,16646.92,3662.32,100,832.35,12052.25
100760,2026-06-01,8275.67,1820.65,220,413.78,5821.24
100761,2026-06-01,6051.83,1331.4,220,302.59,4197.84
100762,2026-06-01,7634.0,1679.48,220,381.7,5352.82
100763,2026-06-01,11155.83,2454.28,220,557.79,7923.76
100764,2026-06-01,4913.58,1080.99,220,245.68,3366.91
100765,2026-06-01,10265.58,2258.43,220,513.28,7273.87
100766,2026-06-01,4292.58,944.37,220,214.63,2913.58
100767,2026-06-01,8757.25,1926.6,220,437.86,6172.79
100770,2026-06-01,11113.75,2445.02,220,555.69,7893.04
100771,2026-06-01,7785.42,1712.79,100,389.27,5583.36
100773,2026-06-01,10032.92,2207.24,220,501.65,7104.03
100774,2026-06-01,13454.67,2960.03,400,672.73,9421.91
100775,2026-06-01,9048.75,1990.72,100,452.44,6505.59
100776,2026-06-01,14264.5,3138.19,100,713.22,10313.09
100777,2026-06-01,16143.75,3551.62,400,807.19,11384.94
100778,2026-06-01,7008.92,1541.96,400,350.45,4716.51
100779,2026-06-01,6789.5,1493.69,100,339.48,4856.33
100780,2026-06-01,6555.0,1442.1,100,327.75,4685.15
100781,2026-06-01,8067.0,1774.74,220,403.35,5668.91
100782,2026-06-01,5233.25,1151.32,100,261.66,3720.27
100783,2026-06-01,12436.25,2735.98,100,621.81,8978.46
100784,2026-06-01,13466.08,2962.54,220,673.3,9610.24
100785,2026-06-01,8971.83,1973.8,400,448.59,6149.44
100787,2026-06-01,13739.67,3022.73,220,686.98,9809.96
100788,2026-06-01,5421.67,1192.77,100,271.08,3857.82
100790,2026-06-01,12614.25,2775.14,100,630.71,9108.4
100792,2026-06-01,9448.5,2078.67,220,472.42,6677.41
100793,2026-06-01,5583.42,1228.35,400,279.17,3675.9
100794,2026-06-01,7108.33,1563.83,100,355.42,5089.08
100795,2026-06-01,11133.67,2449.41,220,556.68,7907.58
100796,2026-06-01,20729.75,4560.54,220,1036.49,14912.72
100797,2026-06-01,8692.92,1912.44,100,434.65,6245.83
100798,2026-06-01,4948.75,1088.72,400,247.44,3212.59
100799,2026-06-01,9062.92,1993.84,220,453.15,6395.93
100800,2026-06-01,11550.17,2541.04,400,577.51,8031.62
100801,2026-06-01,10572.17,2325.88,220,528.61,7497.68
100802,2026-06-01,17342.33,3815.31,220,867.12,12439.9
100803,2026-06-01,5140.08,1130.82,400,257.0,3352.26
100804,2026-06-01,10497.5,2309.45,220,524.88,7443.17
100805,2026-06-01,11117.17,2445.78,100,555.86,8015.53
100806,2026-06-01,9505.83,2091.28,400,475.29,6539.26
100807,2026-06-01,19744.83,4343.86,100,987.24,14313.73
100808,2026-06-01,6196.58,1363.25,400,309.83,4123.5
100809,2026-06-01,5016.0,1103.52,220,250.8,3441.68
100810,2026-06-01,4199.25,923.84,100,209.96,2965.45
100811,2026-06-01,4671.92,1027.82,100,233.6,3310.5
100812,2026-06-01,5983.17,1316.3,220,299.16,4147.71
100813,2026-06-01,15237.42,3352.23,400,761.87,10723.32
100814,2026-06-01,13581.0,2987.82,100,679.05,9814.13
100816,2026-06-01,6301.0,1386.22,100,315.05,4499.73
100817,2026-06-01,5913.75,1301.03,100,295.69,4217.03
100818,2026-06-01,9587.17,2109.18,100,479.36,6898.63
100819,2026-06-01,6920.75,1522.56,220,346.04,4832.15
100820,2026-06-01,6113.17,1344.9,400,305.66,4062.61
100821,2026-06-01,15101.75,3322.38,220,755.09,10804.28
100822,2026-06-01,19683.5,4330.37,400,984.18,13968.95
100823,2026-06-01,15580.33,3427.67,100,779.02,11273.64
100824,2026-06-01,11857.5,2608.65,220,592.88,8435.97
100826,2026-06-01,4686.58,1031.05,400,234.33,3021.2
100827,2026-06-01,18022.5,3964.95,400,901.12,12756.43
100828,2026-06-01,12748.67,2804.71,220,637.43,9086.53
100829,2026-06-01,12744.17,2803.72,220,637.21,9083.24
100830,2026-06-01,5514.92,1213.28,100,275.75,3925.89
100831,2026-06-01,7982.92,1756.24,100,399.15,5727.53
100832,2026-06-01,8599.0,1891.78,220,429.95,6057.27
100833,2026-06-01,10704.58,2355.01,220,535.23,7594.34
100834,2026-06-01,23584.92,5188.68,220,1179.25,16996.99
100835,2026-06-01,11301.08,2486.24,220,565.05,8029.79
100836,2026-06-01,8765.92,1928.5,220,438.3,6179.12
100837,2026-06-01,7140.0,1570.8,100,357.0,5112.2
100838,2026-06-01,9127.83,2008.12,220,456.39,6443.32
100839,2026-06-01,9194.42,2022.77,100,459.72,6611.93
100840,2026-06-01,9322.58,2050.97,100,466.13,6705.48
100841,2026-06-01,4605.83,1013.28,100,230.29,3262.26
100842,2026-06-01,5021.33,1104.69,220,251.07,3445.57
100843,2026-06-01,8628.5,1898.27,400,431.42,5898.81
100844,2026-06-01,10066.42,2214.61,100,503.32,7248.49
100845,2026-06-01,9662.75,2125.8,100,483.14,6953.81
100846,2026-06-01,17932.25,3945.1,220,896.61,12870.54
100847,2026-06-01,6391.25,1406.08,220,319.56,4445.61
100848,2026-06-01,20760.5,4567.31,220,1038.03,14935.16
100849,2026-06-01,24898.92,5477.76,400,1244.95,17776.21
100850,2026-06-01,7463.92,1642.06,220,373.2,5228.66
100851,2026-06-01,8592.25,1890.3,400,429.61,5872.34
100854,2026-06-01,7800.67,1716.15,220,390.03,5474.49
100855,2026-06-01,6861.75,1509.58,220,343.09,4789.08
100856,2026-06-01,21650.67,4763.15,220,1082.53,15584.99
100857,2026-06-01,10425.0,2293.5,220,521.25,7390.25
100858,2026-06-01,8507.42,1871.63,220,425.37,5990.42
100859,2026-06-01,6475.58,1424.63,220,323.78,4507.17
100860,2026-06-01,10626.83,2337.9,100,531.34,7657.59
100861,2026-06-01,11344.92,2495.88,100,567.25,8181.79
100862,2026-06-01,14668.58,3227.09,220,733.43,10488.06
100863,2026-06-01,5644.83,1241.86,220,282.24,3900.73
100865,2026-06-01,7596.75,1671.28,220,379.84,5325.63
100866,2026-06-01,18025.75,3965.66,220,901.29,12938.8
100867,2026-06-01,6642.83,1461.42,220,332.14,4629.27
100868,2026-06-01,9667.5,2126.85,100,483.38,6957.27
100870,2026-06-01,10999.5,2419.89,400,549.98,7629.63
100871,2026-06-01,7119.33,1566.25,100,355.97,5097.11
100872,2026-06-01,10804.58,2377.01,220,540.23,7667.34
100873,2026-06-01,8880.58,1953.73,220,444.03,6262.82
100874,2026-06-01,8840.5,1944.91,220,442.02,6233.57
100875,2026-06-01,21667.5,4766.85,100,1083.38,15717.27
100876,2026-06-01,8366.17,1840.56,100,418.31,6007.3
100877,2026-06-01,3871.17,851.66,100,193.56,2725.95
100878,2026-06-01,8573.0,1886.06,220,428.65,6038.29
100879,2026-06-01,5507.67,1211.69,400,275.38,3620.6
100880,2026-06-01,5039.08,1108.6,220,251.95,3458.53
100881,2026-06-01,22328.92,4912.36,100,1116.45,16200.11
100882,2026-06-01,3414.08,751.1,100,170.7,2392.28
100883,2026-06-01,6588.92,1449.56,100,329.45,4709.91
100884,2026-06-01,8552.17,1881.48,220,427.61,6023.08
100885,2026-06-01,11171.67,2457.77,400,558.58,7755.32
100886,2026-06-01,11134.17,2449.52,100,556.71,8027.94
100887,2026-06-01,6435.25,1415.76,220,321.76,4477.73
100888,2026-06-01,6005.92,1321.3,100,300.3,4284.32
100890,2026-06-01,3761.42,827.51,220,188.07,2525.84
100891,2026-06-01,4928.42,1084.25,220,246.42,3377.75
100892,2026-06-01,7023.17,1545.1,220,351.16,4906.91
100894,2026-06-01,7126.17,1567.76,220,356.31,4982.1
100895,2026-06-01,10878.42,2393.25,220,543.92,7721.25
100896,2026-06-01,15428.92,3394.36,220,771.45,11043.11
100897,2026-06-01,11565.58,2544.43,220,578.28,8222.87
100898,2026-06-01,17299.08,3805.8,220,864.95,12408.33
100899,2026-06-01,8731.08,1920.84,100,436.55,6273.69
100900,2026-06-01,14489.0,3187.58,100,724.45,10476.97
100901,2026-06-01,6620.33,1456.47,100,331.02,4732.84
100902,2026-06-01,12199.92,2683.98,100,610.0,8805.94
100903,2026-06-01,12845.67,2826.05,220,642.28,9157.34
100904,2026-06-01,6769.0,1489.18,100,338.45,4841.37
100905,2026-06-01,8769.0,1929.18,100,438.45,6301.37
100906,2026-06-01,9338.75,2054.52,100,466.94,6717.29
100907,2026-06-01,13462.25,2961.7,220,673.11,9607.44
100909,2026-06-01,9325.75,2051.66,220,466.29,6587.8
100910,2026-06-01,25434.67,5595.63,100,1271.73,18467.31
100912,2026-06-01,6799.58,1495.91,220,339.98,4743.69
100913,2026-06-01,14534.17,3197.52,100,726.71,10509.94
100914,2026-06-01,8737.08,1922.16,400,436.85,5978.07
100915,2026-06-01,15333.17,3373.3,220,766.66,10973.21
100916,2026-06-01,4887.67,1075.29,100,244.38,3468.0
100917,2026-06-01,7641.75,1681.18,100,382.09,5478.48
100918,2026-06-01,16780.33,3691.67,100,839.02,12149.64
100919,2026-06-01,5494.83,1208.86,220,274.74,3791.23
100920,2026-06-01,16971.17,3733.66,100,848.56,12288.95
100921,2026-06-01,10106.25,2223.38,100,505.31,7277.56
100922,2026-06-01,13797.0,3035.34,100,689.85,9971.81
100924,2026-06-01,10623.5,2337.17,100,531.18,7655.15
100925,2026-06-01,4137.67,910.29,400,206.88,2620.5
100926,2026-06-01,6461.83,1421.6,220,323.09,4497.14
100928,2026-06-01,11023.17,2425.1,220,551.16,7826.91
100929,2026-06-01,5791.67,1274.17,400,289.58,3827.92
100931,2026-06-01,8378.83,1843.34,100,418.94,6016.55
100932,2026-06-01,6664.83,1466.26,100,333.24,4765.33
100933,2026-06-01,15869.08,3491.2,220,793.45,11364.43
100935,2026-06-01,8590.92,1890.0,220,429.55,6051.37
100936,2026-06-01,8376.75,1842.88,100,418.84,6015.03
100937,2026-06-01,15201.5,3344.33,220,760.08,10877.09
100939,2026-06-01,6976.5,1534.83,400,348.83,4692.84
100940,2026-06-01,3831.33,842.89,220,191.57,2576.87
100941,2026-06-01,7868.17,1731.0,100,393.41,5643.76
100942,2026-06-01,8826.5,1941.83,220,441.33,6223.34
100943,2026-06-01,4393.67,966.61,220,219.68,2987.38
100944,2026-06-01,16890.42,3715.89,220,844.52,12110.01
100945,2026-06-01,6789.83,1493.76,100,339.49,4856.58
100946,2026-06-01,7395.92,1627.1,100,369.8,5299.02
100947,2026-06-01,8420.92,1852.6,400,421.05,5747.27
100948,2026-06-01,13977.67,3075.09,100,698.88,10103.7
100949,2026-06-01,7126.5,1567.83,220,356.33,4982.34
100950,2026-06-01,11156.0,2454.32,220,557.8,7923.88
100951,2026-06-01,13167.0,2896.74,220,658.35,9391.91
100952,2026-06-01,7662.83,1685.82,100,383.14,5493.87
100953,2026-06-01,9609.0,2113.98,400,480.45,6614.57
100954,2026-06-01,5623.25,1237.12,100,281.16,4004.97
100956,2026-06-01,13087.0,2879.14,100,654.35,9453.51
100957,2026-06-01,10283.0,2262.26,220,514.15,7286.59
100958,2026-06-01,16307.67,3587.69,220,815.38,11684.6
100961,2026-06-01,6565.17,1444.34,220,328.26,4572.57
100962,2026-06-01,14352.17,3157.48,100,717.61,10377.08
100963,2026-06-01,13200.08,2904.02,400,660.0,9236.06
100964,2026-06-01,10761.67,2367.57,400,538.08,7456.02
100965,2026-06-01,6451.5,1419.33,100,322.58,4609.59
100966,2026-06-01,5546.83,1220.3,400,277.34,3649.19
100967,2026-06-01,13552.25,2981.5,220,677.61,9673.14
100968,2026-06-01,4613.83,1015.04,400,230.69,2968.1
100969,2026-06-01,6415.17,1411.34,220,320.76,4463.07
100970,2026-06-01,4466.0,982.52,220,223.3,3040.18
100971,2026-06-01,6972.42,1533.93,220,348.62,4869.87
100972,2026-06-01,4186.08,920.94,400,209.3,2655.84
100973,2026-06-01,9021.08,1984.64,220,451.05,6365.39
100974,2026-06-01,7591.0,1670.02,220,379.55,5321.43
100975,2026-06-01,19977.17,4394.98,100,998.86,14483.33
100976,2026-06-01,7209.25,1586.04,100,360.46,5162.75
100977,2026-06-01,5378.92,1183.36,220,268.95,3706.61
100978,2026-06-01,17926.5,3943.83,400,896.32,12686.35
100979,2026-06-01,12721.08,2798.64,220,636.05,9066.39
100980,2026-06-01,18522.42,4074.93,220,926.12,13301.37
100981,2026-06-01,9991.17,2198.06,100,499.56,7193.55
100982,2026-06-01,10253.33,2255.73,100,512.67,7384.93
100983,2026-06-01,6695.58,1473.03,100,334.78,4787.77
100984,2026-06-01,8764.83,1928.26,220,438.24,6178.33
100985,2026-06-01,9985.25,2196.76,100,499.26,7189.23
100986,2026-06-01,7425.0,1633.5,100,371.25,5320.25
100987,2026-06-01,6767.08,1488.76,220,338.35,4719.97
100988,2026-06-01,4626.83,1017.9,220,231.34,3157.59
100989,2026-06-01,14021.08,3084.64,400,701.05,9835.39
100990,2026-06-01,7366.67,1620.67,220,368.33,5157.67
100991,2026-06-01,6632.0,1459.04,100,331.6,4741.36
100992,2026-06-01,6055.17,1332.14,100,302.76,4320.27
100993,2026-06-01,17175.83,3778.68,100,858.79,12438.36
100994,2026-06-01,10577.17,2326.98,220,528.86,7501.33
100995,2026-06-01,4494.5,988.79,100,224.73,3180.98
100996,2026-06-01,12232.67,2691.19,220,611.63,8709.85
100997,2026-06-01,12500.75,2750.16,220,625.04,8905.55
100998,2026-06-01,15607.92,3433.74,220,780.4,11173.78
100999,2026-06-01,18233.58,4011.39,220,911.68,13090.51
